embedding,rep,k,reference,calibration,target,method,donor_mean_coverage,cell_pooled_coverage,donor_min_coverage,donor_q10_coverage,frac_donors_poorly_covered,mean_set_size,frac_empty_sets,n_donors,n_cells,omega
emb_tf-sapiens,0,3,blood_A,blood_B,blood_C,cell_pooled,0.4736198274362443,0.47258883248730965,0.23648648648648649,0.3196528266479005,1.0,0.47694347537184645,0.5241116751269036,27,3940,
emb_tf-sapiens,0,3,blood_A,blood_B,blood_C,donor_weighted,0.48884707880639483,0.4878172588832487,0.25,0.3292329345531316,1.0,0.49267306816387874,0.5083756345177665,27,3940,
emb_tf-sapiens,0,3,blood_A,blood_B,blood_C,donor_crc,0.6728378068895815,0.6720812182741117,0.36486486486486486,0.5257902097902097,0.7777777777777778,0.6817653255135826,0.3190355329949239,27,3940,
emb_tf-sapiens,0,3,blood_A,blood_B,blood_C,target_only_k,0.890167855497946,0.8901015228426395,0.668918918918919,0.8237908862175007,0.037037037037037035,0.9201758930228408,0.0799492385786802,27,3940,
emb_tf-sapiens,0,3,blood_A,blood_B,blood_C,adaptive_crc,0.9329594715661876,0.932994923857868,0.831081081081081,0.9018221215404314,0.0,0.9781609725421966,0.02182741116751269,27,3940,2.0
emb_tf-sapiens,0,3,blood_A,blood_B,blood_C,adaptive_plugin,0.848642707553991,0.8484771573604061,0.5743243243243243,0.7523230194463071,0.14814814814814814,0.8692509473082909,0.13096446700507614,27,3940,
emb_tf-sapiens,0,6,blood_A,blood_B,blood_C,cell_pooled,0.4765213056148114,0.4755504718329997,0.25170068027210885,0.3368965517241379,1.0,0.48026040954236376,0.5207320560480412,24,3497,
emb_tf-sapiens,0,6,blood_A,blood_B,blood_C,donor_weighted,0.4911141677269438,0.49013440091507005,0.29931972789115646,0.3437241379310345,1.0,0.49541840575411317,0.5055762081784386,24,3497,
emb_tf-sapiens,0,6,blood_A,blood_B,blood_C,donor_crc,0.6753056876681311,0.674578209894195,0.4217687074829932,0.529891156462585,0.7916666666666666,0.6853491461201324,0.31541321132399197,24,3497,
emb_tf-sapiens,0,6,blood_A,blood_B,blood_C,target_only_k,0.9199209232781452,0.9199313697454962,0.8493150684931506,0.8890252604538319,0.0,0.9588873784669257,0.04117815270231627,24,3497,
emb_tf-sapiens,0,6,blood_A,blood_B,blood_C,adaptive_crc,0.9312908223173645,0.9313697454961396,0.8873239436619719,0.898001998001998,0.0,0.974807031761494,0.025164426651415498,24,3497,2.0
emb_tf-sapiens,0,6,blood_A,blood_B,blood_C,adaptive_plugin,0.9115929031787822,0.9116385473262797,0.8356164383561644,0.8765737280827823,0.0,0.9471138261429678,0.052902487846725764,24,3497,
emb_tf-sapiens,1,3,blood_A,blood_C,blood_B,cell_pooled,0.9455674630404448,0.9467521605798718,0.8333333333333334,0.8709139136725343,0.0,0.9852277826005756,0.01449679397825481,27,3587,
emb_tf-sapiens,1,3,blood_A,blood_C,blood_B,donor_weighted,0.9455674630404448,0.9467521605798718,0.8333333333333334,0.8709139136725343,0.0,0.9852277826005756,0.01449679397825481,27,3587,
emb_tf-sapiens,1,3,blood_A,blood_C,blood_B,donor_crc,0.9498172528206921,0.9509339280735991,0.8478260869565217,0.8806462503014227,0.0,0.9932710881937955,0.006690827989963758,27,3587,
emb_tf-sapiens,1,3,blood_A,blood_C,blood_B,target_only_k,0.8667419734528929,0.8686925006969612,0.7027027027027027,0.7691825415963347,0.18518518518518517,0.8832299708942789,0.11541678282687483,27,3587,
emb_tf-sapiens,1,3,blood_A,blood_C,blood_B,adaptive_crc,0.9463877593831291,0.9475885140786172,0.8333333333333334,0.8737111164697371,0.0,0.9870933595688997,0.01282408698076387,27,3587,0.25
emb_tf-sapiens,1,3,blood_A,blood_C,blood_B,adaptive_plugin,0.9286220362112187,0.9303038751045442,0.7837837837837838,0.8487677839401978,0.037037037037037035,0.9627258868260077,0.036241984945637025,27,3587,
emb_tf-sapiens,1,6,blood_A,blood_C,blood_B,cell_pooled,0.9444679904317553,0.9457413249211356,0.8333333333333334,0.8620303834096937,0.0,0.9845761367084105,0.015141955835962145,24,3170,
emb_tf-sapiens,1,6,blood_A,blood_C,blood_B,donor_weighted,0.9444679904317553,0.9457413249211356,0.8333333333333334,0.8620303834096937,0.0,0.9845761367084105,0.015141955835962145,24,3170,
emb_tf-sapiens,1,6,blood_A,blood_C,blood_B,donor_crc,0.9489534956603017,0.9501577287066246,0.8478260869565217,0.8738895587171449,0.0,0.9924299742180197,0.007570977917981073,24,3170,
emb_tf-sapiens,1,6,blood_A,blood_C,blood_B,target_only_k,0.8726858311611919,0.874763406940063,0.7162162162162162,0.7708271039305522,0.16666666666666666,0.890937610886398,0.10757097791798108,24,3170,
emb_tf-sapiens,1,6,blood_A,blood_C,blood_B,adaptive_crc,0.9453908238172753,0.9466876971608833,0.8333333333333334,0.8669254883047987,0.0,0.9860620331569935,0.0138801261829653,24,3170,0.25
emb_tf-sapiens,1,6,blood_A,blood_C,blood_B,adaptive_plugin,0.9263026686774176,0.9280757097791799,0.7837837837837838,0.8349312756209308,0.041666666666666664,0.9595499735862121,0.03943217665615142,24,3170,
emb_tf-sapiens,2,3,blood_B,blood_A,blood_C,cell_pooled,0.8078447713210216,0.807155544278102,0.43243243243243246,0.6639455782312925,0.4074074074074074,1.3619596722843417,0.0,27,3941,
emb_tf-sapiens,2,3,blood_B,blood_A,blood_C,donor_weighted,0.8070819868076468,0.8063943161634103,0.43243243243243246,0.6639455782312925,0.4074074074074074,1.3584074913097075,0.0,27,3941,
emb_tf-sapiens,2,3,blood_B,blood_A,blood_C,donor_crc,0.8533877512561353,0.8528292311596042,0.5135135135135135,0.7646258503401361,0.25925925925925924,1.6422926131843374,0.0,27,3941,
emb_tf-sapiens,2,3,blood_B,blood_A,blood_C,target_only_k,0.8240873080206504,0.823395077391525,0.46621621621621623,0.6938775510204083,0.3333333333333333,1.4611653592537044,0.0,27,3941,
emb_tf-sapiens,2,3,blood_B,blood_A,blood_C,adaptive_crc,0.8278811097786836,0.8272012179649835,0.46621621621621623,0.7020408163265306,0.3333333333333333,1.4768235082634642,0.0,27,3941,0.5
emb_tf-sapiens,2,3,blood_B,blood_A,blood_C,adaptive_plugin,0.8184822938611513,0.8178127378837858,0.4391891891891892,0.6857142857142857,0.3333333333333333,1.4252026391164225,0.0,27,3941,
emb_tf-sapiens,2,6,blood_B,blood_A,blood_C,cell_pooled,0.8135159289538042,0.8128921848260126,0.43243243243243246,0.7126877596676254,0.375,1.3586216324905802,0.0,24,3506,
emb_tf-sapiens,2,6,blood_B,blood_A,blood_C,donor_weighted,0.8129451526980964,0.8123217341699943,0.43243243243243246,0.7126877596676254,0.375,1.3552041605073313,0.0,24,3506,
emb_tf-sapiens,2,6,blood_B,blood_A,blood_C,donor_crc,0.8553550341761781,0.8548203080433543,0.5135135135135135,0.7771037181996086,0.25,1.6368137237713472,0.0,24,3506,
emb_tf-sapiens,2,6,blood_B,blood_A,blood_C,target_only_k,0.8769484525047702,0.876497432972048,0.5472972972972973,0.8078976796197931,0.08333333333333333,1.7687561333024344,0.0,24,3506,
emb_tf-sapiens,2,6,blood_B,blood_A,blood_C,adaptive_crc,0.8965844302692313,0.8961779806046777,0.6148648648648649,0.8341369863013699,0.08333333333333333,1.9012971500369964,0.0,24,3506,2.0
emb_tf-sapiens,2,6,blood_B,blood_A,blood_C,adaptive_plugin,0.868412032778342,0.8679406731317741,0.527027027027027,0.7853508526698351,0.16666666666666666,1.7081378878256583,0.0,24,3506,
emb_tf-sapiens,3,3,blood_B,blood_C,blood_A,cell_pooled,0.9089831545855527,0.9092303758629506,0.7887323943661971,0.8286614793657048,0.037037037037037035,1.6429303586384283,0.0,27,3911,
emb_tf-sapiens,3,3,blood_B,blood_C,blood_A,donor_weighted,0.9089831545855527,0.9092303758629506,0.7887323943661971,0.8286614793657048,0.037037037037037035,1.6403704620406143,0.0,27,3911,
emb_tf-sapiens,3,3,blood_B,blood_C,blood_A,donor_crc,0.9353420199307244,0.9355663513167988,0.823943661971831,0.8687712481787275,0.0,1.8418695798228162,0.0,27,3911,
emb_tf-sapiens,3,3,blood_B,blood_C,blood_A,target_only_k,0.8930898325358498,0.8933776527742265,0.7746478873239436,0.8106569486851177,0.037037037037037035,1.5345225690731001,0.0,27,3911,
emb_tf-sapiens,3,3,blood_B,blood_C,blood_A,adaptive_crc,0.9140973021253629,0.9143441575044745,0.7887323943661971,0.8387077711021373,0.037037037037037035,1.677010375893765,0.0,27,3911,0.25
emb_tf-sapiens,3,3,blood_B,blood_C,blood_A,adaptive_plugin,0.9007523022448007,0.9010483252365123,0.7816901408450704,0.8106569486851177,0.037037037037037035,1.5953923318549417,0.0,27,3911,
emb_tf-sapiens,3,6,blood_B,blood_C,blood_A,cell_pooled,0.9064992632437714,0.9067357512953368,0.7887323943661971,0.826918152270265,0.041666666666666664,1.6568739268623156,0.0,24,3474,
emb_tf-sapiens,3,6,blood_B,blood_C,blood_A,donor_weighted,0.9064992632437714,0.9067357512953368,0.7887323943661971,0.826918152270265,0.041666666666666664,1.6539940431897746,0.0,24,3474,
emb_tf-sapiens,3,6,blood_B,blood_C,blood_A,donor_crc,0.9329937391474109,0.9332181922855498,0.823943661971831,0.8654201068479844,0.0,1.8597796390072023,0.0,24,3474,
emb_tf-sapiens,3,6,blood_B,blood_C,blood_A,target_only_k,0.8851734318602568,0.8854346574553829,0.7746478873239436,0.7988870284644932,0.125,1.523955720538823,0.0,24,3474,
emb_tf-sapiens,3,6,blood_B,blood_C,blood_A,adaptive_crc,0.9105082184207021,0.9107656879677605,0.7887323943661971,0.8339259332217079,0.041666666666666664,1.6863193523874938,0.0,24,3474,0.25
emb_tf-sapiens,3,6,blood_B,blood_C,blood_A,adaptive_plugin,0.8903415801386082,0.8906160046056419,0.7746478873239436,0.8102580518073476,0.041666666666666664,1.5446333408302746,0.0,24,3474,
emb_tf-sapiens,4,3,blood_C,blood_A,blood_B,cell_pooled,0.8888534400652548,0.898786717752235,0.6159420289855072,0.7717557251908397,0.14814814814814814,0.9662035945341827,0.030012771392081736,27,3132,
emb_tf-sapiens,4,3,blood_C,blood_A,blood_B,donor_weighted,0.8888534400652548,0.898786717752235,0.6159420289855072,0.7717557251908397,0.14814814814814814,0.9662035945341827,0.030012771392081736,27,3132,
emb_tf-sapiens,4,3,blood_C,blood_A,blood_B,donor_crc,0.902020874168401,0.9118773946360154,0.6304347826086957,0.7763358778625954,0.14814814814814814,0.9891138694064456,0.009897828863346106,27,3132,
emb_tf-sapiens,4,3,blood_C,blood_A,blood_B,target_only_k,0.888046184635031,0.8978288633461047,0.6159420289855072,0.7717557251908397,0.14814814814814814,0.964738118181082,0.031609195402298854,27,3132,
emb_tf-sapiens,4,3,blood_C,blood_A,blood_B,adaptive_crc,0.8921166584922091,0.9016602809706258,0.6231884057971014,0.7717557251908397,0.14814814814814814,0.9704858910509581,0.026181353767560665,27,3132,0.25
emb_tf-sapiens,4,3,blood_C,blood_A,blood_B,adaptive_plugin,0.8888534400652548,0.898786717752235,0.6159420289855072,0.7717557251908397,0.14814814814814814,0.9662035945341827,0.030012771392081736,27,3132,
emb_tf-sapiens,4,6,blood_C,blood_A,blood_B,cell_pooled,0.881433310315544,0.8910635155096012,0.6159420289855072,0.7608778625954199,0.16666666666666666,0.9640456972658124,0.03212703101920236,24,2708,
emb_tf-sapiens,4,6,blood_C,blood_A,blood_B,donor_weighted,0.881433310315544,0.8910635155096012,0.6159420289855072,0.7608778625954199,0.16666666666666666,0.9640456972658124,0.03212703101920236,24,2708,
emb_tf-sapiens,4,6,blood_C,blood_A,blood_B,donor_crc,0.895064640584657,0.9047267355982275,0.6304347826086957,0.7631679389312978,0.16666666666666666,0.9883483715483296,0.01070901033973412,24,2708,
emb_tf-sapiens,4,6,blood_C,blood_A,blood_B,target_only_k,0.8619354925835562,0.8707533234859675,0.5652173913043478,0.7326335877862595,0.3333333333333333,0.9343023829927568,0.06314623338257017,24,2708,
emb_tf-sapiens,4,6,blood_C,blood_A,blood_B,adaptive_crc,0.8841123675538043,0.8940177252584933,0.6231884057971014,0.7608778625954199,0.16666666666666666,0.9670121108259115,0.02880354505169867,24,2708,0.25
emb_tf-sapiens,4,6,blood_C,blood_A,blood_B,adaptive_plugin,0.8691842807208058,0.8777695716395865,0.5797101449275363,0.75,0.2916666666666667,0.9440818566519211,0.053545051698670604,24,2708,
emb_tf-sapiens,5,3,blood_C,blood_B,blood_A,cell_pooled,0.5515277614418056,0.5509838998211091,0.3076923076923077,0.36416929187782493,1.0,0.57030480809728,0.4303603373370815,27,3913,
emb_tf-sapiens,5,3,blood_C,blood_B,blood_A,donor_weighted,0.5568601560704425,0.556350626118068,0.31756756756756754,0.3650255784483972,1.0,0.5758891553588219,0.4247380526450294,27,3913,
emb_tf-sapiens,5,3,blood_C,blood_B,blood_A,donor_crc,0.7601366444113763,0.7602862254025045,0.5472972972972973,0.6004404639553663,0.5555555555555556,0.7845504471496157,0.21543572706363404,27,3913,
emb_tf-sapiens,5,3,blood_C,blood_B,blood_A,target_only_k,0.9120161636387588,0.9123434704830053,0.8188405797101449,0.8520241663098805,0.0,0.9578012382577663,0.042167135190391,27,3913,
emb_tf-sapiens,5,3,blood_C,blood_B,blood_A,adaptive_crc,0.9414607492752551,0.9417326859187324,0.855072463768116,0.8975990396158463,0.0,1.0063825747437216,0.0,27,3913,2.0
emb_tf-sapiens,5,3,blood_C,blood_B,blood_A,adaptive_plugin,0.8854020773019307,0.8857653973933044,0.7837837837837838,0.8092586800125118,0.037037037037037035,0.9230022340527401,0.07692307692307693,27,3913,
emb_tf-sapiens,5,6,blood_C,blood_B,blood_A,cell_pooled,0.556576829075572,0.5559390278976128,0.3076923076923077,0.34534995206136143,1.0,0.5739985653374484,0.4268047167098073,24,3477,
emb_tf-sapiens,5,6,blood_C,blood_B,blood_A,donor_weighted,0.5622923263207705,0.5616911130284729,0.31756756756756754,0.34684845355986293,1.0,0.5799975092946651,0.4207650273224044,24,3477,
emb_tf-sapiens,5,6,blood_C,blood_B,blood_A,donor_crc,0.7588396725218983,0.7589876330169687,0.5472972972972973,0.5915871384525033,0.5833333333333334,0.782026051203195,0.2180040264595916,24,3477,
emb_tf-sapiens,5,6,blood_C,blood_B,blood_A,target_only_k,0.8940919629001053,0.8944492378487202,0.8040540540540541,0.8237510690748101,0.0,0.9323980325883281,0.06758700028760425,24,3477,
emb_tf-sapiens,5,6,blood_C,blood_B,blood_A,adaptive_crc,0.9174256255347517,0.9177451826287029,0.8260869565217391,0.8574758574758574,0.0,0.9649834756349606,0.03508771929824561,24,3477,2.0
emb_tf-sapiens,5,6,blood_C,blood_B,blood_A,adaptive_plugin,0.8813751655044957,0.8817946505608283,0.7837837837837838,0.8075070378479825,0.08333333333333333,0.9167869782661754,0.08311763014092609,24,3477,
emb_tf-sapiens,6,3,blood_A,blood_B,blood_C,cell_pooled,0.8674458261839183,0.8672768878718535,0.7379310344827587,0.7858888888888889,0.18518518518518517,0.8936632643618917,0.1065344520722095,27,3933,
emb_tf-sapiens,6,3,blood_A,blood_B,blood_C,donor_weighted,0.8877094913932675,0.8876175947114162,0.785234899328859,0.8181972789115646,0.07407407407407407,0.9189677671502298,0.08110856852275616,27,3933,
emb_tf-sapiens,6,3,blood_A,blood_B,blood_C,donor_crc,0.9654430035424079,0.9654207983727434,0.9310344827586207,0.9460165274163357,0.0,1.0797494348998558,0.0,27,3933,
emb_tf-sapiens,6,3,blood_A,blood_B,blood_C,target_only_k,0.8958814878793618,0.8957538774472413,0.785234899328859,0.8252517006802721,0.07407407407407407,0.9299499272145894,0.07017543859649122,27,3933,
emb_tf-sapiens,6,3,blood_A,blood_B,blood_C,adaptive_crc,0.9052299433903092,0.9051614543605391,0.8137931034482758,0.8299955257270694,0.0,0.9443436179910599,0.05568268497330282,27,3933,0.25
emb_tf-sapiens,6,3,blood_A,blood_B,blood_C,adaptive_plugin,0.8902594435448811,0.8901601830663616,0.785234899328859,0.8197777777777777,0.07407407407407407,0.9220321474024783,0.07805746249682176,27,3933,
emb_tf-sapiens,6,6,blood_A,blood_B,blood_C,cell_pooled,0.8679131095711238,0.8677946659019214,0.7379310344827587,0.7860402494331066,0.16666666666666666,0.8940385923952577,0.1061084026383711,24,3487,
emb_tf-sapiens,6,6,blood_A,blood_B,blood_C,donor_weighted,0.8884781132144037,0.8884427874964153,0.785234899328859,0.8172619047619047,0.08333333333333333,0.9183226367489042,0.08173214797820476,24,3487,
emb_tf-sapiens,6,6,blood_A,blood_B,blood_C,donor_crc,0.9664444156772906,0.9664468024089475,0.9310344827586207,0.9457973793544263,0.0,1.0802342155574418,0.0,24,3487,
emb_tf-sapiens,6,6,blood_A,blood_B,blood_C,target_only_k,0.9084973991699007,0.9085173501577287,0.8137931034482758,0.8455816554809844,0.0,0.9474935555275037,0.05248064238600516,24,3487,
emb_tf-sapiens,6,6,blood_A,blood_B,blood_C,adaptive_crc,0.9265545530963855,0.9265844565529108,0.8639455782312925,0.8821886973180076,0.0,0.9807618662462199,0.019214224261542873,24,3487,0.5
emb_tf-sapiens,6,6,blood_A,blood_B,blood_C,adaptive_plugin,0.9062098487932837,0.9062231144250071,0.8068965517241379,0.8408836689038032,0.0,0.9434856953794682,0.056495554918267854,24,3487,
emb_tf-sapiens,7,3,blood_A,blood_C,blood_B,cell_pooled,0.8809067680519918,0.8892081736909323,0.75,0.8031432420296363,0.1111111111111111,0.976466725524387,0.02234993614303959,27,3132,
emb_tf-sapiens,7,3,blood_A,blood_C,blood_B,donor_weighted,0.8809067680519918,0.8892081736909323,0.75,0.8031432420296363,0.1111111111111111,0.976466725524387,0.02234993614303959,27,3132,
emb_tf-sapiens,7,3,blood_A,blood_C,blood_B,donor_crc,0.8902220689079111,0.898786717752235,0.75,0.8211188811188811,0.07407407407407407,0.9933079687904405,0.005108556832694764,27,3132,
emb_tf-sapiens,7,3,blood_A,blood_C,blood_B,target_only_k,0.8761726453902385,0.8844189016602809,0.7407407407407407,0.7910417602155366,0.14814814814814814,0.9666778509318512,0.030012771392081736,27,3132,
emb_tf-sapiens,7,3,blood_A,blood_C,blood_B,adaptive_crc,0.8823742325255823,0.8908045977011494,0.75,0.8068778280542986,0.1111111111111111,0.9787553659219006,0.01979565772669221,27,3132,0.25
emb_tf-sapiens,7,3,blood_A,blood_C,blood_B,adaptive_plugin,0.8794096761933015,0.8876117496807152,0.75,0.8022624434389141,0.1111111111111111,0.9733505860466489,0.02458492975734355,27,3132,
emb_tf-sapiens,7,6,blood_A,blood_C,blood_B,cell_pooled,0.8842740262002704,0.8944485025566107,0.75,0.8110275983558426,0.08333333333333333,0.9769567333529442,0.02154857560262966,24,2738,
emb_tf-sapiens,7,6,blood_A,blood_C,blood_B,donor_weighted,0.8842740262002704,0.8944485025566107,0.75,0.8110275983558426,0.08333333333333333,0.9769567333529442,0.02154857560262966,24,2738,
emb_tf-sapiens,7,6,blood_A,blood_C,blood_B,donor_crc,0.8928822158132554,0.9032140248356465,0.75,0.8196503496503497,0.08333333333333333,0.9937252356283105,0.004382761139517896,24,2738,
emb_tf-sapiens,7,6,blood_A,blood_C,blood_B,target_only_k,0.9033816890672949,0.9152666179693206,0.75,0.821958041958042,0.08333333333333333,1.0325464669230793,0.0,24,2738,
emb_tf-sapiens,7,6,blood_A,blood_C,blood_B,adaptive_crc,0.9283316775464833,0.9401022644265887,0.7857142857142857,0.8699300699300699,0.041666666666666664,1.1227084666519291,0.0,24,2738,4.0
emb_tf-sapiens,7,6,blood_A,blood_C,blood_B,adaptive_plugin,0.8925617029927425,0.9028487947406866,0.75,0.8162237762237763,0.08333333333333333,0.9934047228077976,0.004747991234477721,24,2738,
emb_tf-sapiens,8,3,blood_B,blood_A,blood_C,cell_pooled,0.8594576661035918,0.8596802841918295,0.673469387755102,0.7629083245521602,0.18518518518518517,1.8287929405335417,0.0,27,3941,
emb_tf-sapiens,8,3,blood_B,blood_A,blood_C,donor_weighted,0.8589588451349721,0.859172798782035,0.673469387755102,0.7629083245521602,0.2222222222222222,1.8262782885929834,0.0,27,3941,
emb_tf-sapiens,8,3,blood_B,blood_A,blood_C,donor_crc,0.8873717551030963,0.8875919817305252,0.7103448275862069,0.803812625730434,0.1111111111111111,2.045702012643206,0.0,27,3941,
emb_tf-sapiens,8,3,blood_B,blood_A,blood_C,target_only_k,0.9031200122782537,0.9033240294341538,0.7310344827586207,0.8195804195804196,0.07407407407407407,2.182338909195986,0.0,27,3941,
emb_tf-sapiens,8,3,blood_B,blood_A,blood_C,adaptive_crc,0.9167974831686179,0.9170261354986045,0.7655172413793103,0.8307692307692308,0.07407407407407407,2.284453771160436,0.0,27,3941,2.0
emb_tf-sapiens,8,3,blood_B,blood_A,blood_C,adaptive_plugin,0.8848397951360114,0.8850545546815529,0.7103448275862069,0.7997030366893381,0.1111111111111111,2.032516477060778,0.0,27,3941,
emb_tf-sapiens,8,6,blood_B,blood_A,blood_C,cell_pooled,0.8657508641056895,0.8659440958357102,0.673469387755102,0.7755244755244756,0.16666666666666666,1.8127731004557692,0.0,24,3506,
emb_tf-sapiens,8,6,blood_B,blood_A,blood_C,donor_weighted,0.8651896905159925,0.865373645179692,0.673469387755102,0.7755244755244756,0.20833333333333334,1.81023147334448,0.0,24,3506,
emb_tf-sapiens,8,6,blood_B,blood_A,blood_C,donor_crc,0.8936979015759569,0.8938961779806047,0.7210884353741497,0.8112079701120797,0.08333333333333333,2.0303422679850436,0.0,24,3506,
emb_tf-sapiens,8,6,blood_B,blood_A,blood_C,target_only_k,0.9261804242980406,0.9264118653736452,0.7891156462585034,0.8483714915221765,0.041666666666666664,2.285886109468329,0.0,24,3506,
emb_tf-sapiens,8,6,blood_B,blood_A,blood_C,adaptive_crc,0.9273200621717699,0.9275527666856817,0.7891156462585034,0.8504262860427244,0.041666666666666664,2.307038103672063,0.0,24,3506,2.0
emb_tf-sapiens,8,6,blood_B,blood_A,blood_C,adaptive_plugin,0.9136642242910339,0.9138619509412436,0.7619047619047619,0.8365264872114188,0.041666666666666664,2.201712403446601,0.0,24,3506,
emb_tf-sapiens,9,3,blood_B,blood_C,blood_A,cell_pooled,0.9482721944674963,0.9484035759897829,0.8413793103448276,0.8814473045167557,0.0,2.4320756387676643,0.0,27,3915,
emb_tf-sapiens,9,3,blood_B,blood_C,blood_A,donor_weighted,0.9482721944674963,0.9484035759897829,0.8413793103448276,0.8814473045167557,0.0,2.426958211779801,0.0,27,3915,
emb_tf-sapiens,9,3,blood_B,blood_C,blood_A,donor_crc,0.9679799434747436,0.9680715197956578,0.8689655172413793,0.9133802816901408,0.0,2.769403468546815,0.0,27,3915,
emb_tf-sapiens,9,3,blood_B,blood_C,blood_A,target_only_k,0.8044033915963827,0.80485312899106,0.4513888888888889,0.6222101841820152,0.4074074074074074,1.2344178356984312,0.0,27,3915,
emb_tf-sapiens,9,3,blood_B,blood_C,blood_A,adaptive_crc,0.9503018329801597,0.9504469987228608,0.8541666666666666,0.8842059252064108,0.0,2.469905930804788,0.0,27,3915,0.25
emb_tf-sapiens,9,3,blood_B,blood_C,blood_A,adaptive_plugin,0.8867686500139308,0.8871008939974457,0.6805555555555556,0.7711405835543766,0.14814814814814814,1.6436625054453609,0.0,27,3915,
emb_tf-sapiens,9,6,blood_B,blood_C,blood_A,cell_pooled,0.9463726681965395,0.9464902186421174,0.8413793103448276,0.8717581350169985,0.0,2.483356910777976,0.0,24,3476,
emb_tf-sapiens,9,6,blood_B,blood_C,blood_A,donor_weighted,0.9463726681965395,0.9464902186421174,0.8413793103448276,0.8717581350169985,0.0,2.4781667250760147,0.0,24,3476,
emb_tf-sapiens,9,6,blood_B,blood_C,blood_A,donor_crc,0.9656840201775503,0.965765247410817,0.8689655172413793,0.9109154929577464,0.0,2.821243843154459,0.0,24,3476,
emb_tf-sapiens,9,6,blood_B,blood_C,blood_A,target_only_k,0.7927814932472502,0.7931530494821634,0.4513888888888889,0.6187973997833153,0.4583333333333333,1.242623847734215,0.0,24,3476,
emb_tf-sapiens,9,6,blood_B,blood_C,blood_A,adaptive_crc,0.9472347371620566,0.9473532796317606,0.8541666666666666,0.8717581350169985,0.0,2.504115103301723,0.0,24,3476,0.25
emb_tf-sapiens,9,6,blood_B,blood_C,blood_A,adaptive_plugin,0.8647233739576188,0.8650747986191024,0.6388888888888888,0.7304702194357368,0.25,1.5407561822881084,0.0,24,3476,
emb_tf-sapiens,10,3,blood_C,blood_A,blood_B,cell_pooled,0.8862362359491276,0.8941141674060928,0.6818181818181818,0.8014397041341962,0.1111111111111111,0.9700391608187713,0.028689736764270925,27,3381,
emb_tf-sapiens,10,3,blood_C,blood_A,blood_B,donor_weighted,0.8862362359491276,0.8941141674060928,0.6818181818181818,0.8014397041341962,0.1111111111111111,0.9700391608187713,0.028689736764270925,27,3381,
emb_tf-sapiens,10,3,blood_C,blood_A,blood_B,donor_crc,0.8995540113132421,0.9074238391008578,0.6818181818181818,0.8079212822575654,0.1111111111111111,0.9992330459956359,0.0005915409642117716,27,3381,
emb_tf-sapiens,10,3,blood_C,blood_A,blood_B,target_only_k,0.8779691570722478,0.8858325939071281,0.6590909090909091,0.7917940466613033,0.1111111111111111,0.9492501597245765,0.04791481810115351,27,3381,
emb_tf-sapiens,10,3,blood_C,blood_A,blood_B,adaptive_crc,0.8892433083213811,0.8973676427092576,0.6818181818181818,0.8037254780617612,0.1111111111111111,0.9755238041041944,0.02336586808636498,27,3381,0.25
emb_tf-sapiens,10,3,blood_C,blood_A,blood_B,adaptive_plugin,0.8812149512697962,0.8893818396923987,0.6590909090909091,0.7978998811253467,0.1111111111111111,0.9588521727812681,0.039337474120082816,27,3381,
emb_tf-sapiens,10,6,blood_C,blood_A,blood_B,cell_pooled,0.8851521506420094,0.8938584779706275,0.6818181818181818,0.7812508255184255,0.125,0.9702832241690619,0.028371161548731642,24,2996,
emb_tf-sapiens,10,6,blood_C,blood_A,blood_B,donor_weighted,0.8851521506420094,0.8938584779706275,0.6818181818181818,0.7812508255184255,0.125,0.9702832241690619,0.028371161548731642,24,2996,
emb_tf-sapiens,10,6,blood_C,blood_A,blood_B,donor_crc,0.8994652930879287,0.9082109479305741,0.6818181818181818,0.7844916145801102,0.125,0.9991371767450904,0.0006675567423230974,24,2996,
emb_tf-sapiens,10,6,blood_C,blood_A,blood_B,target_only_k,0.8823633976424402,0.8908544726301736,0.6818181818181818,0.7812508255184255,0.125,0.9627940351842689,0.03638184245660881,24,2996,
emb_tf-sapiens,10,6,blood_C,blood_A,blood_B,adaptive_crc,0.8885351070607949,0.8975300400534045,0.6818181818181818,0.782393712482208,0.125,0.975811053810767,0.02303070761014686,24,2996,0.25
emb_tf-sapiens,10,6,blood_C,blood_A,blood_B,adaptive_plugin,0.882658905916672,0.8911882510013351,0.6818181818181818,0.7812508255184255,0.125,0.965252389897984,0.033711615487316424,24,2996,
emb_tf-sapiens,11,3,blood_C,blood_B,blood_A,cell_pooled,0.9463392298165012,0.9465433050629658,0.8732394366197183,0.9081998842369284,0.0,1.0139087025171192,0.0,27,3891,
emb_tf-sapiens,11,3,blood_C,blood_B,blood_A,donor_weighted,0.964384204769165,0.9645335389360061,0.9084507042253521,0.930157131345689,0.0,1.085287414451207,0.0,27,3891,
emb_tf-sapiens,11,3,blood_C,blood_B,blood_A,donor_crc,0.9886528085446377,0.9886918529940889,0.9452054794520548,0.9724846581989439,0.0,1.6286497237451016,0.0,27,3891,
emb_tf-sapiens,11,3,blood_C,blood_B,blood_A,target_only_k,0.7966743277707539,0.7969673605756875,0.5958904109589042,0.6631331669358391,0.37037037037037035,0.8219521432160809,0.17784631200205603,27,3891,
emb_tf-sapiens,11,3,blood_C,blood_B,blood_A,adaptive_crc,0.9708529979766264,0.970958622462092,0.9154929577464789,0.9387999228246189,0.0,1.1396314815388755,0.0,27,3891,0.25
emb_tf-sapiens,11,3,blood_C,blood_B,blood_A,adaptive_plugin,0.879631942500451,0.8799794397327165,0.7535211267605634,0.8019449268171669,0.1111111111111111,0.9139260493123408,0.0858391159085068,27,3891,
emb_tf-sapiens,11,6,blood_C,blood_B,blood_A,cell_pooled,0.9419430383788447,0.9421128798842258,0.8732394366197183,0.9027300791047657,0.0,1.0144896596159576,0.0,24,3455,
emb_tf-sapiens,11,6,blood_C,blood_B,blood_A,donor_weighted,0.961094043586983,0.9612156295224312,0.9084507042253521,0.9274073327961322,0.0,1.087908587245444,0.0,24,3455,
emb_tf-sapiens,11,6,blood_C,blood_B,blood_A,donor_crc,0.9872344096127174,0.9872648335745297,0.9452054794520548,0.9722563151134579,0.0,1.630759631420786,0.0,24,3455,
emb_tf-sapiens,11,6,blood_C,blood_B,blood_A,target_only_k,0.8139170169635,0.8141823444283647,0.6643835616438356,0.7017437961099933,0.375,0.8435098908673616,0.15629522431259044,24,3455,
emb_tf-sapiens,11,6,blood_C,blood_B,blood_A,adaptive_crc,0.9649026220285272,0.9649782923299566,0.9154929577464789,0.9282461894655605,0.0,1.1183372971593333,0.0,24,3455,0.25
emb_tf-sapiens,11,6,blood_C,blood_B,blood_A,adaptive_plugin,0.8546889183880654,0.8549927641099855,0.7253521126760564,0.7645861470191009,0.20833333333333334,0.8906255198375801,0.10911722141823445,24,3455,
emb_tf-sapiens,12,3,blood_A,blood_B,blood_C,cell_pooled,0.5488985547682206,0.5487712186470737,0.18620689655172415,0.41282016162169566,0.9629629629629629,0.5651588587572861,0.43501393463389915,27,3947,
emb_tf-sapiens,12,3,blood_A,blood_B,blood_C,donor_weighted,0.5629983384766357,0.5629592095262225,0.19310344827586207,0.4329543898096151,0.9629629629629629,0.580530798499762,0.4195591588548265,27,3947,
emb_tf-sapiens,12,3,blood_A,blood_B,blood_C,donor_crc,0.7086758074933465,0.7091461869774512,0.33793103448275863,0.5832971486466927,0.7037037037037037,0.7386994591992077,0.26095768938434255,27,3947,
emb_tf-sapiens,12,3,blood_A,blood_B,blood_C,target_only_k,0.8946864415257826,0.8948568533063086,0.6824324324324325,0.8162233169129721,0.07407407407407407,1.013632446066287,0.004560425639726374,27,3947,
emb_tf-sapiens,12,3,blood_A,blood_B,blood_C,adaptive_crc,0.9852446642006498,0.9853052951608817,0.9290780141843972,0.9603914259086673,0.0,2.1611946180718644,0.0,27,3947,4.0
emb_tf-sapiens,12,3,blood_A,blood_B,blood_C,adaptive_plugin,0.869134266277815,0.869267798327844,0.6081081081081081,0.7929251700680272,0.1111111111111111,0.9615337902494878,0.038510260957689384,27,3947,
emb_tf-sapiens,12,6,blood_A,blood_B,blood_C,cell_pooled,0.5539446232433636,0.5537190082644629,0.18620689655172415,0.400287631831256,0.9583333333333334,0.5705244131824397,0.4297520661157025,24,3509,
emb_tf-sapiens,12,6,blood_A,blood_B,blood_C,donor_weighted,0.5678378933687952,0.567683100598461,0.19310344827586207,0.41035474592521576,0.9583333333333334,0.5858488588461898,0.41436306640068393,24,3509,
emb_tf-sapiens,12,6,blood_A,blood_B,blood_C,donor_crc,0.7078685299534953,0.7081789683670562,0.33793103448275863,0.5739614994934144,0.7083333333333334,0.7396466979461126,0.2601880877742947,24,3509,
emb_tf-sapiens,12,6,blood_A,blood_B,blood_C,target_only_k,0.8775986727659836,0.877742946708464,0.6283783783783784,0.808111658456486,0.08333333333333333,0.9860638913739258,0.01567398119122257,24,3509,
emb_tf-sapiens,12,6,blood_A,blood_B,blood_C,adaptive_crc,0.8790222480539486,0.8791678540894842,0.6351351351351351,0.808111658456486,0.08333333333333333,0.9883496449871233,0.014534055286406384,24,3509,2.0
emb_tf-sapiens,12,6,blood_A,blood_B,blood_C,adaptive_plugin,0.8630741183557028,0.8632088914220576,0.6081081081081081,0.7876190476190477,0.125,0.9578688966611374,0.04217725847819892,24,3509,
emb_tf-sapiens,13,3,blood_A,blood_C,blood_B,cell_pooled,0.9352298582709303,0.946058091286307,0.6216216216216216,0.8578088578088578,0.037037037037037035,0.9865771551240679,0.012151748666271488,27,3374,
emb_tf-sapiens,13,3,blood_A,blood_C,blood_B,donor_weighted,0.9352298582709303,0.946058091286307,0.6216216216216216,0.8578088578088578,0.037037037037037035,0.9865771551240679,0.012151748666271488,27,3374,
emb_tf-sapiens,13,3,blood_A,blood_C,blood_B,donor_crc,0.9404173994383973,0.951393005334914,0.6351351351351351,0.8706467661691543,0.037037037037037035,0.9978023334185695,0.002074688796680498,27,3374,
emb_tf-sapiens,13,3,blood_A,blood_C,blood_B,target_only_k,0.8979971051354412,0.9096028452874926,0.581081081081081,0.8151048951048951,0.07407407407407407,0.9294156197708645,0.06431535269709543,27,3374,
emb_tf-sapiens,13,3,blood_A,blood_C,blood_B,adaptive_crc,0.9365687375776962,0.9475400118553645,0.6216216216216216,0.8620046620046621,0.037037037037037035,0.9884887265259137,0.01007705986959099,27,3374,0.25
emb_tf-sapiens,13,3,blood_A,blood_C,blood_B,adaptive_plugin,0.9252477790640765,0.9368701837581506,0.6081081081081081,0.8356976356976357,0.037037037037037035,0.970238156278873,0.026970954356846474,27,3374,
emb_tf-sapiens,13,6,blood_A,blood_C,blood_B,cell_pooled,0.9283596773545298,0.9398851739277271,0.6216216216216216,0.8455710955710957,0.041666666666666664,0.9848992995145766,0.013846673421141506,24,2961,
emb_tf-sapiens,13,6,blood_A,blood_C,blood_B,donor_weighted,0.9283596773545298,0.9398851739277271,0.6216216216216216,0.8455710955710957,0.041666666666666664,0.9848992995145766,0.013846673421141506,24,2961,
emb_tf-sapiens,13,6,blood_A,blood_C,blood_B,donor_crc,0.9341956611679304,0.9459642012833502,0.6351351351351351,0.8519900497512438,0.041666666666666664,0.9975276250958908,0.002364066193853428,24,2961,
emb_tf-sapiens,13,6,blood_A,blood_C,blood_B,target_only_k,0.844706741892769,0.8544410672070246,0.581081081081081,0.7570295376265526,0.3333333333333333,0.8690420492199481,0.12495778453225262,24,2961,
emb_tf-sapiens,13,6,blood_A,blood_C,blood_B,adaptive_crc,0.9295745412832659,0.9412360688956434,0.6216216216216216,0.8455710955710957,0.041666666666666664,0.9867584420502776,0.01182033096926714,24,2961,0.25
emb_tf-sapiens,13,6,blood_A,blood_C,blood_B,adaptive_plugin,0.903428210824066,0.9159067882472138,0.5945945945945946,0.8096503496503497,0.08333333333333333,0.9439213172860693,0.05065856129685917,24,2961,
emb_tf-sapiens,14,3,blood_B,blood_A,blood_C,cell_pooled,0.8511491885206487,0.8512859689330278,0.6551724137931034,0.781540719002201,0.1111111111111111,1.4446240771463554,0.0,27,3927,
emb_tf-sapiens,14,3,blood_B,blood_A,blood_C,donor_weighted,0.8511491885206487,0.8512859689330278,0.6551724137931034,0.781540719002201,0.1111111111111111,1.4446240771463554,0.0,27,3927,
emb_tf-sapiens,14,3,blood_B,blood_A,blood_C,donor_crc,0.9071474724887977,0.9073083778966132,0.8,0.8433692800932673,0.0,1.7624153978087098,0.0,27,3927,
emb_tf-sapiens,14,3,blood_B,blood_A,blood_C,target_only_k,0.879631744067733,0.8798064680417622,0.7635135135135135,0.7983272193690388,0.1111111111111111,1.583917021972856,0.0,27,3927,
emb_tf-sapiens,14,3,blood_B,blood_A,blood_C,adaptive_crc,0.9051297263167185,0.9052711993888465,0.8,0.8433692800932673,0.0,1.7395599872623322,0.0,27,3927,1.0
emb_tf-sapiens,14,3,blood_B,blood_A,blood_C,adaptive_plugin,0.870996666756574,0.8711484593837535,0.7241379310344828,0.7928099779897285,0.1111111111111111,1.5442198241044633,0.0,27,3927,
emb_tf-sapiens,14,6,blood_B,blood_A,blood_C,cell_pooled,0.8535677413002895,0.8537074148296593,0.6551724137931034,0.7666324284666177,0.125,1.4281873996887562,0.0,24,3493,
emb_tf-sapiens,14,6,blood_B,blood_A,blood_C,donor_weighted,0.8535677413002895,0.8537074148296593,0.6551724137931034,0.7666324284666177,0.125,1.4281873996887562,0.0,24,3493,
emb_tf-sapiens,14,6,blood_B,blood_A,blood_C,donor_crc,0.9073484576354657,0.9075293444030919,0.8,0.8429175167589624,0.0,1.7419207069537006,0.0,24,3493,
emb_tf-sapiens,14,6,blood_B,blood_A,blood_C,target_only_k,0.9027811766129142,0.9029487546521615,0.8,0.8429175167589624,0.0,1.6887145737962248,0.0,24,3493,
emb_tf-sapiens,14,6,blood_B,blood_A,blood_C,adaptive_crc,0.9059445532174193,0.9060979101059261,0.8,0.8429175167589624,0.0,1.7193676434058247,0.0,24,3493,1.0
emb_tf-sapiens,14,6,blood_B,blood_A,blood_C,adaptive_plugin,0.89018343387032,0.8903521328371028,0.7793103448275862,0.8185913426265591,0.08333333333333333,1.6118939519383713,0.0,24,3493,
emb_tf-sapiens,15,3,blood_B,blood_C,blood_A,cell_pooled,0.8823734902511602,0.8823680164018453,0.7676056338028169,0.7908608285785165,0.14814814814814814,2.987351898059012,0.0,27,3902,
emb_tf-sapiens,15,3,blood_B,blood_C,blood_A,donor_weighted,0.8818626345678906,0.8818554587391082,0.7676056338028169,0.7869731800766284,0.18518518518518517,2.9855726030907928,0.0,27,3902,
emb_tf-sapiens,15,3,blood_B,blood_C,blood_A,donor_crc,0.9208144206010075,0.9208098411071246,0.823943661971831,0.8524137931034483,0.0,3.332248683202581,0.0,27,3902,
emb_tf-sapiens,15,3,blood_B,blood_C,blood_A,target_only_k,0.8887555318948933,0.8887749871860584,0.7746478873239436,0.8028976818545164,0.1111111111111111,3.0486363231207463,0.0,27,3902,
emb_tf-sapiens,15,3,blood_B,blood_C,blood_A,adaptive_crc,0.8910616498455489,0.8910814966683752,0.7746478873239436,0.8056754596322941,0.037037037037037035,3.0812296611816263,0.0,27,3902,0.25
emb_tf-sapiens,15,3,blood_B,blood_C,blood_A,adaptive_plugin,0.8869707433551869,0.8869810353664788,0.7746478873239436,0.8028976818545164,0.1111111111111111,3.0337334349965768,0.0,27,3902,
emb_tf-sapiens,15,6,blood_B,blood_C,blood_A,cell_pooled,0.8767730982767922,0.8769097722686653,0.7676056338028169,0.7850855867030514,0.16666666666666666,3.042352150916153,0.0,24,3469,
emb_tf-sapiens,15,6,blood_B,blood_C,blood_A,donor_weighted,0.876198385633114,0.8763332372441626,0.7676056338028169,0.782375478927203,0.20833333333333334,3.0403504440769065,0.0,24,3469,
emb_tf-sapiens,15,6,blood_B,blood_C,blood_A,donor_crc,0.9166177843761529,0.9166906889593542,0.823943661971831,0.8503448275862069,0.0,3.39585802436564,0.0,24,3469,
emb_tf-sapiens,15,6,blood_B,blood_C,blood_A,target_only_k,0.8556564038196647,0.8558662438743153,0.7083333333333334,0.76,0.20833333333333334,2.804099569908312,0.0,24,3469,
emb_tf-sapiens,15,6,blood_B,blood_C,blood_A,adaptive_crc,0.88426988937468,0.8844047275872009,0.7746478873239436,0.8007543964828138,0.125,3.1182880046651693,0.0,24,3469,0.25
emb_tf-sapiens,15,6,blood_B,blood_C,blood_A,adaptive_plugin,0.8602874814509437,0.8604785240703373,0.7222222222222222,0.7717241379310344,0.20833333333333334,2.880355673241908,0.0,24,3469,
emb_tf-sapiens,16,3,blood_C,blood_A,blood_B,cell_pooled,0.9141000404086432,0.9191608391608391,0.71875,0.8388317291735812,0.037037037037037035,0.9790363980067338,0.0206993006993007,27,3575,
emb_tf-sapiens,16,3,blood_C,blood_A,blood_B,donor_weighted,0.9141000404086432,0.9191608391608391,0.71875,0.8388317291735812,0.037037037037037035,0.9790363980067338,0.0206993006993007,27,3575,
emb_tf-sapiens,16,3,blood_C,blood_A,blood_B,donor_crc,0.9253771563926726,0.9297902097902098,0.75,0.853416149068323,0.037037037037037035,0.9973287415107587,0.002797202797202797,27,3575,
emb_tf-sapiens,16,3,blood_C,blood_A,blood_B,target_only_k,0.893399932721875,0.8981818181818182,0.71875,0.8061602519617787,0.1111111111111111,0.9494559323511795,0.05006993006993007,27,3575,
emb_tf-sapiens,16,3,blood_C,blood_A,blood_B,adaptive_crc,0.9171886728100782,0.9213986013986014,0.75,0.8447204968944099,0.037037037037037035,0.9842793691559965,0.016223776223776225,27,3575,0.25
emb_tf-sapiens,16,3,blood_C,blood_A,blood_B,adaptive_plugin,0.9103262485270561,0.9152447552447552,0.71875,0.8359331784489434,0.037037037037037035,0.9725984640083442,0.027412587412587414,27,3575,
emb_tf-sapiens,16,6,blood_C,blood_A,blood_B,cell_pooled,0.9091993433728239,0.9145489199491741,0.71875,0.8324593428476601,0.041666666666666664,0.9775898289021095,0.022236340533672173,24,3148,
emb_tf-sapiens,16,6,blood_C,blood_A,blood_B,donor_weighted,0.9091993433728239,0.9145489199491741,0.71875,0.8324593428476601,0.041666666666666664,0.9775898289021095,0.022236340533672173,24,3148,
emb_tf-sapiens,16,6,blood_C,blood_A,blood_B,donor_crc,0.9212950823063935,0.9259847522236341,0.75,0.8506211180124224,0.041666666666666664,0.9969948341996036,0.0031766200762388818,24,3148,
emb_tf-sapiens,16,6,blood_C,blood_A,blood_B,target_only_k,0.8660870533492688,0.8700762388818297,0.71875,0.778919553728714,0.125,0.9202592538559352,0.07941550190597205,24,3148,
emb_tf-sapiens,16,6,blood_C,blood_A,blood_B,adaptive_crc,0.9126740548244383,0.9170902160101652,0.75,0.8354037267080745,0.041666666666666664,0.9831884112531838,0.01747141041931385,24,3148,0.25
emb_tf-sapiens,16,6,blood_C,blood_A,blood_B,adaptive_plugin,0.8839965452762404,0.8888182973316391,0.71875,0.7981850210857845,0.125,0.9420767196073707,0.05781448538754765,24,3148,
emb_tf-sapiens,17,3,blood_C,blood_B,blood_A,cell_pooled,0.8799157032414523,0.8800818205062644,0.7464788732394366,0.8127551020408164,0.07407407407407407,0.9146456875504518,0.08514446433137306,27,3911,
emb_tf-sapiens,17,3,blood_C,blood_B,blood_A,donor_weighted,0.8799157032414523,0.8800818205062644,0.7464788732394366,0.8127551020408164,0.07407407407407407,0.9146456875504518,0.08514446433137306,27,3911,
emb_tf-sapiens,17,3,blood_C,blood_B,blood_A,donor_crc,0.9444126294712932,0.9445154691894656,0.8819444444444444,0.8921752738654147,0.0,1.0095070048512294,0.0,27,3911,
emb_tf-sapiens,17,3,blood_C,blood_B,blood_A,target_only_k,0.8445068445363128,0.8447967271797494,0.647887323943662,0.7584691430529046,0.2962962962962963,0.874905711947614,0.12477627205318333,27,3911,
emb_tf-sapiens,17,3,blood_C,blood_B,blood_A,adaptive_crc,0.8947383015492295,0.8949117872666837,0.7676056338028169,0.8430555555555556,0.07407407407407407,0.9325438229902582,0.06724622858603937,27,3911,0.25
emb_tf-sapiens,17,3,blood_C,blood_B,blood_A,adaptive_plugin,0.8596241622767238,0.859882383022245,0.6971830985915493,0.7811775069740127,0.18518518518518517,0.8910431368589257,0.10866785988238302,27,3911,
emb_tf-sapiens,17,6,blood_C,blood_B,blood_A,cell_pooled,0.8794589330556964,0.8797122302158273,0.7464788732394366,0.8225907029478458,0.08333333333333333,0.9162429622078664,0.08345323741007195,24,3475,
emb_tf-sapiens,17,6,blood_C,blood_B,blood_A,donor_weighted,0.8794589330556964,0.8797122302158273,0.7464788732394366,0.8225907029478458,0.08333333333333333,0.9162429622078664,0.08345323741007195,24,3475,
emb_tf-sapiens,17,6,blood_C,blood_B,blood_A,donor_crc,0.9423220612581318,0.9424460431654677,0.8819444444444444,0.8905320813771518,0.0,1.0086975291140305,0.0,24,3475,
emb_tf-sapiens,17,6,blood_C,blood_B,blood_A,target_only_k,0.8774266130169793,0.8776978417266187,0.7323943661971831,0.8205498866213152,0.08333333333333333,0.9139212903172974,0.08575539568345324,24,3475,
emb_tf-sapiens,17,6,blood_C,blood_B,blood_A,adaptive_crc,0.8927289006924127,0.8929496402877698,0.7676056338028169,0.8347222222222221,0.08333333333333333,0.9318128282721858,0.0679136690647482,24,3475,0.25
emb_tf-sapiens,17,6,blood_C,blood_B,blood_A,adaptive_plugin,0.8777200402470262,0.8779856115107914,0.7394366197183099,0.8205498866213152,0.08333333333333333,0.9142147175473444,0.08546762589928057,24,3475,
emb_tf-sapiens,18,3,blood_A,blood_B,blood_C,cell_pooled,0.6981488270330533,0.6982233502538071,0.41216216216216217,0.5569416498993963,0.8518518518518519,0.7027175782319203,0.2972081218274112,27,3940,
emb_tf-sapiens,18,3,blood_A,blood_B,blood_C,donor_weighted,0.7092870083927644,0.7093908629441624,0.4391891891891892,0.5886174187985054,0.8148148148148148,0.7141111874332661,0.28578680203045687,27,3940,
emb_tf-sapiens,18,3,blood_A,blood_B,blood_C,donor_crc,0.9048263049561712,0.9048223350253807,0.8108108108108109,0.8406235238545111,0.0,0.9327831638606052,0.06725888324873096,27,3940,
emb_tf-sapiens,18,3,blood_A,blood_B,blood_C,target_only_k,0.9261273529933196,0.9261421319796954,0.86,0.8700351864883884,0.0,0.965535010733,0.03451776649746193,27,3940,
emb_tf-sapiens,18,3,blood_A,blood_B,blood_C,adaptive_crc,0.967187098878531,0.967258883248731,0.9183673469387755,0.9450543221539915,0.0,1.0580748586421296,0.0,27,3940,2.0
emb_tf-sapiens,18,3,blood_A,blood_B,blood_C,adaptive_plugin,0.9144577501621249,0.9144670050761421,0.8344827586206897,0.8529523809523809,0.0,0.9493095425460628,0.050761421319796954,27,3940,
emb_tf-sapiens,18,6,blood_A,blood_B,blood_C,cell_pooled,0.6973027094849641,0.6974358974358974,0.41216216216216217,0.5460764587525151,0.875,0.7018598040009388,0.298005698005698,24,3510,
emb_tf-sapiens,18,6,blood_A,blood_B,blood_C,donor_weighted,0.7086737326677081,0.7088319088319088,0.4391891891891892,0.5759988502443231,0.8333333333333334,0.7135181835055219,0.2863247863247863,24,3510,
emb_tf-sapiens,18,6,blood_A,blood_B,blood_C,donor_crc,0.9033847050933046,0.9034188034188034,0.8108108108108109,0.8341048653755314,0.0,0.9316371134742352,0.06837606837606838,24,3510,
emb_tf-sapiens,18,6,blood_A,blood_B,blood_C,target_only_k,0.9073658335287466,0.9074074074074074,0.8175675675675675,0.8474611872146118,0.0,0.9385162510716712,0.06153846153846154,24,3510,
emb_tf-sapiens,18,6,blood_A,blood_B,blood_C,adaptive_crc,0.9494530880218317,0.9495726495726495,0.896551724137931,0.9150183150183151,0.0,1.0133181697767728,0.0014245014245014246,24,3510,2.0
emb_tf-sapiens,18,6,blood_A,blood_B,blood_C,adaptive_plugin,0.8939650564063673,0.8940170940170941,0.7905405405405406,0.8299952763344355,0.041666666666666664,0.9207943539662015,0.07920227920227921,24,3510,
emb_tf-sapiens,19,3,blood_A,blood_C,blood_B,cell_pooled,0.9468473671368647,0.9511201629327902,0.7407407407407407,0.8652024032305722,0.037037037037037035,1.008692575536517,0.0,27,3437,
emb_tf-sapiens,19,3,blood_A,blood_C,blood_B,donor_weighted,0.9468473671368647,0.9511201629327902,0.7407407407407407,0.8652024032305722,0.037037037037037035,1.008692575536517,0.0,27,3437,
emb_tf-sapiens,19,3,blood_A,blood_C,blood_B,donor_crc,0.9494907870750103,0.9540296770439337,0.7407407407407407,0.8722249581404511,0.037037037037037035,1.0174076088242976,0.0,27,3437,
emb_tf-sapiens,19,3,blood_A,blood_C,blood_B,target_only_k,0.8746011972697064,0.8769275530986326,0.6481481481481481,0.7681118881118881,0.1111111111111111,0.8967369440775058,0.10357870235670644,27,3437,
emb_tf-sapiens,19,3,blood_A,blood_C,blood_B,adaptive_crc,0.9473708653628902,0.9517020657550189,0.7407407407407407,0.8694277553432483,0.037037037037037035,1.0102905396406499,0.0,27,3437,0.25
emb_tf-sapiens,19,3,blood_A,blood_C,blood_B,adaptive_plugin,0.9292825517509036,0.9342449810881582,0.7037037037037037,0.8355866355866356,0.07407407407407407,0.9768490147976718,0.022694210066918824,27,3437,
emb_tf-sapiens,19,6,blood_A,blood_C,blood_B,cell_pooled,0.9407943045774361,0.9454126931930286,0.7407407407407407,0.8591746281887127,0.041666666666666664,1.009434794861502,0.0,24,3041,
emb_tf-sapiens,19,6,blood_A,blood_C,blood_B,donor_weighted,0.9407943045774361,0.9454126931930286,0.7407407407407407,0.8591746281887127,0.041666666666666664,1.009434794861502,0.0,24,3041,
emb_tf-sapiens,19,6,blood_A,blood_C,blood_B,donor_crc,0.9437681520078501,0.9487010851693521,0.7407407407407407,0.8661824091401557,0.041666666666666664,1.0192392073102547,0.0,24,3041,
emb_tf-sapiens,19,6,blood_A,blood_C,blood_B,target_only_k,0.8274261153578767,0.8267017428477474,0.6153846153846154,0.7112820512820512,0.2916666666666667,0.8432951263376545,0.15784281486353174,24,3041,
emb_tf-sapiens,19,6,blood_A,blood_C,blood_B,adaptive_crc,0.9407943045774361,0.9454126931930286,0.7407407407407407,0.8591746281887127,0.041666666666666664,1.0100566854087656,0.0,24,3041,0.25
emb_tf-sapiens,19,6,blood_A,blood_C,blood_B,adaptive_plugin,0.9037333689754172,0.9075961854653075,0.7037037037037037,0.7926524180045307,0.125,0.9456524418198639,0.055902663597500825,24,3041,
emb_tf-sapiens,20,3,blood_B,blood_A,blood_C,cell_pooled,0.8825050658612836,0.8823678219074121,0.7687074829931972,0.7869829012686156,0.14814814814814814,3.124401951471182,0.0,27,3953,
emb_tf-sapiens,20,3,blood_B,blood_A,blood_C,donor_weighted,0.8825050658612836,0.8823678219074121,0.7687074829931972,0.7869829012686156,0.14814814814814814,3.124401951471182,0.0,27,3953,
emb_tf-sapiens,20,3,blood_B,blood_A,blood_C,donor_crc,0.9138627889573241,0.9137364027321022,0.8027210884353742,0.8445945945945946,0.0,3.390350602845529,0.0,27,3953,
emb_tf-sapiens,20,3,blood_B,blood_A,blood_C,target_only_k,0.9357927052933024,0.9357450037945864,0.8435374149659864,0.8918620689655172,0.0,3.5425550101381384,0.0,27,3953,
emb_tf-sapiens,20,3,blood_B,blood_A,blood_C,adaptive_crc,0.9473912088658675,0.9473817353908424,0.8775510204081632,0.9083690587138863,0.0,3.64734959472599,0.0,27,3953,2.0
emb_tf-sapiens,20,3,blood_B,blood_A,blood_C,adaptive_plugin,0.910819966400963,0.9107007336200355,0.7891156462585034,0.8399627213420316,0.037037037037037035,3.3637374423044046,0.0,27,3953,
emb_tf-sapiens,20,6,blood_B,blood_A,blood_C,cell_pooled,0.8777916693071401,0.877632327831531,0.7687074829931972,0.7853833425261997,0.16666666666666666,3.1321779567061845,0.0,24,3514,
emb_tf-sapiens,20,6,blood_B,blood_A,blood_C,donor_weighted,0.8777916693071401,0.877632327831531,0.7687074829931972,0.7853833425261997,0.16666666666666666,3.1321779567061845,0.0,24,3514,
emb_tf-sapiens,20,6,blood_B,blood_A,blood_C,donor_crc,0.909705333056548,0.9095048377916903,0.8027210884353742,0.8445945945945946,0.0,3.4057703821559406,0.0,24,3514,
emb_tf-sapiens,20,6,blood_B,blood_A,blood_C,target_only_k,0.8903194822339432,0.8901536710301651,0.782312925170068,0.80990990990991,0.041666666666666664,3.232123182976828,0.0,24,3514,
emb_tf-sapiens,20,6,blood_B,blood_A,blood_C,adaptive_crc,0.8928847125698366,0.8927148548662492,0.782312925170068,0.8149254426840633,0.041666666666666664,3.2656790506909754,0.0,24,3514,0.5
emb_tf-sapiens,20,6,blood_B,blood_A,blood_C,adaptive_plugin,0.8903194822339432,0.8901536710301651,0.782312925170068,0.80990990990991,0.041666666666666664,3.2309854072700865,0.0,24,3514,
emb_tf-sapiens,21,3,blood_B,blood_C,blood_A,cell_pooled,0.9590799727596274,0.9589111453518233,0.8888888888888888,0.9170068027210885,0.0,2.303501379072301,0.0,27,3894,
emb_tf-sapiens,21,3,blood_B,blood_C,blood_A,donor_weighted,0.9583188425274165,0.95814072932717,0.8888888888888888,0.9170068027210885,0.0,2.2993956369203747,0.0,27,3894,
emb_tf-sapiens,21,3,blood_B,blood_C,blood_A,donor_crc,0.9723646551269456,0.9722650231124808,0.9251700680272109,0.9358028142763954,0.0,2.5102587305392725,0.0,27,3894,
emb_tf-sapiens,21,3,blood_B,blood_C,blood_A,target_only_k,0.8337208112198518,0.8333333333333334,0.5625,0.6979591836734694,0.2962962962962963,1.6232419236613491,0.0,27,3894,
emb_tf-sapiens,21,3,blood_B,blood_C,blood_A,adaptive_crc,0.9623867791622154,0.9622496147919877,0.8958333333333334,0.924546485260771,0.0,2.3377525887040425,0.0,27,3894,0.25
emb_tf-sapiens,21,3,blood_B,blood_C,blood_A,adaptive_plugin,0.9016713111219233,0.901386748844376,0.7083333333333334,0.7877551020408163,0.1111111111111111,1.923477209651202,0.0,27,3894,
emb_tf-sapiens,21,6,blood_B,blood_C,blood_A,cell_pooled,0.9560195505315022,0.9557931233747472,0.8888888888888888,0.9108843537414966,0.0,2.3302601531431315,0.0,24,3461,
emb_tf-sapiens,21,6,blood_B,blood_C,blood_A,donor_weighted,0.955163279020265,0.9549263218722912,0.8888888888888888,0.9108843537414966,0.0,2.3259227247537466,0.0,24,3461,
emb_tf-sapiens,21,6,blood_B,blood_C,blood_A,donor_crc,0.9703877783889719,0.9702398150823461,0.9251700680272109,0.9338878016960209,0.0,2.5398749243261722,0.0,24,3461,
emb_tf-sapiens,21,6,blood_B,blood_C,blood_A,target_only_k,0.8234713954093472,0.8228835596648367,0.5555555555555556,0.6959183673469388,0.3333333333333333,1.6324927330332404,0.0,24,3461,
emb_tf-sapiens,21,6,blood_B,blood_C,blood_A,adaptive_crc,0.958025275766802,0.957815660213811,0.8958333333333334,0.9156462585034014,0.0,2.3505362422738063,0.0,24,3461,0.25
emb_tf-sapiens,21,6,blood_B,blood_C,blood_A,adaptive_plugin,0.8710317325449815,0.8705576422999133,0.6458333333333334,0.7312925170068028,0.16666666666666666,1.8297591353801914,0.0,24,3461,
emb_tf-sapiens,22,3,blood_C,blood_A,blood_B,cell_pooled,0.9166876332470874,0.9285287081339713,0.7045454545454546,0.8459469283896764,0.07407407407407407,0.9757662044855053,0.019736842105263157,27,3344,
emb_tf-sapiens,22,3,blood_C,blood_A,blood_B,donor_weighted,0.9166876332470874,0.9285287081339713,0.7045454545454546,0.8459469283896764,0.07407407407407407,0.9757662044855053,0.019736842105263157,27,3344,
emb_tf-sapiens,22,3,blood_C,blood_A,blood_B,donor_crc,0.927334812332907,0.9383971291866029,0.75,0.8505270810614323,0.07407407407407407,0.9963847723188825,0.0023923444976076554,27,3344,
emb_tf-sapiens,22,3,blood_C,blood_A,blood_B,target_only_k,0.895865579139222,0.9078947368421053,0.6590909090909091,0.8043620501635769,0.1111111111111111,0.9417697273896288,0.05263157894736842,27,3344,
emb_tf-sapiens,22,3,blood_C,blood_A,blood_B,adaptive_crc,0.91837347080619,0.9300239234449761,0.7045454545454546,0.8459469283896764,0.07407407407407407,0.9780086608045365,0.017643540669856458,27,3344,0.25
emb_tf-sapiens,22,3,blood_C,blood_A,blood_B,adaptive_plugin,0.9089181918210655,0.9207535885167464,0.7045454545454546,0.8272628135223555,0.1111111111111111,0.9638228964459131,0.031399521531100476,27,3344,
emb_tf-sapiens,22,6,blood_C,blood_A,blood_B,cell_pooled,0.9145188310349074,0.9277231082456736,0.7045454545454546,0.827735368956743,0.08333333333333333,0.9752605023538884,0.019681031557516118,24,2947,
emb_tf-sapiens,22,6,blood_C,blood_A,blood_B,donor_weighted,0.9145188310349074,0.9277231082456736,0.7045454545454546,0.827735368956743,0.08333333333333333,0.9752605023538884,0.019681031557516118,24,2947,
emb_tf-sapiens,22,6,blood_C,blood_A,blood_B,donor_crc,0.925565834183295,0.9379029521547336,0.75,0.8300254452926209,0.08333333333333333,0.9959328688587427,0.0027146250424160165,24,2947,
emb_tf-sapiens,22,6,blood_C,blood_A,blood_B,target_only_k,0.893385326065847,0.9066847641669494,0.6590909090909091,0.7927480916030535,0.125,0.9405516363033527,0.05327451645741432,24,2947,
emb_tf-sapiens,22,6,blood_C,blood_A,blood_B,adaptive_crc,0.9160997417232416,0.9290804207668816,0.7045454545454546,0.827735368956743,0.08333333333333333,0.9771369213164541,0.017984390906006106,24,2947,0.25
emb_tf-sapiens,22,6,blood_C,blood_A,blood_B,adaptive_plugin,0.9033310974466926,0.9175432643366135,0.6590909090909091,0.8041984732824428,0.125,0.9552243772421142,0.037665422463522225,24,2947,
emb_tf-sapiens,23,3,blood_C,blood_B,blood_A,cell_pooled,0.8695187484095193,0.8697210135653954,0.7394366197183099,0.783554376657825,0.14814814814814814,0.8980171164773281,0.10186844125927821,27,3907,
emb_tf-sapiens,23,3,blood_C,blood_B,blood_A,donor_weighted,0.8849209804134264,0.8850780650115178,0.7887323943661971,0.8099541837472871,0.07407407407407407,0.9157259360546922,0.08420783209623753,27,3907,
emb_tf-sapiens,23,3,blood_C,blood_B,blood_A,donor_crc,0.942527890964555,0.9426670079344766,0.8802816901408451,0.8914596126594238,0.0,0.9976788135471453,0.002303557716918352,27,3907,
emb_tf-sapiens,23,3,blood_C,blood_B,blood_A,target_only_k,0.9081805596555766,0.9083695930381367,0.8380281690140845,0.8509615384615384,0.0,0.9459138594536546,0.05400563091886358,27,3907,
emb_tf-sapiens,23,3,blood_C,blood_B,blood_A,adaptive_crc,0.916154935052771,0.9163040696186332,0.852112676056338,0.8612973233662888,0.0,0.9559285940757919,0.044023547478884054,27,3907,0.5
emb_tf-sapiens,23,3,blood_C,blood_B,blood_A,adaptive_plugin,0.9061470929258866,0.9063219861786537,0.8344827586206897,0.8509615384615384,0.0,0.943371142214714,0.0565651394932173,27,3907,
emb_tf-sapiens,23,6,blood_C,blood_B,blood_A,cell_pooled,0.8670407915071943,0.8672617333717247,0.7394366197183099,0.7763925729442971,0.16666666666666666,0.8950623399372208,0.10480852289087245,24,3473,
emb_tf-sapiens,23,6,blood_C,blood_B,blood_A,donor_weighted,0.8835179623755356,0.8836740570112295,0.7887323943661971,0.8070749939715457,0.08333333333333333,0.913553356066064,0.08638065073423554,24,3473,
emb_tf-sapiens,23,6,blood_C,blood_B,blood_A,donor_crc,0.9414096369723128,0.9415490930031672,0.8802816901408451,0.8871091166745394,0.0,0.9979839033357765,0.0020155485171321624,24,3473,
emb_tf-sapiens,23,6,blood_C,blood_B,blood_A,target_only_k,0.9076686077578048,0.9078606392168155,0.8380281690140845,0.8485576923076923,0.0,0.9454983886247467,0.054419809962568386,24,3473,
emb_tf-sapiens,23,6,blood_C,blood_B,blood_A,adaptive_crc,0.914894209193445,0.9150590267780018,0.852112676056338,0.8566626476971305,0.0,0.9547300423365958,0.04520587388424993,24,3473,0.5
emb_tf-sapiens,23,6,blood_C,blood_B,blood_A,adaptive_plugin,0.9048182303878907,0.9049812841923409,0.8344827586206897,0.8485576923076923,0.0,0.9412028327384646,0.05873884249928016,24,3473,
emb_tf-sapiens,24,3,blood_A,blood_B,blood_C,cell_pooled,0.6029682327841719,0.6023362112747588,0.436241610738255,0.49310344827586206,0.9629629629629629,0.6106049619136245,0.3900457084814627,27,3938,
emb_tf-sapiens,24,3,blood_A,blood_B,blood_C,donor_weighted,0.6029682327841719,0.6023362112747588,0.436241610738255,0.49310344827586206,0.9629629629629629,0.6106049619136245,0.3900457084814627,27,3938,
emb_tf-sapiens,24,3,blood_A,blood_B,blood_C,donor_crc,0.7680302710353344,0.7679024885728797,0.636986301369863,0.6871773366880999,0.5925925925925926,0.7850999681614828,0.21508379888268156,27,3938,
emb_tf-sapiens,24,3,blood_A,blood_B,blood_C,target_only_k,0.9326399016809751,0.9327069578466226,0.8758620689655172,0.8932857418483504,0.0,0.9855085891601535,0.014474352463179279,27,3938,
emb_tf-sapiens,24,3,blood_A,blood_B,blood_C,adaptive_crc,0.9951627444314683,0.9951752158456069,0.9787234042553191,0.9863363363363363,0.0,1.6728540143588706,0.0,27,3938,4.0
emb_tf-sapiens,24,3,blood_A,blood_B,blood_C,adaptive_plugin,0.9219899699450254,0.9220416455053326,0.8689655172413793,0.8834147743604485,0.0,0.9672413138609742,0.03275774504824784,27,3938,
emb_tf-sapiens,24,6,blood_A,blood_B,blood_C,cell_pooled,0.6087802418722505,0.6081235697940504,0.4557823129251701,0.5010204081632653,0.9583333333333334,0.6162141547354772,0.38443935926773454,24,3496,
emb_tf-sapiens,24,6,blood_A,blood_B,blood_C,donor_weighted,0.6087802418722505,0.6081235697940504,0.4557823129251701,0.5010204081632653,0.9583333333333334,0.6162141547354772,0.38443935926773454,24,3496,
emb_tf-sapiens,24,6,blood_A,blood_B,blood_C,donor_crc,0.765650541367647,0.7654462242562929,0.636986301369863,0.6837247227658186,0.5833333333333334,0.7831372591108252,0.21710526315789475,24,3496,
emb_tf-sapiens,24,6,blood_A,blood_B,blood_C,target_only_k,0.9230396775004754,0.9230549199084668,0.8707482993197279,0.8804828973843059,0.0,0.9691117500516192,0.030892448512585814,24,3496,
emb_tf-sapiens,24,6,blood_A,blood_B,blood_C,adaptive_crc,0.9270374298625533,0.9270594965675057,0.8707482993197279,0.8882500482346132,0.0,0.977396741151662,0.02259725400457666,24,3496,2.0
emb_tf-sapiens,24,6,blood_A,blood_B,blood_C,adaptive_plugin,0.9104375902282809,0.9104691075514875,0.8551724137931035,0.8657208088714938,0.0,0.9502161667662145,0.04977116704805492,24,3496,
emb_tf-sapiens,25,3,blood_A,blood_C,blood_B,cell_pooled,0.9623961566240419,0.9621150177159989,0.8321678321678322,0.9226777322267773,0.0,1.0045674832964617,0.0,27,3669,
emb_tf-sapiens,25,3,blood_A,blood_C,blood_B,donor_weighted,0.9623961566240419,0.9621150177159989,0.8321678321678322,0.9226777322267773,0.0,1.0045674832964617,0.0,27,3669,
emb_tf-sapiens,25,3,blood_A,blood_C,blood_B,donor_crc,0.9647939806252829,0.9645680021804306,0.8391608391608392,0.9367363263673633,0.0,1.0118784567402779,0.0,27,3669,
emb_tf-sapiens,25,3,blood_A,blood_C,blood_B,target_only_k,0.787180018769743,0.7874080130825838,0.5944055944055944,0.6896400625978091,0.48148148148148145,0.7979184333377781,0.20168983374216407,27,3669,
emb_tf-sapiens,25,3,blood_A,blood_C,blood_B,adaptive_crc,0.9626767402379587,0.9623875715453802,0.8321678321678322,0.924491490244915,0.0,1.005668012387214,0.0,27,3669,0.25
emb_tf-sapiens,25,3,blood_A,blood_C,blood_B,adaptive_plugin,0.9526618455491348,0.952303079858272,0.8181818181818182,0.9036717540367175,0.0,0.9873195128129999,0.012810029980921232,27,3669,
emb_tf-sapiens,25,6,blood_A,blood_C,blood_B,cell_pooled,0.9611403384885806,0.9607843137254902,0.8321678321678322,0.9211928807119288,0.0,1.0048429104342878,0.0,24,3264,
emb_tf-sapiens,25,6,blood_A,blood_C,blood_B,donor_weighted,0.9611403384885806,0.9607843137254902,0.8321678321678322,0.9211928807119288,0.0,1.0048429104342878,0.0,24,3264,
emb_tf-sapiens,25,6,blood_A,blood_C,blood_B,donor_crc,0.9638378904899767,0.9635416666666666,0.8391608391608392,0.9355214478552144,0.0,1.0127176155025586,0.0,24,3264,
emb_tf-sapiens,25,6,blood_A,blood_C,blood_B,target_only_k,0.8609758474913796,0.8606004901960784,0.6993006993006993,0.779004329004329,0.16666666666666666,0.8763567250714549,0.12377450980392157,24,3264,
emb_tf-sapiens,25,6,blood_A,blood_C,blood_B,adaptive_crc,0.9611403384885806,0.9607843137254902,0.8321678321678322,0.9211928807119288,0.0,1.0051363376643347,0.0,24,3264,0.25
emb_tf-sapiens,25,6,blood_A,blood_C,blood_B,adaptive_plugin,0.9425688866984183,0.9420955882352942,0.8041958041958042,0.8844022415940224,0.0,0.9735593577104237,0.02665441176470588,24,3264,
emb_tf-sapiens,26,3,blood_B,blood_A,blood_C,cell_pooled,0.8986628722694167,0.8980632008154944,0.7315436241610739,0.8275167785234899,0.07407407407407407,3.0954508354543484,0.0,27,3924,
emb_tf-sapiens,26,3,blood_B,blood_A,blood_C,donor_weighted,0.8984091939335466,0.8978083588175332,0.7315436241610739,0.8275167785234899,0.07407407407407407,3.092656034283204,0.0,27,3924,
emb_tf-sapiens,26,3,blood_B,blood_A,blood_C,donor_crc,0.9287868753974224,0.9283893985728848,0.7586206896551724,0.8786910197869102,0.037037037037037035,3.422433878800978,0.0,27,3924,
emb_tf-sapiens,26,3,blood_B,blood_A,blood_C,target_only_k,0.9596647638313957,0.959480122324159,0.7862068965517242,0.938013698630137,0.037037037037037035,3.774077156159324,0.0,27,3924,
emb_tf-sapiens,26,3,blood_B,blood_A,blood_C,adaptive_crc,0.9596647638313957,0.959480122324159,0.7862068965517242,0.938013698630137,0.037037037037037035,3.774077156159324,0.0,27,3924,2.0
emb_tf-sapiens,26,3,blood_B,blood_A,blood_C,adaptive_plugin,0.9492764327158317,0.9490316004077471,0.7724137931034483,0.9062404870624049,0.037037037037037035,3.632095398620074,0.0,27,3924,
emb_tf-sapiens,26,6,blood_B,blood_A,blood_C,cell_pooled,0.8936922482425688,0.8930005737234653,0.7315436241610739,0.8231543624161074,0.08333333333333333,3.136459242290659,0.0,24,3486,
emb_tf-sapiens,26,6,blood_B,blood_A,blood_C,donor_weighted,0.8934068601147148,0.8927137119908204,0.7315436241610739,0.8231543624161074,0.08333333333333333,3.133315090973122,0.0,24,3486,
emb_tf-sapiens,26,6,blood_B,blood_A,blood_C,donor_crc,0.9244373221206663,0.9239816408491107,0.7586206896551724,0.8699010654490107,0.041666666666666664,3.459274086243411,0.0,24,3486,
emb_tf-sapiens,26,6,blood_B,blood_A,blood_C,target_only_k,0.9201615575514223,0.9196787148594378,0.7517241379310344,0.8606752873563218,0.041666666666666664,3.410888678433262,0.0,24,3486,
emb_tf-sapiens,26,6,blood_B,blood_A,blood_C,adaptive_crc,0.9235829674188226,0.9231210556511761,0.7517241379310344,0.8696743295019157,0.041666666666666664,3.452113706726322,0.0,24,3486,1.0
emb_tf-sapiens,26,6,blood_B,blood_A,blood_C,adaptive_plugin,0.9150582434319144,0.9145152036718301,0.7517241379310344,0.8586063218390805,0.08333333333333333,3.3422384671600995,0.0,24,3486,
emb_tf-sapiens,27,3,blood_B,blood_C,blood_A,cell_pooled,0.9370249870529249,0.9370360890708984,0.7569444444444444,0.873993288590604,0.037037037037037035,2.3127541162222633,0.0,27,3907,
emb_tf-sapiens,27,3,blood_B,blood_C,blood_A,donor_weighted,0.9370249870529249,0.9370360890708984,0.7569444444444444,0.873993288590604,0.037037037037037035,2.3114941883417432,0.0,27,3907,
emb_tf-sapiens,27,3,blood_B,blood_C,blood_A,donor_crc,0.9559856268229843,0.955976452521116,0.875,0.9019574944071589,0.0,2.5503043621860804,0.0,27,3907,
emb_tf-sapiens,27,3,blood_B,blood_C,blood_A,target_only_k,0.8775751745951138,0.8773995392884566,0.5902777777777778,0.7753914988814318,0.18518518518518517,1.8680398607609268,0.0,27,3907,
emb_tf-sapiens,27,3,blood_B,blood_C,blood_A,adaptive_crc,0.9403496323330388,0.9403634502175582,0.7777777777777778,0.8742957746478873,0.037037037037037035,2.357772632563994,0.0,27,3907,0.25
emb_tf-sapiens,27,3,blood_B,blood_C,blood_A,adaptive_plugin,0.9023103938592735,0.9022267724596877,0.6388888888888888,0.8149730598355233,0.07407407407407407,2.0311137976323828,0.0,27,3907,
emb_tf-sapiens,27,6,blood_B,blood_C,blood_A,cell_pooled,0.9375988796122549,0.9375898763301697,0.7569444444444444,0.8798469387755102,0.041666666666666664,2.329959278490423,0.0,24,3477,
emb_tf-sapiens,27,6,blood_B,blood_C,blood_A,donor_weighted,0.9375988796122549,0.9375898763301697,0.7569444444444444,0.8798469387755102,0.041666666666666664,2.3285418596248375,0.0,24,3477,
emb_tf-sapiens,27,6,blood_B,blood_C,blood_A,donor_crc,0.9577558904333835,0.9577221742881795,0.875,0.9097383920010957,0.0,2.5669725284419065,0.0,24,3477,
emb_tf-sapiens,27,6,blood_B,blood_C,blood_A,target_only_k,0.8922706285064802,0.8921484037963762,0.625,0.7960290827740492,0.125,1.9682153245369047,0.0,24,3477,
emb_tf-sapiens,27,6,blood_B,blood_C,blood_A,adaptive_crc,0.9410456783223357,0.9410411274086856,0.7777777777777778,0.8818877551020409,0.041666666666666664,2.3658944014727896,0.0,24,3477,0.25
emb_tf-sapiens,27,6,blood_B,blood_C,blood_A,adaptive_plugin,0.903162034850102,0.9030773655450101,0.6388888888888888,0.8226230425055929,0.08333333333333333,2.05025338209256,0.0,24,3477,
emb_tf-sapiens,28,3,blood_C,blood_A,blood_B,cell_pooled,0.8981566951721156,0.9073282007413744,0.6481481481481481,0.8229648214381039,0.07407407407407407,0.9776471698781719,0.020815511833475905,27,3507,
emb_tf-sapiens,28,3,blood_C,blood_A,blood_B,donor_weighted,0.8981566951721156,0.9073282007413744,0.6481481481481481,0.8229648214381039,0.07407407407407407,0.9776471698781719,0.020815511833475905,27,3507,
emb_tf-sapiens,28,3,blood_C,blood_A,blood_B,donor_crc,0.9124284615014441,0.9207299686341602,0.6666666666666666,0.8363209309774196,0.07407407407407407,1.0042427023800362,0.0,27,3507,
emb_tf-sapiens,28,3,blood_C,blood_A,blood_B,target_only_k,0.8687792495835281,0.8779583689763331,0.6481481481481481,0.7691628288436061,0.14814814814814814,0.9310225842312656,0.06501283147989735,27,3507,
emb_tf-sapiens,28,3,blood_C,blood_A,blood_B,adaptive_crc,0.9018640070643081,0.9107499287140006,0.6481481481481481,0.8302140607484119,0.07407407407407407,0.9842312162423302,0.015112631879098944,27,3507,0.25
emb_tf-sapiens,28,3,blood_C,blood_A,blood_B,adaptive_plugin,0.8849761335239028,0.8942115768463074,0.6481481481481481,0.790145732130465,0.1111111111111111,0.9554491689150184,0.041916167664670656,27,3507,
emb_tf-sapiens,28,6,blood_C,blood_A,blood_B,cell_pooled,0.899271646241318,0.9096463022508039,0.6481481481481481,0.8378893833439288,0.08333333333333333,0.9788881082000888,0.01929260450160772,24,3110,
emb_tf-sapiens,28,6,blood_C,blood_A,blood_B,donor_weighted,0.899271646241318,0.9096463022508039,0.6481481481481481,0.8378893833439288,0.08333333333333333,0.9788881082000888,0.01929260450160772,24,3110,
emb_tf-sapiens,28,6,blood_C,blood_A,blood_B,donor_crc,0.9128460601316427,0.9221864951768489,0.6666666666666666,0.8472717423421648,0.08333333333333333,1.0044549740197801,0.0,24,3110,
emb_tf-sapiens,28,6,blood_C,blood_A,blood_B,target_only_k,0.8936959118829408,0.9041800643086817,0.6481481481481481,0.8305149396058488,0.08333333333333333,0.9687882118474344,0.028617363344051447,24,3110,
emb_tf-sapiens,28,6,blood_C,blood_A,blood_B,adaptive_crc,0.9024964617809258,0.912540192926045,0.6481481481481481,0.8427844882390337,0.08333333333333333,0.9847314236710506,0.014469453376205787,24,3110,0.25
emb_tf-sapiens,28,6,blood_C,blood_A,blood_B,adaptive_plugin,0.8962439093349385,0.9067524115755627,0.6481481481481481,0.8329942784488239,0.08333333333333333,0.973167892474757,0.024437299035369776,24,3110,
emb_tf-sapiens,29,3,blood_C,blood_B,blood_A,cell_pooled,0.8036927692979668,0.8039969254419678,0.6438356164383562,0.6713680685511672,0.4074074074074074,0.8319158506839252,0.16781962592877273,27,3903,
emb_tf-sapiens,29,3,blood_C,blood_B,blood_A,donor_weighted,0.8495341489364094,0.8498590827568537,0.7183098591549296,0.7443908204471584,0.2222222222222222,0.8823711151657263,0.11734563156546246,27,3903,
emb_tf-sapiens,29,3,blood_C,blood_B,blood_A,donor_crc,0.9535332317621631,0.9536254163464002,0.8972602739726028,0.9107132735002362,0.0,1.0495739850015366,0.0,27,3903,
emb_tf-sapiens,29,3,blood_C,blood_B,blood_A,target_only_k,0.9104058857661751,0.9105816038944402,0.8309859154929577,0.87516759102966,0.0,0.9591898313859879,0.04073789392774789,27,3903,
emb_tf-sapiens,29,3,blood_C,blood_B,blood_A,adaptive_crc,0.9489140372149679,0.9490135792979759,0.8972602739726028,0.9107132735002362,0.0,1.0354237145220306,0.0,27,3903,1.0
emb_tf-sapiens,29,3,blood_C,blood_B,blood_A,adaptive_plugin,0.9062807598290051,0.9064821931847297,0.8169014084507042,0.8654352544007716,0.0,0.9529976958723526,0.04688700999231361,27,3903,
emb_tf-sapiens,29,6,blood_C,blood_B,blood_A,cell_pooled,0.7957284826808818,0.7960184650894403,0.6438356164383562,0.6678518664434158,0.4583333333333333,0.8260425058311586,0.1736872475476053,24,3466,
emb_tf-sapiens,29,6,blood_C,blood_B,blood_A,donor_weighted,0.8433021791598946,0.8436237738026544,0.7183098591549296,0.7428247808529499,0.25,0.8782437596958871,0.12146566647432198,24,3466,
emb_tf-sapiens,29,6,blood_C,blood_B,blood_A,donor_crc,0.9511540152930286,0.9512406231967686,0.8972602739726028,0.9105290505432215,0.0,1.0497846824208505,0.0,24,3466,
emb_tf-sapiens,29,6,blood_C,blood_B,blood_A,target_only_k,0.8909958094282188,0.8912290825158684,0.795774647887324,0.8491122523844461,0.041666666666666664,0.9345936313430988,0.06520484708597807,24,3466,
emb_tf-sapiens,29,6,blood_C,blood_B,blood_A,adaptive_crc,0.901379595597958,0.9016156953260243,0.8169014084507042,0.8627875572703159,0.0,0.9496303422096912,0.05020196191575303,24,3466,0.5
emb_tf-sapiens,29,6,blood_C,blood_B,blood_A,adaptive_plugin,0.8814835951444961,0.8817080207732256,0.7887323943661971,0.8289606944779359,0.041666666666666664,0.9224849283437996,0.07732256203115984,24,3466,
emb_tf-exemplar-human,0,3,blood_A,blood_B,blood_C,cell_pooled,0.7945199169634051,0.7941624365482234,0.4489795918367347,0.7108834827144687,0.4444444444444444,0.8118247963030462,0.1885786802030457,27,3940,
emb_tf-exemplar-human,0,3,blood_A,blood_B,blood_C,donor_weighted,0.8011054422405564,0.800761421319797,0.4557823129251701,0.7136806855116714,0.37037037037037035,0.8191751443446877,0.18121827411167513,27,3940,
emb_tf-exemplar-human,0,3,blood_A,blood_B,blood_C,donor_crc,0.9115368111893013,0.9114213197969543,0.777027027027027,0.8562697576396207,0.07407407407407407,0.9475865355588473,0.05253807106598985,27,3940,
emb_tf-exemplar-human,0,3,blood_A,blood_B,blood_C,target_only_k,0.9034509855672718,0.9032994923857868,0.7364864864864865,0.8396589711658204,0.07407407407407407,0.9369483569133658,0.06319796954314721,27,3940,
emb_tf-exemplar-human,0,3,blood_A,blood_B,blood_C,adaptive_crc,0.9107894195023122,0.9106598984771573,0.7702702702702703,0.8562697576396207,0.07407407407407407,0.946580143612858,0.053553299492385784,27,3940,1.0
emb_tf-exemplar-human,0,3,blood_A,blood_B,blood_C,adaptive_plugin,0.8859940350754292,0.8857868020304569,0.6891891891891891,0.8215633681387107,0.1111111111111111,0.9159630517375736,0.08426395939086294,27,3940,
emb_tf-exemplar-human,0,6,blood_A,blood_B,blood_C,cell_pooled,0.802070018361969,0.8018301401201029,0.4489795918367347,0.7609657947686117,0.4583333333333333,0.8204003117039721,0.1798684586788676,24,3497,
emb_tf-exemplar-human,0,6,blood_A,blood_B,blood_C,donor_weighted,0.8080729661144725,0.8078352873891907,0.4557823129251701,0.7626760563380282,0.375,0.8272636850665273,0.17300543322848155,24,3497,
emb_tf-exemplar-human,0,6,blood_A,blood_B,blood_C,donor_crc,0.9162414429541305,0.916213897626537,0.7891156462585034,0.8658545554840489,0.041666666666666664,0.9517238362838428,0.048327137546468404,24,3497,
emb_tf-exemplar-human,0,6,blood_A,blood_B,blood_C,target_only_k,0.9256756499266198,0.9256505576208178,0.8163265306122449,0.8772139687439707,0.0,0.9648991471176442,0.03517300543322848,24,3497,
emb_tf-exemplar-human,0,6,blood_A,blood_B,blood_C,adaptive_crc,0.9439297803047664,0.9439519588218473,0.8979591836734694,0.905868544600939,0.0,0.9948581320820716,0.005147269087789534,24,3497,2.0
emb_tf-exemplar-human,0,6,blood_A,blood_B,blood_C,adaptive_plugin,0.9182339512443831,0.9182156133828996,0.7959183673469388,0.8681940960833494,0.041666666666666664,0.9548679584958663,0.04518158421504146,24,3497,
emb_tf-exemplar-human,1,3,blood_A,blood_C,blood_B,cell_pooled,0.9259110431089882,0.9252857541120714,0.8115942028985508,0.8459106111280025,0.0,0.9777933808910186,0.02230275996654586,27,3587,
emb_tf-exemplar-human,1,3,blood_A,blood_C,blood_B,donor_weighted,0.9259110431089882,0.9252857541120714,0.8115942028985508,0.8459106111280025,0.0,0.9777933808910186,0.02230275996654586,27,3587,
emb_tf-exemplar-human,1,3,blood_A,blood_C,blood_B,donor_crc,0.9349497359451597,0.9342068580986898,0.8275862068965517,0.8629978716935238,0.0,0.9940798718960865,0.006133258990800111,27,3587,
emb_tf-exemplar-human,1,3,blood_A,blood_C,blood_B,target_only_k,0.8412075229153908,0.8416504042375244,0.6758620689655173,0.7386995691343518,0.3333333333333333,0.8684715688127953,0.13047114580429328,27,3587,
emb_tf-exemplar-human,1,3,blood_A,blood_C,blood_B,adaptive_crc,0.9264597700624563,0.925843323111235,0.8115942028985508,0.8459106111280025,0.0,0.9799412662587763,0.020072483969891274,27,3587,0.25
emb_tf-exemplar-human,1,3,blood_A,blood_C,blood_B,adaptive_plugin,0.916088582819935,0.9155282966267075,0.8,0.8257221039829735,0.0,0.9638967729869824,0.036241984945637025,27,3587,
emb_tf-exemplar-human,1,6,blood_A,blood_C,blood_B,cell_pooled,0.9259455859500735,0.9252365930599369,0.8115942028985508,0.840263961390722,0.0,0.9774073160679219,0.022712933753943218,24,3170,
emb_tf-exemplar-human,1,6,blood_A,blood_C,blood_B,donor_weighted,0.9259455859500735,0.9252365930599369,0.8115942028985508,0.840263961390722,0.0,0.9774073160679219,0.022712933753943218,24,3170,
emb_tf-exemplar-human,1,6,blood_A,blood_C,blood_B,donor_crc,0.9352147423822353,0.934384858044164,0.8275862068965517,0.8612873042450507,0.0,0.9942392288916283,0.005993690851735016,24,3170,
emb_tf-exemplar-human,1,6,blood_A,blood_C,blood_B,target_only_k,0.8894921556921392,0.8889589905362776,0.7517241379310344,0.7899367217799551,0.125,0.9274523891355555,0.07255520504731862,24,3170,
emb_tf-exemplar-human,1,6,blood_A,blood_C,blood_B,adaptive_crc,0.9265629037727249,0.9258675078864353,0.8115942028985508,0.840263961390722,0.0,0.9792218062833978,0.02082018927444795,24,3170,0.25
emb_tf-exemplar-human,1,6,blood_A,blood_C,blood_B,adaptive_plugin,0.9160581596030212,0.9154574132492114,0.8,0.8332561804392791,0.0,0.9629364736540135,0.03722397476340694,24,3170,
emb_tf-exemplar-human,2,3,blood_B,blood_A,blood_C,cell_pooled,0.8677052232195074,0.8672925653387465,0.5918367346938775,0.6820596458527494,0.14814814814814814,1.5345238422389647,0.0,27,3941,
emb_tf-exemplar-human,2,3,blood_B,blood_A,blood_C,donor_weighted,0.8669317948598719,0.8665313372240548,0.5918367346938775,0.6820596458527494,0.18518518518518517,1.5302033804432456,0.0,27,3941,
emb_tf-exemplar-human,2,3,blood_B,blood_A,blood_C,donor_crc,0.9003211887480643,0.9000253742704897,0.6351351351351351,0.7939143224857511,0.1111111111111111,1.7585152669449104,0.0,27,3941,
emb_tf-exemplar-human,2,3,blood_B,blood_A,blood_C,target_only_k,0.7753723037475632,0.7744227353463587,0.3741496598639456,0.5436160298229263,0.48148148148148145,1.133858312999697,0.0015224562293834052,27,3941,
emb_tf-exemplar-human,2,3,blood_B,blood_A,blood_C,adaptive_crc,0.873796587698921,0.8733823902562802,0.6081081081081081,0.6901677539608575,0.14814814814814814,1.5700172485807415,0.0,27,3941,0.25
emb_tf-exemplar-human,2,3,blood_B,blood_A,blood_C,adaptive_plugin,0.8232608457704246,0.8226338492768333,0.43537414965986393,0.6238397017707362,0.2962962962962963,1.3016132460499261,0.0,27,3941,
emb_tf-exemplar-human,2,6,blood_B,blood_A,blood_C,cell_pooled,0.8868935294579364,0.8864803194523674,0.5945945945945946,0.8076510067114094,0.08333333333333333,1.5229379209647247,0.0,24,3506,
emb_tf-exemplar-human,2,6,blood_B,blood_A,blood_C,donor_weighted,0.8860234225533468,0.88562464346834,0.5945945945945946,0.8028234205045128,0.125,1.5192230264817912,0.0,24,3506,
emb_tf-exemplar-human,2,6,blood_B,blood_A,blood_C,donor_crc,0.9150436651396636,0.9147176269252709,0.6351351351351351,0.8458828974774357,0.041666666666666664,1.741685162190679,0.0,24,3506,
emb_tf-exemplar-human,2,6,blood_B,blood_A,blood_C,target_only_k,0.9369157842905952,0.9366799771819737,0.7297297297297297,0.9005646841009026,0.041666666666666664,1.9939709932833527,0.0,24,3506,
emb_tf-exemplar-human,2,6,blood_B,blood_A,blood_C,adaptive_crc,0.9437216878103465,0.9435253850541928,0.75,0.9102281879194631,0.041666666666666664,2.086707462591852,0.0,24,3506,2.0
emb_tf-exemplar-human,2,6,blood_B,blood_A,blood_C,adaptive_plugin,0.9244361058843396,0.9241300627495722,0.6621621621621622,0.876861837537607,0.041666666666666664,1.8397682758123501,0.0,24,3506,
emb_tf-exemplar-human,3,3,blood_B,blood_C,blood_A,cell_pooled,0.9301382404624187,0.9304525696752749,0.795774647887324,0.8539485186983973,0.037037037037037035,2.562740719583405,0.0,27,3911,
emb_tf-exemplar-human,3,3,blood_B,blood_C,blood_A,donor_weighted,0.9301382404624187,0.9304525696752749,0.795774647887324,0.8539485186983973,0.037037037037037035,2.5614581116121977,0.0,27,3911,
emb_tf-exemplar-human,3,3,blood_B,blood_C,blood_A,donor_crc,0.9591672720747608,0.959345435949885,0.8482758620689655,0.9206799417192811,0.0,2.832993994747713,0.0,27,3911,
emb_tf-exemplar-human,3,3,blood_B,blood_C,blood_A,target_only_k,0.9106615005115968,0.911020199437484,0.7586206896551724,0.8143661971830987,0.07407407407407407,2.3350050224086765,0.0,27,3911,
emb_tf-exemplar-human,3,3,blood_B,blood_C,blood_A,adaptive_crc,0.9344955362352872,0.9347992840705702,0.795774647887324,0.8678581835842641,0.037037037037037035,2.6161762398377615,0.0,27,3911,0.25
emb_tf-exemplar-human,3,3,blood_B,blood_C,blood_A,adaptive_plugin,0.9183107938457425,0.9186908718997698,0.7724137931034483,0.8226420592520641,0.07407407407407407,2.4293085528317384,0.0,27,3911,
emb_tf-exemplar-human,3,6,blood_B,blood_C,blood_A,cell_pooled,0.9251434718336031,0.9254461715601612,0.795774647887324,0.8530305973773676,0.041666666666666664,2.6056767003359287,0.0,24,3474,
emb_tf-exemplar-human,3,6,blood_B,blood_C,blood_A,donor_weighted,0.9251434718336031,0.9254461715601612,0.795774647887324,0.8530305973773676,0.041666666666666664,2.604523118220173,0.0,24,3474,
emb_tf-exemplar-human,3,6,blood_B,blood_C,blood_A,donor_crc,0.9546340644674892,0.9548071387449626,0.8482758620689655,0.91808644973288,0.0,2.879669577752425,0.0,24,3474,
emb_tf-exemplar-human,3,6,blood_B,blood_C,blood_A,target_only_k,0.8742435534121865,0.8747841105354058,0.6901408450704225,0.7477791174342898,0.20833333333333334,2.0793561842478137,0.0,24,3474,
emb_tf-exemplar-human,3,6,blood_B,blood_C,blood_A,adaptive_crc,0.9271673266223229,0.927461139896373,0.795774647887324,0.8633074307916464,0.041666666666666664,2.64309186506367,0.0,24,3474,0.25
emb_tf-exemplar-human,3,6,blood_B,blood_C,blood_A,adaptive_plugin,0.8904076446732949,0.8909038572251008,0.7183098591549296,0.789505666747046,0.16666666666666666,2.19341900113449,0.0,24,3474,
emb_tf-exemplar-human,4,3,blood_C,blood_A,blood_B,cell_pooled,0.8096020300312898,0.8148148148148148,0.6742424242424242,0.7182729007633588,0.37037037037037035,0.9720772329640072,0.028735632183908046,27,3132,
emb_tf-exemplar-human,4,3,blood_C,blood_A,blood_B,donor_weighted,0.8096020300312898,0.8148148148148148,0.6742424242424242,0.7182729007633588,0.37037037037037035,0.9720772329640072,0.028735632183908046,27,3132,
emb_tf-exemplar-human,4,3,blood_C,blood_A,blood_B,donor_crc,0.846464601544004,0.853448275862069,0.696969696969697,0.75,0.2962962962962963,1.0442477826587295,0.0,27,3132,
emb_tf-exemplar-human,4,3,blood_C,blood_A,blood_B,target_only_k,0.9030695737516212,0.9115581098339719,0.78125,0.8147186147186147,0.037037037037037035,1.1949002056539646,0.0,27,3132,
emb_tf-exemplar-human,4,3,blood_C,blood_A,blood_B,adaptive_crc,0.9685439129961089,0.969029374201788,0.90625,0.9398290598290598,0.0,1.5021174577413159,0.0,27,3132,4.0
emb_tf-exemplar-human,4,3,blood_C,blood_A,blood_B,adaptive_plugin,0.864304207325352,0.8710089399744572,0.7121212121212122,0.7627771719374773,0.2222222222222222,1.092193245891689,0.0,27,3132,
emb_tf-exemplar-human,4,6,blood_C,blood_A,blood_B,cell_pooled,0.8119744311736733,0.818685376661743,0.6742424242424242,0.7179150763358778,0.3333333333333333,0.9724104682904654,0.02843426883308715,24,2708,
emb_tf-exemplar-human,4,6,blood_C,blood_A,blood_B,donor_weighted,0.8119744311736733,0.818685376661743,0.6742424242424242,0.7179150763358778,0.3333333333333333,0.9724104682904654,0.02843426883308715,24,2708,
emb_tf-exemplar-human,4,6,blood_C,blood_A,blood_B,donor_crc,0.8484307059873633,0.8570901033973413,0.696969696969697,0.75,0.2916666666666667,1.0435845087607956,0.0,24,2708,
emb_tf-exemplar-human,4,6,blood_C,blood_A,blood_B,target_only_k,0.9005151627443201,0.9098966026587888,0.78125,0.8049783549783549,0.041666666666666664,1.187442286182293,0.0,24,2708,
emb_tf-exemplar-human,4,6,blood_C,blood_A,blood_B,adaptive_crc,0.9403654443547378,0.9449778434268833,0.8473282442748091,0.8916053511705686,0.0,1.336887118033791,0.0,24,2708,4.0
emb_tf-exemplar-human,4,6,blood_C,blood_A,blood_B,adaptive_plugin,0.8816284181850044,0.8892171344165436,0.7424242424242424,0.7932388222464558,0.125,1.1325350385329338,0.0,24,2708,
emb_tf-exemplar-human,5,3,blood_C,blood_B,blood_A,cell_pooled,0.7513262928745268,0.7518527983644263,0.5,0.6429822926374651,0.6296296296296297,0.7926102064306204,0.20700230002555584,27,3913,
emb_tf-exemplar-human,5,3,blood_C,blood_B,blood_A,donor_weighted,0.7452445039738357,0.7457193968821876,0.5,0.6280615097856478,0.7037037037037037,0.7857655849150633,0.21390237669307438,27,3913,
emb_tf-exemplar-human,5,3,blood_C,blood_B,blood_A,donor_crc,0.8631887505134088,0.8635318170201891,0.6164383561643836,0.8160577819198509,0.07407407407407407,0.928842665756928,0.0710452338359315,27,3913,
emb_tf-exemplar-human,5,3,blood_C,blood_B,blood_A,target_only_k,0.8933789104294784,0.893687707641196,0.6643835616438356,0.850204081632653,0.037037037037037035,0.9770085767791156,0.023000255558395095,27,3913,
emb_tf-exemplar-human,5,3,blood_C,blood_B,blood_A,adaptive_crc,0.9294287060481046,0.9297214413493483,0.7054794520547946,0.8840136054421769,0.037037037037037035,1.0657795605522336,0.0,27,3913,2.0
emb_tf-exemplar-human,5,3,blood_C,blood_B,blood_A,adaptive_plugin,0.8710805288725302,0.8714541272680808,0.6301369863013698,0.821920119077152,0.07407407407407407,0.9398423642159658,0.06005622284692052,27,3913,
emb_tf-exemplar-human,5,6,blood_C,blood_B,blood_A,cell_pooled,0.7515044191898399,0.7520851308599368,0.5,0.6518801410105758,0.6666666666666666,0.7916679115877981,0.2079378774805867,24,3477,
emb_tf-exemplar-human,5,6,blood_C,blood_B,blood_A,donor_weighted,0.7458119134141233,0.7463330457290768,0.5,0.6355170387779083,0.6666666666666666,0.7851172191203578,0.21455277538107564,24,3477,
emb_tf-exemplar-human,5,6,blood_C,blood_B,blood_A,donor_crc,0.8627154850474744,0.8631003738855335,0.6164383561643836,0.8183404627649232,0.08333333333333333,0.9277128506068512,0.07218866839229221,24,3477,
emb_tf-exemplar-human,5,6,blood_C,blood_B,blood_A,target_only_k,0.8935243749214732,0.8938740293356342,0.6643835616438356,0.8501020408163265,0.041666666666666664,0.978167752301542,0.02185792349726776,24,3477,
emb_tf-exemplar-human,5,6,blood_C,blood_B,blood_A,adaptive_crc,0.9208689948086187,0.9211964337072188,0.7054794520547946,0.8704761904761904,0.041666666666666664,1.0400820076076014,0.0,24,3477,2.0
emb_tf-exemplar-human,5,6,blood_C,blood_B,blood_A,adaptive_plugin,0.8813874804678975,0.8817946505608283,0.6438356164383562,0.8451524494689963,0.041666666666666664,0.9573399347386292,0.04256542996836353,24,3477,
emb_tf-exemplar-human,6,3,blood_A,blood_B,blood_C,cell_pooled,0.7599770245592722,0.7597254004576659,0.6083916083916084,0.6623401360544218,0.7037037037037037,0.7709618047729389,0.22934146961606916,27,3933,
emb_tf-exemplar-human,6,3,blood_A,blood_B,blood_C,donor_weighted,0.7846069529654288,0.7843885075006356,0.6577181208053692,0.6795273691825416,0.6296296296296297,0.7994065115321733,0.20086448004068141,27,3933,
emb_tf-exemplar-human,6,3,blood_A,blood_B,blood_C,donor_crc,0.9248866129445635,0.924739384693618,0.8482758620689655,0.8755239008355019,0.0,1.0086464922902054,0.0010170353419781336,27,3933,
emb_tf-exemplar-human,6,3,blood_A,blood_B,blood_C,target_only_k,0.8936119926882876,0.8934655479277905,0.7862068965517242,0.8388605442176871,0.037037037037037035,0.950470658894696,0.04958047292143402,27,3933,
emb_tf-exemplar-human,6,3,blood_A,blood_B,blood_C,adaptive_crc,0.9190667383989347,0.9188914314772438,0.8344827586206897,0.865578231292517,0.0,0.995443531479682,0.004576659038901602,27,3933,1.0
emb_tf-exemplar-human,6,3,blood_A,blood_B,blood_C,adaptive_plugin,0.8831954348095219,0.8830409356725146,0.7718120805369127,0.8319727891156463,0.07407407407407407,0.9304417528088343,0.06966692092550215,27,3933,
emb_tf-exemplar-human,6,6,blood_A,blood_B,blood_C,cell_pooled,0.7601639668098871,0.7599655864640091,0.6083916083916084,0.6449917898193761,0.7083333333333334,0.770549131527693,0.2297103527387439,24,3487,
emb_tf-exemplar-human,6,6,blood_A,blood_B,blood_C,donor_weighted,0.7833925422157701,0.7831947232578147,0.6577181208053692,0.671931516759103,0.625,0.7977896905226229,0.20246630341267566,24,3487,
emb_tf-exemplar-human,6,6,blood_A,blood_B,blood_C,donor_crc,0.9272393622825049,0.9271580154860912,0.8482758620689655,0.8788690476190476,0.0,1.0091698839905379,0.0011471178663607685,24,3487,
emb_tf-exemplar-human,6,6,blood_A,blood_B,blood_C,target_only_k,0.897440384843928,0.8973329509607112,0.7931034482758621,0.8412556689342404,0.041666666666666664,0.9530492614652929,0.04703183252079151,24,3487,
emb_tf-exemplar-human,6,6,blood_A,blood_B,blood_C,adaptive_crc,0.920971645476838,0.9208488672211069,0.8344827586206897,0.8651785714285715,0.0,0.9948739729146423,0.005162030398623459,24,3487,1.0
emb_tf-exemplar-human,6,6,blood_A,blood_B,blood_C,adaptive_plugin,0.8885720130921894,0.8884427874964153,0.7793103448275862,0.8319727891156463,0.08333333333333333,0.938765482866834,0.06137080585030112,24,3487,
emb_tf-exemplar-human,7,3,blood_A,blood_C,blood_B,cell_pooled,0.919711833721813,0.9374201787994891,0.6481481481481481,0.8177865612648221,0.1111111111111111,0.9738831428657098,0.018837803320561942,27,3132,
emb_tf-exemplar-human,7,3,blood_A,blood_C,blood_B,donor_weighted,0.919711833721813,0.9374201787994891,0.6481481481481481,0.8177865612648221,0.1111111111111111,0.9738831428657098,0.018837803320561942,27,3132,
emb_tf-exemplar-human,7,3,blood_A,blood_C,blood_B,donor_crc,0.9284345940600413,0.9438058748403576,0.6666666666666666,0.8446640316205534,0.07407407407407407,0.9886526704689075,0.007982120051085569,27,3132,
emb_tf-exemplar-human,7,3,blood_A,blood_C,blood_B,target_only_k,0.8651106527280737,0.8786717752234994,0.6296296296296297,0.791699604743083,0.1111111111111111,0.8838556286461006,0.10504469987228608,27,3132,
emb_tf-exemplar-human,7,3,blood_A,blood_C,blood_B,adaptive_crc,0.9219499778384097,0.9386973180076629,0.6481481481481481,0.8177865612648221,0.1111111111111111,0.9764040124558717,0.017241379310344827,27,3132,0.25
emb_tf-exemplar-human,7,3,blood_A,blood_C,blood_B,adaptive_plugin,0.9046280360171451,0.9208173690932312,0.6481481481481481,0.8090909090909091,0.1111111111111111,0.9442664304765095,0.04565772669220945,27,3132,
emb_tf-exemplar-human,7,6,blood_A,blood_C,blood_B,cell_pooled,0.9156542018887741,0.9353542731921111,0.6481481481481481,0.7952569169960474,0.125,0.9725142158709823,0.01935719503287071,24,2738,
emb_tf-exemplar-human,7,6,blood_A,blood_C,blood_B,donor_weighted,0.9156542018887741,0.9353542731921111,0.6481481481481481,0.7952569169960474,0.125,0.9725142158709823,0.01935719503287071,24,2738,
emb_tf-exemplar-human,7,6,blood_A,blood_C,blood_B,donor_crc,0.9254673072692811,0.9426588750913075,0.6666666666666666,0.8314229249011859,0.08333333333333333,0.9881725202088935,0.008035062089116142,24,2738,
emb_tf-exemplar-human,7,6,blood_A,blood_C,blood_B,target_only_k,0.8611495361667449,0.8761869978086194,0.6296296296296297,0.7822134387351779,0.125,0.8800123088482809,0.10774287801314829,24,2738,
emb_tf-exemplar-human,7,6,blood_A,blood_C,blood_B,adaptive_crc,0.9166840187818502,0.9364499634769905,0.6481481481481481,0.7952569169960474,0.125,0.9738620989218193,0.01789627465303141,24,2738,0.25
emb_tf-exemplar-human,7,6,blood_A,blood_C,blood_B,adaptive_plugin,0.8958448806253153,0.9130752373995618,0.6481481481481481,0.7887351778656126,0.125,0.9334775417957069,0.056610664718772824,24,2738,
emb_tf-exemplar-human,8,3,blood_B,blood_A,blood_C,cell_pooled,0.8667333489854495,0.8670388226338492,0.6413793103448275,0.7849315068493151,0.14814814814814814,1.7216858511547526,0.0,27,3941,
emb_tf-exemplar-human,8,3,blood_B,blood_A,blood_C,donor_weighted,0.8667333489854495,0.8670388226338492,0.6413793103448275,0.7849315068493151,0.14814814814814814,1.7216858511547526,0.0,27,3941,
emb_tf-exemplar-human,8,3,blood_B,blood_A,blood_C,donor_crc,0.9000268436706104,0.900279116975387,0.6827586206896552,0.8374522411704408,0.037037037037037035,2.0060999771250074,0.0,27,3941,
emb_tf-exemplar-human,8,3,blood_B,blood_A,blood_C,target_only_k,0.913767432768024,0.9139812230398376,0.7241379310344828,0.8602739726027397,0.037037037037037035,2.136088351986956,0.0,27,3941,
emb_tf-exemplar-human,8,3,blood_B,blood_A,blood_C,adaptive_crc,0.9267249710131868,0.9269221009895966,0.7517241379310344,0.8779544921416842,0.037037037037037035,2.2690246252664705,0.0,27,3941,2.0
emb_tf-exemplar-human,8,3,blood_B,blood_A,blood_C,adaptive_plugin,0.8936908410545876,0.893935549352956,0.6689655172413793,0.8279004752585966,0.037037037037037035,1.9441923966642374,0.0,27,3941,
emb_tf-exemplar-human,8,6,blood_B,blood_A,blood_C,cell_pooled,0.8745106653194026,0.8747860810039931,0.7346938775510204,0.7913698630136987,0.125,1.7078467774003012,0.0,24,3506,
emb_tf-exemplar-human,8,6,blood_B,blood_A,blood_C,donor_weighted,0.8745106653194026,0.8747860810039931,0.7346938775510204,0.7913698630136987,0.125,1.7078467774003012,0.0,24,3506,
emb_tf-exemplar-human,8,6,blood_B,blood_A,blood_C,donor_crc,0.9062066378792398,0.9064460924130062,0.821917808219178,0.8477679854392184,0.0,1.9884057351694278,0.0,24,3506,
emb_tf-exemplar-human,8,6,blood_B,blood_A,blood_C,target_only_k,0.9267960773061793,0.9269823160296634,0.8503401360544217,0.878171941426547,0.0,2.1979735388103077,0.0,24,3506,
emb_tf-exemplar-human,8,6,blood_B,blood_A,blood_C,adaptive_crc,0.9336265625700317,0.9338277239018825,0.8698630136986302,0.8915086206896552,0.0,2.2771383459108656,0.0,24,3506,2.0
emb_tf-exemplar-human,8,6,blood_B,blood_A,blood_C,adaptive_plugin,0.9182064918561593,0.9184255561893896,0.8299319727891157,0.8647992442135097,0.0,2.112545248191067,0.0,24,3506,
emb_tf-exemplar-human,9,3,blood_B,blood_C,blood_A,cell_pooled,0.8752440806199265,0.8756066411238825,0.6944444444444444,0.7510778876296118,0.2222222222222222,1.575364401976025,0.0,27,3915,
emb_tf-exemplar-human,9,3,blood_B,blood_C,blood_A,donor_weighted,0.8729482434123185,0.8733077905491698,0.6944444444444444,0.7510778876296118,0.2222222222222222,1.56870531009,0.0,27,3915,
emb_tf-exemplar-human,9,3,blood_B,blood_C,blood_A,donor_crc,0.9137192692979362,0.9139208173690933,0.8068965517241379,0.8233807571738606,0.0,1.7994757261231755,0.0,27,3915,
emb_tf-exemplar-human,9,3,blood_B,blood_C,blood_A,target_only_k,0.8035980763412732,0.8040868454661558,0.5277777777777778,0.6324379069206656,0.4074074074074074,1.31857757450603,0.0,27,3915,
emb_tf-exemplar-human,9,3,blood_B,blood_C,blood_A,adaptive_crc,0.8852400471139968,0.8855683269476373,0.7430555555555556,0.7677453580901857,0.2222222222222222,1.6286589614018414,0.0,27,3915,0.25
emb_tf-exemplar-human,9,3,blood_B,blood_C,blood_A,adaptive_plugin,0.830209680537937,0.8306513409961686,0.5763888888888888,0.6809838437424645,0.2962962962962963,1.4001971671010398,0.0,27,3915,
emb_tf-exemplar-human,9,6,blood_B,blood_C,blood_A,cell_pooled,0.8744960768860149,0.8748561565017261,0.6944444444444444,0.7479527369182541,0.20833333333333334,1.5951146193961059,0.0,24,3476,
emb_tf-exemplar-human,9,6,blood_B,blood_C,blood_A,donor_weighted,0.8722006163492951,0.872554660529344,0.6944444444444444,0.7479527369182541,0.20833333333333334,1.5881958854740208,0.0,24,3476,
emb_tf-exemplar-human,9,6,blood_B,blood_C,blood_A,donor_crc,0.9143519904349109,0.9145569620253164,0.8068965517241379,0.8276223776223777,0.0,1.828708115816279,0.0,24,3476,
emb_tf-exemplar-human,9,6,blood_B,blood_C,blood_A,target_only_k,0.8399332495718839,0.8403337169159953,0.6319444444444444,0.692064108790675,0.25,1.4676888290470675,0.0,24,3476,
emb_tf-exemplar-human,9,6,blood_B,blood_C,blood_A,adaptive_crc,0.8851630497434916,0.8855005753739931,0.7430555555555556,0.766631299734748,0.20833333333333334,1.6548127933581707,0.0,24,3476,0.25
emb_tf-exemplar-human,9,6,blood_B,blood_C,blood_A,adaptive_plugin,0.8601135517633929,0.8604718066743383,0.6805555555555556,0.7340553666828558,0.20833333333333334,1.544685050386039,0.0,24,3476,
emb_tf-exemplar-human,10,3,blood_C,blood_A,blood_B,cell_pooled,0.8986754791846823,0.9032830523513753,0.6891891891891891,0.8276589082559233,0.07407407407407407,0.987316733433797,0.012126589766341319,27,3381,
emb_tf-exemplar-human,10,3,blood_C,blood_A,blood_B,donor_weighted,0.8986754791846823,0.9032830523513753,0.6891891891891891,0.8276589082559233,0.07407407407407407,0.987316733433797,0.012126589766341319,27,3381,
emb_tf-exemplar-human,10,3,blood_C,blood_A,blood_B,donor_crc,0.9119483374937027,0.9165927240461402,0.7162162162162162,0.8420206659012629,0.07407407407407407,1.0158800661766907,0.0,27,3381,
emb_tf-exemplar-human,10,3,blood_C,blood_A,blood_B,target_only_k,0.8995480202678772,0.904170363797693,0.6891891891891891,0.8276589082559233,0.07407407407407407,0.988451948538531,0.010943507837917775,27,3381,
emb_tf-exemplar-human,10,3,blood_C,blood_A,blood_B,adaptive_crc,0.902278010773813,0.9071280686187518,0.6891891891891891,0.8343596701805657,0.07407407407407407,0.9945852661777101,0.005028098195800059,27,3381,0.25
emb_tf-exemplar-human,10,3,blood_C,blood_A,blood_B,adaptive_plugin,0.8995480202678772,0.904170363797693,0.6891891891891891,0.8276589082559233,0.07407407407407407,0.988451948538531,0.010943507837917775,27,3381,
emb_tf-exemplar-human,10,6,blood_C,blood_A,blood_B,cell_pooled,0.8964581272389979,0.9015353805073432,0.6891891891891891,0.8242772153219915,0.08333333333333333,0.9870403858340842,0.012349799732977304,24,2996,
emb_tf-exemplar-human,10,6,blood_C,blood_A,blood_B,donor_weighted,0.8964581272389979,0.9015353805073432,0.6891891891891891,0.8242772153219915,0.08333333333333333,0.9870403858340842,0.012349799732977304,24,2996,
emb_tf-exemplar-human,10,6,blood_C,blood_A,blood_B,donor_crc,0.9100810321155833,0.9152202937249666,0.7162162162162162,0.8389207807118255,0.08333333333333333,1.016249641178695,0.0,24,2996,
emb_tf-exemplar-human,10,6,blood_C,blood_A,blood_B,target_only_k,0.892251451956721,0.897196261682243,0.6756756756756757,0.8242772153219915,0.08333333333333333,0.9765884516934614,0.02303070761014686,24,2996,
emb_tf-exemplar-human,10,6,blood_C,blood_A,blood_B,adaptive_crc,0.8998443086101032,0.9052069425901201,0.6891891891891891,0.8332637511741989,0.08333333333333333,0.9942510583124733,0.0053404539385847796,24,2996,0.25
emb_tf-exemplar-human,10,6,blood_C,blood_A,blood_B,adaptive_plugin,0.8940428324862969,0.8988651535380507,0.6891891891891891,0.8242772153219915,0.08333333333333333,0.9802266262050603,0.019359145527369826,24,2996,
emb_tf-exemplar-human,11,3,blood_C,blood_B,blood_A,cell_pooled,0.9250025735276998,0.9252120277563608,0.8591549295774648,0.8796551724137931,0.0,0.988900272256499,0.011051143664867643,27,3891,
emb_tf-exemplar-human,11,3,blood_C,blood_B,blood_A,donor_weighted,0.9731819209518631,0.973271652531483,0.9246575342465754,0.9502450980392156,0.0,1.3073840862115103,0.0,27,3891,
emb_tf-exemplar-human,11,3,blood_C,blood_B,blood_A,donor_crc,0.9925192186932591,0.9925469031097405,0.9383561643835616,0.9791355026711996,0.0,2.1434454938012517,0.0,27,3891,
emb_tf-exemplar-human,11,3,blood_C,blood_B,blood_A,target_only_k,0.894854275281506,0.8951426368542791,0.8098591549295775,0.8440285548909898,0.0,0.9433239790557215,0.05654073502955539,27,3891,
emb_tf-exemplar-human,11,3,blood_C,blood_B,blood_A,adaptive_crc,0.975767767273045,0.9758416859419172,0.9315068493150684,0.9515900383141762,0.0,1.445362632947761,0.0,27,3891,0.25
emb_tf-exemplar-human,11,3,blood_C,blood_B,blood_A,adaptive_plugin,0.9082516461585711,0.9085068105885377,0.852112676056338,0.8548751007252215,0.0,0.961879754613412,0.03803649447442817,27,3891,
emb_tf-exemplar-human,11,6,blood_C,blood_B,blood_A,cell_pooled,0.9205007318310799,0.9206946454413892,0.8591549295774648,0.8773275862068965,0.0,0.9886665804080407,0.011287988422575976,24,3455,
emb_tf-exemplar-human,11,6,blood_C,blood_B,blood_A,donor_weighted,0.9706742556654406,0.970767004341534,0.9246575342465754,0.9493872549019607,0.0,1.3070754087591063,0.0,24,3455,
emb_tf-exemplar-human,11,6,blood_C,blood_B,blood_A,donor_crc,0.9915841210299167,0.9916063675832127,0.9383561643835616,0.9790043710539097,0.0,2.1397424133422835,0.0,24,3455,
emb_tf-exemplar-human,11,6,blood_C,blood_B,blood_A,target_only_k,0.8793614402459625,0.8795947901591896,0.795774647887324,0.8294016921837228,0.041666666666666664,0.9289968064888668,0.07091172214182344,24,3455,
emb_tf-exemplar-human,11,6,blood_C,blood_B,blood_A,adaptive_crc,0.9729855849363753,0.973082489146165,0.9315068493150684,0.9493872549019607,0.0,1.4050198450092604,0.0,24,3455,0.25
emb_tf-exemplar-human,11,6,blood_C,blood_B,blood_A,adaptive_plugin,0.8866003602369436,0.8868306801736614,0.8028169014084507,0.8391784989858012,0.0,0.9382761585229865,0.06164978292329957,24,3455,
emb_tf-exemplar-human,12,3,blood_A,blood_B,blood_C,cell_pooled,0.7351762490704782,0.7352419559158855,0.19310344827586207,0.560268303125446,0.6296296296296297,0.7437966021665133,0.2561439067646314,27,3947,
emb_tf-exemplar-human,12,3,blood_A,blood_B,blood_C,donor_weighted,0.7417180740208414,0.7418292373954902,0.19310344827586207,0.5694305694305695,0.6296296296296297,0.7503384271168764,0.2495566252850266,27,3947,
emb_tf-exemplar-human,12,3,blood_A,blood_B,blood_C,donor_crc,0.9208443120765923,0.9209526222447428,0.8482758620689655,0.8713286713286713,0.0,0.9652441590042803,0.03470990625791741,27,3947,
emb_tf-exemplar-human,12,3,blood_A,blood_B,blood_C,target_only_k,0.9198327425392187,0.9199391943248036,0.8482758620689655,0.8713286713286713,0.0,0.9632160785161706,0.03673676209779579,27,3947,
emb_tf-exemplar-human,12,3,blood_A,blood_B,blood_C,adaptive_crc,0.9208443120765923,0.9209526222447428,0.8482758620689655,0.8713286713286713,0.0,0.9652441590042803,0.03470990625791741,27,3947,0.0
emb_tf-exemplar-human,12,3,blood_A,blood_B,blood_C,adaptive_plugin,0.9071465648164884,0.9072713453255637,0.8175675675675675,0.8607226107226107,0.0,0.9416556209067602,0.058272105396503675,27,3947,
emb_tf-exemplar-human,12,6,blood_A,blood_B,blood_C,cell_pooled,0.7436706189998432,0.7435166714163579,0.19310344827586207,0.5877976190476191,0.625,0.7528034860468633,0.24736392134511256,24,3509,
emb_tf-exemplar-human,12,6,blood_A,blood_B,blood_C,donor_weighted,0.7501912458945051,0.750071245369051,0.19310344827586207,0.6041666666666666,0.625,0.7593241129415252,0.2408093473924195,24,3509,
emb_tf-exemplar-human,12,6,blood_A,blood_B,blood_C,donor_crc,0.9206494712080079,0.920775149615275,0.8482758620689655,0.8692307692307693,0.0,0.9654438690220563,0.034482758620689655,24,3509,
emb_tf-exemplar-human,12,6,blood_A,blood_B,blood_C,target_only_k,0.9149700591431486,0.9150755200911941,0.831081081081081,0.8671328671328671,0.0,0.9554846936211119,0.04445711028783129,24,3509,
emb_tf-exemplar-human,12,6,blood_A,blood_B,blood_C,adaptive_crc,0.9181000757188684,0.9182103163294386,0.8445945945945946,0.8692307692307693,0.0,0.9606304142291616,0.03932744371615845,24,3509,1.0
emb_tf-exemplar-human,12,6,blood_A,blood_B,blood_C,adaptive_plugin,0.9072554802653036,0.9073810202336848,0.8137931034482758,0.8604312354312355,0.0,0.9420585448289861,0.05785123966942149,24,3509,
emb_tf-exemplar-human,13,3,blood_A,blood_C,blood_B,cell_pooled,0.9191785938431387,0.9253112033195021,0.7432432432432432,0.8421333333333333,0.07407407407407407,0.9803838238475281,0.01956135151155898,27,3374,
emb_tf-exemplar-human,13,3,blood_A,blood_C,blood_B,donor_weighted,0.9191785938431387,0.9253112033195021,0.7432432432432432,0.8421333333333333,0.07407407407407407,0.9803838238475281,0.01956135151155898,27,3374,
emb_tf-exemplar-human,13,3,blood_A,blood_C,blood_B,donor_crc,0.9281115613640926,0.9344991108476586,0.7567567567567568,0.8469333333333333,0.07407407407407407,1.0011372527741693,0.0002963841138114997,27,3374,
emb_tf-exemplar-human,13,3,blood_A,blood_C,blood_B,target_only_k,0.9180114882199369,0.9241256668642561,0.7432432432432432,0.8421333333333333,0.07407407407407407,0.9759840596769536,0.023414344991108477,27,3374,
emb_tf-exemplar-human,13,3,blood_A,blood_C,blood_B,adaptive_crc,0.9216224098728861,0.9276822762299941,0.7567567567567568,0.8469333333333333,0.07407407407407407,0.984465862489924,0.015411973918197985,27,3374,0.25
emb_tf-exemplar-human,13,3,blood_A,blood_C,blood_B,adaptive_plugin,0.9185681069798654,0.9247184350918791,0.7432432432432432,0.8421333333333333,0.07407407407407407,0.9783747355856532,0.02104327208061648,27,3374,
emb_tf-exemplar-human,13,6,blood_A,blood_C,blood_B,cell_pooled,0.913948967322502,0.9202971968929415,0.7432432432432432,0.8377333333333333,0.08333333333333333,0.9794398738862605,0.020601148260722728,24,2961,
emb_tf-exemplar-human,13,6,blood_A,blood_C,blood_B,donor_weighted,0.913948967322502,0.9202971968929415,0.7432432432432432,0.8377333333333333,0.08333333333333333,0.9794398738862605,0.020601148260722728,24,2961,
emb_tf-exemplar-human,13,6,blood_A,blood_C,blood_B,donor_crc,0.9227902439176301,0.9294157379263762,0.7567567567567568,0.8401333333333334,0.08333333333333333,1.0009839010967088,0.00033772374197906115,24,2961,
emb_tf-exemplar-human,13,6,blood_A,blood_C,blood_B,target_only_k,0.8744887975356844,0.8804457953394124,0.6993006993006993,0.7541333333333333,0.16666666666666666,0.9106128314796545,0.08544410672070246,24,2961,
emb_tf-exemplar-human,13,6,blood_A,blood_C,blood_B,adaptive_crc,0.9149136137871485,0.9213103681188788,0.7432432432432432,0.8401333333333334,0.08333333333333333,0.9816433705405965,0.0182370820668693,24,2961,0.25
emb_tf-exemplar-human,13,6,blood_A,blood_C,blood_B,adaptive_plugin,0.9000892862535786,0.9061127997298211,0.7432432432432432,0.8268,0.08333333333333333,0.9478978616531336,0.04896994258696386,24,2961,
emb_tf-exemplar-human,14,3,blood_B,blood_A,blood_C,cell_pooled,0.8371582784971893,0.8372803666921314,0.2689655172413793,0.7126771066368381,0.18518518518518517,1.1127276935206194,0.002546473134708429,27,3927,
emb_tf-exemplar-human,14,3,blood_B,blood_A,blood_C,donor_weighted,0.8371582784971893,0.8372803666921314,0.2689655172413793,0.7126771066368381,0.18518518518518517,1.1127276935206194,0.002546473134708429,27,3927,
emb_tf-exemplar-human,14,3,blood_B,blood_A,blood_C,donor_crc,0.8674239846525867,0.8675833969951617,0.296551724137931,0.7844705443698733,0.1111111111111111,1.2937532846332669,0.0,27,3927,
emb_tf-exemplar-human,14,3,blood_B,blood_A,blood_C,target_only_k,0.9085294512894885,0.9085816144639675,0.47586206896551725,0.8611297539149888,0.07407407407407407,1.5324695287516092,0.0,27,3927,
emb_tf-exemplar-human,14,3,blood_B,blood_A,blood_C,adaptive_crc,0.9118451228410585,0.9118920295390883,0.503448275862069,0.8671420581655481,0.07407407407407407,1.5692343724087991,0.0,27,3927,2.0
emb_tf-exemplar-human,14,3,blood_B,blood_A,blood_C,adaptive_plugin,0.8807433931272344,0.8808250572956455,0.35172413793103446,0.8107196122296794,0.1111111111111111,1.3666622937007697,0.0,27,3927,
emb_tf-exemplar-human,14,6,blood_B,blood_A,blood_C,cell_pooled,0.8335056495162344,0.8336673346693386,0.2689655172413793,0.7035607755406413,0.20833333333333334,1.1141470396295985,0.002576581734898368,24,3493,
emb_tf-exemplar-human,14,6,blood_B,blood_A,blood_C,donor_weighted,0.8335056495162344,0.8336673346693386,0.2689655172413793,0.7035607755406413,0.20833333333333334,1.1141470396295985,0.002576581734898368,24,3493,
emb_tf-exemplar-human,14,6,blood_B,blood_A,blood_C,donor_crc,0.8626575382897158,0.8628685943315202,0.296551724137931,0.7637630499627145,0.125,1.2846690448292832,0.0,24,3493,
emb_tf-exemplar-human,14,6,blood_B,blood_A,blood_C,target_only_k,0.8779041444541843,0.8780417978814773,0.35172413793103446,0.8066787844891872,0.125,1.3645432085988307,0.0,24,3493,
emb_tf-exemplar-human,14,6,blood_B,blood_A,blood_C,adaptive_crc,0.9019998305672546,0.902089894073862,0.46206896551724136,0.8527870991797166,0.08333333333333333,1.4916213598664279,0.0,24,3493,2.0
emb_tf-exemplar-human,14,6,blood_B,blood_A,blood_C,adaptive_plugin,0.8730163671732253,0.8731749212711136,0.3310344827586207,0.8046653616703953,0.125,1.3308997247343128,0.0,24,3493,
emb_tf-exemplar-human,15,3,blood_B,blood_C,blood_A,cell_pooled,0.8967066730564037,0.8967196309584828,0.7291666666666666,0.7909040599688082,0.14814814814814814,3.5984148109336282,0.0,27,3902,
emb_tf-exemplar-human,15,3,blood_B,blood_C,blood_A,donor_weighted,0.8967066730564037,0.8967196309584828,0.7291666666666666,0.7909040599688082,0.14814814814814814,3.5971222958373454,0.0,27,3902,
emb_tf-exemplar-human,15,3,blood_B,blood_C,blood_A,donor_crc,0.9339087225947111,0.9338800615069195,0.8206896551724138,0.8426858513189449,0.0,3.8735498662550096,0.0,27,3902,
emb_tf-exemplar-human,15,3,blood_B,blood_C,blood_A,target_only_k,0.8732994959667062,0.8733982573039467,0.6736111111111112,0.7446250301422715,0.18518518518518517,3.4365459834953587,0.0,27,3902,
emb_tf-exemplar-human,15,3,blood_B,blood_C,blood_A,adaptive_crc,0.9061609320530258,0.9062019477191184,0.75,0.8061377471449414,0.1111111111111111,3.6655778120476734,0.0,27,3902,0.25
emb_tf-exemplar-human,15,3,blood_B,blood_C,blood_A,adaptive_plugin,0.8799782424151376,0.8800615069195284,0.6944444444444444,0.7640897034000482,0.18518518518518517,3.490671798921007,0.0,27,3902,
emb_tf-exemplar-human,15,6,blood_B,blood_C,blood_A,cell_pooled,0.8877632611567083,0.8878639377342173,0.7291666666666666,0.7905569250892992,0.16666666666666666,3.6482101369084003,0.0,24,3469,
emb_tf-exemplar-human,15,6,blood_B,blood_C,blood_A,donor_weighted,0.8877632611567083,0.8878639377342173,0.7291666666666666,0.7905569250892992,0.16666666666666666,3.6470395041371,0.0,24,3469,
emb_tf-exemplar-human,15,6,blood_B,blood_C,blood_A,donor_crc,0.9290486734632676,0.9290861919861632,0.8206896551724138,0.8380095923261391,0.0,3.9280363449324063,0.0,24,3469,
emb_tf-exemplar-human,15,6,blood_B,blood_C,blood_A,target_only_k,0.8365113832537042,0.836840588065725,0.6111111111111112,0.7017077175697866,0.3333333333333333,3.2674894230045197,0.0,24,3469,
emb_tf-exemplar-human,15,6,blood_B,blood_C,blood_A,adaptive_crc,0.8955251410795121,0.8956471605650044,0.7361111111111112,0.797610303365699,0.16666666666666666,3.699902716950946,0.0,24,3469,0.25
emb_tf-exemplar-human,15,6,blood_B,blood_C,blood_A,adaptive_plugin,0.8501252669914671,0.8503891611415394,0.625,0.7159934318555008,0.2916666666666667,3.379091626528646,0.0,24,3469,
emb_tf-exemplar-human,16,3,blood_C,blood_A,blood_B,cell_pooled,0.8998437728084796,0.9034965034965035,0.75,0.8141614906832298,0.07407407407407407,0.9816320383986209,0.01902097902097902,27,3575,
emb_tf-exemplar-human,16,3,blood_C,blood_A,blood_B,donor_weighted,0.8998437728084796,0.9034965034965035,0.75,0.8141614906832298,0.07407407407407407,0.9816320383986209,0.01902097902097902,27,3575,
emb_tf-exemplar-human,16,3,blood_C,blood_A,blood_B,donor_crc,0.9135918814873084,0.9177622377622378,0.75,0.8372670807453416,0.037037037037037035,1.0099530886707735,0.0,27,3575,
emb_tf-exemplar-human,16,3,blood_C,blood_A,blood_B,target_only_k,0.8784230603352742,0.8830769230769231,0.6875,0.8040993788819876,0.1111111111111111,0.9491825235295622,0.05090909090909091,27,3575,
emb_tf-exemplar-human,16,3,blood_C,blood_A,blood_B,adaptive_crc,0.9025329950791773,0.9062937062937063,0.75,0.8141614906832298,0.07407407407407407,0.9873379226408885,0.013146853146853148,27,3575,0.25
emb_tf-exemplar-human,16,3,blood_C,blood_A,blood_B,adaptive_plugin,0.8943161009352378,0.8987412587412588,0.71875,0.8084472049689441,0.1111111111111111,0.9723534956009348,0.027692307692307693,27,3575,
emb_tf-exemplar-human,16,6,blood_C,blood_A,blood_B,cell_pooled,0.8951969924326914,0.8989834815756036,0.75,0.8106521739130435,0.08333333333333333,0.9801981121639658,0.020648030495552732,24,3148,
emb_tf-exemplar-human,16,6,blood_C,blood_A,blood_B,donor_weighted,0.8951969924326914,0.8989834815756036,0.75,0.8106521739130435,0.08333333333333333,0.9801981121639658,0.020648030495552732,24,3148,
emb_tf-exemplar-human,16,6,blood_C,blood_A,blood_B,donor_crc,0.9103762583745341,0.9148665819567979,0.75,0.8293478260869565,0.041666666666666664,1.010909868432781,0.0,24,3148,
emb_tf-exemplar-human,16,6,blood_C,blood_A,blood_B,target_only_k,0.8704639314822161,0.875158831003812,0.6875,0.7884782608695653,0.125,0.9411120240276678,0.05844980940279543,24,3148,
emb_tf-exemplar-human,16,6,blood_C,blood_A,blood_B,adaptive_crc,0.8982223674872261,0.9021601016518425,0.75,0.8106521739130435,0.08333333333333333,0.986014219049021,0.014612452350698857,24,3148,0.25
emb_tf-exemplar-human,16,6,blood_C,blood_A,blood_B,adaptive_plugin,0.8764733186866116,0.8815120711562897,0.6875,0.7984782608695652,0.125,0.9514961091149248,0.04860228716645489,24,3148,
emb_tf-exemplar-human,17,3,blood_C,blood_B,blood_A,cell_pooled,0.7539855586154933,0.7542827921247762,0.375,0.6336303535498706,0.7037037037037037,0.7864410516607071,0.21324469445154692,27,3911,
emb_tf-exemplar-human,17,3,blood_C,blood_B,blood_A,donor_weighted,0.7532261540862476,0.7535157248785477,0.3680555555555556,0.6336303535498706,0.7037037037037037,0.7856816471314614,0.2140117616977755,27,3911,
emb_tf-exemplar-human,17,3,blood_C,blood_B,blood_A,donor_crc,0.8607882003367308,0.8609051393505497,0.6388888888888888,0.776978417266187,0.14814814814814814,0.9424175848268361,0.05753004346714395,27,3911,
emb_tf-exemplar-human,17,3,blood_C,blood_B,blood_A,target_only_k,0.8428211512890665,0.843006903605216,0.5625,0.7564625850340136,0.18518518518518517,0.9072696828185068,0.09255944771158271,27,3911,
emb_tf-exemplar-human,17,3,blood_C,blood_B,blood_A,adaptive_crc,0.8590082000774506,0.8591153157760164,0.6319444444444444,0.776978417266187,0.14814814814814814,0.9396140021879255,0.0603426233699821,27,3911,1.0
emb_tf-exemplar-human,17,3,blood_C,blood_B,blood_A,adaptive_plugin,0.8315457588467674,0.8317565839938634,0.5277777777777778,0.7482993197278911,0.2222222222222222,0.8896240248176186,0.1102019943748402,27,3911,
emb_tf-exemplar-human,17,6,blood_C,blood_B,blood_A,cell_pooled,0.7540833035114997,0.7545323741007194,0.375,0.6528218260612627,0.7083333333333334,0.7877220070685652,0.21179856115107915,24,3475,
emb_tf-exemplar-human,17,6,blood_C,blood_B,blood_A,donor_weighted,0.7532289734160981,0.7536690647482014,0.3680555555555556,0.6528218260612627,0.7083333333333334,0.7868676769731637,0.2126618705035971,24,3475,
emb_tf-exemplar-human,17,6,blood_C,blood_B,blood_A,donor_crc,0.8590978182450875,0.8592805755395684,0.6388888888888888,0.7661870503597122,0.16666666666666666,0.9414947881430037,0.05841726618705036,24,3475,
emb_tf-exemplar-human,17,6,blood_C,blood_B,blood_A,target_only_k,0.8778521787964829,0.8779856115107914,0.7291666666666666,0.7884892086330936,0.16666666666666666,0.9803569973627387,0.019568345323741007,24,3475,
emb_tf-exemplar-human,17,6,blood_C,blood_B,blood_A,adaptive_crc,0.9118252038487663,0.9119424460431654,0.7891156462585034,0.8280575539568346,0.041666666666666664,1.052726936464433,0.0,24,3475,2.0
emb_tf-exemplar-human,17,6,blood_C,blood_B,blood_A,adaptive_plugin,0.8582453776230518,0.8584172661870504,0.6319444444444444,0.7661870503597122,0.16666666666666666,0.9400675255175747,0.05985611510791367,24,3475,
emb_tf-exemplar-human,18,3,blood_A,blood_B,blood_C,cell_pooled,0.7349657058919645,0.7347715736040609,0.4861111111111111,0.5826047524034101,0.6296296296296297,0.7451530248326711,0.2550761421319797,27,3940,
emb_tf-exemplar-human,18,3,blood_A,blood_B,blood_C,donor_weighted,0.7806312220094638,0.7804568527918782,0.5310344827586206,0.6444061302681993,0.5185185185185185,0.7925892978542023,0.20761421319796955,27,3940,
emb_tf-exemplar-human,18,3,blood_A,blood_B,blood_C,donor_crc,0.916737901633131,0.916751269035533,0.8206896551724138,0.8669729729729729,0.0,0.9512870596402875,0.048730964467005075,27,3940,
emb_tf-exemplar-human,18,3,blood_A,blood_B,blood_C,target_only_k,0.9291762336624191,0.9291878172588832,0.8275862068965517,0.8871351351351351,0.0,0.9698219507325044,0.03020304568527919,27,3940,
emb_tf-exemplar-human,18,3,blood_A,blood_B,blood_C,adaptive_crc,0.9661880866308422,0.966243654822335,0.903448275862069,0.9515145668531738,0.0,1.063133936805196,0.0,27,3940,2.0
emb_tf-exemplar-human,18,3,blood_A,blood_B,blood_C,adaptive_plugin,0.9139502712501448,0.9139593908629442,0.8206896551724138,0.8592432432432432,0.0,0.9474948849522645,0.05253807106598985,27,3940,
emb_tf-exemplar-human,18,6,blood_A,blood_B,blood_C,cell_pooled,0.7354862184032593,0.7353276353276353,0.4896551724137931,0.6272575792640592,0.6666666666666666,0.745781451046053,0.25441595441595444,24,3510,
emb_tf-exemplar-human,18,6,blood_A,blood_B,blood_C,donor_weighted,0.78077341794894,0.7806267806267806,0.5310344827586206,0.6771034482758621,0.5416666666666666,0.7930607521087695,0.20712250712250713,24,3510,
emb_tf-exemplar-human,18,6,blood_A,blood_B,blood_C,donor_crc,0.9179386118832445,0.9179487179487179,0.8206896551724138,0.8734004412575841,0.0,0.9527413246387061,0.0472934472934473,24,3510,
emb_tf-exemplar-human,18,6,blood_A,blood_B,blood_C,target_only_k,0.9182201434147762,0.9182336182336183,0.8206896551724138,0.8734004412575841,0.0,0.9533102124920766,0.046723646723646726,24,3510,
emb_tf-exemplar-human,18,6,blood_A,blood_B,blood_C,adaptive_crc,0.9546399422664518,0.9547008547008548,0.8689655172413793,0.931176192725555,0.0,1.0216425776051994,0.0002849002849002849,24,3510,2.0
emb_tf-exemplar-human,18,6,blood_A,blood_B,blood_C,adaptive_plugin,0.9150938750842501,0.9150997150997151,0.8137931034482758,0.8626896551724138,0.0,0.9487664754965448,0.05128205128205128,24,3510,
emb_tf-exemplar-human,19,3,blood_A,blood_C,blood_B,cell_pooled,0.9272630150502907,0.9391911550771022,0.6111111111111112,0.8527472527472527,0.07407407407407407,0.9943099331314927,0.005528076811172534,27,3437,
emb_tf-exemplar-human,19,3,blood_A,blood_C,blood_B,donor_weighted,0.9272630150502907,0.9391911550771022,0.6111111111111112,0.8527472527472527,0.07407407407407407,0.9943099331314927,0.005528076811172534,27,3437,
emb_tf-exemplar-human,19,3,blood_A,blood_C,blood_B,donor_crc,0.9318076545580929,0.944137329066046,0.6111111111111112,0.8527472527472527,0.07407407407407407,1.003394420966279,0.0002909514111143439,27,3437,
emb_tf-exemplar-human,19,3,blood_A,blood_C,blood_B,target_only_k,0.9456881346756412,0.9578120453884201,0.6111111111111112,0.8894438894438894,0.07407407407407407,1.0499037737980776,0.0,27,3437,
emb_tf-exemplar-human,19,3,blood_A,blood_C,blood_B,adaptive_crc,0.9684974444988063,0.9793424498108816,0.6851851851851852,0.9272061272061272,0.037037037037037035,1.2274457994382695,0.0,27,3437,4.0
emb_tf-exemplar-human,19,3,blood_A,blood_C,blood_B,adaptive_plugin,0.9329484890322606,0.9447192318882747,0.6111111111111112,0.8698301698301698,0.07407407407407407,1.0062161247025447,0.0,27,3437,
emb_tf-exemplar-human,19,6,blood_A,blood_C,blood_B,cell_pooled,0.9226782588249106,0.9358763564616902,0.6111111111111112,0.8494505494505494,0.08333333333333333,0.9942051283207928,0.005590266359750082,24,3041,
emb_tf-exemplar-human,19,6,blood_A,blood_C,blood_B,donor_weighted,0.9226782588249106,0.9358763564616902,0.6111111111111112,0.8494505494505494,0.08333333333333333,0.9942051283207928,0.005590266359750082,24,3041,
emb_tf-exemplar-human,19,6,blood_A,blood_C,blood_B,donor_crc,0.9271845247233245,0.9408089444261756,0.6111111111111112,0.8494505494505494,0.08333333333333333,1.0032122700392005,0.0003288391976323578,24,3041,
emb_tf-exemplar-human,19,6,blood_A,blood_C,blood_B,target_only_k,0.8949559144387201,0.9105557382439987,0.6111111111111112,0.7745920745920746,0.125,0.9473876224204011,0.048010522854324236,24,3041,
emb_tf-exemplar-human,19,6,blood_A,blood_C,blood_B,adaptive_crc,0.9232611234209814,0.936534034856955,0.6111111111111112,0.8494505494505494,0.08333333333333333,0.9962388833733392,0.003288391976323578,24,3041,0.25
emb_tf-exemplar-human,19,6,blood_A,blood_C,blood_B,adaptive_plugin,0.9069564447439662,0.9220651101611312,0.6111111111111112,0.7808857808857809,0.125,0.9692626553142617,0.028937849391647483,24,3041,
emb_tf-exemplar-human,20,3,blood_B,blood_A,blood_C,cell_pooled,0.8596965571168389,0.8596003035669112,0.673469387755102,0.7704905293831957,0.14814814814814814,3.3313328886972178,0.0,27,3953,
emb_tf-exemplar-human,20,3,blood_B,blood_A,blood_C,donor_weighted,0.8596965571168389,0.8596003035669112,0.673469387755102,0.7704905293831957,0.14814814814814814,3.3313328886972178,0.0,27,3953,
emb_tf-exemplar-human,20,3,blood_B,blood_A,blood_C,donor_crc,0.8971861119407989,0.8970402226157349,0.7006802721088435,0.8408275862068966,0.07407407407407407,3.575208620867668,0.0,27,3953,
emb_tf-exemplar-human,20,3,blood_B,blood_A,blood_C,target_only_k,0.9246580976424127,0.9246142170503415,0.7619047619047619,0.8824788732394366,0.037037037037037035,3.742491377650163,0.0,27,3953,
emb_tf-exemplar-human,20,3,blood_B,blood_A,blood_C,adaptive_crc,0.9320027459930927,0.9319504174045029,0.782312925170068,0.8949295774647887,0.037037037037037035,3.794553994879484,0.0,27,3953,2.0
emb_tf-exemplar-human,20,3,blood_B,blood_A,blood_C,adaptive_plugin,0.9082628045814005,0.9081710093599797,0.7210884353741497,0.8568450704225352,0.07407407407407407,3.6419186928174643,0.0,27,3953,
emb_tf-exemplar-human,20,6,blood_B,blood_A,blood_C,cell_pooled,0.8589423491223579,0.85885031303358,0.673469387755102,0.7690480815930063,0.16666666666666666,3.351019182917067,0.0,24,3514,
emb_tf-exemplar-human,20,6,blood_B,blood_A,blood_C,donor_weighted,0.8589423491223579,0.85885031303358,0.673469387755102,0.7690480815930063,0.16666666666666666,3.351019182917067,0.0,24,3514,
emb_tf-exemplar-human,20,6,blood_B,blood_A,blood_C,donor_crc,0.8954385419348251,0.8952760387023335,0.7006802721088435,0.8404137931034482,0.08333333333333333,3.5881802299233705,0.0,24,3514,
emb_tf-exemplar-human,20,6,blood_B,blood_A,blood_C,target_only_k,0.9065109322666132,0.9063745019920318,0.7210884353741497,0.8544788732394366,0.08333333333333333,3.651391108104281,0.0,24,3514,
emb_tf-exemplar-human,20,6,blood_B,blood_A,blood_C,adaptive_crc,0.920980343787412,0.9208878770631759,0.7619047619047619,0.8743380281690141,0.08333333333333333,3.7474909870086806,0.0,24,3514,2.0
emb_tf-exemplar-human,20,6,blood_B,blood_A,blood_C,adaptive_plugin,0.8968540424058457,0.8966989186112692,0.7006802721088435,0.8471494252873564,0.08333333333333333,3.5958833423710588,0.0,24,3514,
emb_tf-exemplar-human,21,3,blood_B,blood_C,blood_A,cell_pooled,0.896621769993235,0.896507447354905,0.6458333333333334,0.7960662525879917,0.1111111111111111,2.4707071564712892,0.0,27,3894,
emb_tf-exemplar-human,21,3,blood_B,blood_C,blood_A,donor_weighted,0.8963590959716957,0.8962506420133539,0.6458333333333334,0.7960662525879917,0.1111111111111111,2.4686566692065486,0.0,27,3894,
emb_tf-exemplar-human,21,3,blood_B,blood_C,blood_A,donor_crc,0.930592593923552,0.9304057524396507,0.7152777777777778,0.8443388314229802,0.07407407407407407,2.734225640098911,0.0,27,3894,
emb_tf-exemplar-human,21,3,blood_B,blood_C,blood_A,target_only_k,0.8083259116362084,0.8081664098613252,0.4027777777777778,0.6927536231884058,0.37037037037037035,1.8132812184150806,0.0,27,3894,
emb_tf-exemplar-human,21,3,blood_B,blood_C,blood_A,adaptive_crc,0.9020361072265788,0.9019003595274782,0.6597222222222222,0.8047619047619048,0.1111111111111111,2.50849949386853,0.0,27,3894,0.25
emb_tf-exemplar-human,21,3,blood_B,blood_C,blood_A,adaptive_plugin,0.8495836204511077,0.8495120698510529,0.4861111111111111,0.746583850931677,0.25925925925925924,2.1288273324749833,0.0,27,3894,
emb_tf-exemplar-human,21,6,blood_B,blood_C,blood_A,cell_pooled,0.8930070035419228,0.8928055475296157,0.6458333333333334,0.7789855072463768,0.125,2.5136959248082342,0.0,24,3461,
emb_tf-exemplar-human,21,6,blood_B,blood_C,blood_A,donor_weighted,0.8930070035419228,0.8928055475296157,0.6458333333333334,0.7789855072463768,0.125,2.5116846349096322,0.0,24,3461,
emb_tf-exemplar-human,21,6,blood_B,blood_C,blood_A,donor_crc,0.927458613034398,0.9271886737937013,0.7152777777777778,0.8303326810176126,0.08333333333333333,2.779469611409489,0.0,24,3461,
emb_tf-exemplar-human,21,6,blood_B,blood_C,blood_A,target_only_k,0.8378683131677547,0.8376191852065877,0.4791666666666667,0.7187370600414079,0.25,2.1015053290568733,0.0,24,3461,
emb_tf-exemplar-human,21,6,blood_B,blood_C,blood_A,adaptive_crc,0.898500692288053,0.8982952903785033,0.6597222222222222,0.7811594202898551,0.125,2.5464114919660417,0.0,24,3461,0.25
emb_tf-exemplar-human,21,6,blood_B,blood_C,blood_A,adaptive_plugin,0.8522957092135465,0.8520658769141867,0.5069444444444444,0.7373706004140788,0.20833333333333334,2.217922469526542,0.0,24,3461,
emb_tf-exemplar-human,22,3,blood_C,blood_A,blood_B,cell_pooled,0.886053542595341,0.8977272727272727,0.6818181818181818,0.7972992181947406,0.1111111111111111,0.9890718034550778,0.009868421052631578,27,3344,
emb_tf-exemplar-human,22,3,blood_C,blood_A,blood_B,donor_weighted,0.886053542595341,0.8977272727272727,0.6818181818181818,0.7972992181947406,0.1111111111111111,0.9890718034550778,0.009868421052631578,27,3344,
emb_tf-exemplar-human,22,3,blood_C,blood_A,blood_B,donor_crc,0.9019976494590365,0.9114832535885168,0.7045454545454546,0.8208103347034645,0.037037037037037035,1.0226484685398458,0.0,27,3344,
emb_tf-exemplar-human,22,3,blood_C,blood_A,blood_B,target_only_k,0.890232494465012,0.9019138755980861,0.6818181818181818,0.7972992181947406,0.1111111111111111,1.0010533965757846,0.0,27,3344,
emb_tf-exemplar-human,22,3,blood_C,blood_A,blood_B,adaptive_crc,0.8908022950348127,0.9022129186602871,0.6818181818181818,0.8002296211251435,0.1111111111111111,1.0021843643734192,0.0,27,3344,0.5
emb_tf-exemplar-human,22,3,blood_C,blood_A,blood_B,adaptive_plugin,0.8883239859230043,0.8998205741626795,0.6818181818181818,0.7972992181947406,0.1111111111111111,0.9963958087471217,0.0035885167464114833,27,3344,
emb_tf-exemplar-human,22,6,blood_C,blood_A,blood_B,cell_pooled,0.8816797207838484,0.8944689514760774,0.6818181818181818,0.7796019900497513,0.125,0.9892681653414354,0.009501187648456057,24,2947,
emb_tf-exemplar-human,22,6,blood_C,blood_A,blood_B,donor_weighted,0.8816797207838484,0.8944689514760774,0.6818181818181818,0.7796019900497513,0.125,0.9892681653414354,0.009501187648456057,24,2947,
emb_tf-exemplar-human,22,6,blood_C,blood_A,blood_B,donor_crc,0.8977387979853764,0.9080420766881574,0.7045454545454546,0.81809747504404,0.041666666666666664,1.022354754198381,0.0,24,2947,
emb_tf-exemplar-human,22,6,blood_C,blood_A,blood_B,target_only_k,0.875702109944756,0.8893790295215473,0.6363636363636364,0.7783715012722646,0.125,0.9782908941318729,0.01832371903630811,24,2947,
emb_tf-exemplar-human,22,6,blood_C,blood_A,blood_B,adaptive_crc,0.8845646573581574,0.8971835765184933,0.6818181818181818,0.7796019900497513,0.125,0.9975377338250473,0.0023752969121140144,24,2947,0.25
emb_tf-exemplar-human,22,6,blood_C,blood_A,blood_B,adaptive_plugin,0.8766413587741456,0.8903970139124533,0.6363636363636364,0.7783715012722646,0.125,0.980116756347876,0.016287750254496098,24,2947,
emb_tf-exemplar-human,23,3,blood_C,blood_B,blood_A,cell_pooled,0.9350347104864549,0.9352444330688507,0.8802816901408451,0.889491330587221,0.0,1.004854455383329,0.0,27,3907,
emb_tf-exemplar-human,23,3,blood_C,blood_B,blood_A,donor_weighted,0.9406947081665644,0.940875351932429,0.8802816901408451,0.8988114423851733,0.0,1.016332273413185,0.0,27,3907,
emb_tf-exemplar-human,23,3,blood_C,blood_B,blood_A,donor_crc,0.9784455921300511,0.9785001279754287,0.9246575342465754,0.9626944484087341,0.0,1.1811174412504704,0.0,27,3907,
emb_tf-exemplar-human,23,3,blood_C,blood_B,blood_A,target_only_k,0.8915829085328107,0.8917327873048375,0.7569444444444444,0.8374174614820249,0.037037037037037035,0.9275202199415168,0.07243409265421039,27,3907,
emb_tf-exemplar-human,23,3,blood_C,blood_B,blood_A,adaptive_crc,0.9470869724483347,0.9472741233683133,0.8873239436619719,0.9059629331184529,0.0,1.032464780229974,0.0,27,3907,0.25
emb_tf-exemplar-human,23,3,blood_C,blood_B,blood_A,adaptive_plugin,0.9115678778235592,0.9116969541847966,0.8413793103448276,0.8599940065927479,0.0,0.9613820396423852,0.03864857947274123,27,3907,
emb_tf-exemplar-human,23,6,blood_C,blood_B,blood_A,cell_pooled,0.935587518685017,0.9357903829542182,0.8802816901408451,0.8888016093495545,0.0,1.0051636432586262,0.0,24,3473,
emb_tf-exemplar-human,23,6,blood_C,blood_B,blood_A,donor_weighted,0.941671569363122,0.9418370285056148,0.8802816901408451,0.8946112006446414,0.0,1.0175092951181777,0.0,24,3473,
emb_tf-exemplar-human,23,6,blood_C,blood_B,blood_A,donor_crc,0.9791951686973279,0.9792686438237834,0.9246575342465754,0.9653203938918224,0.0,1.1887769626766203,0.0,24,3473,
emb_tf-exemplar-human,23,6,blood_C,blood_B,blood_A,target_only_k,0.8884174923961298,0.8885689605528362,0.7569444444444444,0.8262310103689414,0.041666666666666664,0.9224860925500913,0.07745465015836453,24,3473,
emb_tf-exemplar-human,23,6,blood_C,blood_B,blood_A,adaptive_crc,0.9462547579577771,0.946443996544774,0.8873239436619719,0.8994057211925867,0.0,1.0281368162426832,0.0,24,3473,0.25
emb_tf-exemplar-human,23,6,blood_C,blood_B,blood_A,adaptive_plugin,0.9054207179739254,0.9055571551972358,0.8125,0.8539256817500749,0.0,0.9490379818000241,0.05096458393319896,24,3473,
emb_tf-exemplar-human,24,3,blood_A,blood_B,blood_C,cell_pooled,0.557280768339301,0.5563737938039613,0.32653061224489793,0.40196106028618345,1.0,0.5628996703048446,0.43803961401726765,27,3938,
emb_tf-exemplar-human,24,3,blood_A,blood_B,blood_C,donor_weighted,0.557280768339301,0.5563737938039613,0.32653061224489793,0.40196106028618345,1.0,0.5628996703048446,0.43803961401726765,27,3938,
emb_tf-exemplar-human,24,3,blood_A,blood_B,blood_C,donor_crc,0.7167815025285174,0.7163534789233114,0.46938775510204084,0.6234557823129252,0.8148148148148148,0.7305256505721489,0.26993397663788726,27,3938,
emb_tf-exemplar-human,24,3,blood_A,blood_B,blood_C,target_only_k,0.9328440359420195,0.9329608938547486,0.8783783783783784,0.9042364532019704,0.0,0.9801351226503877,0.019807008633824275,27,3938,
emb_tf-exemplar-human,24,3,blood_A,blood_B,blood_C,adaptive_crc,0.9369174851060053,0.9370238699847638,0.8851351351351351,0.910211706102117,0.0,0.9875468573658082,0.01244286439817166,27,3938,2.0
emb_tf-exemplar-human,24,3,blood_A,blood_B,blood_C,adaptive_plugin,0.9188392317016576,0.9189944134078212,0.8378378378378378,0.8803798100949525,0.0,0.9577205895192458,0.042153377348908075,27,3938,
emb_tf-exemplar-human,24,6,blood_A,blood_B,blood_C,cell_pooled,0.5570633631388601,0.5560640732265446,0.32653061224489793,0.4154398311048557,1.0,0.5625262820882272,0.4385011441647597,24,3496,
emb_tf-exemplar-human,24,6,blood_A,blood_B,blood_C,donor_weighted,0.5570633631388601,0.5560640732265446,0.32653061224489793,0.4154398311048557,1.0,0.5625262820882272,0.4385011441647597,24,3496,
emb_tf-exemplar-human,24,6,blood_A,blood_B,blood_C,donor_crc,0.7150158576326753,0.7145308924485125,0.46938775510204084,0.6424827586206897,0.8333333333333334,0.728780752245395,0.2717391304347826,24,3496,
emb_tf-exemplar-human,24,6,blood_A,blood_B,blood_C,target_only_k,0.9072262185221183,0.9073226544622426,0.831081081081081,0.8699201419698314,0.0,0.9455808529740658,0.05434782608695652,24,3496,
emb_tf-exemplar-human,24,6,blood_A,blood_B,blood_C,adaptive_crc,0.9212543590525288,0.9213386727688787,0.8445945945945946,0.8871091166745394,0.0,0.9641660087716034,0.03575514874141877,24,3496,2.0
emb_tf-exemplar-human,24,6,blood_A,blood_B,blood_C,adaptive_plugin,0.9003559833196185,0.9004576659038902,0.8027210884353742,0.8597752144335995,0.0,0.9378382355552694,0.062070938215102976,24,3496,
emb_tf-exemplar-human,25,3,blood_A,blood_C,blood_B,cell_pooled,0.9092716098806618,0.9084219133278822,0.7746478873239436,0.8190766108574328,0.07407407407407407,1.0043523967671468,0.0,27,3669,
emb_tf-exemplar-human,25,3,blood_A,blood_C,blood_B,donor_weighted,0.9092716098806618,0.9084219133278822,0.7746478873239436,0.8190766108574328,0.07407407407407407,1.0043523967671468,0.0,27,3669,
emb_tf-exemplar-human,25,3,blood_A,blood_C,blood_B,donor_crc,0.9188934489372541,0.9179612973562279,0.7902097902097902,0.8332217148655505,0.07407407407407407,1.024306591488491,0.0,27,3669,
emb_tf-exemplar-human,25,3,blood_A,blood_C,blood_B,target_only_k,0.9128939362466282,0.9119651131098392,0.7832167832167832,0.8190766108574328,0.07407407407407407,1.0104752454038346,0.0,27,3669,
emb_tf-exemplar-human,25,3,blood_A,blood_C,blood_B,adaptive_crc,0.9147968177151978,0.9138729899155084,0.7832167832167832,0.8221004566210045,0.07407407407407407,1.0151611566443717,0.0,27,3669,0.5
emb_tf-exemplar-human,25,3,blood_A,blood_C,blood_B,adaptive_plugin,0.9128939362466282,0.9119651131098392,0.7832167832167832,0.8190766108574328,0.07407407407407407,1.0104752454038346,0.0,27,3669,
emb_tf-exemplar-human,25,6,blood_A,blood_C,blood_B,cell_pooled,0.9050909381058655,0.9041053921568627,0.7746478873239436,0.8169457128361237,0.08333333333333333,1.00489644636304,0.0,24,3264,
emb_tf-exemplar-human,25,6,blood_A,blood_C,blood_B,donor_weighted,0.9050909381058655,0.9041053921568627,0.7746478873239436,0.8169457128361237,0.08333333333333333,1.00489644636304,0.0,24,3264,
emb_tf-exemplar-human,25,6,blood_A,blood_C,blood_B,donor_crc,0.915215226932487,0.9142156862745098,0.7902097902097902,0.83142567224759,0.08333333333333333,1.0252987068702086,0.0,24,3264,
emb_tf-exemplar-human,25,6,blood_A,blood_C,blood_B,target_only_k,0.8965382477021624,0.8955269607843137,0.7394366197183099,0.8012587412587413,0.08333333333333333,0.9843880846022829,0.015625,24,3264,
emb_tf-exemplar-human,25,6,blood_A,blood_C,blood_B,adaptive_crc,0.9082068314158519,0.9071691176470589,0.7816901408450704,0.8169457128361237,0.08333333333333333,1.0089422330100388,0.0,24,3264,0.25
emb_tf-exemplar-human,25,6,blood_A,blood_C,blood_B,adaptive_plugin,0.8974527906258377,0.8964460784313726,0.7394366197183099,0.8012587412587413,0.08333333333333333,0.9865252857536543,0.013480392156862746,24,3264,
emb_tf-exemplar-human,26,3,blood_B,blood_A,blood_C,cell_pooled,0.9400813597709023,0.9398572884811417,0.7379310344827587,0.9142337164750958,0.037037037037037035,2.403543939089878,0.0,27,3924,
emb_tf-exemplar-human,26,3,blood_B,blood_A,blood_C,donor_weighted,0.9400813597709023,0.9398572884811417,0.7379310344827587,0.9142337164750958,0.037037037037037035,2.4017902516871543,0.0,27,3924,
emb_tf-exemplar-human,26,3,blood_B,blood_A,blood_C,donor_crc,0.9599283684348207,0.9597349643221202,0.7655172413793103,0.9429576486924323,0.037037037037037035,2.775137029268189,0.0,27,3924,
emb_tf-exemplar-human,26,3,blood_B,blood_A,blood_C,target_only_k,0.9629647398213483,0.9627930682976554,0.7724137931034483,0.9429576486924323,0.037037037037037035,2.886685148375153,0.0,27,3924,
emb_tf-exemplar-human,26,3,blood_B,blood_A,blood_C,adaptive_crc,0.9690094417097131,0.9689092762487258,0.7724137931034483,0.9499520613614573,0.037037037037037035,3.248121275452043,0.0,27,3924,2.0
emb_tf-exemplar-human,26,3,blood_B,blood_A,blood_C,adaptive_plugin,0.9548674970285284,0.954638124362895,0.7586206896551724,0.9390804597701149,0.037037037037037035,2.6534643523603267,0.0,27,3924,
emb_tf-exemplar-human,26,6,blood_B,blood_A,blood_C,cell_pooled,0.9368620855092997,0.9366035570854848,0.7379310344827587,0.9119779693486589,0.041666666666666664,2.4220945637562803,0.0,24,3486,
emb_tf-exemplar-human,26,6,blood_B,blood_A,blood_C,donor_weighted,0.9368620855092997,0.9366035570854848,0.7379310344827587,0.9119779693486589,0.041666666666666664,2.420403196959748,0.0,24,3486,
emb_tf-exemplar-human,26,6,blood_B,blood_A,blood_C,donor_crc,0.9577466255030039,0.9575444635685599,0.7655172413793103,0.9404443415875955,0.041666666666666664,2.7938982100774545,0.0,24,3486,
emb_tf-exemplar-human,26,6,blood_B,blood_A,blood_C,target_only_k,0.9279972224358604,0.927710843373494,0.7241379310344828,0.899810606060606,0.041666666666666664,2.3387616764267753,0.0,24,3486,
emb_tf-exemplar-human,26,6,blood_B,blood_A,blood_C,adaptive_crc,0.9420164047014143,0.9417670682730924,0.7448275862068966,0.9191522988505747,0.041666666666666664,2.4829352035331804,0.0,24,3486,0.25
emb_tf-exemplar-human,26,6,blood_B,blood_A,blood_C,adaptive_plugin,0.933985852074071,0.9337349397590361,0.7379310344827587,0.9119779693486589,0.041666666666666664,2.387125807458577,0.0,24,3486,
emb_tf-exemplar-human,27,3,blood_B,blood_C,blood_A,cell_pooled,0.9404348637385432,0.9401074993601228,0.7569444444444444,0.8542773419037716,0.07407407407407407,2.5593361078019234,0.0,27,3907,
emb_tf-exemplar-human,27,3,blood_B,blood_C,blood_A,donor_weighted,0.9404348637385432,0.9401074993601228,0.7569444444444444,0.8542773419037716,0.07407407407407407,2.558821481147479,0.0,27,3907,
emb_tf-exemplar-human,27,3,blood_B,blood_C,blood_A,donor_crc,0.957955039171729,0.9577681085231635,0.8263888888888888,0.8906166730110392,0.0,2.7867150835690784,0.0,27,3907,
emb_tf-exemplar-human,27,3,blood_B,blood_C,blood_A,target_only_k,0.892083581244834,0.891476836447402,0.625,0.7639190849796768,0.18518518518518517,2.1796487032195646,0.0,27,3907,
emb_tf-exemplar-human,27,3,blood_B,blood_C,blood_A,adaptive_crc,0.9439871282853655,0.9436908113642181,0.7569444444444444,0.8611210889498062,0.037037037037037035,2.5981812217584395,0.0,27,3907,0.25
emb_tf-exemplar-human,27,3,blood_B,blood_C,blood_A,adaptive_plugin,0.9231761017118966,0.9227028410545175,0.7013888888888888,0.8220625768031005,0.07407407407407407,2.390817363268142,0.0,27,3907,
emb_tf-exemplar-human,27,6,blood_B,blood_C,blood_A,cell_pooled,0.943169350095245,0.9427667529479437,0.7569444444444444,0.8818698080443047,0.08333333333333333,2.561117653624914,0.0,24,3477,
emb_tf-exemplar-human,27,6,blood_B,blood_C,blood_A,donor_weighted,0.943169350095245,0.9427667529479437,0.7569444444444444,0.8818698080443047,0.08333333333333333,2.5605386986386645,0.0,24,3477,
emb_tf-exemplar-human,27,6,blood_B,blood_C,blood_A,donor_crc,0.9611489256313838,0.9608858211101524,0.8263888888888888,0.9258253219662615,0.0,2.788214819160666,0.0,24,3477,
emb_tf-exemplar-human,27,6,blood_B,blood_C,blood_A,target_only_k,0.9060588074758437,0.905378199597354,0.6527777777777778,0.7956211573661238,0.125,2.2601076706436634,0.0,24,3477,
emb_tf-exemplar-human,27,6,blood_B,blood_C,blood_A,adaptive_crc,0.94573242023343,0.9453551912568307,0.7569444444444444,0.888665696719388,0.041666666666666664,2.5927183222146137,0.0,24,3477,0.25
emb_tf-exemplar-human,27,6,blood_B,blood_C,blood_A,adaptive_plugin,0.9200583206776122,0.9194708081679609,0.6805555555555556,0.8270005162622612,0.08333333333333333,2.3637448050607257,0.0,24,3477,
emb_tf-exemplar-human,28,3,blood_C,blood_A,blood_B,cell_pooled,0.8774899517650843,0.8822355289421158,0.7222222222222222,0.7561519561519562,0.18518518518518517,0.9722021848953395,0.027944111776447105,27,3507,
emb_tf-exemplar-human,28,3,blood_C,blood_A,blood_B,donor_weighted,0.8774899517650843,0.8822355289421158,0.7222222222222222,0.7561519561519562,0.18518518518518517,0.9722021848953395,0.027944111776447105,27,3507,
emb_tf-exemplar-human,28,3,blood_C,blood_A,blood_B,donor_crc,0.8921695149067409,0.8970630168234959,0.7222222222222222,0.7698544698544699,0.14814814814814814,1.003348091411956,0.0,27,3507,
emb_tf-exemplar-human,28,3,blood_C,blood_A,blood_B,target_only_k,0.8610775219376703,0.8662674650698603,0.7037037037037037,0.7305125815470643,0.18518518518518517,0.9444375935873582,0.05531793555745652,27,3507,
emb_tf-exemplar-human,28,3,blood_C,blood_A,blood_B,adaptive_crc,0.8802639361587841,0.8850869689193043,0.7222222222222222,0.7561519561519562,0.14814814814814814,0.9798583290001243,0.020245223838038208,27,3507,0.25
emb_tf-exemplar-human,28,3,blood_C,blood_A,blood_B,adaptive_plugin,0.8638014570359184,0.86883376104933,0.7037037037037037,0.7383597390493942,0.18518518518518517,0.9499083356840605,0.0499001996007984,27,3507,
emb_tf-exemplar-human,28,6,blood_C,blood_A,blood_B,cell_pooled,0.8761714670308551,0.8813504823151126,0.7222222222222222,0.7556983556983556,0.16666666666666666,0.974111447984236,0.026045016077170417,24,3110,
emb_tf-exemplar-human,28,6,blood_C,blood_A,blood_B,donor_weighted,0.8761714670308551,0.8813504823151126,0.7222222222222222,0.7556983556983556,0.16666666666666666,0.974111447984236,0.026045016077170417,24,3110,
emb_tf-exemplar-human,28,6,blood_C,blood_A,blood_B,donor_crc,0.8898299385819787,0.895176848874598,0.7222222222222222,0.7695426195426196,0.16666666666666666,1.002810674667601,0.0,24,3110,
emb_tf-exemplar-human,28,6,blood_C,blood_A,blood_B,target_only_k,0.8705811576731118,0.8758842443729904,0.7222222222222222,0.7418540918540918,0.16666666666666666,0.9655955335580394,0.03408360128617363,24,3110,
emb_tf-exemplar-human,28,6,blood_C,blood_A,blood_B,adaptive_crc,0.8789853183977921,0.8842443729903537,0.7222222222222222,0.7556983556983556,0.16666666666666666,0.9817715788788811,0.018327974276527333,24,3110,0.25
emb_tf-exemplar-human,28,6,blood_C,blood_A,blood_B,adaptive_plugin,0.8727044164255546,0.8778135048231511,0.7222222222222222,0.7508032508032508,0.16666666666666666,0.9683342326218226,0.031511254019292605,24,3110,
emb_tf-exemplar-human,29,3,blood_C,blood_B,blood_A,cell_pooled,0.9026236619901944,0.902895208813733,0.823943661971831,0.8626273726273727,0.0,0.9537375904563844,0.04611837048424289,27,3903,
emb_tf-exemplar-human,29,3,blood_C,blood_B,blood_A,donor_weighted,0.9337275206727873,0.9338970023059185,0.8661971830985915,0.8989041095890411,0.0,1.006696740866863,0.0,27,3903,
emb_tf-exemplar-human,29,3,blood_C,blood_B,blood_A,donor_crc,0.9719803953325465,0.9720727645400974,0.9178082191780822,0.9482949577382688,0.0,1.3656818827322752,0.0,27,3903,
emb_tf-exemplar-human,29,3,blood_C,blood_B,blood_A,target_only_k,0.9028826622491947,0.90315142198309,0.823943661971831,0.8626273726273727,0.0,0.9539965907153847,0.045862157314885986,27,3903,
emb_tf-exemplar-human,29,3,blood_C,blood_B,blood_A,adaptive_crc,0.9475957829665261,0.9477325134511914,0.8802816901408451,0.9172407045009784,0.0,1.0403663193186607,0.0,27,3903,0.25
emb_tf-exemplar-human,29,3,blood_C,blood_B,blood_A,adaptive_plugin,0.9113244501289125,0.9116064565718678,0.823943661971831,0.8709543977149611,0.0,0.9650004834135449,0.034844991032539074,27,3903,
emb_tf-exemplar-human,29,6,blood_C,blood_B,blood_A,cell_pooled,0.900464973610081,0.9007501442585113,0.823943661971831,0.8613836163836164,0.0,0.9528225341635048,0.04702827466820542,24,3466,
emb_tf-exemplar-human,29,6,blood_C,blood_B,blood_A,donor_weighted,0.931740490545295,0.9319099826889786,0.8661971830985915,0.8980821917808219,0.0,1.0069591208315425,0.0,24,3466,
emb_tf-exemplar-human,29,6,blood_C,blood_B,blood_A,donor_crc,0.9716177224578578,0.9717253317945759,0.9178082191780822,0.9467502185951617,0.0,1.3756257482557157,0.0,24,3466,
emb_tf-exemplar-human,29,6,blood_C,blood_B,blood_A,target_only_k,0.8975946944047957,0.897864974033468,0.823943661971831,0.8515934065934067,0.0,0.9487825359020547,0.05106751298326601,24,3466,
emb_tf-exemplar-human,29,6,blood_C,blood_B,blood_A,adaptive_crc,0.9427358124357776,0.9428736295441431,0.8802816901408451,0.9013698630136987,0.0,1.0295805241848155,0.0,24,3466,0.25
emb_tf-exemplar-human,29,6,blood_C,blood_B,blood_A,adaptive_plugin,0.8987443646469316,0.8990190421234853,0.823943661971831,0.8564885114885115,0.0,0.9505129896960768,0.049336410848240045,24,3466,
emb_scvi,0,3,blood_A,blood_B,blood_C,cell_pooled,0.8770893991576718,0.8774111675126903,0.6830985915492958,0.7942433122223272,0.14814814814814814,0.9545193754537075,0.045431472081218276,27,3940,
emb_scvi,0,3,blood_A,blood_B,blood_C,donor_weighted,0.8818965243455785,0.8822335025380711,0.6830985915492958,0.8043482370734474,0.07407407407407407,0.9644442447835204,0.03553299492385787,27,3940,
emb_scvi,0,3,blood_A,blood_B,blood_C,donor_crc,0.9271415881223913,0.9274111675126904,0.7887323943661971,0.8912995186967789,0.037037037037037035,1.0561905755286631,0.0,27,3940,
emb_scvi,0,3,blood_A,blood_B,blood_C,target_only_k,0.8816479536272093,0.881979695431472,0.6830985915492958,0.8043482370734474,0.07407407407407407,0.9639348498606649,0.03604060913705584,27,3940,
emb_scvi,0,3,blood_A,blood_B,blood_C,adaptive_crc,0.892533360626078,0.8928934010152284,0.6971830985915493,0.8363496044761721,0.07407407407407407,0.9817048455927151,0.018274111675126905,27,3940,0.25
emb_scvi,0,3,blood_A,blood_B,blood_C,adaptive_plugin,0.8818965243455785,0.8822335025380711,0.6830985915492958,0.8043482370734474,0.07407407407407407,0.9644442447835204,0.03553299492385787,27,3940,
emb_scvi,0,6,blood_A,blood_B,blood_C,cell_pooled,0.8845250467806024,0.8850443237060337,0.6830985915492958,0.8460107367641614,0.08333333333333333,0.9586769523967803,0.04117815270231627,24,3497,
emb_scvi,0,6,blood_A,blood_B,blood_C,donor_weighted,0.8890883903728123,0.8896196740062912,0.6830985915492958,0.8499259533506108,0.041666666666666664,0.9681511964310842,0.03174149270803546,24,3497,
emb_scvi,0,6,blood_A,blood_B,blood_C,donor_crc,0.9304318202382209,0.9307978267086073,0.7887323943661971,0.8926341834792539,0.041666666666666664,1.0522512847523584,0.0,24,3497,
emb_scvi,0,6,blood_A,blood_B,blood_C,target_only_k,0.9062591451613206,0.9067772376322563,0.6971830985915493,0.8635690485005554,0.041666666666666664,1.0014319704279024,0.0034315127251930227,24,3497,
emb_scvi,0,6,blood_A,blood_B,blood_C,adaptive_crc,0.9056941669177708,0.906205318844724,0.6971830985915493,0.8595797852647168,0.041666666666666664,1.0000086972335918,0.0034315127251930227,24,3497,0.5
emb_scvi,0,6,blood_A,blood_B,blood_C,adaptive_plugin,0.9025377924241292,0.9030597655132971,0.6971830985915493,0.852795261014439,0.041666666666666664,0.9942503152109167,0.005719187875321705,24,3497,
emb_scvi,1,3,blood_A,blood_C,blood_B,cell_pooled,0.9028474044444607,0.9032617786451074,0.8043478260869565,0.8511844077961019,0.0,1.0302659224498878,0.0,27,3587,
emb_scvi,1,3,blood_A,blood_C,blood_B,donor_weighted,0.9031028322860954,0.9035405631446891,0.8043478260869565,0.8539430284857572,0.0,1.0305213502915225,0.0,27,3587,
emb_scvi,1,3,blood_A,blood_C,blood_B,donor_crc,0.9345493991751932,0.9350432115974352,0.8321678321678322,0.8916568742655699,0.0,1.1177907169734773,0.0,27,3587,
emb_scvi,1,3,blood_A,blood_C,blood_B,target_only_k,0.867501723863555,0.8678561471982158,0.7552447552447552,0.7901477832512316,0.14814814814814814,0.9568243326601698,0.04265402843601896,27,3587,
emb_scvi,1,3,blood_A,blood_C,blood_B,adaptive_crc,0.9125667655183898,0.9127404516308893,0.8111888111888111,0.8718546132339235,0.0,1.0503774657655975,0.0,27,3587,0.25
emb_scvi,1,3,blood_A,blood_C,blood_B,adaptive_plugin,0.8875162756045057,0.8876498466685252,0.7971014492753623,0.8190656284760846,0.07407407407407407,0.9902311077823307,0.009757457485363814,27,3587,
emb_scvi,1,6,blood_A,blood_C,blood_B,cell_pooled,0.9051061463223534,0.9056782334384859,0.8043478260869565,0.8430088987764183,0.0,1.030130466076095,0.0,24,3170,
emb_scvi,1,6,blood_A,blood_C,blood_B,donor_weighted,0.9053935026441926,0.905993690851735,0.8043478260869565,0.8478364849833148,0.0,1.0304178223979343,0.0,24,3170,
emb_scvi,1,6,blood_A,blood_C,blood_B,donor_crc,0.9365823818118395,0.9372239747634069,0.8321678321678322,0.8981338481338481,0.0,1.1198783658252986,0.0,24,3170,
emb_scvi,1,6,blood_A,blood_C,blood_B,target_only_k,0.903522631929027,0.9041009463722397,0.8043478260869565,0.8381701890989989,0.0,1.0194731355706173,0.0009463722397476341,24,3170,
emb_scvi,1,6,blood_A,blood_C,blood_B,adaptive_crc,0.914839122154843,0.9151419558359621,0.8111888111888111,0.8669617893755824,0.0,1.0503469174619884,0.0,24,3170,0.25
emb_scvi,1,6,blood_A,blood_C,blood_B,adaptive_plugin,0.9044827684951381,0.9050473186119874,0.8043478260869565,0.8405895439377086,0.0,1.024402618171312,0.0006309148264984228,24,3170,
emb_scvi,2,3,blood_B,blood_A,blood_C,cell_pooled,0.8839052797778604,0.8837858411570667,0.75,0.8447740179283804,0.07407407407407407,0.9938369873331891,0.009388480081197666,27,3941,
emb_scvi,2,3,blood_B,blood_A,blood_C,donor_weighted,0.8839052797778604,0.8837858411570667,0.75,0.8447740179283804,0.07407407407407407,0.9938369873331891,0.009388480081197666,27,3941,
emb_scvi,2,3,blood_B,blood_A,blood_C,donor_crc,0.9156521461830158,0.915503679269221,0.8243243243243243,0.8756241610738256,0.0,1.076927055360142,0.0,27,3941,
emb_scvi,2,3,blood_B,blood_A,blood_C,target_only_k,0.8943297623635343,0.8941892920578534,0.7837837837837838,0.8506941252183506,0.07407407407407407,1.0131545858757924,0.005582339507739152,27,3941,
emb_scvi,2,3,blood_B,blood_A,blood_C,adaptive_crc,0.8986484568329012,0.8985029180411063,0.7837837837837838,0.85337868897674,0.07407407407407407,1.026125197378471,0.003552397868561279,27,3941,0.5
emb_scvi,2,3,blood_B,blood_A,blood_C,adaptive_plugin,0.885936910784587,0.8858157827962446,0.7702702702702703,0.8488859060402685,0.07407407407407407,0.9999252839496391,0.00786602385181426,27,3941,
emb_scvi,2,6,blood_B,blood_A,blood_C,cell_pooled,0.8837828817257419,0.8836280661722761,0.75,0.8384943915145258,0.08333333333333333,0.994802805589481,0.008841985168282943,24,3506,
emb_scvi,2,6,blood_B,blood_A,blood_C,donor_weighted,0.8837828817257419,0.8836280661722761,0.75,0.8384943915145258,0.08333333333333333,0.994802805589481,0.008841985168282943,24,3506,
emb_scvi,2,6,blood_B,blood_A,blood_C,donor_crc,0.9163407684219868,0.9161437535653166,0.8243243243243243,0.8673422818791946,0.0,1.0779013872592993,0.0,24,3506,
emb_scvi,2,6,blood_B,blood_A,blood_C,target_only_k,0.8955027941156377,0.8953223046206503,0.7837837837837838,0.841454445159511,0.08333333333333333,1.0176501640622255,0.004848830576155163,24,3506,
emb_scvi,2,6,blood_B,blood_A,blood_C,adaptive_crc,0.8983611525501795,0.8981745579007416,0.7837837837837838,0.8461524317366921,0.08333333333333333,1.0256546680682954,0.0031374786081003994,24,3506,0.5
emb_scvi,2,6,blood_B,blood_A,blood_C,adaptive_plugin,0.8932112749909557,0.8930405019965773,0.777027027027027,0.841454445159511,0.08333333333333333,1.0122164221142942,0.005704506560182544,24,3506,
emb_scvi,3,3,blood_B,blood_C,blood_A,cell_pooled,0.8977967792551165,0.897980056251598,0.7959183673469388,0.8421264367816091,0.037037037037037035,1.0028220291581977,0.002045512656609563,27,3911,
emb_scvi,3,3,blood_B,blood_C,blood_A,donor_weighted,0.8975448266222116,0.8977243671695219,0.7959183673469388,0.8421264367816091,0.037037037037037035,1.0025700765252925,0.002045512656609563,27,3911,
emb_scvi,3,3,blood_B,blood_C,blood_A,donor_crc,0.9251895891445144,0.9253387880337509,0.8367346938775511,0.8736136041568257,0.0,1.072987168179819,0.0,27,3911,
emb_scvi,3,3,blood_B,blood_C,blood_A,target_only_k,0.8883340995507573,0.8885195602147788,0.7755102040816326,0.8284278959810875,0.037037037037037035,0.9808348240584264,0.01917668115571465,27,3911,
emb_scvi,3,3,blood_B,blood_C,blood_A,adaptive_crc,0.9057424443098563,0.9059064177959602,0.8027210884353742,0.8433821445441663,0.0,1.0169269178516191,0.000767067246228586,27,3911,0.25
emb_scvi,3,3,blood_B,blood_C,blood_A,adaptive_plugin,0.8914036462378765,0.8915878291996931,0.782312925170068,0.8330840213695969,0.037037037037037035,0.9897730891021784,0.010227563283047815,27,3911,
emb_scvi,3,6,blood_B,blood_C,blood_A,cell_pooled,0.8965071080830823,0.8966609096142775,0.7959183673469388,0.8389324515824279,0.041666666666666664,1.0034719549751445,0.0017271157167530224,24,3474,
emb_scvi,3,6,blood_B,blood_C,blood_A,donor_weighted,0.8962236613710642,0.8963730569948186,0.7959183673469388,0.8389324515824279,0.041666666666666664,1.0031885082631262,0.0017271157167530224,24,3474,
emb_scvi,3,6,blood_B,blood_C,blood_A,donor_crc,0.9238812445374321,0.924006908462867,0.8367346938775511,0.8712895606991025,0.0,1.073191893376298,0.0,24,3474,
emb_scvi,3,6,blood_B,blood_C,blood_A,target_only_k,0.8893165571436792,0.8894645941278065,0.7755102040816326,0.8301468384776746,0.041666666666666664,0.9879311111598099,0.012089810017271158,24,3474,
emb_scvi,3,6,blood_B,blood_C,blood_A,adaptive_crc,0.903711534056494,0.9038572251007484,0.8027210884353742,0.8389324515824279,0.0,1.014729141461129,0.0008635578583765112,24,3474,0.25
emb_scvi,3,6,blood_B,blood_C,blood_A,adaptive_plugin,0.8904604294657489,0.8906160046056419,0.782312925170068,0.8320349684312773,0.041666666666666664,0.9907918235345861,0.009211283822682787,24,3474,
emb_scvi,4,3,blood_C,blood_A,blood_B,cell_pooled,0.909685252676656,0.9230523627075351,0.6785714285714286,0.8708188757807078,0.07407407407407407,0.9924964228300153,0.006066411238825032,27,3132,
emb_scvi,4,3,blood_C,blood_A,blood_B,donor_weighted,0.909685252676656,0.9230523627075351,0.6785714285714286,0.8708188757807078,0.07407407407407407,0.9924964228300153,0.006066411238825032,27,3132,
emb_scvi,4,3,blood_C,blood_A,blood_B,donor_crc,0.9318364633920685,0.9444444444444444,0.6875,0.8889228159457166,0.07407407407407407,1.0466939923475966,0.0,27,3132,
emb_scvi,4,3,blood_C,blood_A,blood_B,target_only_k,0.8684195636168259,0.8780332056194126,0.6785714285714286,0.8022669442516771,0.1111111111111111,0.9123082585603846,0.08109833971902937,27,3132,
emb_scvi,4,3,blood_C,blood_A,blood_B,adaptive_crc,0.9148700785314657,0.9287994891443168,0.6785714285714286,0.8753643303261623,0.07407407407407407,1.0033908028567897,0.0015964240102171138,27,3132,0.25
emb_scvi,4,3,blood_C,blood_A,blood_B,adaptive_plugin,0.8859019795459,0.8975095785440613,0.6785714285714286,0.8356696738376128,0.07407407407407407,0.9387616406152003,0.05459770114942529,27,3132,
emb_scvi,4,6,blood_C,blood_A,blood_B,cell_pooled,0.905749467903686,0.9202363367799113,0.6785714285714286,0.8705239417071479,0.08333333333333333,0.9924388440840822,0.005908419497784343,24,2708,
emb_scvi,4,6,blood_C,blood_A,blood_B,donor_weighted,0.905749467903686,0.9202363367799113,0.6785714285714286,0.8705239417071479,0.08333333333333333,0.9924388440840822,0.005908419497784343,24,2708,
emb_scvi,4,6,blood_C,blood_A,blood_B,donor_crc,0.9268336859078078,0.9401772525849336,0.6875,0.883392705682782,0.08333333333333333,1.044902491154356,0.0,24,2708,
emb_scvi,4,6,blood_C,blood_A,blood_B,target_only_k,0.8722976595725672,0.8833087149187593,0.6785714285714286,0.7916553595658073,0.125,0.9206405289113379,0.07163958641063516,24,2708,
emb_scvi,4,6,blood_C,blood_A,blood_B,adaptive_crc,0.9102724753254267,0.9254062038404727,0.6785714285714286,0.8727966689798751,0.08333333333333333,1.0016042148572284,0.001846381093057607,24,2708,0.25
emb_scvi,4,6,blood_C,blood_A,blood_B,adaptive_plugin,0.8803399459648152,0.8925406203840472,0.6785714285714286,0.8216227157066851,0.08333333333333333,0.9350067123146358,0.057976366322008865,24,2708,
emb_scvi,5,3,blood_C,blood_B,blood_A,cell_pooled,0.790143444130239,0.7899309992333248,0.6283783783783784,0.7020408163265306,0.4444444444444444,0.8388732906592083,0.1615129056989522,27,3913,
emb_scvi,5,3,blood_C,blood_B,blood_A,donor_weighted,0.787096150706752,0.7868642984922055,0.6216216216216216,0.691156462585034,0.48148148148148145,0.8353184262583517,0.1650907232302581,27,3913,
emb_scvi,5,3,blood_C,blood_B,blood_A,donor_crc,0.8568488833049424,0.8568872987477638,0.75,0.7915083274689186,0.14814814814814814,0.929009160063434,0.0710452338359315,27,3913,
emb_scvi,5,3,blood_C,blood_B,blood_A,target_only_k,0.9339412229312347,0.9340659340659341,0.8707482993197279,0.8887583235409322,0.0,1.0951410886459412,0.0,27,3913,
emb_scvi,5,3,blood_C,blood_B,blood_A,adaptive_crc,0.9832492120346565,0.9833887043189369,0.9115646258503401,0.9593696471394313,0.0,1.6020141953950255,0.0,27,3913,4.0
emb_scvi,5,3,blood_C,blood_B,blood_A,adaptive_plugin,0.9117040410374825,0.9118323536928188,0.8231292517006803,0.8674413821472645,0.0,1.0199424519764635,0.0,27,3913,
emb_scvi,5,6,blood_C,blood_B,blood_A,cell_pooled,0.7925128176183436,0.7923497267759563,0.6283783783783784,0.7036998972250771,0.4166666666666667,0.8410432513113374,0.15933275812482026,24,3477,
emb_scvi,5,6,blood_C,blood_B,blood_A,donor_weighted,0.7899349526529752,0.7897612884670693,0.6216216216216216,0.7036998972250771,0.4583333333333333,0.8378943689964281,0.1624964049467932,24,3477,
emb_scvi,5,6,blood_C,blood_B,blood_A,donor_crc,0.8583998046884255,0.8584987057808455,0.75,0.7957375957375957,0.125,0.9304256424706905,0.06960023008340524,24,3477,
emb_scvi,5,6,blood_C,blood_B,blood_A,target_only_k,0.9190453228879445,0.9191832039114178,0.8367346938775511,0.8800822561692128,0.0,1.0402688769331856,0.0,24,3477,
emb_scvi,5,6,blood_C,blood_B,blood_A,adaptive_crc,0.9285549976199988,0.9286741443773368,0.8435374149659864,0.8865063593004769,0.0,1.0715849096105192,0.0,24,3477,2.0
emb_scvi,5,6,blood_C,blood_B,blood_A,adaptive_plugin,0.904280134841101,0.904515386827725,0.8163265306122449,0.8558984493767102,0.0,1.0063319887077211,0.0002876042565429968,24,3477,
emb_scvi,6,3,blood_A,blood_B,blood_C,cell_pooled,0.8979220008447976,0.8977879481311976,0.7931034482758621,0.8456375838926175,0.037037037037037035,0.9877752110880132,0.012204424103737605,27,3933,
emb_scvi,6,3,blood_A,blood_B,blood_C,donor_weighted,0.9106278930757796,0.9105008899059243,0.8275862068965517,0.8519499365136949,0.0,1.0111758676685192,0.0010170353419781336,27,3933,
emb_scvi,6,3,blood_A,blood_B,blood_C,donor_crc,0.9413587657971519,0.9412662090007627,0.8733333333333333,0.9013982102908278,0.0,1.0953305848340498,0.0,27,3933,
emb_scvi,6,3,blood_A,blood_B,blood_C,target_only_k,0.9020104168825183,0.9018560894991101,0.8068965517241379,0.8490658443678578,0.0,0.9938881832979687,0.006102212051868803,27,3933,
emb_scvi,6,3,blood_A,blood_B,blood_C,adaptive_crc,0.9174938509915077,0.9173658784642766,0.84,0.8627063304915654,0.0,1.0272428912875282,0.0002542588354945334,27,3933,0.25
emb_scvi,6,3,blood_A,blood_B,blood_C,adaptive_plugin,0.902265844724153,0.9021103483346046,0.8068965517241379,0.8490658443678578,0.0,0.9941436111396035,0.005847953216374269,27,3933,
emb_scvi,6,6,blood_A,blood_B,blood_C,cell_pooled,0.900564440909155,0.9004875250932033,0.7931034482758621,0.8473517141302376,0.041666666666666664,0.9868140058980512,0.01319185546314884,24,3487,
emb_scvi,6,6,blood_A,blood_B,blood_C,donor_weighted,0.913724782820937,0.9136793805563521,0.8275862068965517,0.8583892617449664,0.0,1.011442868932864,0.0011471178663607685,24,3487,
emb_scvi,6,6,blood_A,blood_B,blood_C,donor_crc,0.9435276527490252,0.9435044450817321,0.8986486486486487,0.9050478927203065,0.0,1.094063211640995,0.0,24,3487,
emb_scvi,6,6,blood_A,blood_B,blood_C,target_only_k,0.9105948257758625,0.91052480642386,0.8275862068965517,0.8563758389261745,0.0,1.0040064981116223,0.002294235732721537,24,3487,
emb_scvi,6,6,blood_A,blood_B,blood_C,adaptive_crc,0.9208915656401878,0.9208488672211069,0.8551724137931035,0.8718120805369127,0.0,1.0281275173349729,0.00028677946659019213,24,3487,0.25
emb_scvi,6,6,blood_A,blood_B,blood_C,adaptive_plugin,0.9117403146752485,0.9116719242902208,0.8275862068965517,0.8563758389261745,0.0,1.0062977170042273,0.002294235732721537,24,3487,
emb_scvi,7,3,blood_A,blood_C,blood_B,cell_pooled,0.8696443620948929,0.8885696040868455,0.5925925925925926,0.7770750988142292,0.1111111111111111,0.9810619393388421,0.016922094508301407,27,3132,
emb_scvi,7,3,blood_A,blood_C,blood_B,donor_weighted,0.8696443620948929,0.8885696040868455,0.5925925925925926,0.7770750988142292,0.1111111111111111,0.9810619393388421,0.016922094508301407,27,3132,
emb_scvi,7,3,blood_A,blood_C,blood_B,donor_crc,0.8911073012507805,0.9102809706257982,0.5925925925925926,0.8017199017199017,0.1111111111111111,1.032600483205219,0.0,27,3132,
emb_scvi,7,3,blood_A,blood_C,blood_B,target_only_k,0.9000616504064738,0.9198595146871009,0.5925925925925926,0.8108108108108107,0.1111111111111111,1.0612953471474253,0.0,27,3132,
emb_scvi,7,3,blood_A,blood_C,blood_B,adaptive_crc,0.9157890771369757,0.9345466155810983,0.6481481481481481,0.8452088452088452,0.1111111111111111,1.1029975248411745,0.0,27,3132,2.0
emb_scvi,7,3,blood_A,blood_C,blood_B,adaptive_plugin,0.8850074157007347,0.9045338441890166,0.5925925925925926,0.7905138339920948,0.1111111111111111,1.0175081066347127,0.00031928480204342275,27,3132,
emb_scvi,7,6,blood_A,blood_C,blood_B,cell_pooled,0.8628963581486099,0.8834915997078159,0.5925925925925926,0.7294466403162055,0.125,0.9802598330571023,0.017531044558071585,24,2738,
emb_scvi,7,6,blood_A,blood_C,blood_B,donor_weighted,0.8628963581486099,0.8834915997078159,0.5925925925925926,0.7294466403162055,0.125,0.9802598330571023,0.017531044558071585,24,2738,
emb_scvi,7,6,blood_A,blood_C,blood_B,donor_crc,0.88420910238752,0.9050401753104456,0.5925925925925926,0.7644963144963145,0.125,1.033196447640562,0.0,24,2738,
emb_scvi,7,6,blood_A,blood_C,blood_B,target_only_k,0.8699029750361967,0.8915266617969321,0.5925925925925926,0.7316205533596838,0.125,0.9971797605065694,0.002556610664718773,24,2738,
emb_scvi,7,6,blood_A,blood_C,blood_B,adaptive_crc,0.8720630382416931,0.8940832724616509,0.5925925925925926,0.7316205533596838,0.125,1.0031400915214197,0.0018261504747991235,24,2738,0.5
emb_scvi,7,6,blood_A,blood_C,blood_B,adaptive_plugin,0.8674950018202873,0.8889700511322133,0.5925925925925926,0.73147120055517,0.125,0.9905728491852144,0.008035062089116142,24,2738,
emb_scvi,8,3,blood_B,blood_A,blood_C,cell_pooled,0.8792503631291424,0.8794722151738138,0.8287671232876712,0.8328671328671329,0.0,0.9460227025292431,0.05379345343821365,27,3941,
emb_scvi,8,3,blood_B,blood_A,blood_C,donor_weighted,0.8792503631291424,0.8794722151738138,0.8287671232876712,0.8328671328671329,0.0,0.9460227025292431,0.05379345343821365,27,3941,
emb_scvi,8,3,blood_B,blood_A,blood_C,donor_crc,0.9098137254568099,0.9099213397614818,0.8503401360544217,0.87516759102966,0.0,1.007884077432209,0.004313625983252981,27,3941,
emb_scvi,8,3,blood_B,blood_A,blood_C,target_only_k,0.8983477093219835,0.8985029180411063,0.8435374149659864,0.8612973233662888,0.0,0.9841989524490912,0.01573204770362852,27,3941,
emb_scvi,8,3,blood_B,blood_A,blood_C,adaptive_crc,0.9090507514462595,0.9091601116467901,0.8503401360544217,0.87516759102966,0.0,1.0071211034216585,0.004313625983252981,27,3941,1.0
emb_scvi,8,3,blood_B,blood_A,blood_C,adaptive_plugin,0.8914739873623119,0.8916518650088809,0.8367346938775511,0.8543621895346033,0.0,0.9701742361518078,0.029687896472976403,27,3941,
emb_scvi,8,6,blood_B,blood_A,blood_C,cell_pooled,0.8805423928315923,0.8807758128921849,0.8287671232876712,0.8325174825174826,0.0,0.946748964259393,0.05305191100969766,24,3506,
emb_scvi,8,6,blood_B,blood_A,blood_C,donor_weighted,0.8805423928315923,0.8807758128921849,0.8287671232876712,0.8325174825174826,0.0,0.946748964259393,0.05305191100969766,24,3506,
emb_scvi,8,6,blood_B,blood_A,blood_C,donor_crc,0.9106176894725069,0.9107244723331431,0.8503401360544217,0.874646732577767,0.0,1.0085881353713517,0.003993154592127781,24,3506,
emb_scvi,8,6,blood_B,blood_A,blood_C,target_only_k,0.8980057776426663,0.8981745579007416,0.8435374149659864,0.8607185917530745,0.0,0.9842353430941286,0.015687393040501995,24,3506,
emb_scvi,8,6,blood_B,blood_A,blood_C,adaptive_crc,0.9091943135246181,0.9092983456930975,0.8503401360544217,0.874646732577767,0.0,1.0068733841320876,0.004278379920136908,24,3506,1.0
emb_scvi,8,6,blood_B,blood_A,blood_C,adaptive_plugin,0.8939796160588874,0.8941814033086138,0.8435374149659864,0.8540521122712903,0.0,0.9756120594514751,0.02424415288077581,24,3506,
emb_scvi,9,3,blood_B,blood_C,blood_A,cell_pooled,0.9248230884752396,0.924904214559387,0.7430555555555556,0.8819945422971968,0.037037037037037035,1.0537978621860542,0.0,27,3915,
emb_scvi,9,3,blood_B,blood_C,blood_A,donor_weighted,0.9248230884752396,0.924904214559387,0.7430555555555556,0.8819945422971968,0.037037037037037035,1.0537978621860542,0.0,27,3915,
emb_scvi,9,3,blood_B,blood_C,blood_A,donor_crc,0.9449065699524085,0.9450830140485313,0.7847222222222222,0.9034098748398541,0.037037037037037035,1.1262897014064668,0.0,27,3915,
emb_scvi,9,3,blood_B,blood_C,blood_A,target_only_k,0.9199641539700354,0.9200510855683269,0.7222222222222222,0.8698883651699331,0.037037037037037035,1.0413121458302792,0.0005108556832694764,27,3915,
emb_scvi,9,3,blood_B,blood_C,blood_A,adaptive_crc,0.9293888731855445,0.9295019157088122,0.75,0.8861324733316795,0.037037037037037035,1.0632332899303272,0.0,27,3915,0.25
emb_scvi,9,3,blood_B,blood_C,blood_A,adaptive_plugin,0.9222666736609868,0.9223499361430396,0.7361111111111112,0.8737186802282312,0.037037037037037035,1.0469221632709353,0.0002554278416347382,27,3915,
emb_scvi,9,6,blood_B,blood_C,blood_A,cell_pooled,0.9248229305364662,0.9249136939010357,0.7430555555555556,0.8762490697097495,0.041666666666666664,1.0553834010890115,0.0,24,3476,
emb_scvi,9,6,blood_B,blood_C,blood_A,donor_weighted,0.9248229305364662,0.9249136939010357,0.7430555555555556,0.8762490697097495,0.041666666666666664,1.0553834010890115,0.0,24,3476,
emb_scvi,9,6,blood_B,blood_C,blood_A,donor_crc,0.9454247955103153,0.9456271576524741,0.7847222222222222,0.8996328454477797,0.041666666666666664,1.127807598175438,0.0,24,3476,
emb_scvi,9,6,blood_B,blood_C,blood_A,target_only_k,0.9018346577031394,0.9018987341772152,0.7083333333333334,0.8414835028528901,0.08333333333333333,1.0028325015222708,0.002589182968929804,24,3476,
emb_scvi,9,6,blood_B,blood_C,blood_A,adaptive_crc,0.929396375272496,0.9295166858457997,0.75,0.8783180352269908,0.041666666666666664,1.0654351942382558,0.0,24,3476,0.25
emb_scvi,9,6,blood_B,blood_C,blood_A,adaptive_plugin,0.909561394901425,0.9096662830840047,0.7222222222222222,0.8507963284544778,0.08333333333333333,1.0217704620170593,0.0014384349827387803,24,3476,
emb_scvi,10,3,blood_C,blood_A,blood_B,cell_pooled,0.9030797332231143,0.9086069210292813,0.7045454545454546,0.8194029850746268,0.07407407407407407,0.9953407534986509,0.004732327713694173,27,3381,
emb_scvi,10,3,blood_C,blood_A,blood_B,donor_weighted,0.9030797332231143,0.9086069210292813,0.7045454545454546,0.8194029850746268,0.07407407407407407,0.9953407534986509,0.004732327713694173,27,3381,
emb_scvi,10,3,blood_C,blood_A,blood_B,donor_crc,0.9272166534905175,0.9316770186335404,0.7727272727272727,0.8489092996555683,0.037037037037037035,1.0501512585459094,0.0002957704821058858,27,3381,
emb_scvi,10,3,blood_C,blood_A,blood_B,target_only_k,0.8664093499586805,0.8713398402839396,0.6590909090909091,0.7782555282555282,0.1111111111111111,0.9329777606692871,0.0668441289559302,27,3381,
emb_scvi,10,3,blood_C,blood_A,blood_B,adaptive_crc,0.9088762200843531,0.914522330671399,0.7045454545454546,0.8318547124517274,0.07407407407407407,1.0063791378249238,0.0002957704821058858,27,3381,0.25
emb_scvi,10,3,blood_C,blood_A,blood_B,adaptive_plugin,0.8859276074651395,0.8914522330671399,0.6590909090909091,0.8032130032130033,0.1111111111111111,0.9611592653535658,0.038154392191659274,27,3381,
emb_scvi,10,6,blood_C,blood_A,blood_B,cell_pooled,0.8997112210651244,0.9058744993324432,0.7045454545454546,0.8126865671641791,0.08333333333333333,0.9950943691913589,0.005006675567423231,24,2996,
emb_scvi,10,6,blood_C,blood_A,blood_B,donor_weighted,0.8997112210651244,0.9058744993324432,0.7045454545454546,0.8126865671641791,0.08333333333333333,0.9950943691913589,0.005006675567423231,24,2996,
emb_scvi,10,6,blood_C,blood_A,blood_B,donor_crc,0.9255265466885336,0.9305740987983978,0.7727272727272727,0.8475315729047073,0.041666666666666664,1.0534633347446036,0.0003337783711615487,24,2996,
emb_scvi,10,6,blood_C,blood_A,blood_B,target_only_k,0.8570477025614626,0.8624833110814419,0.6590909090909091,0.739987714987715,0.16666666666666666,0.9229627897785709,0.07643524699599466,24,2996,
emb_scvi,10,6,blood_C,blood_A,blood_B,adaptive_crc,0.9046507644676449,0.9108811748998665,0.7045454545454546,0.8253731343283582,0.08333333333333333,1.004977707914015,0.0006675567423230974,24,2996,0.25
emb_scvi,10,6,blood_C,blood_A,blood_B,adaptive_plugin,0.8717896929832825,0.8775033377837116,0.6590909090909091,0.7772821772821773,0.125,0.9453400620644546,0.0540720961281709,24,2996,
emb_scvi,11,3,blood_C,blood_B,blood_A,cell_pooled,0.844651469911708,0.8445129786687227,0.7297297297297297,0.7913550267119961,0.14814814814814814,0.911082068896964,0.08918015934207145,27,3891,
emb_scvi,11,3,blood_C,blood_B,blood_A,donor_weighted,0.8779259302158993,0.877923413004369,0.8098591549295775,0.8380767362797474,0.0,0.9579364869737675,0.042148547931123104,27,3891,
emb_scvi,11,3,blood_C,blood_B,blood_A,donor_crc,0.9356183046840266,0.9357491647391416,0.8661971830985915,0.9076222038111019,0.0,1.096391910386814,0.0,27,3891,
emb_scvi,11,3,blood_C,blood_B,blood_A,target_only_k,0.8746276575587517,0.8745823695708044,0.8040540540540541,0.8345309862551242,0.0,0.9533607591283436,0.04677460806990491,27,3891,
emb_scvi,11,3,blood_C,blood_B,blood_A,adaptive_crc,0.8919977649123867,0.8920585967617579,0.8169014084507042,0.8472008113590264,0.0,0.9843821150861246,0.015677203803649446,27,3891,0.25
emb_scvi,11,3,blood_C,blood_B,blood_A,adaptive_plugin,0.8766556457046927,0.8766383962991519,0.8098591549295775,0.8380767362797474,0.0,0.9559049993204056,0.04420457465947057,27,3891,
emb_scvi,11,6,blood_C,blood_B,blood_A,cell_pooled,0.8442880744881114,0.8442836468885673,0.7816901408450704,0.8006269592476489,0.125,0.9116043081613556,0.08856729377713458,24,3455,
emb_scvi,11,6,blood_C,blood_B,blood_A,donor_weighted,0.8763415645511001,0.876410998552822,0.8098591549295775,0.8452257663628832,0.0,0.9578091245924071,0.042257597684515195,24,3455,
emb_scvi,11,6,blood_C,blood_B,blood_A,donor_crc,0.9338430479374126,0.9340086830680173,0.8661971830985915,0.9045153272576636,0.0,1.0956581835156085,0.0,24,3455,
emb_scvi,11,6,blood_C,blood_B,blood_A,target_only_k,0.8772017194368091,0.8772793053545586,0.8098591549295775,0.8452257663628832,0.0,0.9598189519840513,0.0402315484804631,24,3455,
emb_scvi,11,6,blood_C,blood_B,blood_A,adaptive_crc,0.8901862314786385,0.8903039073806078,0.8169014084507042,0.8515395823215153,0.0,0.9829908183143733,0.0170767004341534,24,3455,0.25
emb_scvi,11,6,blood_C,blood_B,blood_A,adaptive_plugin,0.8763415645511001,0.876410998552822,0.8098591549295775,0.8452257663628832,0.0,0.9578091245924071,0.042257597684515195,24,3455,
emb_scvi,12,3,blood_A,blood_B,blood_C,cell_pooled,0.882105055642245,0.8821890043070687,0.7162162162162162,0.8176262094070312,0.037037037037037035,0.9586198921204693,0.04129718773752217,27,3947,
emb_scvi,12,3,blood_A,blood_B,blood_C,donor_weighted,0.8892008581724085,0.889282999746643,0.7364864864864865,0.8226446743080794,0.037037037037037035,0.9682602013581222,0.03166962249809982,27,3947,
emb_scvi,12,3,blood_A,blood_B,blood_C,donor_crc,0.9242574662012667,0.9242462629845453,0.7972972972972973,0.87447581772435,0.037037037037037035,1.0421434029597607,0.0002533569799847986,27,3947,
emb_scvi,12,3,blood_A,blood_B,blood_C,target_only_k,0.9173902672505013,0.9174056245249557,0.777027027027027,0.862974862974863,0.037037037037037035,1.025382305395547,0.0002533569799847986,27,3947,
emb_scvi,12,3,blood_A,blood_B,blood_C,adaptive_crc,0.9229851716284794,0.9229794780846212,0.7972972972972973,0.8687709550723249,0.037037037037037035,1.0406121081279731,0.0002533569799847986,27,3947,1.0
emb_scvi,12,3,blood_A,blood_B,blood_C,adaptive_plugin,0.9092878822451635,0.9092982011654421,0.75,0.8458684172969887,0.037037037037037035,1.0083939189731577,0.001266784899923993,27,3947,
emb_scvi,12,6,blood_A,blood_B,blood_C,cell_pooled,0.8828646544477662,0.8828726132801368,0.7162162162162162,0.8208933923219638,0.041666666666666664,0.9586210111995254,0.04132231404958678,24,3509,
emb_scvi,12,6,blood_A,blood_B,blood_C,donor_weighted,0.8905560570028249,0.890567113137646,0.7364864864864865,0.8333333333333334,0.041666666666666664,0.9691749838005096,0.030777999430037048,24,3509,
emb_scvi,12,6,blood_A,blood_B,blood_C,donor_crc,0.9248153624016048,0.9247648902821317,0.7972972972972973,0.8786213786213786,0.041666666666666664,1.0419405744046693,0.00028498147620404675,24,3509,
emb_scvi,12,6,blood_A,blood_B,blood_C,target_only_k,0.911959193440596,0.9119407238529496,0.7567567567567568,0.8594594594594595,0.041666666666666664,1.012843648216289,0.0008549444286121402,24,3509,
emb_scvi,12,6,blood_A,blood_B,blood_C,adaptive_crc,0.9230885227329875,0.9230550014249074,0.7972972972972973,0.870258313115456,0.041666666666666664,1.0393593800342085,0.00028498147620404675,24,3509,1.0
emb_scvi,12,6,blood_A,blood_B,blood_C,adaptive_plugin,0.90739557190844,0.9073810202336848,0.75,0.84993564993565,0.041666666666666664,1.0028464321552375,0.0017098888572242804,24,3509,
emb_scvi,13,3,blood_A,blood_C,blood_B,cell_pooled,0.9325065000680895,0.9342027267338471,0.8391608391608392,0.8820361247947455,0.0,1.0133458256100605,0.0005927682276229994,27,3374,
emb_scvi,13,3,blood_A,blood_C,blood_B,donor_weighted,0.9325065000680895,0.9342027267338471,0.8391608391608392,0.8820361247947455,0.0,1.0133458256100605,0.0005927682276229994,27,3374,
emb_scvi,13,3,blood_A,blood_C,blood_B,donor_crc,0.9492496106691767,0.951985773562537,0.8601398601398601,0.896652558676414,0.0,1.05601137515579,0.0,27,3374,
emb_scvi,13,3,blood_A,blood_C,blood_B,target_only_k,0.9132322677928117,0.9143449911084766,0.8251748251748252,0.8637465051258155,0.0,0.9740357481737169,0.026378186129223474,27,3374,
emb_scvi,13,3,blood_A,blood_C,blood_B,adaptive_crc,0.9362907319748506,0.9383521043272081,0.8391608391608392,0.8886641382216603,0.0,1.0203331533351312,0.0002963841138114997,27,3374,0.25
emb_scvi,13,3,blood_A,blood_C,blood_B,adaptive_plugin,0.9216120885089468,0.9229401304090101,0.8391608391608392,0.8734989648033127,0.0,0.9922536661561208,0.007409602845287492,27,3374,
emb_scvi,13,6,blood_A,blood_C,blood_B,cell_pooled,0.9282900166405134,0.9297534616683553,0.8391608391608392,0.8814942528735632,0.0,1.013787967011585,0.0006754474839581223,24,2961,
emb_scvi,13,6,blood_A,blood_C,blood_B,donor_weighted,0.9282900166405134,0.9297534616683553,0.8391608391608392,0.8814942528735632,0.0,1.013787967011585,0.0006754474839581223,24,2961,
emb_scvi,13,6,blood_A,blood_C,blood_B,donor_crc,0.9453266876523282,0.9479905437352246,0.8601398601398601,0.8952289342054636,0.0,1.0566486834139612,0.0,24,2961,
emb_scvi,13,6,blood_A,blood_C,blood_B,target_only_k,0.890248971092622,0.8909152313407632,0.7972027972027972,0.8346846846846847,0.041666666666666664,0.9433359195314623,0.05707531239446133,24,2961,
emb_scvi,13,6,blood_A,blood_C,blood_B,adaptive_crc,0.9316097939527458,0.933468422830125,0.8391608391608392,0.8848082595870206,0.0,1.018871602122158,0.00033772374197906115,24,2961,0.25
emb_scvi,13,6,blood_A,blood_C,blood_B,adaptive_plugin,0.9021703286158331,0.9030732860520094,0.8181818181818182,0.8527459459459459,0.0,0.9614215659017572,0.03917595406957109,24,2961,
emb_scvi,14,3,blood_B,blood_A,blood_C,cell_pooled,0.8649717970342652,0.8650369238604533,0.7718120805369127,0.7918367346938775,0.1111111111111111,0.9527164329629767,0.04736440030557677,27,3927,
emb_scvi,14,3,blood_B,blood_A,blood_C,donor_weighted,0.8649717970342652,0.8650369238604533,0.7718120805369127,0.7918367346938775,0.1111111111111111,0.9527164329629767,0.04736440030557677,27,3927,
emb_scvi,14,3,blood_B,blood_A,blood_C,donor_crc,0.8952232613513744,0.8953399541634836,0.8120805369127517,0.8399155524278678,0.0,1.0177682140013766,0.004583651642475172,27,3927,
emb_scvi,14,3,blood_B,blood_A,blood_C,target_only_k,0.8848381792151228,0.884899414311179,0.7986577181208053,0.8248794782115512,0.037037037037037035,0.9939120618465255,0.012223071046600458,27,3927,
emb_scvi,14,3,blood_B,blood_A,blood_C,adaptive_crc,0.8947140108421239,0.8948306595365418,0.8120805369127517,0.8399155524278678,0.0,1.0170070108592213,0.004583651642475172,27,3927,1.0
emb_scvi,14,3,blood_B,blood_A,blood_C,adaptive_plugin,0.8805571987770024,0.8805704099821747,0.7785234899328859,0.817687074829932,0.037037037037037035,0.9848147818664892,0.01757066462948816,27,3927,
emb_scvi,14,6,blood_B,blood_A,blood_C,cell_pooled,0.8650892007823222,0.8651588892069854,0.7718120805369127,0.7836734693877551,0.125,0.950266236125494,0.04981391354136845,24,3493,
emb_scvi,14,6,blood_B,blood_A,blood_C,donor_weighted,0.8650892007823222,0.8651588892069854,0.7718120805369127,0.7836734693877551,0.125,0.950266236125494,0.04981391354136845,24,3493,
emb_scvi,14,6,blood_B,blood_A,blood_C,donor_crc,0.8968152654443063,0.8969367306040653,0.8120805369127517,0.8371991555242787,0.0,1.0182631072905017,0.004866876610363584,24,3493,
emb_scvi,14,6,blood_B,blood_A,blood_C,target_only_k,0.900796767498539,0.9009447466361294,0.8120805369127517,0.8418560518398519,0.0,1.0288666395643338,0.0017177211565989122,24,3493,
emb_scvi,14,6,blood_B,blood_A,blood_C,adaptive_crc,0.9252742781351199,0.9252791296879473,0.8389261744966443,0.8952380952380953,0.0,1.1017490443666131,0.0,24,3493,2.0
emb_scvi,14,6,blood_B,blood_A,blood_C,adaptive_plugin,0.8945645062724065,0.8946464357286,0.8053691275167785,0.8358157833834761,0.0,1.013137254572402,0.005153163469796736,24,3493,
emb_scvi,15,3,blood_B,blood_C,blood_A,cell_pooled,0.8823786778036277,0.8826242952332137,0.7083333333333334,0.8356164383561644,0.037037037037037035,0.9622499281328145,0.03767298821117376,27,3902,
emb_scvi,15,3,blood_B,blood_C,blood_A,donor_weighted,0.8821214761575371,0.8823680164018453,0.7013888888888888,0.8356164383561644,0.037037037037037035,0.9619927264867241,0.037929267042542285,27,3902,
emb_scvi,15,3,blood_B,blood_C,blood_A,donor_crc,0.9134760705483301,0.9136340338288057,0.8055555555555556,0.87447581772435,0.0,1.0251560419881942,0.0007688364941055869,27,3902,
emb_scvi,15,3,blood_B,blood_C,blood_A,target_only_k,0.9283637337712977,0.9284982060481805,0.8472222222222222,0.8903612149084986,0.0,1.0675491624541946,0.0,27,3902,
emb_scvi,15,3,blood_B,blood_C,blood_A,adaptive_crc,0.9391946361657868,0.9392619169656586,0.8611111111111112,0.9030291337063476,0.0,1.1045673565564889,0.0,27,3902,2.0
emb_scvi,15,3,blood_B,blood_C,blood_A,adaptive_plugin,0.9139869505302909,0.9141465914915428,0.8125,0.87447581772435,0.0,1.027218646459165,0.0007688364941055869,27,3902,
emb_scvi,15,6,blood_B,blood_C,blood_A,cell_pooled,0.8775252759754668,0.8777745748054194,0.7083333333333334,0.8356164383561644,0.041666666666666664,0.9613138572846225,0.038627846641683485,24,3469,
emb_scvi,15,6,blood_B,blood_C,blood_A,donor_weighted,0.8772359241236151,0.877486307293168,0.7013888888888888,0.8356164383561644,0.041666666666666664,0.9610245054327707,0.03891611415393485,24,3469,
emb_scvi,15,6,blood_B,blood_C,blood_A,donor_crc,0.9090269148698976,0.9091957336408186,0.8055555555555556,0.8721694157114901,0.0,1.02570058638907,0.0005765350245027386,24,3469,
emb_scvi,15,6,blood_B,blood_C,blood_A,target_only_k,0.8879062198141273,0.8881522052464688,0.7361111111111112,0.8432471541578237,0.041666666666666664,0.9805791248250447,0.019313923320841742,24,3469,
emb_scvi,15,6,blood_B,blood_C,blood_A,adaptive_crc,0.891141583424559,0.8913231478812338,0.7569444444444444,0.8453598302141617,0.041666666666666664,0.987863254944871,0.012107235514557509,24,3469,0.5
emb_scvi,15,6,blood_B,blood_C,blood_A,adaptive_plugin,0.8861896817629837,0.8864226001729605,0.7361111111111112,0.8432471541578237,0.041666666666666664,0.977144053192745,0.022773133467858173,24,3469,
emb_scvi,16,3,blood_C,blood_A,blood_B,cell_pooled,0.9185322652952971,0.9247552447552447,0.6875,0.8711251244606705,0.037037037037037035,0.9871496261874187,0.01062937062937063,27,3575,
emb_scvi,16,3,blood_C,blood_A,blood_B,donor_weighted,0.9185322652952971,0.9247552447552447,0.6875,0.8711251244606705,0.037037037037037035,0.9871496261874187,0.01062937062937063,27,3575,
emb_scvi,16,3,blood_C,blood_A,blood_B,donor_crc,0.9363489779736833,0.9432167832167833,0.6875,0.885927646863591,0.037037037037037035,1.0311860872688554,0.0,27,3575,
emb_scvi,16,3,blood_C,blood_A,blood_B,target_only_k,0.9182658117914336,0.9244755244755245,0.6875,0.8711251244606705,0.037037037037037035,0.9863399150480989,0.01146853146853147,27,3575,
emb_scvi,16,3,blood_C,blood_A,blood_B,adaptive_crc,0.9231333054704188,0.9295104895104895,0.6875,0.8741785595751742,0.037037037037037035,0.9968849772184113,0.0013986013986013986,27,3575,0.25
emb_scvi,16,3,blood_C,blood_A,blood_B,adaptive_plugin,0.9185322652952971,0.9247552447552447,0.6875,0.8711251244606705,0.037037037037037035,0.9871496261874187,0.01062937062937063,27,3575,
emb_scvi,16,6,blood_C,blood_A,blood_B,cell_pooled,0.9144729526921487,0.9212198221092758,0.6875,0.8668602721539993,0.041666666666666664,0.9864217023311485,0.011118170266836086,24,3148,
emb_scvi,16,6,blood_C,blood_A,blood_B,donor_weighted,0.9144729526921487,0.9212198221092758,0.6875,0.8668602721539993,0.041666666666666664,0.9864217023311485,0.011118170266836086,24,3148,
emb_scvi,16,6,blood_C,blood_A,blood_B,donor_crc,0.9330555169889599,0.9405972045743329,0.6875,0.8818951211417192,0.041666666666666664,1.0321537212923235,0.0,24,3148,
emb_scvi,16,6,blood_C,blood_A,blood_B,target_only_k,0.8884230405905355,0.8942185514612452,0.6875,0.8396853146853147,0.041666666666666664,0.9428800745657745,0.055273189326556546,24,3148,
emb_scvi,16,6,blood_C,blood_A,blood_B,adaptive_crc,0.9193617665673214,0.9263024142312579,0.6875,0.872203783604381,0.041666666666666664,0.9964955993707126,0.0015883100381194409,24,3148,0.25
emb_scvi,16,6,blood_C,blood_A,blood_B,adaptive_plugin,0.8998528505803663,0.9059720457433291,0.6875,0.8487962419260129,0.041666666666666664,0.9610818854046043,0.03748411689961881,24,3148,
emb_scvi,17,3,blood_C,blood_B,blood_A,cell_pooled,0.8285788328838714,0.8286883150089491,0.7394366197183099,0.7472222222222222,0.2962962962962963,0.8769790236259013,0.12298644847864997,27,3911,
emb_scvi,17,3,blood_C,blood_B,blood_A,donor_weighted,0.8285788328838714,0.8286883150089491,0.7394366197183099,0.7472222222222222,0.2962962962962963,0.8769790236259013,0.12298644847864997,27,3911,
emb_scvi,17,3,blood_C,blood_B,blood_A,donor_crc,0.8901262961372126,0.8903093837893122,0.8028169014084507,0.8435374149659863,0.0,0.9621089091474895,0.03784198414727691,27,3911,
emb_scvi,17,3,blood_C,blood_B,blood_A,target_only_k,0.9123495294768939,0.9125543339299412,0.8098591549295775,0.870578231292517,0.0,1.003850547305147,0.0,27,3911,
emb_scvi,17,3,blood_C,blood_B,blood_A,adaptive_crc,0.9356671114706724,0.935822040398875,0.8450704225352113,0.8997901678657074,0.0,1.0679735787207523,0.0,27,3911,2.0
emb_scvi,17,3,blood_C,blood_B,blood_A,adaptive_plugin,0.9011329101289469,0.9013040143185886,0.8098591549295775,0.8664115646258503,0.0,0.9821148114167705,0.017898235745333675,27,3911,
emb_scvi,17,6,blood_C,blood_B,blood_A,cell_pooled,0.8240412308471453,0.8241726618705036,0.7394366197183099,0.7451388888888889,0.3333333333333333,0.8750626361687601,0.12489208633093525,24,3475,
emb_scvi,17,6,blood_C,blood_B,blood_A,donor_weighted,0.8240412308471453,0.8241726618705036,0.7394366197183099,0.7451388888888889,0.3333333333333333,0.8750626361687601,0.12489208633093525,24,3475,
emb_scvi,17,6,blood_C,blood_B,blood_A,donor_crc,0.8872610428071909,0.8874820143884892,0.8028169014084507,0.8384353741496599,0.0,0.9628089981473517,0.03712230215827338,24,3475,
emb_scvi,17,6,blood_C,blood_B,blood_A,target_only_k,0.8976455272483211,0.897841726618705,0.8098591549295775,0.8651785714285715,0.0,0.9804270487117535,0.019568345323741007,24,3475,
emb_scvi,17,6,blood_C,blood_B,blood_A,adaptive_crc,0.9192502624942822,0.9194244604316547,0.823943661971831,0.8809523809523809,0.0,1.0244956351906285,0.0,24,3475,2.0
emb_scvi,17,6,blood_C,blood_B,blood_A,adaptive_plugin,0.8918837857809397,0.8920863309352518,0.8028169014084507,0.8404761904761905,0.0,0.9714713419547468,0.028489208633093524,24,3475,
emb_scvi,18,3,blood_A,blood_B,blood_C,cell_pooled,0.8599202897783159,0.8601522842639594,0.6619718309859155,0.808,0.07407407407407407,0.9392185768088188,0.06065989847715736,27,3940,
emb_scvi,18,3,blood_A,blood_B,blood_C,donor_weighted,0.8611906735376976,0.8614213197969544,0.6690140845070423,0.808,0.07407407407407407,0.9415038891693358,0.0583756345177665,27,3940,
emb_scvi,18,3,blood_A,blood_B,blood_C,donor_crc,0.9153697728239524,0.9154822335025381,0.8028169014084507,0.8580689655172414,0.0,1.040420269169889,0.0,27,3940,
emb_scvi,18,3,blood_A,blood_B,blood_C,target_only_k,0.9044271288375356,0.9045685279187817,0.7605633802816901,0.844551724137931,0.037037037037037035,1.0147435409359178,0.0010152284263959391,27,3940,
emb_scvi,18,3,blood_A,blood_B,blood_C,adaptive_crc,0.9133326272180377,0.9134517766497462,0.795774647887324,0.8544367816091955,0.037037037037037035,1.0363602435180235,0.0002538071065989848,27,3940,1.0
emb_scvi,18,3,blood_A,blood_B,blood_C,adaptive_plugin,0.8884114829051086,0.8885786802030456,0.7464788732394366,0.824551724137931,0.07407407407407407,0.9854977705721972,0.014467005076142132,27,3940,
emb_scvi,18,6,blood_A,blood_B,blood_C,cell_pooled,0.8572360673888468,0.8575498575498576,0.6619718309859155,0.804,0.08333333333333333,0.9377276393916615,0.062108262108262105,24,3510,
emb_scvi,18,6,blood_A,blood_B,blood_C,donor_weighted,0.8586652491181512,0.8589743589743589,0.6690140845070423,0.804,0.08333333333333333,0.9402986157972433,0.05954415954415954,24,3510,
emb_scvi,18,6,blood_A,blood_B,blood_C,donor_crc,0.9138013706248226,0.913960113960114,0.8028169014084507,0.8566206896551725,0.0,1.041403665934488,0.0,24,3510,
emb_scvi,18,6,blood_A,blood_B,blood_C,target_only_k,0.886959736584031,0.8871794871794871,0.7464788732394366,0.8222758620689655,0.08333333333333333,0.9874372451426318,0.012535612535612535,24,3510,
emb_scvi,18,6,blood_A,blood_B,blood_C,adaptive_crc,0.9086765733204084,0.9088319088319088,0.7887323943661971,0.8538850574712644,0.041666666666666664,1.0277330551050914,0.0002849002849002849,24,3510,1.0
emb_scvi,18,6,blood_A,blood_B,blood_C,adaptive_plugin,0.8843766818457173,0.8846153846153846,0.7394366197183099,0.8176091954022988,0.08333333333333333,0.980290888314042,0.019658119658119658,24,3510,
emb_scvi,19,3,blood_A,blood_C,blood_B,cell_pooled,0.8984493607493752,0.9034041315100378,0.6666666666666666,0.8432741375790977,0.07407407407407407,0.9831708356178772,0.016293279022403257,27,3437,
emb_scvi,19,3,blood_A,blood_C,blood_B,donor_weighted,0.8984493607493752,0.9034041315100378,0.6666666666666666,0.8432741375790977,0.07407407407407407,0.9831708356178772,0.016293279022403257,27,3437,
emb_scvi,19,3,blood_A,blood_C,blood_B,donor_crc,0.9276372331739147,0.9322083212103579,0.7037037037037037,0.8802204531537049,0.037037037037037035,1.0508244446543367,0.0,27,3437,
emb_scvi,19,3,blood_A,blood_C,blood_B,target_only_k,0.8124731671003403,0.8149549025312772,0.5925925925925926,0.7158508158508158,0.4444444444444444,0.8449070046980128,0.15304044224614488,27,3437,
emb_scvi,19,3,blood_A,blood_C,blood_B,adaptive_crc,0.9048936849010519,0.9103869653767821,0.6666666666666666,0.8457556935817805,0.037037037037037035,0.9968941754386051,0.0034914169333721268,27,3437,0.25
emb_scvi,19,3,blood_A,blood_C,blood_B,adaptive_plugin,0.8702846266540958,0.8760546988652895,0.6111111111111112,0.8019047619047619,0.1111111111111111,0.9307738132006718,0.06662787314518476,27,3437,
emb_scvi,19,6,blood_A,blood_C,blood_B,cell_pooled,0.8940815593955547,0.8993752055244986,0.6666666666666666,0.8419269238620126,0.08333333333333333,0.9820179962350553,0.017428477474514963,24,3041,
emb_scvi,19,6,blood_A,blood_C,blood_B,donor_weighted,0.8940815593955547,0.8993752055244986,0.6666666666666666,0.8419269238620126,0.08333333333333333,0.9820179962350553,0.017428477474514963,24,3041,
emb_scvi,19,6,blood_A,blood_C,blood_B,donor_crc,0.9240320900348831,0.9289707333114107,0.7037037037037037,0.8748928352725046,0.041666666666666664,1.0523232473810673,0.0,24,3041,
emb_scvi,19,6,blood_A,blood_C,blood_B,target_only_k,0.8368085308484187,0.8411706675435712,0.5925925925925926,0.7543512043512043,0.375,0.8845678483230643,0.11246300559026635,24,3041,
emb_scvi,19,6,blood_A,blood_C,blood_B,adaptive_crc,0.9004335952269521,0.906280828674778,0.6666666666666666,0.843167701863354,0.041666666666666664,0.9959190638028238,0.004274909569220651,24,3041,0.25
emb_scvi,19,6,blood_A,blood_C,blood_B,adaptive_plugin,0.8619691579543902,0.8678066425517922,0.6111111111111112,0.7950716845878136,0.16666666666666666,0.9242503935445446,0.07333114107201578,24,3041,
emb_scvi,20,3,blood_B,blood_A,blood_C,cell_pooled,0.9019779619797136,0.9020996711358462,0.8333333333333334,0.8642906734552187,0.0,0.9971901575225175,0.0058183657981280045,27,3953,
emb_scvi,20,3,blood_B,blood_A,blood_C,donor_weighted,0.9019779619797136,0.9020996711358462,0.8333333333333334,0.8642906734552187,0.0,0.9971901575225175,0.0058183657981280045,27,3953,
emb_scvi,20,3,blood_B,blood_A,blood_C,donor_crc,0.9329595676089648,0.9329623071085251,0.8783783783783784,0.896551724137931,0.0,1.0759827309211343,0.0,27,3953,
emb_scvi,20,3,blood_B,blood_A,blood_C,target_only_k,0.9098562662282474,0.9099418163420188,0.8445945945945946,0.8745105299699143,0.0,1.0108647351499902,0.004047558816089046,27,3953,
emb_scvi,20,3,blood_B,blood_A,blood_C,adaptive_crc,0.9126545657618393,0.9127245130280799,0.8581081081081081,0.8745105299699143,0.0,1.0177230890611004,0.0027826966860612194,27,3953,0.25
emb_scvi,20,3,blood_B,blood_A,blood_C,adaptive_plugin,0.9080780777281694,0.9081710093599797,0.8445945945945946,0.8676880351770423,0.0,1.007841968281652,0.0043005312420946115,27,3953,
emb_scvi,20,6,blood_B,blood_A,blood_C,cell_pooled,0.898915370184464,0.8989755264655663,0.8333333333333334,0.86317981948623,0.0,0.9965687597851306,0.00597609561752988,24,3514,
emb_scvi,20,6,blood_B,blood_A,blood_C,donor_weighted,0.898915370184464,0.8989755264655663,0.8333333333333334,0.86317981948623,0.0,0.9965687597851306,0.00597609561752988,24,3514,
emb_scvi,20,6,blood_B,blood_A,blood_C,donor_crc,0.930026954247252,0.9299943084803642,0.8783783783783784,0.896551724137931,0.0,1.0760098907608,0.0,24,3514,
emb_scvi,20,6,blood_B,blood_A,blood_C,target_only_k,0.8958045358898449,0.8958451906659078,0.8333333333333334,0.8599629715343671,0.0,0.9880730551913192,0.01195219123505976,24,3514,
emb_scvi,20,6,blood_B,blood_A,blood_C,adaptive_crc,0.9086193066110754,0.908651109846329,0.8513513513513513,0.8734968757232122,0.0,1.015653974859677,0.003414911781445646,24,3514,0.25
emb_scvi,20,6,blood_B,blood_A,blood_C,adaptive_plugin,0.8958045358898449,0.8958451906659078,0.8333333333333334,0.8599629715343671,0.0,0.9900595177663422,0.0099601593625498,24,3514,
emb_scvi,21,3,blood_B,blood_C,blood_A,cell_pooled,0.8980129619576624,0.8980482794042116,0.7638888888888888,0.8554621848739495,0.037037037037037035,1.009828465515029,0.002824858757062147,27,3894,
emb_scvi,21,3,blood_B,blood_C,blood_A,donor_weighted,0.896684796946802,0.8967642526964561,0.7638888888888888,0.8495798319327731,0.037037037037037035,1.0077357421863378,0.003338469440164355,27,3894,
emb_scvi,21,3,blood_B,blood_C,blood_A,donor_crc,0.9301518595576957,0.9301489470980996,0.8263888888888888,0.8905762304921968,0.0,1.0852154236987959,0.0,27,3894,
emb_scvi,21,3,blood_B,blood_C,blood_A,target_only_k,0.9031838825799291,0.9031843862352337,0.7777777777777778,0.8665666266506603,0.037037037037037035,1.0198270531021585,0.002054442732408834,27,3894,
emb_scvi,21,3,blood_B,blood_C,blood_A,adaptive_crc,0.9034393104215639,0.9034411915767848,0.7777777777777778,0.8665666266506603,0.037037037037037035,1.020591587121298,0.002054442732408834,27,3894,0.25
emb_scvi,21,3,blood_B,blood_C,blood_A,adaptive_plugin,0.898775794572528,0.8988186954288649,0.7708333333333334,0.8595438175270108,0.037037037037037035,1.0121278352883059,0.002824858757062147,27,3894,
emb_scvi,21,6,blood_B,blood_C,blood_A,cell_pooled,0.9008657884618212,0.9008956948858712,0.7638888888888888,0.8542016806722689,0.041666666666666664,1.0101889681488518,0.0020225368390638545,24,3461,
emb_scvi,21,6,blood_B,blood_C,blood_A,donor_weighted,0.8993716028246034,0.8994510257151113,0.7638888888888888,0.8439075630252101,0.041666666666666664,1.0078346544040744,0.002600404507367813,24,3461,
emb_scvi,21,6,blood_B,blood_C,blood_A,donor_crc,0.9312499863062861,0.931233747471829,0.8263888888888888,0.890141056422569,0.0,1.083223391211334,0.0,24,3461,
emb_scvi,21,6,blood_B,blood_C,blood_A,target_only_k,0.9130336666254938,0.9130309159202543,0.7916666666666666,0.8685774309723889,0.041666666666666664,1.0358349261591533,0.001444669170759896,24,3461,
emb_scvi,21,6,blood_B,blood_C,blood_A,adaptive_crc,0.9147731008831292,0.9147645189251662,0.7986111111111112,0.8720238095238095,0.041666666666666664,1.0396009285674268,0.0011557353366079169,24,3461,0.5
emb_scvi,21,6,blood_B,blood_C,blood_A,adaptive_plugin,0.9107220857757894,0.9107194452470384,0.7777777777777778,0.8685774309723889,0.041666666666666664,1.0289500838483185,0.001444669170759896,24,3461,
emb_scvi,22,3,blood_C,blood_A,blood_B,cell_pooled,0.9331845960178988,0.9360047846889952,0.8636363636363636,0.8900763358778626,0.0,0.9934662469214769,0.005980861244019139,27,3344,
emb_scvi,22,3,blood_C,blood_A,blood_B,donor_weighted,0.9331845960178988,0.9360047846889952,0.8636363636363636,0.8900763358778626,0.0,0.9934662469214769,0.005980861244019139,27,3344,
emb_scvi,22,3,blood_C,blood_A,blood_B,donor_crc,0.9523338202137926,0.9557416267942583,0.8636363636363636,0.9095238095238095,0.0,1.0463267105807885,0.0,27,3344,
emb_scvi,22,3,blood_C,blood_A,blood_B,target_only_k,0.9050063663612555,0.9090909090909091,0.7727272727272727,0.8654209866697049,0.037037037037037035,0.9475715294650787,0.05053827751196172,27,3344,
emb_scvi,22,3,blood_C,blood_A,blood_B,adaptive_crc,0.9371358252718607,0.9401913875598086,0.8636363636363636,0.9001090512540895,0.0,1.002517369165403,0.0005980861244019139,27,3344,0.25
emb_scvi,22,3,blood_C,blood_A,blood_B,adaptive_plugin,0.9199857942623068,0.9246411483253588,0.7954545454545454,0.88008658008658,0.037037037037037035,0.9703222129127774,0.026913875598086126,27,3344,
emb_scvi,22,6,blood_C,blood_A,blood_B,cell_pooled,0.9336164443668596,0.9368849677638276,0.8636363636363636,0.8877862595419848,0.0,0.9929651843523178,0.006447234475738039,24,2947,
emb_scvi,22,6,blood_C,blood_A,blood_B,donor_weighted,0.9336164443668596,0.9368849677638276,0.8636363636363636,0.8877862595419848,0.0,0.9929651843523178,0.006447234475738039,24,2947,
emb_scvi,22,6,blood_C,blood_A,blood_B,donor_crc,0.9526516956533554,0.9565659993213438,0.8636363636363636,0.9071428571428571,0.0,1.0464108593441792,0.0,24,2947,
emb_scvi,22,6,blood_C,blood_A,blood_B,target_only_k,0.9054456879591468,0.9100780454699695,0.7727272727272727,0.8618149709467928,0.041666666666666664,0.947355108729956,0.0505598914149983,24,2947,
emb_scvi,22,6,blood_C,blood_A,blood_B,adaptive_crc,0.9374302641462536,0.9409569053274517,0.8636363636363636,0.896619411123228,0.0,1.0018505871237429,0.0010179843909060061,24,2947,0.25
emb_scvi,22,6,blood_C,blood_A,blood_B,adaptive_plugin,0.9131892387314045,0.9185612487275195,0.7727272727272727,0.8693289278796855,0.041666666666666664,0.9607409512575199,0.03630810994231422,24,2947,
emb_scvi,23,3,blood_C,blood_B,blood_A,cell_pooled,0.8915857214287384,0.8917327873048375,0.8450704225352113,0.8495144264602392,0.0,0.9751468720120733,0.024827233171231124,27,3907,
emb_scvi,23,3,blood_C,blood_B,blood_A,donor_weighted,0.9036235778619027,0.9037624776043,0.8591549295774648,0.8626358053849787,0.0,1.0023087777248083,0.0007678525723061172,27,3907,
emb_scvi,23,3,blood_C,blood_B,blood_A,donor_crc,0.9468785220656677,0.9470181725108779,0.9041095890410958,0.9111967545638945,0.0,1.12655802845125,0.0,27,3907,
emb_scvi,23,3,blood_C,blood_B,blood_A,target_only_k,0.8992583625025993,0.8994113130278987,0.8450704225352113,0.8626358053849787,0.0,0.9922748371924727,0.007678525723061172,27,3907,
emb_scvi,23,3,blood_C,blood_B,blood_A,adaptive_crc,0.9172382522486252,0.9173278730483747,0.8758620689655172,0.8822496623577079,0.0,1.0269091850370518,0.0005119017148707448,27,3907,0.25
emb_scvi,23,3,blood_C,blood_B,blood_A,adaptive_plugin,0.9018136493743512,0.9019708216022524,0.852112676056338,0.8626358053849787,0.0,0.9974343118562543,0.002559508574353724,27,3907,
emb_scvi,23,6,blood_C,blood_B,blood_A,cell_pooled,0.8938786078091446,0.8940397350993378,0.8450704225352113,0.8526972130373169,0.0,0.9763911380430607,0.023610711200691047,24,3473,
emb_scvi,23,6,blood_C,blood_B,blood_A,donor_weighted,0.9056779990175429,0.9058450906996832,0.8591549295774648,0.86235238545111,0.0,1.0022997558927902,0.0005758710048949035,24,3473,
emb_scvi,23,6,blood_C,blood_B,blood_A,donor_crc,0.9474237114735361,0.9475957385545638,0.9041095890410958,0.9107707910750508,0.0,1.1245489838217153,0.0,24,3473,
emb_scvi,23,6,blood_C,blood_B,blood_A,target_only_k,0.9077210131522765,0.9078606392168155,0.8591549295774648,0.8644037066881547,0.0,1.0049217250137736,0.0005758710048949035,24,3473,
emb_scvi,23,6,blood_C,blood_B,blood_A,adaptive_crc,0.9186702446640571,0.9188021883098186,0.8758620689655172,0.8854049153908138,0.0,1.0262053728492229,0.00028793550244745177,24,3473,0.25
emb_scvi,23,6,blood_C,blood_B,blood_A,adaptive_plugin,0.9077210131522765,0.9078606392168155,0.8591549295774648,0.8644037066881547,0.0,1.0049217250137736,0.0005758710048949035,24,3473,
emb_scvi,24,3,blood_A,blood_B,blood_C,cell_pooled,0.8884242163287495,0.8887760284408329,0.647887323943662,0.8416291256780363,0.037037037037037035,0.9538651034095013,0.04596241747079736,27,3938,
emb_scvi,24,3,blood_A,blood_B,blood_C,donor_weighted,0.8881722636958445,0.888522092432707,0.647887323943662,0.8416291256780363,0.037037037037037035,0.9536131507765963,0.04621635347892331,27,3938,
emb_scvi,24,3,blood_A,blood_B,blood_C,donor_crc,0.9207545944810248,0.9210259014728288,0.7112676056338029,0.8826390830304724,0.037037037037037035,1.0170323598940951,0.0007618080243778568,27,3938,
emb_scvi,24,3,blood_A,blood_B,blood_C,target_only_k,0.9358329485670495,0.93600812595226,0.7887323943661971,0.889460441710931,0.037037037037037035,1.048161173619075,0.0,27,3938,
emb_scvi,24,3,blood_A,blood_B,blood_C,adaptive_crc,0.9508447920930826,0.9509903504316912,0.823943661971831,0.9262510483645513,0.0,1.0890961720216605,0.0,27,3938,2.0
emb_scvi,24,3,blood_A,blood_B,blood_C,adaptive_plugin,0.9194928709236557,0.919756221432199,0.7112676056338029,0.8826390830304724,0.037037037037037035,1.0126998232156286,0.0007618080243778568,27,3938,
emb_scvi,24,6,blood_A,blood_B,blood_C,cell_pooled,0.8885855735960425,0.8890160183066361,0.647887323943662,0.8400335476656416,0.041666666666666664,0.9542892057900759,0.04548054919908467,24,3496,
emb_scvi,24,6,blood_A,blood_B,blood_C,donor_weighted,0.8883021268840244,0.8887299771167048,0.647887323943662,0.8400335476656416,0.041666666666666664,0.9540057590780577,0.04576659038901602,24,3496,
emb_scvi,24,6,blood_A,blood_B,blood_C,donor_crc,0.9204635564993309,0.920766590389016,0.7112676056338029,0.8762510483645514,0.041666666666666664,1.0158057001828704,0.0008581235697940503,24,3496,
emb_scvi,24,6,blood_A,blood_B,blood_C,target_only_k,0.9167407186254053,0.9170480549199085,0.7112676056338029,0.8762510483645514,0.041666666666666664,1.0063115110918053,0.0011441647597254005,24,3496,
emb_scvi,24,6,blood_A,blood_B,blood_C,adaptive_crc,0.9201839144411653,0.9204805491990846,0.7112676056338029,0.8762510483645514,0.041666666666666664,1.0140967205393334,0.0008581235697940503,24,3496,1.0
emb_scvi,24,6,blood_A,blood_B,blood_C,adaptive_plugin,0.9115713610217875,0.9118993135011442,0.6971830985915493,0.8643835616438356,0.041666666666666664,0.9973992694528923,0.002574370709382151,24,3496,
emb_scvi,25,3,blood_A,blood_C,blood_B,cell_pooled,0.9305170760232495,0.9302262196783865,0.8321678321678322,0.8636904761904762,0.0,1.013552659953885,0.0008176614881439084,27,3669,
emb_scvi,25,3,blood_A,blood_C,blood_B,donor_weighted,0.9305170760232495,0.9302262196783865,0.8321678321678322,0.8636904761904762,0.0,1.013552659953885,0.0008176614881439084,27,3669,
emb_scvi,25,3,blood_A,blood_C,blood_B,donor_crc,0.9485915307360236,0.9484873262469338,0.8531468531468531,0.903968253968254,0.0,1.059966668816925,0.0,27,3669,
emb_scvi,25,3,blood_A,blood_C,blood_B,target_only_k,0.6771633316688165,0.675933496865631,0.4666666666666667,0.5463713579185034,0.9259259259259259,0.6869842081777671,0.31425456527664214,27,3669,
emb_scvi,25,3,blood_A,blood_C,blood_B,adaptive_crc,0.9348011077850441,0.9345870809484873,0.8391608391608392,0.86731220657277,0.0,1.024025250382024,0.0002725538293813028,27,3669,0.25
emb_scvi,25,3,blood_A,blood_C,blood_B,adaptive_plugin,0.869561656502279,0.8689016080675933,0.7535211267605634,0.7766137566137566,0.18518518518518517,0.9131473086968005,0.0874897792313982,27,3669,
emb_scvi,25,6,blood_A,blood_C,blood_B,cell_pooled,0.9282755034994469,0.9280024509803921,0.8321678321678322,0.8604166666666666,0.0,1.01466387785205,0.0009191176470588235,24,3264,
emb_scvi,25,6,blood_A,blood_C,blood_B,donor_weighted,0.9282755034994469,0.9280024509803921,0.8321678321678322,0.8604166666666666,0.0,1.01466387785205,0.0009191176470588235,24,3264,
emb_scvi,25,6,blood_A,blood_C,blood_B,donor_crc,0.9465349870642608,0.9463848039215687,0.8531468531468531,0.9033730158730159,0.0,1.0612432820334052,0.0,24,3264,
emb_scvi,25,6,blood_A,blood_C,blood_B,target_only_k,0.8391884429917916,0.8385416666666666,0.7112676056338029,0.7284278684278684,0.2916666666666667,0.8756370082249164,0.125,24,3264,
emb_scvi,25,6,blood_A,blood_C,blood_B,adaptive_crc,0.9325121746353947,0.9322916666666666,0.8391608391608392,0.8667546948356807,0.0,1.0246484997602516,0.00030637254901960784,24,3264,0.25
emb_scvi,25,6,blood_A,blood_C,blood_B,adaptive_plugin,0.8704090273857045,0.8697916666666666,0.7535211267605634,0.7801587301587302,0.16666666666666666,0.9169261825855969,0.08363970588235294,24,3264,
emb_scvi,26,3,blood_B,blood_A,blood_C,cell_pooled,0.9145061906030404,0.9143730886850153,0.8187919463087249,0.8724207299549765,0.0,1.0084013019727973,0.003567787971457696,27,3924,
emb_scvi,26,3,blood_B,blood_A,blood_C,donor_weighted,0.9145061906030404,0.9143730886850153,0.8187919463087249,0.8724207299549765,0.0,1.0084013019727973,0.003567787971457696,27,3924,
emb_scvi,26,3,blood_B,blood_A,blood_C,donor_crc,0.9405620026252022,0.9403669724770642,0.8657718120805369,0.9051110061407652,0.0,1.0751879638576405,0.0,27,3924,
emb_scvi,26,3,blood_B,blood_A,blood_C,target_only_k,0.9165343182142598,0.9164118246687054,0.8187919463087249,0.8766165341507808,0.0,1.0140010141793832,0.0022935779816513763,27,3924,
emb_scvi,26,3,blood_B,blood_A,blood_C,adaptive_crc,0.9201225061514337,0.9199796126401631,0.8322147651006712,0.8832404345772319,0.0,1.0211562158888883,0.0015290519877675841,27,3924,0.25
emb_scvi,26,3,blood_B,blood_A,blood_C,adaptive_plugin,0.9160354972456403,0.9159021406727829,0.8187919463087249,0.8766165341507808,0.0,1.0122176159566707,0.0028032619775739042,27,3924,
emb_scvi,26,6,blood_B,blood_A,blood_C,cell_pooled,0.9180863721812438,0.9179575444635686,0.8187919463087249,0.8767156980950085,0.0,1.0080319113632241,0.004016064257028112,24,3486,
emb_scvi,26,6,blood_B,blood_A,blood_C,donor_weighted,0.9180863721812438,0.9179575444635686,0.8187919463087249,0.8767156980950085,0.0,1.0080319113632241,0.004016064257028112,24,3486,
emb_scvi,26,6,blood_B,blood_A,blood_C,donor_crc,0.942212636153454,0.9420539300057372,0.8657718120805369,0.9127515833919775,0.0,1.0722426895136814,0.0,24,3486,
emb_scvi,26,6,blood_B,blood_A,blood_C,target_only_k,0.9212146561820357,0.9211130235226621,0.8322147651006712,0.8816108029901134,0.0,1.0162983346659626,0.0025817555938037868,24,3486,
emb_scvi,26,6,blood_B,blood_A,blood_C,adaptive_crc,0.9232429139515137,0.9231210556511761,0.8322147651006712,0.8849267171184979,0.0,1.0203509903055281,0.0017211703958691911,24,3486,0.25
emb_scvi,26,6,blood_B,blood_A,blood_C,adaptive_plugin,0.9212146561820357,0.9211130235226621,0.8322147651006712,0.8816108029901134,0.0,1.0162983346659626,0.0025817555938037868,24,3486,
emb_scvi,27,3,blood_B,blood_C,blood_A,cell_pooled,0.9129967630615451,0.9129767084719734,0.8137931034482758,0.8843537414965986,0.0,1.0102311995969517,0.001279754287176862,27,3907,
emb_scvi,27,3,blood_B,blood_C,blood_A,donor_weighted,0.9127413352199104,0.912720757614538,0.8068965517241379,0.8843537414965986,0.0,1.0097185701092266,0.001279754287176862,27,3907,
emb_scvi,27,3,blood_B,blood_C,blood_A,donor_crc,0.9389042158399539,0.938827745072946,0.8865248226950354,0.909587178241865,0.0,1.0752037731433868,0.0,27,3907,
emb_scvi,27,3,blood_B,blood_C,blood_A,target_only_k,0.8770944540445531,0.8771435884310212,0.7517241379310344,0.8313793602547402,0.037037037037037035,0.9438277090116661,0.05605323777834656,27,3907,
emb_scvi,27,3,blood_B,blood_C,blood_A,adaptive_crc,0.9206969875862117,0.9206552341950346,0.8275862068965517,0.8915977201691487,0.0,1.0248759631696964,0.0,27,3907,0.25
emb_scvi,27,3,blood_B,blood_C,blood_A,adaptive_plugin,0.8934851211429986,0.8935244433068851,0.7862068965517242,0.8577507598784194,0.037037037037037035,0.9699906921151444,0.029946250319938573,27,3907,
emb_scvi,27,6,blood_B,blood_C,blood_A,cell_pooled,0.9153015031422133,0.915156744319816,0.8137931034482758,0.8866151866151866,0.0,1.009775315632006,0.0011504170261719873,24,3477,
emb_scvi,27,6,blood_B,blood_C,blood_A,donor_weighted,0.9150141468203743,0.9148691400632729,0.8068965517241379,0.8866151866151866,0.0,1.009198607458315,0.0011504170261719873,24,3477,
emb_scvi,27,6,blood_B,blood_C,blood_A,donor_crc,0.9417940561823922,0.9416163359217716,0.8979591836734694,0.9117438867438867,0.0,1.0752632019062673,0.0,24,3477,
emb_scvi,27,6,blood_B,blood_C,blood_A,target_only_k,0.9032110588331542,0.9030773655450101,0.7931034482758621,0.8707482993197279,0.041666666666666664,0.9853482677173643,0.014667817083692839,24,3477,
emb_scvi,27,6,blood_B,blood_C,blood_A,adaptive_crc,0.9242377481618017,0.9240724762726489,0.8275862068965517,0.8981660231660232,0.0,1.0256517848643856,0.0,24,3477,0.25
emb_scvi,27,6,blood_B,blood_C,blood_A,adaptive_plugin,0.9046622302673267,0.904515386827725,0.8,0.8727891156462585,0.0,0.9879539155406324,0.012079378774805867,24,3477,
emb_scvi,28,3,blood_C,blood_A,blood_B,cell_pooled,0.9220598874548669,0.9298545765611634,0.6296296296296297,0.8708559046587215,0.037037037037037035,0.9949384810377822,0.004562303963501569,27,3507,
emb_scvi,28,3,blood_C,blood_A,blood_B,donor_weighted,0.9220598874548669,0.9298545765611634,0.6296296296296297,0.8708559046587215,0.037037037037037035,0.9949384810377822,0.004562303963501569,27,3507,
emb_scvi,28,3,blood_C,blood_A,blood_B,donor_crc,0.9379924989359899,0.9452523524379812,0.6481481481481481,0.8975582479030755,0.037037037037037035,1.0399615697226945,0.0,27,3507,
emb_scvi,28,3,blood_C,blood_A,blood_B,target_only_k,0.8692609743878416,0.8788138009694896,0.5740740740740741,0.8181818181818182,0.07407407407407407,0.9141648007049896,0.07955517536355859,27,3507,
emb_scvi,28,3,blood_C,blood_A,blood_B,adaptive_crc,0.9247676063537815,0.932420872540633,0.6296296296296297,0.8729349067377237,0.037037037037037035,1.000373641121189,0.0005702879954376961,27,3507,0.25
emb_scvi,28,3,blood_C,blood_A,blood_B,adaptive_plugin,0.8923109208477262,0.9004847447961221,0.6111111111111112,0.8315624673833629,0.07407407407407407,0.9491386114399627,0.049044767607641856,27,3507,
emb_scvi,28,6,blood_C,blood_A,blood_B,cell_pooled,0.9164739987986635,0.9250803858520901,0.6296296296296297,0.8585048754062838,0.041666666666666664,0.9949519413147669,0.0045016077170418,24,3110,
emb_scvi,28,6,blood_C,blood_A,blood_B,donor_weighted,0.9164739987986635,0.9250803858520901,0.6296296296296297,0.8585048754062838,0.041666666666666664,0.9949519413147669,0.0045016077170418,24,3110,
emb_scvi,28,6,blood_C,blood_A,blood_B,donor_crc,0.9331241923863166,0.9411575562700965,0.6481481481481481,0.887968313140727,0.041666666666666664,1.041454578807529,0.0,24,3110,
emb_scvi,28,6,blood_C,blood_A,blood_B,target_only_k,0.8492204694132433,0.8598070739549839,0.5740740740740741,0.7966306420851875,0.125,0.8939760453058447,0.09871382636655948,24,3110,
emb_scvi,28,6,blood_C,blood_A,blood_B,adaptive_crc,0.9179465690212337,0.9263665594855306,0.6296296296296297,0.8621431290445375,0.041666666666666664,0.9979324805777076,0.001607717041800643,24,3110,0.25
emb_scvi,28,6,blood_C,blood_A,blood_B,adaptive_plugin,0.8704577328877168,0.8803858520900322,0.6111111111111112,0.8261298403089448,0.08333333333333333,0.9223897217444453,0.07234726688102894,24,3110,
emb_scvi,29,3,blood_C,blood_B,blood_A,cell_pooled,0.8776560390013386,0.8777863182167563,0.795774647887324,0.8345220257716511,0.037037037037037035,0.9472244934194195,0.05277991288752242,27,3903,
emb_scvi,29,3,blood_C,blood_B,blood_A,donor_weighted,0.8912055974348186,0.8913656161926723,0.795774647887324,0.8573593704459341,0.037037037037037035,0.9692006471221589,0.030745580322828592,27,3903,
emb_scvi,29,3,blood_C,blood_B,blood_A,donor_crc,0.9301793270544372,0.9303100179349219,0.8380281690140845,0.8969768540387341,0.0,1.05663034316708,0.0,27,3903,
emb_scvi,29,3,blood_C,blood_B,blood_A,target_only_k,0.8989013241207621,0.8990520112733794,0.8098591549295775,0.8618641632340263,0.0,0.983552687493649,0.016397642838841917,27,3903,
emb_scvi,29,3,blood_C,blood_B,blood_A,adaptive_crc,0.8996733262816529,0.8998206507814501,0.8098591549295775,0.8618641632340263,0.0,0.984585513859026,0.015372790161414296,27,3903,0.25
emb_scvi,29,3,blood_C,blood_B,blood_A,adaptive_plugin,0.8935177790576432,0.8936715347168844,0.795774647887324,0.8593463274314338,0.037037037037037035,0.974054220656589,0.0258775301050474,27,3903,
emb_scvi,29,6,blood_C,blood_B,blood_A,cell_pooled,0.8778133541005229,0.8779572994806694,0.795774647887324,0.8327539706323045,0.041666666666666664,0.948641064295701,0.05135603000577034,24,3466,
emb_scvi,29,6,blood_C,blood_B,blood_A,donor_weighted,0.8899011889888042,0.8900750144258511,0.795774647887324,0.856761877003789,0.041666666666666664,0.9696341062182207,0.030294287362954413,24,3466,
emb_scvi,29,6,blood_C,blood_B,blood_A,donor_crc,0.9291642507026289,0.9293133294864397,0.8380281690140845,0.8967642890883326,0.0,1.0554004502219518,0.0,24,3466,
emb_scvi,29,6,blood_C,blood_B,blood_A,target_only_k,0.8919236896107781,0.8920946335833814,0.795774647887324,0.8587511779001141,0.041666666666666664,0.9742341412092191,0.02567801500288517,24,3466,
emb_scvi,29,6,blood_C,blood_B,blood_A,adaptive_crc,0.8979904405325666,0.8981534910559723,0.8098591549295775,0.8610020116869431,0.0,0.9840858306499974,0.015868436237738027,24,3466,0.25
emb_scvi,29,6,blood_C,blood_B,blood_A,adaptive_plugin,0.8919236896107781,0.8920946335833814,0.795774647887324,0.8587511779001141,0.041666666666666664,0.973950694497201,0.025966532025389497,24,3466,
