embedding,rep,k,reference,calibration,target,method,donor_mean_coverage,cell_pooled_coverage,donor_min_coverage,donor_q10_coverage,frac_donors_poorly_covered,mean_set_size,frac_empty_sets,n_donors,n_cells,omega
emb_tf-sapiens,0,3,gingiva,oropharynx,oral_scc,cell_pooled,0.897852883368906,0.8987138263665595,0.8181818181818182,0.8474201474201474,0.0,0.9544443221334947,0.04501607717041801,9,2488,
emb_tf-sapiens,0,3,gingiva,oropharynx,oral_scc,donor_weighted,0.8955104448848736,0.8963022508038585,0.8148148148148148,0.8467467467467468,0.0,0.950974260031417,0.04863344051446945,9,2488,
emb_tf-sapiens,0,3,gingiva,oropharynx,oral_scc,donor_crc,0.9707055865727471,0.9706591639871383,0.9225589225589226,0.9493766493766493,0.0,2.0177617071770633,0.0,9,2488,
emb_tf-sapiens,0,3,gingiva,oropharynx,oral_scc,target_only_k,0.913673023788751,0.9143890675241158,0.8518518518518519,0.8649649649649649,0.0,0.9950764512256024,0.00522508038585209,9,2488,
emb_tf-sapiens,0,3,gingiva,oropharynx,oral_scc,adaptive_crc,0.9163441034199076,0.9172025723472669,0.8585858585858586,0.8663117663117663,0.0,1.0102773603085144,0.0,9,2488,0.25
emb_tf-sapiens,0,3,gingiva,oropharynx,oral_scc,adaptive_plugin,0.8955104448848736,0.8963022508038585,0.8148148148148148,0.8467467467467468,0.0,0.950974260031417,0.04863344051446945,9,2488,
emb_tf-sapiens,0,6,gingiva,oropharynx,oral_scc,cell_pooled,0.8991908790166372,0.8990825688073395,0.8181818181818182,0.836455773955774,0.0,0.9573934573754922,0.04243119266055046,6,1744,
emb_tf-sapiens,0,6,gingiva,oropharynx,oral_scc,donor_weighted,0.8968266465779449,0.8967889908256881,0.8148148148148148,0.8347722722722722,0.0,0.9544680577089658,0.04529816513761468,6,1744,
emb_tf-sapiens,0,6,gingiva,oropharynx,oral_scc,donor_crc,0.9694006697531349,0.9690366972477065,0.9225589225589226,0.9393200018200019,0.0,1.893138803985976,0.0,6,1744,
emb_tf-sapiens,0,6,gingiva,oropharynx,oral_scc,target_only_k,0.9155089749697504,0.9151376146788991,0.8518518518518519,0.8600475475475475,0.0,0.9919044683923056,0.008027522935779817,6,1744,
emb_tf-sapiens,0,6,gingiva,oropharynx,oral_scc,adaptive_crc,0.9184932274402672,0.9180045871559633,0.8552188552188552,0.8617310492310493,0.0,1.0098359649401676,0.0,6,1744,0.25
emb_tf-sapiens,0,6,gingiva,oropharynx,oral_scc,adaptive_plugin,0.9131409635843261,0.9128440366972477,0.8484848484848485,0.8566748566748568,0.0,0.9877922192802236,0.012041284403669725,6,1744,
emb_tf-sapiens,1,3,gingiva,oropharynx,oral_scc,cell_pooled,0.8717935299939055,0.875453446191052,0.6902985074626866,0.7697838394235719,0.2222222222222222,0.9058265259876163,0.09189842805320435,9,2481,
emb_tf-sapiens,1,3,gingiva,oropharynx,oral_scc,donor_weighted,0.8702523930858532,0.8738411930673116,0.6865671641791045,0.7690375707668554,0.2222222222222222,0.904285389079564,0.09351068117694478,9,2481,
emb_tf-sapiens,1,3,gingiva,oropharynx,oral_scc,donor_crc,0.9656513176481223,0.9669488109633212,0.9415584415584416,0.9552082400358263,0.0,1.3394338064398623,0.0,9,2481,
emb_tf-sapiens,1,3,gingiva,oropharynx,oral_scc,target_only_k,0.9506090832287263,0.9524385328496574,0.9155844155844156,0.9307030900134349,0.0,1.0935560317987152,0.0,9,2481,
emb_tf-sapiens,1,3,gingiva,oropharynx,oral_scc,adaptive_crc,0.9551164656750141,0.9568722289399436,0.922077922077922,0.9375190326914464,0.0,1.1507413844023,0.0,9,2481,1.0
emb_tf-sapiens,1,3,gingiva,oropharynx,oral_scc,adaptive_plugin,0.9448908025336356,0.9467956469165659,0.9090909090909091,0.9211285266457679,0.0,1.0480304998962024,0.0,9,2481,
emb_tf-sapiens,1,6,gingiva,oropharynx,oral_scc,cell_pooled,0.8714838444365817,0.8738425925925926,0.6902985074626866,0.7399768399382398,0.3333333333333333,0.903891183480645,0.09375,6,1728,
emb_tf-sapiens,1,6,gingiva,oropharynx,oral_scc,donor_weighted,0.8702832501856143,0.8726851851851852,0.6865671641791045,0.7381111682964487,0.3333333333333333,0.9026905892296776,0.09490740740740741,6,1728,
emb_tf-sapiens,1,6,gingiva,oropharynx,oral_scc,donor_crc,0.967674686974242,0.9675925925925926,0.9586206896551724,0.9591761166396667,0.0,1.339672844529754,0.0,6,1728,
emb_tf-sapiens,1,6,gingiva,oropharynx,oral_scc,target_only_k,0.945677938805685,0.9456018518518519,0.9172413793103448,0.9233857903263134,0.0,1.036385656302176,0.0,6,1728,
emb_tf-sapiens,1,6,gingiva,oropharynx,oral_scc,adaptive_crc,0.9504723336895032,0.9502314814814815,0.9241379310344827,0.9268340661883823,0.0,1.0689610420409459,0.0,6,1728,1.0
emb_tf-sapiens,1,6,gingiva,oropharynx,oral_scc,adaptive_plugin,0.9410167389037828,0.9409722222222222,0.903448275862069,0.9162763767370046,0.0,1.0120846906855319,0.0,6,1728,
emb_tf-sapiens,2,3,gingiva,oropharynx,oral_scc,cell_pooled,0.8766789719280664,0.8764302059496567,0.7,0.8026865671641791,0.1111111111111111,0.9126977428294144,0.08733790999237223,9,2622,
emb_tf-sapiens,2,3,gingiva,oropharynx,oral_scc,donor_weighted,0.8750648204631687,0.8749046529366895,0.6966666666666667,0.7930646766169154,0.1111111111111111,0.9107132209941463,0.08924485125858124,9,2622,
emb_tf-sapiens,2,3,gingiva,oropharynx,oral_scc,donor_crc,0.979265392078911,0.979023646071701,0.9393939393939394,0.9608517608517608,0.0,1.8478773224443807,0.0,9,2622,
emb_tf-sapiens,2,3,gingiva,oropharynx,oral_scc,target_only_k,0.8727351700819956,0.8726163234172387,0.6966666666666667,0.7870945273631841,0.1111111111111111,0.9076391054681578,0.09229595728451563,9,2622,
emb_tf-sapiens,2,3,gingiva,oropharynx,oral_scc,adaptive_crc,0.8923904087870365,0.8920671243325705,0.7466666666666667,0.8308148148148148,0.1111111111111111,0.9337473304743598,0.06636155606407322,9,2622,0.25
emb_tf-sapiens,2,3,gingiva,oropharynx,oral_scc,adaptive_plugin,0.8746919643856147,0.8745232646834478,0.6966666666666667,0.7930646766169154,0.1111111111111111,0.9103403649165922,0.08962623951182304,9,2622,
emb_tf-sapiens,2,6,gingiva,oropharynx,oral_scc,cell_pooled,0.8947909242317303,0.8947963800904978,0.8383838383838383,0.8467781260884709,0.0,0.9354442878806012,0.06447963800904978,6,1768,
emb_tf-sapiens,2,6,gingiva,oropharynx,oral_scc,donor_weighted,0.8947909242317303,0.8947963800904978,0.8383838383838383,0.8467781260884709,0.0,0.9354442878806012,0.06447963800904978,6,1768,
emb_tf-sapiens,2,6,gingiva,oropharynx,oral_scc,donor_crc,0.973475202546227,0.9734162895927602,0.9393939393939394,0.9528050778050778,0.0,1.6857348508690204,0.0,6,1768,
emb_tf-sapiens,2,6,gingiva,oropharynx,oral_scc,target_only_k,0.9084063676826442,0.9083710407239819,0.8552188552188552,0.8684878059878061,0.0,0.9586711184018236,0.041289592760180995,6,1768,
emb_tf-sapiens,2,6,gingiva,oropharynx,oral_scc,adaptive_crc,0.9106819190961265,0.9106334841628959,0.8552188552188552,0.8718661843661843,0.0,0.9615078370431398,0.038461538461538464,6,1768,0.5
emb_tf-sapiens,2,6,gingiva,oropharynx,oral_scc,adaptive_plugin,0.907843304619581,0.9078054298642534,0.8552188552188552,0.8667986167986168,0.0,0.9558498410115807,0.04411764705882353,6,1768,
emb_tf-sapiens,3,3,gingiva,oropharynx,oral_scc,cell_pooled,0.8834692425562383,0.8839177750906893,0.7266666666666667,0.7930945273631841,0.1111111111111111,0.9071963691980807,0.09351068117694478,9,2481,
emb_tf-sapiens,3,3,gingiva,oropharynx,oral_scc,donor_weighted,0.8826842784876922,0.8831116485288191,0.7233333333333334,0.7894427860696518,0.1111111111111111,0.9064114051295343,0.094316807738815,9,2481,
emb_tf-sapiens,3,3,gingiva,oropharynx,oral_scc,donor_crc,0.9819183599721077,0.9826682789197904,0.9675324675324676,0.9693454196809902,0.0,1.474876673583133,0.0,9,2481,
emb_tf-sapiens,3,3,gingiva,oropharynx,oral_scc,target_only_k,0.9269002541552196,0.9274486094316807,0.8566666666666667,0.8877512437810946,0.0,0.9608400215199973,0.039500201531640466,9,2481,
emb_tf-sapiens,3,3,gingiva,oropharynx,oral_scc,adaptive_crc,0.9623088679781334,0.9629181781539702,0.9362416107382551,0.9456898805892094,0.0,1.0598743445689796,0.0,9,2481,1.0
emb_tf-sapiens,3,3,gingiva,oropharynx,oral_scc,adaptive_plugin,0.9175158147932952,0.9181781539701733,0.8233333333333334,0.8751144278606965,0.0,0.9487960520168583,0.051592099959693674,9,2481,
emb_tf-sapiens,3,6,gingiva,oropharynx,oral_scc,cell_pooled,0.8623690701480538,0.8609893550407013,0.7266666666666667,0.7681840796019901,0.16666666666666666,0.8849797079109661,0.11834690043832186,6,1597,
emb_tf-sapiens,3,6,gingiva,oropharynx,oral_scc,donor_weighted,0.8611916240452345,0.8597370068879149,0.7233333333333334,0.7646517412935323,0.16666666666666666,0.8838022618081469,0.11959924859110833,6,1597,
emb_tf-sapiens,3,6,gingiva,oropharynx,oral_scc,donor_crc,0.9847584435127231,0.9862241703193487,0.9675324675324676,0.9734214061800268,0.0,1.586604253476862,0.0,6,1597,
emb_tf-sapiens,3,6,gingiva,oropharynx,oral_scc,target_only_k,0.8698207666262444,0.8685034439574202,0.74,0.7804477611940299,0.16666666666666666,0.8952493543885162,0.10770194113963683,6,1597,
emb_tf-sapiens,3,6,gingiva,oropharynx,oral_scc,adaptive_crc,0.8934103760516301,0.8922980588603632,0.78,0.8209701492537314,0.16666666666666666,0.9216832696270588,0.08140262993112085,6,1597,0.25
emb_tf-sapiens,3,6,gingiva,oropharynx,oral_scc,adaptive_plugin,0.8681638029003151,0.8672510958046337,0.74,0.7804477611940299,0.16666666666666666,0.8930368351070314,0.10958046336881654,6,1597,
emb_tf-sapiens,4,3,gingiva,oropharynx,oral_scc,cell_pooled,0.8842762289044821,0.8853580048270314,0.8022388059701493,0.8311548319011005,0.0,0.9303513741489371,0.06757843925985518,9,2486,
emb_tf-sapiens,4,3,gingiva,oropharynx,oral_scc,donor_weighted,0.8815935217521191,0.8825422365245374,0.7985074626865671,0.8277149605507814,0.1111111111111111,0.9276686669965744,0.07039420756234915,9,2486,
emb_tf-sapiens,4,3,gingiva,oropharynx,oral_scc,donor_crc,0.9760359710741172,0.9758648431214803,0.9427609427609428,0.9480116480116481,0.0,1.7783946081361488,0.0,9,2486,
emb_tf-sapiens,4,3,gingiva,oropharynx,oral_scc,target_only_k,0.9194382953177451,0.919951729686243,0.8686868686868687,0.8818454818454818,0.0,1.0085469464190184,0.00040225261464199515,9,2486,
emb_tf-sapiens,4,3,gingiva,oropharynx,oral_scc,adaptive_crc,0.9480229553243754,0.9481094127111827,0.9023569023569024,0.912903812903813,0.0,1.1329631962513267,0.0,9,2486,1.0
emb_tf-sapiens,4,3,gingiva,oropharynx,oral_scc,adaptive_plugin,0.899336002151992,0.9002413515687852,0.8432835820895522,0.8501381978993919,0.0,0.9557193482190952,0.042638777152051485,9,2486,
emb_tf-sapiens,4,6,gingiva,oropharynx,oral_scc,cell_pooled,0.8915963530683554,0.8938826466916354,0.8022388059701493,0.8203113221769938,0.0,0.935847719187549,0.060549313358302125,6,1602,
emb_tf-sapiens,4,6,gingiva,oropharynx,oral_scc,donor_weighted,0.8892731311096155,0.8913857677902621,0.7985074626865671,0.8167621488517011,0.16666666666666666,0.933524497228809,0.06304619225967541,6,1602,
emb_tf-sapiens,4,6,gingiva,oropharynx,oral_scc,donor_crc,0.9787445990008461,0.978776529338327,0.9427609427609428,0.9583934583934584,0.0,1.7706725356418238,0.0,6,1602,
emb_tf-sapiens,4,6,gingiva,oropharynx,oral_scc,target_only_k,0.9220383841422578,0.9238451935081149,0.8653198653198653,0.8785554550479924,0.0,0.9961557497789381,0.003121098626716604,6,1602,
emb_tf-sapiens,4,6,gingiva,oropharynx,oral_scc,adaptive_crc,0.9425743732111659,0.9438202247191011,0.8855218855218855,0.9037999037999038,0.0,1.0708154872687479,0.0,6,1602,1.0
emb_tf-sapiens,4,6,gingiva,oropharynx,oral_scc,adaptive_plugin,0.9197768289118512,0.9219725343320849,0.8653198653198653,0.8766897834062013,0.0,0.9926504134540043,0.006242197253433208,6,1602,
emb_tf-sapiens,5,3,gingiva,oropharynx,oral_scc,cell_pooled,0.8464025260826289,0.846897663174859,0.6166666666666667,0.7501990049751244,0.2222222222222222,0.8667890248094324,0.13295729250604352,9,2482,
emb_tf-sapiens,5,3,gingiva,oropharynx,oral_scc,donor_weighted,0.8456021299153172,0.8460918614020951,0.6166666666666667,0.7472139303482587,0.2222222222222222,0.8659886286421208,0.13376309427880742,9,2482,
emb_tf-sapiens,5,3,gingiva,oropharynx,oral_scc,donor_crc,0.9715003498246865,0.9730056406124094,0.9415584415584416,0.9534123594526279,0.0,1.279308862339261,0.0,9,2482,
emb_tf-sapiens,5,3,gingiva,oropharynx,oral_scc,target_only_k,0.9025111034098237,0.9024979854955681,0.7633333333333333,0.8505977011494252,0.1111111111111111,0.9344083637604089,0.06688154713940371,9,2482,
emb_tf-sapiens,5,3,gingiva,oropharynx,oral_scc,adaptive_crc,0.9077910380155431,0.9077356970185334,0.79,0.861448275862069,0.1111111111111111,0.9404469569128181,0.060838033843674456,9,2482,0.5
emb_tf-sapiens,5,3,gingiva,oropharynx,oral_scc,adaptive_plugin,0.8921755683122277,0.8924254633360194,0.7266666666666667,0.8259303482587065,0.1111111111111111,0.9225863757669638,0.07856567284448025,9,2482,
emb_tf-sapiens,5,6,gingiva,oropharynx,oral_scc,cell_pooled,0.8070992913845462,0.804375,0.6166666666666667,0.7001243781094528,0.3333333333333333,0.828171209497123,0.175,6,1600,
emb_tf-sapiens,5,6,gingiva,oropharynx,oral_scc,donor_weighted,0.8058986971335788,0.803125,0.6166666666666667,0.6982587064676617,0.3333333333333333,0.8269706152461556,0.17625,6,1600,
emb_tf-sapiens,5,6,gingiva,oropharynx,oral_scc,donor_crc,0.9684362070636517,0.970625,0.9415584415584416,0.9551542207792207,0.0,1.359049493662206,0.0,6,1600,
emb_tf-sapiens,5,6,gingiva,oropharynx,oral_scc,target_only_k,0.8322105368255008,0.83,0.65,0.7317164179104478,0.16666666666666666,0.8571519379454916,0.14625,6,1600,
emb_tf-sapiens,5,6,gingiva,oropharynx,oral_scc,adaptive_crc,0.8492180838047411,0.846875,0.6766666666666666,0.7543781094527363,0.16666666666666666,0.8781241629527142,0.125625,6,1600,0.25
emb_tf-sapiens,5,6,gingiva,oropharynx,oral_scc,adaptive_plugin,0.8274584471779532,0.825,0.65,0.7242537313432835,0.3333333333333333,0.852399848297944,0.15125,6,1600,
emb_tf-sapiens,6,3,gingiva,oropharynx,oral_scc,cell_pooled,0.8757798279561854,0.874347651545564,0.75,0.8283783783783785,0.1111111111111111,0.919869586793573,0.0806904857486953,9,2491,
emb_tf-sapiens,6,3,gingiva,oropharynx,oral_scc,donor_weighted,0.8757798279561854,0.874347651545564,0.75,0.8283783783783785,0.1111111111111111,0.919869586793573,0.0806904857486953,9,2491,
emb_tf-sapiens,6,3,gingiva,oropharynx,oral_scc,donor_crc,0.9794324298660622,0.979124849458049,0.9494949494949495,0.9601692601692602,0.0,2.014192629629144,0.0,9,2491,
emb_tf-sapiens,6,3,gingiva,oropharynx,oral_scc,target_only_k,0.7755347966430595,0.7747892412685669,0.57,0.6871343283582089,0.6666666666666666,0.7962665845983083,0.2035327177840225,9,2491,
emb_tf-sapiens,6,3,gingiva,oropharynx,oral_scc,adaptive_crc,0.8855995641544455,0.8839823364110799,0.7766666666666666,0.8418198198198198,0.1111111111111111,0.9345458590997195,0.06623845845042152,9,2491,0.25
emb_tf-sapiens,6,3,gingiva,oropharynx,oral_scc,adaptive_plugin,0.8023451872455447,0.8004817342432758,0.5833333333333334,0.7166666666666667,0.5555555555555556,0.8261415482060367,0.17462866318747491,9,2491,
emb_tf-sapiens,6,6,gingiva,oropharynx,oral_scc,cell_pooled,0.8542033518428879,0.8536306460834763,0.75,0.7989864864864865,0.16666666666666666,0.9063850680210476,0.09376786735277301,6,1749,
emb_tf-sapiens,6,6,gingiva,oropharynx,oral_scc,donor_weighted,0.8542033518428879,0.8536306460834763,0.75,0.7989864864864865,0.16666666666666666,0.9063850680210476,0.09376786735277301,6,1749,
emb_tf-sapiens,6,6,gingiva,oropharynx,oral_scc,donor_crc,0.9774648424902909,0.9771297884505432,0.9494949494949495,0.9561663936663937,0.0,2.088101113755885,0.0,6,1749,
emb_tf-sapiens,6,6,gingiva,oropharynx,oral_scc,target_only_k,0.7794761420220851,0.7793024585477416,0.5933333333333334,0.6809950248756219,0.5,0.8083743562354616,0.19153802172670098,6,1749,
emb_tf-sapiens,6,6,gingiva,oropharynx,oral_scc,adaptive_crc,0.8622082687905909,0.8616352201257862,0.7733333333333333,0.8157207207207207,0.16666666666666666,0.9189027232335137,0.08118925100057175,6,1749,0.25
emb_tf-sapiens,6,6,gingiva,oropharynx,oral_scc,adaptive_plugin,0.7926194540048207,0.7924528301886793,0.62,0.7017910447761194,0.3333333333333333,0.8232011826254251,0.17667238421955403,6,1749,
emb_tf-sapiens,7,3,gingiva,oropharynx,oral_scc,cell_pooled,0.8745597553268634,0.8737754333082141,0.66,0.7885517241379311,0.1111111111111111,0.9057173167051338,0.09495101733232857,9,2654,
emb_tf-sapiens,7,3,gingiva,oropharynx,oral_scc,donor_weighted,0.8745597553268634,0.8737754333082141,0.66,0.7885517241379311,0.1111111111111111,0.9057173167051338,0.09495101733232857,9,2654,
emb_tf-sapiens,7,3,gingiva,oropharynx,oral_scc,donor_crc,0.9778145604274346,0.9777694046721929,0.9562289562289562,0.9615160615160615,0.0,1.6500719398551216,0.0,9,2654,
emb_tf-sapiens,7,3,gingiva,oropharynx,oral_scc,target_only_k,0.918301317159581,0.9178598342125094,0.82,0.8751111111111111,0.0,0.9663454484563325,0.03391107761868877,9,2654,
emb_tf-sapiens,7,3,gingiva,oropharynx,oral_scc,adaptive_crc,0.9601908158689891,0.960060286360211,0.9225589225589226,0.9331604331604332,0.0,1.1868213387619722,0.0,9,2654,1.0
emb_tf-sapiens,7,3,gingiva,oropharynx,oral_scc,adaptive_plugin,0.9070633611414647,0.9065561416729465,0.7833333333333333,0.8545977011494252,0.1111111111111111,0.9505994750216529,0.04973624717407687,9,2654,
emb_tf-sapiens,7,6,gingiva,oropharynx,oral_scc,cell_pooled,0.9203508165876855,0.919683257918552,0.8383838383838383,0.8708585858585858,0.0,0.9456485648889114,0.05486425339366516,6,1768,
emb_tf-sapiens,7,6,gingiva,oropharynx,oral_scc,donor_weighted,0.9203508165876855,0.919683257918552,0.8383838383838383,0.8708585858585858,0.0,0.9456485648889114,0.05486425339366516,6,1768,
emb_tf-sapiens,7,6,gingiva,oropharynx,oral_scc,donor_crc,0.9808657259057268,0.9807692307692307,0.9562289562289562,0.9646916593225319,0.0,1.4508933503957089,0.0,6,1768,
emb_tf-sapiens,7,6,gingiva,oropharynx,oral_scc,target_only_k,0.9455278765246181,0.9451357466063348,0.8956228956228957,0.914254400831582,0.0,0.9910080844275596,0.00904977375565611,6,1768,
emb_tf-sapiens,7,6,gingiva,oropharynx,oral_scc,adaptive_crc,0.9539160572596646,0.9536199095022625,0.9023569023569024,0.9226549612455652,0.0,1.0331011085266508,0.0,6,1768,1.0
emb_tf-sapiens,7,6,gingiva,oropharynx,oral_scc,adaptive_plugin,0.9438499865133948,0.9434389140271493,0.8888888888888888,0.9108873974645786,0.0,0.9870949158703876,0.013009049773755657,6,1768,
emb_tf-sapiens,8,3,gingiva,oropharynx,oral_scc,cell_pooled,0.8937836704360519,0.894,0.8134328358208955,0.8441680486456606,0.0,0.9407218025414397,0.0596,9,2500,
emb_tf-sapiens,8,3,gingiva,oropharynx,oral_scc,donor_weighted,0.8933690767378759,0.8936,0.8097014925373134,0.8434217799889442,0.0,0.939192373328078,0.0612,9,2500,
emb_tf-sapiens,8,3,gingiva,oropharynx,oral_scc,donor_crc,0.9774932827609167,0.9776,0.9528619528619529,0.9635453635453636,0.0,2.069755738088294,0.0,9,2500,
emb_tf-sapiens,8,3,gingiva,oropharynx,oral_scc,target_only_k,0.9151668703080195,0.9148,0.8787878787878788,0.8862053369516056,0.0,0.9704889142577205,0.03,9,2500,
emb_tf-sapiens,8,3,gingiva,oropharynx,oral_scc,adaptive_crc,0.91785074652452,0.9176,0.8821548821548821,0.8898638122518719,0.0,0.9758675556540248,0.0244,9,2500,0.5
emb_tf-sapiens,8,3,gingiva,oropharynx,oral_scc,adaptive_plugin,0.8933690767378759,0.8936,0.8097014925373134,0.8434217799889442,0.0,0.939192373328078,0.0612,9,2500,
emb_tf-sapiens,8,6,gingiva,oropharynx,oral_scc,cell_pooled,0.8769544020000882,0.8753117206982544,0.8134328358208955,0.8326423438363737,0.0,0.9283869543714435,0.07356608478802992,6,1604,
emb_tf-sapiens,8,6,gingiva,oropharynx,oral_scc,donor_weighted,0.8763325114528245,0.8746882793017456,0.8097014925373134,0.8307766721945826,0.0,0.9272076502232881,0.07481296758104738,6,1604,
emb_tf-sapiens,8,6,gingiva,oropharynx,oral_scc,donor_crc,0.9746105430824638,0.9744389027431422,0.9528619528619529,0.9595390845390845,0.0,2.167929654858019,0.0,6,1604,
emb_tf-sapiens,8,6,gingiva,oropharynx,oral_scc,target_only_k,0.8799559535133912,0.878428927680798,0.8246268656716418,0.8399228604452484,0.0,0.9319459194856384,0.06982543640897755,6,1604,
emb_tf-sapiens,8,6,gingiva,oropharynx,oral_scc,adaptive_crc,0.897405034840142,0.8958852867830424,0.8619402985074627,0.8653135835971657,0.0,0.9528853846969975,0.048628428927680795,6,1604,0.25
emb_tf-sapiens,8,6,gingiva,oropharynx,oral_scc,adaptive_plugin,0.8763325114528245,0.8746882793017456,0.8097014925373134,0.8307766721945826,0.0,0.9272076502232881,0.07481296758104738,6,1604,
emb_tf-sapiens,9,3,gingiva,oropharynx,oral_scc,cell_pooled,0.8409671769623343,0.8409638554216867,0.58,0.724955223880597,0.2222222222222222,0.8748010861515372,0.12570281124497992,9,2490,
emb_tf-sapiens,9,3,gingiva,oropharynx,oral_scc,donor_weighted,0.8405840351998821,0.840562248995984,0.58,0.724955223880597,0.2222222222222222,0.8744179443890849,0.12610441767068273,9,2490,
emb_tf-sapiens,9,3,gingiva,oropharynx,oral_scc,donor_crc,0.9786756835992951,0.9791164658634538,0.9662162162162162,0.9672692172692173,0.0,1.834670442648643,0.0,9,2490,
emb_tf-sapiens,9,3,gingiva,oropharynx,oral_scc,target_only_k,0.8580835976416394,0.8578313253012049,0.6266666666666667,0.7611542288557214,0.2222222222222222,0.8972460856532227,0.10361445783132531,9,2490,
emb_tf-sapiens,9,3,gingiva,oropharynx,oral_scc,adaptive_crc,0.8600416725461888,0.8598393574297188,0.6266666666666667,0.7671243781094528,0.1111111111111111,0.900710909148529,0.1,9,2490,0.25
emb_tf-sapiens,9,3,gingiva,oropharynx,oral_scc,adaptive_plugin,0.8547242589147103,0.8550200803212852,0.6233333333333333,0.757502487562189,0.2222222222222222,0.8916400919210178,0.10843373493975904,9,2490,
emb_tf-sapiens,9,6,gingiva,oropharynx,oral_scc,cell_pooled,0.8960265352431517,0.9003690036900369,0.803448275862069,0.8238020600089566,0.0,0.9232899937111926,0.07380073800738007,6,1626,
emb_tf-sapiens,9,6,gingiva,oropharynx,oral_scc,donor_weighted,0.8954518225994735,0.8997539975399754,0.8,0.8220779220779221,0.0,0.9227152810675143,0.07441574415744158,6,1626,
emb_tf-sapiens,9,6,gingiva,oropharynx,oral_scc,donor_crc,0.9793987165602531,0.980319803198032,0.9675324675324676,0.9686655626252942,0.0,1.6193864402716522,0.0,6,1626,
emb_tf-sapiens,9,6,gingiva,oropharynx,oral_scc,target_only_k,0.9320615554056886,0.9366543665436654,0.8766233766233766,0.8900358262427228,0.0,0.9956058184917245,0.0036900369003690036,6,1626,
emb_tf-sapiens,9,6,gingiva,oropharynx,oral_scc,adaptive_crc,0.9425451963244141,0.9452644526445264,0.9090909090909091,0.9114420062695925,0.0,1.0368285710278304,0.0,6,1626,1.0
emb_tf-sapiens,9,6,gingiva,oropharynx,oral_scc,adaptive_plugin,0.9314868427620105,0.9360393603936039,0.8766233766233766,0.8883116883116884,0.0,0.9905063044903359,0.00922509225092251,6,1626,
emb_tf-sapiens,10,3,gingiva,oropharynx,oral_scc,cell_pooled,0.8505367250926811,0.8507462686567164,0.6766666666666666,0.7562288557213931,0.2222222222222222,0.8976524955548659,0.10326744655102864,9,2479,
emb_tf-sapiens,10,3,gingiva,oropharynx,oral_scc,donor_weighted,0.8505367250926811,0.8507462686567164,0.6766666666666666,0.7562288557213931,0.2222222222222222,0.8976524955548659,0.10326744655102864,9,2479,
emb_tf-sapiens,10,3,gingiva,oropharynx,oral_scc,donor_crc,0.9736723682045921,0.9745865268253328,0.9461279461279462,0.9528619528619529,0.0,2.163008779524548,0.0,9,2479,
emb_tf-sapiens,10,3,gingiva,oropharynx,oral_scc,target_only_k,0.8210703364473309,0.8200887454618798,0.6033333333333334,0.699771144278607,0.4444444444444444,0.8623693317275692,0.1399757966922146,9,2479,
emb_tf-sapiens,10,3,gingiva,oropharynx,oral_scc,adaptive_crc,0.8786888413318047,0.8789834610730133,0.7666666666666667,0.8132659932659932,0.1111111111111111,0.9329961987280281,0.06776926179911255,9,2479,0.25
emb_tf-sapiens,10,3,gingiva,oropharynx,oral_scc,adaptive_plugin,0.8301823280106433,0.8293666801129488,0.6233333333333333,0.712726368159204,0.3333333333333333,0.8730037796552921,0.1290843081887858,9,2479,
emb_tf-sapiens,10,6,gingiva,oropharynx,oral_scc,cell_pooled,0.8501986538429324,0.8499137435307648,0.6766666666666666,0.7263930348258707,0.3333333333333333,0.8902233724217554,0.10983323749281196,6,1739,
emb_tf-sapiens,10,6,gingiva,oropharynx,oral_scc,donor_weighted,0.8501986538429324,0.8499137435307648,0.6766666666666666,0.7263930348258707,0.3333333333333333,0.8902233724217554,0.10983323749281196,6,1739,
emb_tf-sapiens,10,6,gingiva,oropharynx,oral_scc,donor_crc,0.9788640551451496,0.9787234042553191,0.9461279461279462,0.9613973063973065,0.0,2.21101553147884,0.0,6,1739,
emb_tf-sapiens,10,6,gingiva,oropharynx,oral_scc,target_only_k,0.8899554883572297,0.8895917193789534,0.79,0.8108249158249159,0.16666666666666666,0.9374686123255774,0.06267970097757332,6,1739,
emb_tf-sapiens,10,6,gingiva,oropharynx,oral_scc,adaptive_crc,0.9027971721939383,0.902242668200115,0.8166666666666667,0.8308922558922559,0.0,0.9553846508199743,0.044853364002300174,6,1739,0.5
emb_tf-sapiens,10,6,gingiva,oropharynx,oral_scc,adaptive_plugin,0.8818348122763545,0.8815411155836688,0.7666666666666667,0.7957912457912458,0.16666666666666666,0.9287260456974386,0.07130534790109258,6,1739,
emb_tf-sapiens,11,3,gingiva,oropharynx,oral_scc,cell_pooled,0.8411887032898919,0.842,0.68,0.6971940298507463,0.2222222222222222,0.888651840459723,0.1116,9,2500,
emb_tf-sapiens,11,3,gingiva,oropharynx,oral_scc,donor_weighted,0.8327828316642019,0.8332,0.66,0.6782686567164179,0.2222222222222222,0.8783499604599981,0.122,9,2500,
emb_tf-sapiens,11,3,gingiva,oropharynx,oral_scc,donor_crc,0.9474094652406413,0.9488,0.9158249158249159,0.9208273208273208,0.0,1.2462918183224216,0.0,9,2500,
emb_tf-sapiens,11,3,gingiva,oropharynx,oral_scc,target_only_k,0.8069063825135384,0.8076,0.5933333333333334,0.6201592039800995,0.3333333333333333,0.8468780830197207,0.1528,9,2500,
emb_tf-sapiens,11,3,gingiva,oropharynx,oral_scc,adaptive_crc,0.8757990314210061,0.8764,0.76,0.7937910447761194,0.1111111111111111,0.931291772538093,0.0696,9,2500,0.25
emb_tf-sapiens,11,3,gingiva,oropharynx,oral_scc,adaptive_plugin,0.8308375281517342,0.8312,0.6533333333333333,0.6709651741293532,0.2222222222222222,0.8756831562260295,0.1244,9,2500,
emb_tf-sapiens,11,6,gingiva,oropharynx,oral_scc,cell_pooled,0.8545495501845545,0.8569794050343249,0.7014925373134329,0.7581536760641239,0.16666666666666666,0.9004251008214884,0.09725400457665904,6,1748,
emb_tf-sapiens,11,6,gingiva,oropharynx,oral_scc,donor_weighted,0.8463926443120148,0.8489702517162472,0.6828358208955224,0.7454583144881652,0.16666666666666666,0.8905064334701476,0.10697940503432495,6,1748,
emb_tf-sapiens,11,6,gingiva,oropharynx,oral_scc,donor_crc,0.9502831646138211,0.950228832951945,0.9158249158249159,0.922439484939485,0.0,1.2051916715261675,0.0,6,1748,
emb_tf-sapiens,11,6,gingiva,oropharynx,oral_scc,target_only_k,0.8907735881893627,0.8918764302059496,0.8171641791044776,0.8294575104276597,0.0,0.944304974911183,0.05491990846681922,6,1748,
emb_tf-sapiens,11,6,gingiva,oropharynx,oral_scc,adaptive_crc,0.9025766958244515,0.9033180778032036,0.8507462686567164,0.8529825619377858,0.0,0.9629329755918281,0.036613272311212815,6,1748,0.5
emb_tf-sapiens,11,6,gingiva,oropharynx,oral_scc,adaptive_plugin,0.8901948844856588,0.8913043478260869,0.8171641791044776,0.8294575104276597,0.0,0.9431651039796454,0.05606407322654462,6,1748,
emb_tf-sapiens,12,3,gingiva,oropharynx,oral_scc,cell_pooled,0.9016282787711221,0.9035369774919614,0.8033333333333333,0.8502289562289562,0.0,0.9392002652043817,0.060691318327974274,9,2488,
emb_tf-sapiens,12,3,gingiva,oropharynx,oral_scc,donor_weighted,0.9004717056353146,0.9023311897106109,0.8,0.8495622895622895,0.0,0.9376695805833517,0.06229903536977492,9,2488,
emb_tf-sapiens,12,3,gingiva,oropharynx,oral_scc,donor_crc,0.9808994401118759,0.9815112540192926,0.9528619528619529,0.9645983645983647,0.0,1.9201451369136047,0.0,9,2488,
emb_tf-sapiens,12,3,gingiva,oropharynx,oral_scc,target_only_k,0.9133861565311927,0.9151929260450161,0.8433333333333334,0.8663097643097644,0.0,0.9546897240975913,0.04501607717041801,9,2488,
emb_tf-sapiens,12,3,gingiva,oropharynx,oral_scc,adaptive_crc,0.9156312763711072,0.917604501607717,0.85,0.8703367003367003,0.0,0.9595169174374535,0.04019292604501608,9,2488,0.25
emb_tf-sapiens,12,3,gingiva,oropharynx,oral_scc,adaptive_plugin,0.9092604604160086,0.9111736334405145,0.8333333333333334,0.8589225589225589,0.0,0.9483176694456019,0.05144694533762058,9,2488,
emb_tf-sapiens,12,6,gingiva,oropharynx,oral_scc,cell_pooled,0.9120658335183536,0.9164572864321608,0.8619528619528619,0.8627946127946128,0.0,0.9505602784926275,0.04773869346733668,6,1592,
emb_tf-sapiens,12,6,gingiva,oropharynx,oral_scc,donor_weighted,0.910886529370198,0.9152010050251256,0.8619528619528619,0.8627946127946128,0.0,0.9488198071166382,0.04962311557788945,6,1592,
emb_tf-sapiens,12,6,gingiva,oropharynx,oral_scc,donor_crc,0.9813939028971207,0.9824120603015075,0.9528619528619529,0.9601972101972103,0.0,1.8693526792704815,0.0,6,1592,
emb_tf-sapiens,12,6,gingiva,oropharynx,oral_scc,target_only_k,0.9224748288600225,0.9265075376884422,0.8720538720538721,0.8743386243386244,0.0,0.9659897247333705,0.032663316582914576,6,1592,
emb_tf-sapiens,12,6,gingiva,oropharynx,oral_scc,adaptive_crc,0.9236146997915601,0.9277638190954773,0.8754208754208754,0.876022126022126,0.0,0.9676870092658,0.03077889447236181,6,1592,0.25
emb_tf-sapiens,12,6,gingiva,oropharynx,oral_scc,adaptive_plugin,0.9219174152591306,0.9258793969849246,0.8720538720538721,0.8743386243386244,0.0,0.9632277255945599,0.035175879396984924,6,1592,
emb_tf-sapiens,13,3,gingiva,oropharynx,oral_scc,cell_pooled,0.8472408309557036,0.8489499192245558,0.7276119402985075,0.7634534225424601,0.3333333333333333,0.8779323041416959,0.12075928917609047,9,2476,
emb_tf-sapiens,13,3,gingiva,oropharynx,oral_scc,donor_weighted,0.8472408309557036,0.8489499192245558,0.7276119402985075,0.7634534225424601,0.3333333333333333,0.8779323041416959,0.12075928917609047,9,2476,
emb_tf-sapiens,13,3,gingiva,oropharynx,oral_scc,donor_crc,0.9731899358741326,0.9737479806138933,0.936026936026936,0.9547729547729548,0.0,1.752083713141877,0.0,9,2476,
emb_tf-sapiens,13,3,gingiva,oropharynx,oral_scc,target_only_k,0.9117451070673928,0.9131663974151858,0.8686868686868687,0.8771856495994427,0.0,0.9775311036509853,0.021809369951534735,9,2476,
emb_tf-sapiens,13,3,gingiva,oropharynx,oral_scc,adaptive_crc,0.9301222437659911,0.9309369951534734,0.8855218855218855,0.9014287014287014,0.0,1.0443466848428988,0.0,9,2476,1.0
emb_tf-sapiens,13,3,gingiva,oropharynx,oral_scc,adaptive_plugin,0.9051104757294104,0.9063004846526656,0.8619528619528619,0.8620457448043655,0.0,0.9666719014654627,0.033117932148626815,9,2476,
emb_tf-sapiens,13,6,gingiva,oropharynx,oral_scc,cell_pooled,0.8533394601306745,0.8553846153846154,0.7724137931034483,0.8017913121361397,0.16666666666666666,0.8830567543360162,0.11569230769230769,6,1625,
emb_tf-sapiens,13,6,gingiva,oropharynx,oral_scc,donor_weighted,0.8533394601306745,0.8553846153846154,0.7724137931034483,0.8017913121361397,0.16666666666666666,0.8830567543360162,0.11569230769230769,6,1625,
emb_tf-sapiens,13,6,gingiva,oropharynx,oral_scc,donor_crc,0.9741784244236248,0.9753846153846154,0.9594594594594594,0.9602492102492102,0.0,1.738773121902656,0.0,6,1625,
emb_tf-sapiens,13,6,gingiva,oropharynx,oral_scc,target_only_k,0.9005349274832297,0.9021538461538462,0.8620689655172413,0.8685344827586207,0.0,0.9661309404605856,0.033846153846153845,6,1625,
emb_tf-sapiens,13,6,gingiva,oropharynx,oral_scc,adaptive_crc,0.9130305586304727,0.9150769230769231,0.8896103896103896,0.8907511407511408,0.0,1.0005956391825956,0.0024615384615384616,6,1625,1.0
emb_tf-sapiens,13,6,gingiva,oropharynx,oral_scc,adaptive_plugin,0.9005349274832297,0.9021538461538462,0.8620689655172413,0.8685344827586207,0.0,0.963315062375704,0.036923076923076927,6,1625,
emb_tf-sapiens,14,3,gingiva,oropharynx,oral_scc,cell_pooled,0.8823754051123723,0.8839823364110799,0.7425373134328358,0.8216109109624292,0.1111111111111111,0.9156798596914333,0.08309915696507426,9,2491,
emb_tf-sapiens,14,3,gingiva,oropharynx,oral_scc,donor_weighted,0.8811733616384667,0.8827780008028904,0.7350746268656716,0.8201183736489964,0.1111111111111111,0.9137563154960271,0.08470493777599358,9,2491,
emb_tf-sapiens,14,3,gingiva,oropharynx,oral_scc,donor_crc,0.9703401647267221,0.9710959454034525,0.9391891891891891,0.9514742014742015,0.0,1.5246698522929414,0.0,9,2491,
emb_tf-sapiens,14,3,gingiva,oropharynx,oral_scc,target_only_k,0.9290252704085726,0.93014853472501,0.8917910447761194,0.9053852359822508,0.0,0.9884681302957483,0.011240465676435166,9,2491,
emb_tf-sapiens,14,3,gingiva,oropharynx,oral_scc,adaptive_crc,0.9475347267094951,0.9482135688478522,0.9222972972972973,0.9325114075114075,0.0,1.0549548367276695,0.0,9,2491,1.0
emb_tf-sapiens,14,3,gingiva,oropharynx,oral_scc,adaptive_plugin,0.9095250023302879,0.9104777197912485,0.8246268656716418,0.8730334812424364,0.0,0.9503779807399797,0.049779205138498595,9,2491,
emb_tf-sapiens,14,6,gingiva,oropharynx,oral_scc,cell_pooled,0.8800931032971425,0.8820960698689956,0.7425373134328358,0.8020118999596612,0.16666666666666666,0.9142616445604214,0.0842170929507174,6,1603,
emb_tf-sapiens,14,6,gingiva,oropharynx,oral_scc,donor_weighted,0.8782900380862841,0.8802245789145352,0.7350746268656716,0.7982805566760791,0.16666666666666666,0.9113763282673121,0.08671241422333126,6,1603,
emb_tf-sapiens,14,6,gingiva,oropharynx,oral_scc,donor_crc,0.9690266656146015,0.9700561447286338,0.9391891891891891,0.9468673218673218,0.0,1.5341877864879603,0.0,6,1603,
emb_tf-sapiens,14,6,gingiva,oropharynx,oral_scc,target_only_k,0.923747466180608,0.9251403618215845,0.8768656716417911,0.889446349334409,0.0,0.9754805706584055,0.024953212726138492,6,1603,
emb_tf-sapiens,14,6,gingiva,oropharynx,oral_scc,adaptive_crc,0.9396552411942842,0.940736119775421,0.9121621621621622,0.9187676482452602,0.0,1.0122646759326532,0.0,6,1603,1.0
emb_tf-sapiens,14,6,gingiva,oropharynx,oral_scc,adaptive_plugin,0.917708822107305,0.9189020586400499,0.8507462686567164,0.8730082694634933,0.0,0.9683252288678795,0.032439176543980035,6,1603,
emb_tf-sapiens,15,3,gingiva,oropharynx,oral_scc,cell_pooled,0.8707675865223209,0.8709163346613545,0.7643097643097643,0.8038964356205736,0.1111111111111111,0.8957545169775885,0.1047808764940239,9,2510,
emb_tf-sapiens,15,3,gingiva,oropharynx,oral_scc,donor_weighted,0.8685160359615917,0.8685258964143426,0.7575757575757576,0.8025496342737721,0.1111111111111111,0.893502966416859,0.10717131474103586,9,2510,
emb_tf-sapiens,15,3,gingiva,oropharynx,oral_scc,donor_crc,0.9686403962690093,0.9693227091633466,0.9259259259259259,0.9488215488215489,0.0,1.2202503588336804,0.0,9,2510,
emb_tf-sapiens,15,3,gingiva,oropharynx,oral_scc,target_only_k,0.9353603768293459,0.9354581673306773,0.8518518518518519,0.9069220945083014,0.0,0.9794105722732209,0.02111553784860558,9,2510,
emb_tf-sapiens,15,3,gingiva,oropharynx,oral_scc,adaptive_crc,0.9473425969080785,0.947808764940239,0.8686868686868687,0.91467697105281,0.0,1.0082199903119546,0.00039840637450199205,9,2510,1.0
emb_tf-sapiens,15,3,gingiva,oropharynx,oral_scc,adaptive_plugin,0.9308909574672722,0.9310756972111554,0.8417508417508418,0.8993846511087891,0.0,0.9727257170640932,0.02749003984063745,9,2510,
emb_tf-sapiens,15,6,gingiva,oropharynx,oral_scc,cell_pooled,0.8667328150852748,0.8674033149171271,0.8137931034482758,0.8235632183908046,0.0,0.8857154064761881,0.11540822590546347,6,1629,
emb_tf-sapiens,15,6,gingiva,oropharynx,oral_scc,donor_weighted,0.8650605742825993,0.8655616942909761,0.8137931034482758,0.8235632183908046,0.0,0.8840431656735124,0.1172498465316145,6,1629,
emb_tf-sapiens,15,6,gingiva,oropharynx,oral_scc,donor_crc,0.9720176828118327,0.9736034376918354,0.9545454545454546,0.9600313479623825,0.0,1.2411690698494215,0.0,6,1629,
emb_tf-sapiens,15,6,gingiva,oropharynx,oral_scc,target_only_k,0.9327321802400412,0.9337016574585635,0.906896551724138,0.91448723690103,0.0,0.965739115847843,0.034990791896869246,6,1629,
emb_tf-sapiens,15,6,gingiva,oropharynx,oral_scc,adaptive_crc,0.9490898091965113,0.950890116635973,0.9285714285714286,0.9332512315270935,0.0,0.9899048665883349,0.010435850214855739,6,1629,1.0
emb_tf-sapiens,15,6,gingiva,oropharynx,oral_scc,adaptive_plugin,0.927694003808499,0.9287906691221608,0.9,0.9077922077922078,0.0,0.9601416552999696,0.040515653775322284,6,1629,
emb_tf-sapiens,16,3,gingiva,oropharynx,oral_scc,cell_pooled,0.8805410727384855,0.8796931772305208,0.7643097643097643,0.7886828483843409,0.2222222222222222,0.9115284110396611,0.0884134033104562,9,2477,
emb_tf-sapiens,16,3,gingiva,oropharynx,oral_scc,donor_weighted,0.8801669612532629,0.8792894630601534,0.7609427609427609,0.7880094477109403,0.2222222222222222,0.9111542995544385,0.08881711748082358,9,2477,
emb_tf-sapiens,16,3,gingiva,oropharynx,oral_scc,donor_crc,0.9687684835474468,0.968106580540977,0.9090909090909091,0.9331695331695331,0.0,1.2768547063847782,0.0,9,2477,
emb_tf-sapiens,16,3,gingiva,oropharynx,oral_scc,target_only_k,0.9243863012319119,0.9236980218005651,0.835016835016835,0.8778141778141778,0.0,0.973490369350739,0.027048849414614454,9,2477,
emb_tf-sapiens,16,3,gingiva,oropharynx,oral_scc,adaptive_crc,0.9421730426117428,0.9418651594670973,0.8653198653198653,0.8973882973882974,0.0,1.016795249138053,0.0,9,2477,1.0
emb_tf-sapiens,16,3,gingiva,oropharynx,oral_scc,adaptive_plugin,0.9217712449852375,0.9208720226079935,0.8282828282828283,0.8710619710619711,0.0,0.9643944821272906,0.03673798950343157,9,2477,
emb_tf-sapiens,16,6,gingiva,oropharynx,oral_scc,cell_pooled,0.8468110263571456,0.8427947598253275,0.7643097643097643,0.7795429418563746,0.3333333333333333,0.8853522189940942,0.11665626949469744,6,1603,
emb_tf-sapiens,16,6,gingiva,oropharynx,oral_scc,donor_weighted,0.8462498591293116,0.8421709295071741,0.7609427609427609,0.777859440172873,0.3333333333333333,0.8847910517662604,0.11728009981285091,6,1603,
emb_tf-sapiens,16,6,gingiva,oropharynx,oral_scc,donor_crc,0.9622267993952444,0.9606986899563319,0.9090909090909091,0.9241400491400491,0.0,1.3595986226437304,0.0,6,1603,
emb_tf-sapiens,16,6,gingiva,oropharynx,oral_scc,target_only_k,0.8653127285823992,0.8621334996880848,0.7878787878787878,0.8062528267752148,0.16666666666666666,0.9072551099482083,0.0941983780411728,6,1603,
emb_tf-sapiens,16,6,gingiva,oropharynx,oral_scc,adaptive_crc,0.8740325233596699,0.8708671241422333,0.8013468013468014,0.8223151917181768,0.0,0.9171089014854883,0.0842170929507174,6,1603,0.25
emb_tf-sapiens,16,6,gingiva,oropharynx,oral_scc,adaptive_plugin,0.8573498036833697,0.8540237055520898,0.7710437710437711,0.7941039750741243,0.16666666666666666,0.8970268761918301,0.1041796631316282,6,1603,
emb_tf-sapiens,17,3,gingiva,oropharynx,oral_scc,cell_pooled,0.8796800081213534,0.8803353658536586,0.7508417508417509,0.7710638725564098,0.2222222222222222,0.9084306583089669,0.09070121951219512,9,2624,
emb_tf-sapiens,17,3,gingiva,oropharynx,oral_scc,donor_weighted,0.8796800081213534,0.8803353658536586,0.7508417508417509,0.7710638725564098,0.2222222222222222,0.9084306583089669,0.09070121951219512,9,2624,
emb_tf-sapiens,17,3,gingiva,oropharynx,oral_scc,donor_crc,0.9670922217106719,0.9668445121951219,0.9057239057239057,0.9435608885273314,0.0,1.2004810438967841,0.0,9,2624,
emb_tf-sapiens,17,3,gingiva,oropharynx,oral_scc,target_only_k,0.932258181837731,0.9321646341463414,0.8282828282828283,0.8969998492386553,0.0,0.9762180314163518,0.023628048780487805,9,2624,
emb_tf-sapiens,17,3,gingiva,oropharynx,oral_scc,adaptive_crc,0.9500224829627726,0.9496951219512195,0.8754208754208754,0.9187083361580006,0.0,1.014892658343311,0.0,9,2624,1.0
emb_tf-sapiens,17,3,gingiva,oropharynx,oral_scc,adaptive_plugin,0.9275873316694165,0.9275914634146342,0.8249158249158249,0.8843861500577919,0.0,0.966914152585992,0.03277439024390244,9,2624,
emb_tf-sapiens,17,6,gingiva,oropharynx,oral_scc,cell_pooled,0.9020399842028893,0.9033927544565843,0.7761194029850746,0.8363930348258706,0.16666666666666666,0.9254649118769128,0.07303047728579644,6,1739,
emb_tf-sapiens,17,6,gingiva,oropharynx,oral_scc,donor_weighted,0.9020399842028893,0.9033927544565843,0.7761194029850746,0.8363930348258706,0.16666666666666666,0.9254649118769128,0.07303047728579644,6,1739,
emb_tf-sapiens,17,6,gingiva,oropharynx,oral_scc,donor_crc,0.9737297081490907,0.9735480161012076,0.9530201342281879,0.9598434004474272,0.0,1.1641404885443583,0.0,6,1739,
emb_tf-sapiens,17,6,gingiva,oropharynx,oral_scc,target_only_k,0.9462838539747384,0.9465209890741806,0.9104477611940298,0.9199889812681559,0.0,0.9794906490218929,0.020126509488211614,6,1739,
emb_tf-sapiens,17,6,gingiva,oropharynx,oral_scc,adaptive_crc,0.9576209648713885,0.9574468085106383,0.9295302013422819,0.9397651006711409,0.0,1.0005787037037037,0.0011500862564692352,6,1739,1.0
emb_tf-sapiens,17,6,gingiva,oropharynx,oral_scc,adaptive_plugin,0.944547123755588,0.9447958596894767,0.9067164179104478,0.9164454572773715,0.0,0.9753721498881803,0.024151811385853938,6,1739,
emb_tf-sapiens,18,3,gingiva,oropharynx,oral_scc,cell_pooled,0.9143644986381481,0.9161290322580645,0.8544776119402985,0.8739258254183627,0.0,0.9700222123494685,0.029838709677419355,9,2480,
emb_tf-sapiens,18,3,gingiva,oropharynx,oral_scc,donor_weighted,0.9112151194167583,0.9129032258064517,0.8432835820895522,0.8716870194482135,0.0,0.964251541136248,0.035483870967741936,9,2480,
emb_tf-sapiens,18,3,gingiva,oropharynx,oral_scc,donor_crc,0.9740978233472823,0.9741935483870968,0.9461279461279462,0.9598922558922559,0.0,1.6733160879331108,0.0,9,2480,
emb_tf-sapiens,18,3,gingiva,oropharynx,oral_scc,target_only_k,0.9341136982254361,0.9354838709677419,0.898989898989899,0.907070707070707,0.0,1.011308559380705,0.0,9,2480,
emb_tf-sapiens,18,3,gingiva,oropharynx,oral_scc,adaptive_crc,0.9356239041303351,0.9366935483870967,0.9023569023569024,0.9129389129389129,0.0,1.0230581432555383,0.0,9,2480,0.5
emb_tf-sapiens,18,3,gingiva,oropharynx,oral_scc,adaptive_plugin,0.9216285622121014,0.9229838709677419,0.8731343283582089,0.8857379767827529,0.0,0.9807085485823417,0.01935483870967742,9,2480,
emb_tf-sapiens,18,6,gingiva,oropharynx,oral_scc,cell_pooled,0.9028245536969579,0.9047322540473225,0.8544776119402985,0.8666327453640886,0.0,0.9642132922957062,0.0361145703611457,6,1606,
emb_tf-sapiens,18,6,gingiva,oropharynx,oral_scc,donor_weighted,0.8998246227959076,0.9016189290161893,0.8432835820895522,0.8610357304387155,0.0,0.95728142340691,0.04296388542963885,6,1606,
emb_tf-sapiens,18,6,gingiva,oropharynx,oral_scc,donor_crc,0.9713527058610066,0.9713574097135741,0.9461279461279462,0.9547306397306398,0.0,1.7370160786129853,0.0,6,1606,
emb_tf-sapiens,18,6,gingiva,oropharynx,oral_scc,target_only_k,0.9044642183801009,0.9059775840597758,0.8544776119402985,0.8666327453640886,0.0,0.9664085125344047,0.03424657534246575,6,1606,
emb_tf-sapiens,18,6,gingiva,oropharynx,oral_scc,adaptive_crc,0.9179270483814341,0.9196762141967622,0.8880597014925373,0.8901577968742148,0.0,0.9913145408090518,0.008717310087173101,6,1606,0.25
emb_tf-sapiens,18,6,gingiva,oropharynx,oral_scc,adaptive_plugin,0.8998246227959076,0.9016189290161893,0.8432835820895522,0.8610357304387155,0.0,0.95728142340691,0.04296388542963885,6,1606,
emb_tf-sapiens,19,3,gingiva,oropharynx,oral_scc,cell_pooled,0.8860473941396625,0.8844924060751399,0.7033333333333334,0.8167609427609428,0.1111111111111111,0.9226353053709124,0.07833733013589128,9,2502,
emb_tf-sapiens,19,3,gingiva,oropharynx,oral_scc,donor_weighted,0.8852624300711163,0.8836930455635491,0.7,0.8146268656716418,0.1111111111111111,0.9218503413023663,0.07913669064748201,9,2502,
emb_tf-sapiens,19,3,gingiva,oropharynx,oral_scc,donor_crc,0.97874100287904,0.9784172661870504,0.936026936026936,0.9632053872053872,0.0,1.8800086320014975,0.0,9,2502,
emb_tf-sapiens,19,3,gingiva,oropharynx,oral_scc,target_only_k,0.8625041528929944,0.8617106314948042,0.6433333333333333,0.7674726368159204,0.2222222222222222,0.8949830555154945,0.10511590727418066,9,2502,
emb_tf-sapiens,19,3,gingiva,oropharynx,oral_scc,adaptive_crc,0.8979848096375365,0.8968824940047961,0.7566666666666667,0.8355084175084175,0.1111111111111111,0.9382875392924935,0.06235011990407674,9,2502,0.25
emb_tf-sapiens,19,3,gingiva,oropharynx,oral_scc,adaptive_plugin,0.8746119223073046,0.8733013589128698,0.6766666666666666,0.7920497512437811,0.1111111111111111,0.9092975315368614,0.09152677857713828,9,2502,
emb_tf-sapiens,19,6,gingiva,oropharynx,oral_scc,cell_pooled,0.8758695898046924,0.8727609635577517,0.7033333333333334,0.7751741293532338,0.16666666666666666,0.9070785088664833,0.09573810994441014,6,1619,
emb_tf-sapiens,19,6,gingiva,oropharynx,oral_scc,donor_weighted,0.8746921437018734,0.871525633106856,0.7,0.7716417910447761,0.16666666666666666,0.9059010627636641,0.09697344039530574,6,1619,
emb_tf-sapiens,19,6,gingiva,oropharynx,oral_scc,donor_crc,0.9844442011602054,0.9845583693638048,0.97,0.9752597402597403,0.0,2.0364995656703515,0.0,6,1619,
emb_tf-sapiens,19,6,gingiva,oropharynx,oral_scc,target_only_k,0.8620558519439662,0.8591723285978999,0.6766666666666666,0.7469154228855721,0.16666666666666666,0.8909743557464903,0.11179740580605312,6,1619,
emb_tf-sapiens,19,6,gingiva,oropharynx,oral_scc,adaptive_crc,0.8915366558124465,0.8894379246448425,0.7533333333333333,0.8188308457711443,0.16666666666666666,0.9271779315782599,0.07473749227918468,6,1619,0.25
emb_tf-sapiens,19,6,gingiva,oropharynx,oral_scc,adaptive_plugin,0.8655593302235637,0.862260654725139,0.68,0.7541791044776119,0.16666666666666666,0.8956571381742434,0.10747374922791847,6,1619,
emb_tf-sapiens,20,3,gingiva,oropharynx,oral_scc,cell_pooled,0.9122881041789999,0.9118875807064185,0.77,0.845891891891892,0.1111111111111111,0.9696234213772053,0.030383592859855677,9,2633,
emb_tf-sapiens,20,3,gingiva,oropharynx,oral_scc,donor_weighted,0.9092366945604261,0.908849221420433,0.7566666666666667,0.8432252252252253,0.1111111111111111,0.9635744601940631,0.03646031143182681,9,2633,
emb_tf-sapiens,20,3,gingiva,oropharynx,oral_scc,donor_crc,0.9838511904780248,0.9836688188378275,0.956081081081081,0.9724242699074913,0.0,1.994336907417131,0.0,9,2633,
emb_tf-sapiens,20,3,gingiva,oropharynx,oral_scc,target_only_k,0.9392951429178105,0.9388530193695405,0.8766666666666667,0.8888468468468469,0.0,1.0386765196665615,0.0,9,2633,
emb_tf-sapiens,20,3,gingiva,oropharynx,oral_scc,adaptive_crc,0.9685667781931449,0.9684770224078997,0.9425675675675675,0.9511801801801802,0.0,1.2935179737520057,0.0,9,2633,1.0
emb_tf-sapiens,20,3,gingiva,oropharynx,oral_scc,adaptive_plugin,0.9354955354369449,0.9350550702620585,0.8633333333333333,0.8861801801801802,0.0,1.0228206981944532,0.0,9,2633,
emb_tf-sapiens,20,6,gingiva,oropharynx,oral_scc,cell_pooled,0.9290660116003417,0.9291066282420749,0.8648648648648649,0.8820592981040742,0.0,0.978909404996457,0.0207492795389049,6,1735,
emb_tf-sapiens,20,6,gingiva,oropharynx,oral_scc,donor_weighted,0.9278222305058144,0.9279538904899135,0.8648648648648649,0.8783279548204921,0.0,0.975391518777299,0.02420749279538905,6,1735,
emb_tf-sapiens,20,6,gingiva,oropharynx,oral_scc,donor_crc,0.9841362189757995,0.9838616714697407,0.956081081081081,0.9679734264465808,0.0,1.8218446601562708,0.0,6,1735,
emb_tf-sapiens,20,6,gingiva,oropharynx,oral_scc,target_only_k,0.9414140899519303,0.9412103746397694,0.8885135135135135,0.9088089955627269,0.0,1.0054323941666798,0.0005763688760806917,6,1735,
emb_tf-sapiens,20,6,gingiva,oropharynx,oral_scc,adaptive_crc,0.9444215283604881,0.9440922190201729,0.8918918918918919,0.9123888989660802,0.0,1.0135254740684514,0.0,6,1735,0.5
emb_tf-sapiens,20,6,gingiva,oropharynx,oral_scc,adaptive_plugin,0.9401703088574029,0.940057636887608,0.8885135135135135,0.9050776522791448,0.0,1.0036293289558216,0.0005763688760806917,6,1735,
emb_tf-sapiens,21,3,gingiva,oropharynx,oral_scc,cell_pooled,0.8666611000237351,0.8673550436854647,0.6366666666666667,0.7974632034632034,0.1111111111111111,0.8930914105898301,0.10643367752184273,9,2518,
emb_tf-sapiens,21,3,gingiva,oropharynx,oral_scc,donor_weighted,0.8662869885385125,0.8669579030976966,0.6366666666666667,0.7974632034632034,0.1111111111111111,0.8927172991046075,0.1068308181096108,9,2518,
emb_tf-sapiens,21,3,gingiva,oropharynx,oral_scc,donor_crc,0.9687905683063419,0.9706115965051628,0.935064935064935,0.9358345358345358,0.0,1.3183136353925917,0.0,9,2518,
emb_tf-sapiens,21,3,gingiva,oropharynx,oral_scc,target_only_k,0.9093319020193432,0.90945194598888,0.7766666666666666,0.8529764309764309,0.1111111111111111,0.9479683384738826,0.05361397934868944,9,2518,
emb_tf-sapiens,21,3,gingiva,oropharynx,oral_scc,adaptive_crc,0.9383159506742249,0.9400317712470214,0.902027027027027,0.9024833274833275,0.0,1.0062915448688152,0.0011914217633042098,9,2518,1.0
emb_tf-sapiens,21,3,gingiva,oropharynx,oral_scc,adaptive_plugin,0.8997362733856833,0.9003177124702144,0.7333333333333333,0.8362289562289562,0.1111111111111111,0.9329058636686786,0.06671961874503574,9,2518,
emb_tf-sapiens,21,6,gingiva,oropharynx,oral_scc,cell_pooled,0.856452228979403,0.8564386937769563,0.6366666666666667,0.7371645021645021,0.16666666666666666,0.880415029246551,0.12014787430683918,6,1623,
emb_tf-sapiens,21,6,gingiva,oropharynx,oral_scc,donor_weighted,0.856452228979403,0.8564386937769563,0.6366666666666667,0.7371645021645021,0.16666666666666666,0.880415029246551,0.12014787430683918,6,1623,
emb_tf-sapiens,21,6,gingiva,oropharynx,oral_scc,donor_crc,0.969981512264121,0.9728897104128158,0.935064935064935,0.9421946296946297,0.0,1.355134905216427,0.0,6,1623,
emb_tf-sapiens,21,6,gingiva,oropharynx,oral_scc,target_only_k,0.8949127884182232,0.8952556993222428,0.73,0.8033116883116883,0.16666666666666666,0.925628765900505,0.07455329636475662,6,1623,
emb_tf-sapiens,21,6,gingiva,oropharynx,oral_scc,adaptive_crc,0.9065078900133248,0.9063462723351817,0.7733333333333333,0.8292342342342343,0.16666666666666666,0.9415892393609785,0.06038200862600123,6,1623,0.5
emb_tf-sapiens,21,6,gingiva,oropharynx,oral_scc,adaptive_plugin,0.893801677307112,0.8940234134319162,0.7233333333333334,0.799978354978355,0.16666666666666666,0.924517654789394,0.07578558225508318,6,1623,
emb_tf-sapiens,22,3,gingiva,oropharynx,oral_scc,cell_pooled,0.8728387111818159,0.8724591470705461,0.6533333333333333,0.7905993265993266,0.1111111111111111,0.923562178460318,0.07692307692307693,9,2509,
emb_tf-sapiens,22,3,gingiva,oropharynx,oral_scc,donor_weighted,0.8706257610419456,0.8704663212435233,0.65,0.7845454545454545,0.1111111111111111,0.9213492283204476,0.07891590275009965,9,2509,
emb_tf-sapiens,22,3,gingiva,oropharynx,oral_scc,donor_crc,0.9742886445527937,0.9744918294141092,0.9259259259259259,0.9527527527527527,0.0,2.104149077648396,0.0,9,2509,
emb_tf-sapiens,22,3,gingiva,oropharynx,oral_scc,target_only_k,0.892222270924571,0.8915902750099641,0.7166666666666667,0.8194276094276095,0.1111111111111111,0.9526174766165829,0.04822638501394978,9,2509,
emb_tf-sapiens,22,3,gingiva,oropharynx,oral_scc,adaptive_crc,0.9023227933383118,0.9023515344758868,0.7666666666666667,0.8375084175084175,0.1111111111111111,0.9679221156240043,0.03228377839776803,9,2509,0.5
emb_tf-sapiens,22,3,gingiva,oropharynx,oral_scc,adaptive_plugin,0.8750928780097376,0.8748505380629733,0.66,0.7946262626262627,0.1111111111111111,0.9280347595899872,0.07253886010362694,9,2509,
emb_tf-sapiens,22,6,gingiva,oropharynx,oral_scc,cell_pooled,0.8672080622227193,0.8661773009599096,0.6533333333333333,0.7391245791245791,0.16666666666666666,0.9159572826794921,0.08469791078486731,6,1771,
emb_tf-sapiens,22,6,gingiva,oropharynx,oral_scc,donor_weighted,0.8649708880951649,0.8639186900056465,0.65,0.7340909090909091,0.16666666666666666,0.9137201085519377,0.08695652173913043,6,1771,
emb_tf-sapiens,22,6,gingiva,oropharynx,oral_scc,donor_crc,0.9747583864046102,0.9745906267645398,0.9259259259259259,0.9528958488690032,0.0,2.2203323680813463,0.0,6,1771,
emb_tf-sapiens,22,6,gingiva,oropharynx,oral_scc,target_only_k,0.8806652393580574,0.8797289666854884,0.6966666666666667,0.7692087542087542,0.16666666666666666,0.9383547316737936,0.062111801242236024,6,1771,
emb_tf-sapiens,22,6,gingiva,oropharynx,oral_scc,adaptive_crc,0.8845788970073473,0.883681535855449,0.71,0.7775589225589226,0.16666666666666666,0.9434066954613897,0.057029926595143984,6,1771,0.25
emb_tf-sapiens,22,6,gingiva,oropharynx,oral_scc,adaptive_plugin,0.8789738039309899,0.8780350084697911,0.6933333333333334,0.7658585858585858,0.16666666666666666,0.936663296246726,0.06380575945793338,6,1771,
emb_tf-sapiens,23,3,gingiva,oropharynx,oral_scc,cell_pooled,0.8821933770772855,0.8837303189341946,0.7761194029850746,0.8145342254246011,0.1111111111111111,0.918500849858106,0.07993540573274122,9,2477,
emb_tf-sapiens,23,3,gingiva,oropharynx,oral_scc,donor_weighted,0.8818230067069152,0.8833266047638272,0.7761194029850746,0.8145342254246011,0.1111111111111111,0.9181304794877355,0.0803391199031086,9,2477,
emb_tf-sapiens,23,3,gingiva,oropharynx,oral_scc,donor_crc,0.9774455545952075,0.9777957206297941,0.9494949494949495,0.9574665574665574,0.0,1.6757364633288432,0.0,9,2477,
emb_tf-sapiens,23,3,gingiva,oropharynx,oral_scc,target_only_k,0.9283640977372136,0.9289463060153411,0.8885135135135135,0.8942010192010192,0.0,0.9854491274900885,0.014937424303593056,9,2477,
emb_tf-sapiens,23,3,gingiva,oropharynx,oral_scc,adaptive_crc,0.9532754851421831,0.9543802987484861,0.9191919191919192,0.9266955266955267,0.0,1.1134157136998903,0.0,9,2477,1.0
emb_tf-sapiens,23,3,gingiva,oropharynx,oral_scc,adaptive_plugin,0.919475788432063,0.9208720226079935,0.8817567567567568,0.8838140379185155,0.0,0.9681976552160209,0.031489705288655634,9,2477,
emb_tf-sapiens,23,6,gingiva,oropharynx,oral_scc,cell_pooled,0.8872349502863878,0.8901373283395755,0.7761194029850746,0.8086678096006454,0.16666666666666666,0.9183990117351831,0.07927590511860175,6,1602,
emb_tf-sapiens,23,6,gingiva,oropharynx,oral_scc,donor_weighted,0.8866793947308321,0.8895131086142322,0.7761194029850746,0.8086678096006454,0.16666666666666666,0.9178434561796278,0.07990012484394507,6,1602,
emb_tf-sapiens,23,6,gingiva,oropharynx,oral_scc,donor_crc,0.9797702272834998,0.980649188514357,0.9594594594594594,0.9634959634959634,0.0,1.6782275761032148,0.0,6,1602,
emb_tf-sapiens,23,6,gingiva,oropharynx,oral_scc,target_only_k,0.9259962769448896,0.9282147315855181,0.8851351351351351,0.8903287615974183,0.0,0.9728605255235525,0.02746566791510612,6,1602,
emb_tf-sapiens,23,6,gingiva,oropharynx,oral_scc,adaptive_crc,0.9503355518929495,0.9525593008739076,0.922077922077922,0.9221876096876096,0.0,1.047509261337269,0.0,6,1602,1.0
emb_tf-sapiens,23,6,gingiva,oropharynx,oral_scc,adaptive_plugin,0.9213667229251222,0.9238451935081149,0.8817567567567568,0.883042557482856,0.0,0.9660301521888721,0.033707865168539325,6,1602,
emb_tf-sapiens,24,3,gingiva,oropharynx,oral_scc,cell_pooled,0.8812677630473087,0.8810004033884631,0.7133333333333334,0.8292338308457712,0.1111111111111111,0.9040745869830606,0.09600645421540945,9,2479,
emb_tf-sapiens,24,3,gingiva,oropharynx,oral_scc,donor_weighted,0.8725875822081607,0.872529245663574,0.69,0.8156119402985074,0.1111111111111111,0.8946332282994016,0.10528438886647842,9,2479,
emb_tf-sapiens,24,3,gingiva,oropharynx,oral_scc,donor_crc,0.9807735269455942,0.9810407422347721,0.956081081081081,0.9704369954369955,0.0,1.4229311890230116,0.0,9,2479,
emb_tf-sapiens,24,3,gingiva,oropharynx,oral_scc,target_only_k,0.9370132689896917,0.936668011294877,0.88,0.8868108108108108,0.0,0.9762804246925211,0.024606696248487294,9,2479,
emb_tf-sapiens,24,3,gingiva,oropharynx,oral_scc,adaptive_crc,0.9566497814666793,0.9572408229124647,0.9155405405405406,0.9363548613548613,0.0,1.0370240467230887,0.0,9,2479,1.0
emb_tf-sapiens,24,3,gingiva,oropharynx,oral_scc,adaptive_plugin,0.9286752558539302,0.927793465106898,0.8433333333333334,0.8740720720720722,0.0,0.9644971992070255,0.03711173860427592,9,2479,
emb_tf-sapiens,24,6,gingiva,oropharynx,oral_scc,cell_pooled,0.8914076940770128,0.8918918918918919,0.8582089552238806,0.8615369100443728,0.0,0.9184822878449982,0.08108108108108109,6,1739,
emb_tf-sapiens,24,6,gingiva,oropharynx,oral_scc,donor_weighted,0.8844408138716817,0.8849913743530765,0.8470149253731343,0.8525615167406212,0.0,0.9103736408729005,0.08913168487636573,6,1739,
emb_tf-sapiens,24,6,gingiva,oropharynx,oral_scc,donor_crc,0.9788226280807287,0.9787234042553191,0.956081081081081,0.9676238738738738,0.0,1.3787191278568616,0.0,6,1739,
emb_tf-sapiens,24,6,gingiva,oropharynx,oral_scc,target_only_k,0.9241505082045438,0.9240943070730305,0.8817567567567568,0.8977749301025164,0.0,0.9597444095516949,0.04025301897642323,6,1739,
emb_tf-sapiens,24,6,gingiva,oropharynx,oral_scc,adaptive_crc,0.9263993321663367,0.926394479585969,0.8817567567567568,0.8994990680335508,0.0,0.9625506471143798,0.03737780333525014,6,1739,0.5
emb_tf-sapiens,24,6,gingiva,oropharynx,oral_scc,adaptive_plugin,0.9230143908999482,0.9229442208165612,0.8817567567567568,0.8977749301025164,0.0,0.95747429548709,0.0425531914893617,6,1739,
emb_tf-sapiens,25,3,gingiva,oropharynx,oral_scc,cell_pooled,0.867940829045121,0.8688656476267096,0.7388059701492538,0.769983416252073,0.2222222222222222,0.8935676236901665,0.10579243765084473,9,2486,
emb_tf-sapiens,25,3,gingiva,oropharynx,oral_scc,donor_weighted,0.8622493713048495,0.8632341110217217,0.7276119402985075,0.765051007588321,0.2222222222222222,0.8878761659498949,0.11142397425583267,9,2486,
emb_tf-sapiens,25,3,gingiva,oropharynx,oral_scc,donor_crc,0.9733230970769671,0.9738535800482703,0.9326599326599326,0.9513968513968514,0.0,1.3610994242904046,0.0,9,2486,
emb_tf-sapiens,25,3,gingiva,oropharynx,oral_scc,target_only_k,0.935696759150621,0.9368463395012068,0.8720538720538721,0.9014378014378014,0.0,0.9812439211839801,0.018905872888173775,9,2486,
emb_tf-sapiens,25,3,gingiva,oropharynx,oral_scc,adaptive_crc,0.9458452101714578,0.9469026548672567,0.8888888888888888,0.9102102102102102,0.0,1.0123072012259495,0.0,9,2486,1.0
emb_tf-sapiens,25,3,gingiva,oropharynx,oral_scc,adaptive_plugin,0.9306028951481511,0.9316170555108608,0.8686868686868687,0.8841851349314036,0.0,0.9735245569612151,0.026950925181013677,9,2486,
emb_tf-sapiens,25,6,gingiva,oropharynx,oral_scc,cell_pooled,0.8592554627869009,0.8601747815230961,0.7388059701492538,0.7582918739635158,0.3333333333333333,0.8824748089086233,0.11735330836454431,6,1602,
emb_tf-sapiens,25,6,gingiva,oropharynx,oral_scc,donor_weighted,0.8540741320323494,0.8551810237203495,0.7276119402985075,0.751011357354641,0.3333333333333333,0.8772934781540717,0.12234706616729088,6,1602,
emb_tf-sapiens,25,6,gingiva,oropharynx,oral_scc,donor_crc,0.9746424283982336,0.9756554307116105,0.9326599326599326,0.9468494468494468,0.0,1.3816241114105818,0.0,6,1602,
emb_tf-sapiens,25,6,gingiva,oropharynx,oral_scc,target_only_k,0.9250672751887499,0.9263420724094882,0.8619528619528619,0.8694092667973266,0.0,0.9656598286426603,0.03495630461922597,6,1602,
emb_tf-sapiens,25,6,gingiva,oropharynx,oral_scc,adaptive_crc,0.9392051043857302,0.9406991260923845,0.8754208754208754,0.8985313332328257,0.0,0.9894282304473833,0.011235955056179775,6,1602,1.0
emb_tf-sapiens,25,6,gingiva,oropharynx,oral_scc,adaptive_plugin,0.9153377789996636,0.916354556803995,0.8417508417508418,0.8518455701291523,0.0,0.9514241209078955,0.04931335830212235,6,1602,
emb_tf-sapiens,26,3,gingiva,oropharynx,oral_scc,cell_pooled,0.8860507932175843,0.8872785829307569,0.7946127946127947,0.803698678325544,0.1111111111111111,0.9279345953703532,0.07045088566827697,9,2484,
emb_tf-sapiens,26,3,gingiva,oropharynx,oral_scc,donor_weighted,0.8860507932175843,0.8872785829307569,0.7946127946127947,0.803698678325544,0.1111111111111111,0.927562986303092,0.07085346215780998,9,2484,
emb_tf-sapiens,26,3,gingiva,oropharynx,oral_scc,donor_crc,0.9681257559474048,0.9685990338164251,0.9158249158249159,0.9426244426244427,0.0,1.4144304930583482,0.0,9,2484,
emb_tf-sapiens,26,3,gingiva,oropharynx,oral_scc,target_only_k,0.9298367558748823,0.9315619967793881,0.8518518518518519,0.8820586820586821,0.0,1.0141046857345906,0.0,9,2484,
emb_tf-sapiens,26,3,gingiva,oropharynx,oral_scc,adaptive_crc,0.9414863872193899,0.9428341384863124,0.8720538720538721,0.9016835016835016,0.0,1.0655494113065975,0.0,9,2484,1.0
emb_tf-sapiens,26,3,gingiva,oropharynx,oral_scc,adaptive_plugin,0.9264217620920241,0.928341384863124,0.8518518518518519,0.8768638768638768,0.0,1.0000384132328577,0.0008051529790660225,9,2484,
emb_tf-sapiens,26,6,gingiva,oropharynx,oral_scc,cell_pooled,0.8754200676587846,0.8756127450980392,0.7946127946127947,0.8179145054145054,0.16666666666666666,0.9274899860537201,0.07107843137254902,6,1632,
emb_tf-sapiens,26,6,gingiva,oropharynx,oral_scc,donor_weighted,0.8754200676587846,0.8756127450980392,0.7946127946127947,0.8179145054145054,0.16666666666666666,0.9269325724528282,0.07169117647058823,6,1632,
emb_tf-sapiens,26,6,gingiva,oropharynx,oral_scc,donor_crc,0.9609535342516692,0.9613970588235294,0.9158249158249159,0.9325746200746201,0.0,1.4051914619542405,0.0,6,1632,
emb_tf-sapiens,26,6,gingiva,oropharynx,oral_scc,target_only_k,0.8995353667123802,0.9007352941176471,0.8383838383838383,0.8533135408135408,0.0,0.9742167764125744,0.02696078431372549,6,1632,
emb_tf-sapiens,26,6,gingiva,oropharynx,oral_scc,adaptive_crc,0.9113532332349205,0.9136029411764706,0.8518518518518519,0.8674843674843675,0.0,1.0034209076328642,0.0012254901960784314,6,1632,1.0
emb_tf-sapiens,26,6,gingiva,oropharynx,oral_scc,adaptive_plugin,0.8995353667123802,0.9007352941176471,0.8383838383838383,0.8533135408135408,0.0,0.9730981955838486,0.028186274509803922,6,1632,
emb_tf-sapiens,27,3,gingiva,oropharynx,oral_scc,cell_pooled,0.8406094949520022,0.8375552874949739,0.6533333333333333,0.7575323383084578,0.3333333333333333,0.8718480125822191,0.13108162444712504,9,2487,
emb_tf-sapiens,27,3,gingiva,oropharynx,oral_scc,donor_weighted,0.8383978002198005,0.8355448331322879,0.65,0.7568656716417911,0.3333333333333333,0.8696363178500173,0.13309207880981103,9,2487,
emb_tf-sapiens,27,3,gingiva,oropharynx,oral_scc,donor_crc,0.97097733095553,0.9706473663047849,0.936026936026936,0.9493675493675494,0.0,1.55356019588167,0.0,9,2487,
emb_tf-sapiens,27,3,gingiva,oropharynx,oral_scc,target_only_k,0.8623229193038703,0.8604744672295939,0.69,0.7844646464646464,0.1111111111111111,0.8983961049237019,0.10414153598713309,9,2487,
emb_tf-sapiens,27,3,gingiva,oropharynx,oral_scc,adaptive_crc,0.8743889762908205,0.8721351025331725,0.7066666666666667,0.7931851851851851,0.1111111111111111,0.9119398354716589,0.0912746280659429,9,2487,0.25
emb_tf-sapiens,27,3,gingiva,oropharynx,oral_scc,adaptive_plugin,0.8604710674520184,0.8584640128669079,0.6833333333333333,0.7831313131313131,0.1111111111111111,0.8961713969942959,0.10655408122235625,9,2487,
emb_tf-sapiens,27,6,gingiva,oropharynx,oral_scc,cell_pooled,0.8132904307437889,0.8066126013724267,0.6533333333333333,0.7184577114427861,0.5,0.8517701311264743,0.15408608858390518,6,1603,
emb_tf-sapiens,27,6,gingiva,oropharynx,oral_scc,donor_weighted,0.8110914568781484,0.8047411104179664,0.65,0.7167910447761194,0.5,0.8495711572608338,0.15595757953836556,6,1603,
emb_tf-sapiens,27,6,gingiva,oropharynx,oral_scc,donor_crc,0.9642773312580526,0.9631940112289458,0.936026936026936,0.9443648193648193,0.0,1.5767839247627802,0.0,6,1603,
emb_tf-sapiens,27,6,gingiva,oropharynx,oral_scc,target_only_k,0.8237428132484103,0.817841547099189,0.6666666666666666,0.736318407960199,0.16666666666666666,0.8660479705815526,0.140361821584529,6,1603,
emb_tf-sapiens,27,6,gingiva,oropharynx,oral_scc,adaptive_crc,0.8433704897635246,0.8371802869619464,0.7,0.7574074074074073,0.16666666666666666,0.8896483072447002,0.11728009981285091,6,1603,0.25
emb_tf-sapiens,27,6,gingiva,oropharynx,oral_scc,adaptive_plugin,0.8110914568781484,0.8047411104179664,0.65,0.7167910447761194,0.5,0.8495711572608338,0.15595757953836556,6,1603,
emb_tf-sapiens,28,3,gingiva,oropharynx,oral_scc,cell_pooled,0.8663258290809885,0.8683360258481422,0.7912457912457912,0.8065250203181237,0.1111111111111111,0.9151550903994402,0.08441033925686592,9,2476,
emb_tf-sapiens,28,3,gingiva,oropharynx,oral_scc,donor_weighted,0.8663258290809885,0.8683360258481422,0.7912457912457912,0.8065250203181237,0.1111111111111111,0.9151550903994402,0.08441033925686592,9,2476,
emb_tf-sapiens,28,3,gingiva,oropharynx,oral_scc,donor_crc,0.9737781208912486,0.9745557350565428,0.936026936026936,0.9493675493675494,0.0,2.1593872116639803,0.0,9,2476,
emb_tf-sapiens,28,3,gingiva,oropharynx,oral_scc,target_only_k,0.8883086714593333,0.8897415185783522,0.8148148148148148,0.8386386386386386,0.0,0.9474682452828639,0.05250403877221325,9,2476,
emb_tf-sapiens,28,3,gingiva,oropharynx,oral_scc,adaptive_crc,0.8982790494314791,0.8998384491114702,0.835016835016835,0.8561925561925562,0.0,0.961171251666441,0.03877221324717286,9,2476,0.5
emb_tf-sapiens,28,3,gingiva,oropharynx,oral_scc,adaptive_plugin,0.8818101389622952,0.8832794830371568,0.797979797979798,0.8299407871821665,0.1111111111111111,0.9375349696029739,0.06260096930533118,9,2476,
emb_tf-sapiens,28,6,gingiva,oropharynx,oral_scc,cell_pooled,0.8752899009443792,0.8755066589461494,0.7912457912457912,0.800795309415999,0.16666666666666666,0.9131359260024506,0.08627678054429647,6,1727,
emb_tf-sapiens,28,6,gingiva,oropharynx,oral_scc,donor_weighted,0.8752899009443792,0.8755066589461494,0.7912457912457912,0.800795309415999,0.16666666666666666,0.9131359260024506,0.08627678054429647,6,1727,
emb_tf-sapiens,28,6,gingiva,oropharynx,oral_scc,donor_crc,0.9777980625981891,0.9774174869716271,0.936026936026936,0.9559445024962265,0.0,2.17943763557018,0.0,6,1727,
emb_tf-sapiens,28,6,gingiva,oropharynx,oral_scc,target_only_k,0.9205079576573078,0.9200926462072959,0.8585858585858586,0.8706722396377569,0.0,0.9825305466175118,0.017371163867979156,6,1727,
emb_tf-sapiens,28,6,gingiva,oropharynx,oral_scc,adaptive_crc,0.9489430429743257,0.9484655471916619,0.8956228956228957,0.9098804133286892,0.0,1.1287495790944975,0.0,6,1727,1.0
emb_tf-sapiens,28,6,gingiva,oropharynx,oral_scc,adaptive_plugin,0.9105986542192639,0.9102489866821077,0.8383838383838383,0.8519505398815743,0.0,0.9646110190339368,0.03532136653155762,6,1727,
emb_tf-sapiens,29,3,gingiva,oropharynx,oral_scc,cell_pooled,0.8513600299656805,0.8501208702659145,0.6066666666666667,0.7123781094527364,0.2222222222222222,0.8792387716032766,0.12207896857373086,9,2482,
emb_tf-sapiens,29,3,gingiva,oropharynx,oral_scc,donor_weighted,0.8475283267332299,0.8460918614020951,0.5966666666666667,0.704407960199005,0.2222222222222222,0.8746498151231513,0.12691377921031427,9,2482,
emb_tf-sapiens,29,3,gingiva,oropharynx,oral_scc,donor_crc,0.9773745375312409,0.9774375503626108,0.9494949494949495,0.9685656565656566,0.0,1.5468943302469107,0.0,9,2482,
emb_tf-sapiens,29,3,gingiva,oropharynx,oral_scc,target_only_k,0.862376154559469,0.8614020950846092,0.6366666666666667,0.7333034825870647,0.2222222222222222,0.8944404599510006,0.10676873489121676,9,2482,
emb_tf-sapiens,29,3,gingiva,oropharynx,oral_scc,adaptive_crc,0.8961212256482936,0.8948428686543111,0.7166666666666667,0.8149751243781095,0.1111111111111111,0.939067345766431,0.062449637389202256,9,2482,0.25
emb_tf-sapiens,29,3,gingiva,oropharynx,oral_scc,adaptive_plugin,0.8513600299656805,0.8501208702659145,0.6066666666666667,0.7123781094527364,0.2222222222222222,0.8792387716032766,0.12207896857373086,9,2482,
emb_tf-sapiens,29,6,gingiva,oropharynx,oral_scc,cell_pooled,0.8454105314224555,0.8426332288401254,0.6066666666666667,0.6727363184079602,0.3333333333333333,0.8691695084633922,0.1341692789968652,6,1595,
emb_tf-sapiens,29,6,gingiva,oropharynx,oral_scc,donor_weighted,0.8419426700603697,0.838871473354232,0.5966666666666667,0.6640049751243782,0.3333333333333333,0.8657016471013065,0.13793103448275862,6,1595,
emb_tf-sapiens,29,6,gingiva,oropharynx,oral_scc,donor_crc,0.9823720350208832,0.9830721003134796,0.9733333333333334,0.9736796536796537,0.0,1.5590891249225933,0.0,6,1595,
emb_tf-sapiens,29,6,gingiva,oropharynx,oral_scc,target_only_k,0.8872993235103878,0.8846394984326019,0.6966666666666667,0.7569154228855721,0.16666666666666666,0.9223358958169959,0.08150470219435736,6,1595,
emb_tf-sapiens,29,6,gingiva,oropharynx,oral_scc,adaptive_crc,0.8949427038310068,0.8927899686520376,0.7166666666666667,0.7781094527363184,0.16666666666666666,0.9351388103598519,0.0677115987460815,6,1595,0.25
emb_tf-sapiens,29,6,gingiva,oropharynx,oral_scc,adaptive_plugin,0.8839178358354217,0.8808777429467085,0.6866666666666666,0.7519154228855721,0.16666666666666666,0.9183988525864742,0.08589341692789969,6,1595,
emb_tf-exemplar-human,0,3,gingiva,oropharynx,oral_scc,cell_pooled,0.9282550905660515,0.927652733118971,0.8787878787878788,0.8865683865683865,0.0,0.98011287414092,0.02009646302250804,9,2488,
emb_tf-exemplar-human,0,3,gingiva,oropharynx,oral_scc,donor_weighted,0.9266801574239543,0.9260450160771704,0.8787878787878788,0.8838656838656839,0.0,0.9774218500759684,0.022909967845659164,9,2488,
emb_tf-exemplar-human,0,3,gingiva,oropharynx,oral_scc,donor_crc,0.9800787291322722,0.9803054662379421,0.9528619528619529,0.9697931697931698,0.0,1.6924851511075556,0.0,9,2488,
emb_tf-exemplar-human,0,3,gingiva,oropharynx,oral_scc,target_only_k,0.9239988172160527,0.9232315112540193,0.8787878787878788,0.8838656838656839,0.0,0.9710155471683244,0.029340836012861738,9,2488,
emb_tf-exemplar-human,0,3,gingiva,oropharynx,oral_scc,adaptive_crc,0.934054803049302,0.9336816720257235,0.8855218855218855,0.8879151879151879,0.0,1.0007002418170101,0.0012057877813504824,9,2488,0.25
emb_tf-exemplar-human,0,3,gingiva,oropharynx,oral_scc,adaptive_plugin,0.9263073013464,0.9256430868167203,0.8787878787878788,0.8838656838656839,0.0,0.9766736186230391,0.023713826366559485,9,2488,
emb_tf-exemplar-human,0,6,gingiva,oropharynx,oral_scc,cell_pooled,0.9264235374761856,0.9260321100917431,0.8787878787878788,0.8836506961506961,0.0,0.9803223191230085,0.0194954128440367,6,1744,
emb_tf-exemplar-human,0,6,gingiva,oropharynx,oral_scc,donor_weighted,0.9246166933185953,0.9243119266055045,0.8787878787878788,0.881961506961507,0.0,0.9773968941366924,0.02236238532110092,6,1744,
emb_tf-exemplar-human,0,6,gingiva,oropharynx,oral_scc,donor_crc,0.9812478643109374,0.9810779816513762,0.9528619528619529,0.9646066521066521,0.0,1.6571794856303341,0.0,6,1744,
emb_tf-exemplar-human,0,6,gingiva,oropharynx,oral_scc,target_only_k,0.9170234887308079,0.9168577981651376,0.875,0.8752104377104377,0.0,0.9624571444618425,0.03727064220183486,6,1744,
emb_tf-exemplar-human,0,6,gingiva,oropharynx,oral_scc,adaptive_crc,0.9322687000707933,0.9317660550458715,0.8855218855218855,0.8870176995176995,0.0,0.9988150463896733,0.0017201834862385322,6,1744,0.25
emb_tf-exemplar-human,0,6,gingiva,oropharynx,oral_scc,adaptive_plugin,0.9205708042643878,0.9202981651376146,0.8783783783783784,0.8785831285831286,0.0,0.9699289024107701,0.02981651376146789,6,1744,
emb_tf-exemplar-human,1,3,gingiva,oropharynx,oral_scc,cell_pooled,0.9094227819929837,0.9105199516324063,0.8246268656716418,0.846304683479156,0.0,0.9355289834775959,0.06328093510681176,9,2481,
emb_tf-exemplar-human,1,3,gingiva,oropharynx,oral_scc,donor_weighted,0.9071416298692027,0.9081015719467956,0.8246268656716418,0.8380288214101904,0.0,0.9325263306323142,0.06610237807335752,9,2481,
emb_tf-exemplar-human,1,3,gingiva,oropharynx,oral_scc,donor_crc,0.9837100684556981,0.9842805320435308,0.974025974025974,0.97601324849647,0.0,1.6412857904460898,0.0,9,2481,
emb_tf-exemplar-human,1,3,gingiva,oropharynx,oral_scc,target_only_k,0.9566428760035439,0.9568722289399436,0.9379310344827586,0.939264059245545,0.0,1.0195252271714221,0.0,9,2481,
emb_tf-exemplar-human,1,3,gingiva,oropharynx,oral_scc,adaptive_crc,0.9675608439750353,0.9681580008061266,0.9517241379310345,0.9539811912225705,0.0,1.1091783950797822,0.0,9,2481,1.0
emb_tf-exemplar-human,1,3,gingiva,oropharynx,oral_scc,adaptive_plugin,0.951263313216588,0.9516324062877872,0.9295302013422819,0.930733626475353,0.0,1.0038137925693382,0.0008061265618702137,9,2481,
emb_tf-exemplar-human,1,6,gingiva,oropharynx,oral_scc,cell_pooled,0.9081940261797636,0.9091435185185185,0.8246268656716418,0.8381755018013382,0.0,0.9352279658465368,0.06365740740740741,6,1728,
emb_tf-exemplar-human,1,6,gingiva,oropharynx,oral_scc,donor_weighted,0.9053278535496475,0.90625,0.8246268656716418,0.8330030880082346,0.0,0.9323617932164207,0.06655092592592593,6,1728,
emb_tf-exemplar-human,1,6,gingiva,oropharynx,oral_scc,donor_crc,0.98323487252723,0.9832175925925926,0.9765100671140939,0.9770610037063008,0.0,1.6243053186979415,0.0,6,1728,
emb_tf-exemplar-human,1,6,gingiva,oropharynx,oral_scc,target_only_k,0.9434685606565734,0.9432870370370371,0.9137931034482759,0.9199838000462857,0.0,0.983067365143349,0.01678240740740741,6,1728,
emb_tf-exemplar-human,1,6,gingiva,oropharynx,oral_scc,adaptive_crc,0.9586576379948172,0.9583333333333334,0.9379310344827586,0.9404420273084935,0.0,1.027905128693236,0.0,6,1728,1.0
emb_tf-exemplar-human,1,6,gingiva,oropharynx,oral_scc,adaptive_plugin,0.940496650570986,0.9403935185185185,0.906896551724138,0.9165355241842166,0.0,0.9760243963268848,0.023726851851851853,6,1728,
emb_tf-exemplar-human,2,3,gingiva,oropharynx,oral_scc,cell_pooled,0.8761911419273346,0.8756674294431731,0.72,0.8147070707070707,0.1111111111111111,0.9114289668119899,0.08886346300533944,9,2622,
emb_tf-exemplar-human,2,3,gingiva,oropharynx,oral_scc,donor_weighted,0.875437629794512,0.8749046529366895,0.7166666666666667,0.814040404040404,0.1111111111111111,0.9106754546791674,0.08962623951182304,9,2622,
emb_tf-exemplar-human,2,3,gingiva,oropharynx,oral_scc,donor_crc,0.9781482541694435,0.9778794813119756,0.9393939393939394,0.9608517608517608,0.0,1.697675742875755,0.0,9,2622,
emb_tf-exemplar-human,2,3,gingiva,oropharynx,oral_scc,target_only_k,0.8549795593773348,0.8543096872616324,0.6533333333333333,0.7825185185185185,0.1111111111111111,0.8818496280639009,0.11861174675819985,9,2622,
emb_tf-exemplar-human,2,3,gingiva,oropharynx,oral_scc,adaptive_crc,0.8919081926704462,0.8913043478260869,0.7766666666666666,0.8314276094276094,0.1111111111111111,0.9301455956699812,0.07017543859649122,9,2622,0.25
emb_tf-exemplar-human,2,3,gingiva,oropharynx,oral_scc,adaptive_plugin,0.85950624045768,0.858886346300534,0.67,0.7885454545454545,0.1111111111111111,0.8871337206806432,0.11327231121281464,9,2622,
emb_tf-exemplar-human,2,6,gingiva,oropharynx,oral_scc,cell_pooled,0.8864117520309663,0.8863122171945701,0.8383838383838383,0.8431784056784057,0.0,0.9299152555271034,0.07013574660633484,6,1768,
emb_tf-exemplar-human,2,6,gingiva,oropharynx,oral_scc,donor_weighted,0.8858370393872882,0.8857466063348416,0.8383838383838383,0.8431784056784057,0.0,0.9293405428834255,0.07070135746606335,6,1768,
emb_tf-exemplar-human,2,6,gingiva,oropharynx,oral_scc,donor_crc,0.9706883845709148,0.9705882352941176,0.9393939393939394,0.9528050778050778,0.0,1.5705438709558297,0.0,6,1768,
emb_tf-exemplar-human,2,6,gingiva,oropharynx,oral_scc,target_only_k,0.8915304464307962,0.8914027149321267,0.8417508417508418,0.8448619073619075,0.0,0.9367118148719902,0.06334841628959276,6,1768,
emb_tf-exemplar-human,2,6,gingiva,oropharynx,oral_scc,adaptive_crc,0.8955245724795201,0.8953619909502263,0.8451178451178452,0.8499237874237875,0.0,0.9435274431479769,0.05656108597285068,6,1768,0.25
emb_tf-exemplar-human,2,6,gingiva,oropharynx,oral_scc,adaptive_plugin,0.8858370393872882,0.8857466063348416,0.8383838383838383,0.8431784056784057,0.0,0.9293405428834255,0.07070135746606335,6,1768,
emb_tf-exemplar-human,3,3,gingiva,oropharynx,oral_scc,cell_pooled,0.8603171893228861,0.860137041515518,0.6233333333333333,0.7455621890547264,0.2222222222222222,0.8811703636295796,0.1189036678758565,9,2481,
emb_tf-exemplar-human,3,3,gingiva,oropharynx,oral_scc,donor_weighted,0.8599340475604341,0.8597339782345829,0.6233333333333333,0.7455621890547264,0.2222222222222222,0.8807872218671275,0.11930673115679162,9,2481,
emb_tf-exemplar-human,3,3,gingiva,oropharynx,oral_scc,donor_crc,0.9773953609435873,0.9782345828295043,0.961038961038961,0.9646215853112405,0.0,1.338826337379625,0.0,9,2481,
emb_tf-exemplar-human,3,3,gingiva,oropharynx,oral_scc,target_only_k,0.9271109275605158,0.9266424828698105,0.82,0.8953432835820896,0.0,0.9712627371375818,0.029826682789197905,9,2481,
emb_tf-exemplar-human,3,3,gingiva,oropharynx,oral_scc,adaptive_crc,0.9570042875995431,0.9576783555018138,0.9333333333333333,0.9399134199134199,0.0,1.0514556023814,0.0,9,2481,1.0
emb_tf-exemplar-human,3,3,gingiva,oropharynx,oral_scc,adaptive_plugin,0.9115062469400278,0.9117291414752116,0.77,0.8584776119402985,0.1111111111111111,0.945407539586794,0.05562273276904474,9,2481,
emb_tf-exemplar-human,3,6,gingiva,oropharynx,oral_scc,cell_pooled,0.8299752247002129,0.8265497808390733,0.6233333333333333,0.699726368159204,0.3333333333333333,0.8510519349546851,0.15216030056355667,6,1597,
emb_tf-exemplar-human,3,6,gingiva,oropharynx,oral_scc,donor_weighted,0.8294005120565348,0.8259236067626801,0.6233333333333333,0.699726368159204,0.3333333333333333,0.850477222311007,0.1527864746399499,6,1597,
emb_tf-exemplar-human,3,6,gingiva,oropharynx,oral_scc,donor_crc,0.9785332290862736,0.9799624295554165,0.961038961038961,0.9632781012091357,0.0,1.4198298925969046,0.0,6,1597,
emb_tf-exemplar-human,3,6,gingiva,oropharynx,oral_scc,target_only_k,0.8609320707810268,0.8578584846587352,0.6733333333333333,0.7471144278606965,0.16666666666666666,0.8903350395120181,0.11396368190356919,6,1597,
emb_tf-exemplar-human,3,6,gingiva,oropharynx,oral_scc,adaptive_crc,0.8730445157215727,0.8703819661865999,0.7033333333333334,0.7733084577114429,0.16666666666666666,0.9041351662526895,0.09956167814652474,6,1597,0.25
emb_tf-exemplar-human,3,6,gingiva,oropharynx,oral_scc,adaptive_plugin,0.8553843601208723,0.852222917971196,0.6533333333333333,0.7371144278606965,0.16666666666666666,0.8837050777696126,0.12022542266750157,6,1597,
emb_tf-exemplar-human,4,3,gingiva,oropharynx,oral_scc,cell_pooled,0.9124314963606243,0.912308930008045,0.8653198653198653,0.8757666757666758,0.0,0.9524316893646131,0.04625905068382945,9,2486,
emb_tf-exemplar-human,4,3,gingiva,oropharynx,oral_scc,donor_weighted,0.9120573848754017,0.911906677393403,0.8619528619528619,0.8750932750932751,0.0,0.9520575778793905,0.04666130329847144,9,2486,
emb_tf-exemplar-human,4,3,gingiva,oropharynx,oral_scc,donor_crc,0.9817110501518351,0.9818986323411102,0.9562289562289562,0.9704665704665705,0.0,1.7225014968217032,0.0,9,2486,
emb_tf-exemplar-human,4,3,gingiva,oropharynx,oral_scc,target_only_k,0.919702179715196,0.919549477071601,0.8720538720538721,0.8798161798161799,0.0,0.9652444232389981,0.03419147224456959,9,2486,
emb_tf-exemplar-human,4,3,gingiva,oropharynx,oral_scc,adaptive_crc,0.9254017213439377,0.9251810136765889,0.8851351351351351,0.8854445354445354,0.0,0.9739421292862289,0.025341914722445697,9,2486,0.5
emb_tf-exemplar-human,4,3,gingiva,oropharynx,oral_scc,adaptive_plugin,0.9120573848754017,0.911906677393403,0.8619528619528619,0.8750932750932751,0.0,0.9520575778793905,0.04666130329847144,9,2486,
emb_tf-exemplar-human,4,6,gingiva,oropharynx,oral_scc,cell_pooled,0.9224552761318887,0.9232209737827716,0.8653198653198653,0.8872053872053871,0.0,0.9586857040150828,0.03870162297128589,6,1602,
emb_tf-exemplar-human,4,6,gingiva,oropharynx,oral_scc,donor_weighted,0.9218941089040548,0.9225967540574282,0.8619528619528619,0.8855218855218855,0.0,0.9581245367872491,0.03932584269662921,6,1602,
emb_tf-exemplar-human,4,6,gingiva,oropharynx,oral_scc,donor_crc,0.9816111584594455,0.9818976279650437,0.9562289562289562,0.9651274651274651,0.0,1.6979259016475907,0.0,6,1602,
emb_tf-exemplar-human,4,6,gingiva,oropharynx,oral_scc,target_only_k,0.9288215351769772,0.9294631710362048,0.8720538720538721,0.8938191438191438,0.0,0.9694154140241474,0.02933832709113608,6,1602,
emb_tf-exemplar-human,4,6,gingiva,oropharynx,oral_scc,adaptive_crc,0.9339477667544801,0.9344569288389513,0.8821548821548821,0.9021164021164021,0.0,0.9756639800573184,0.023096129837702872,6,1602,0.5
emb_tf-exemplar-human,4,6,gingiva,oropharynx,oral_scc,adaptive_plugin,0.9224552761318887,0.9232209737827716,0.8653198653198653,0.8872053872053871,0.0,0.9586857040150828,0.03870162297128589,6,1602,
emb_tf-exemplar-human,5,3,gingiva,oropharynx,oral_scc,cell_pooled,0.8589626703943428,0.8589846897663175,0.5833333333333334,0.7674129353233832,0.1111111111111111,0.8898682892063563,0.11079774375503626,9,2482,
emb_tf-exemplar-human,5,3,gingiva,oropharynx,oral_scc,donor_weighted,0.8577817931712627,0.8577759871071716,0.5833333333333334,0.7644278606965174,0.1111111111111111,0.888317041612906,0.11240934730056407,9,2482,
emb_tf-exemplar-human,5,3,gingiva,oropharynx,oral_scc,donor_crc,0.9837903485077906,0.984286865431104,0.974025974025974,0.97601324849647,0.0,2.056822180652527,0.0,9,2482,
emb_tf-exemplar-human,5,3,gingiva,oropharynx,oral_scc,target_only_k,0.9391334499694085,0.9403706688154714,0.8966666666666666,0.9066060606060605,0.0,1.0050441230504912,0.0012087026591458502,9,2482,
emb_tf-exemplar-human,5,3,gingiva,oropharynx,oral_scc,adaptive_crc,0.9642823857992533,0.9653505237711523,0.9415584415584416,0.9426741044190708,0.0,1.3025899484850405,0.0,9,2482,1.0
emb_tf-exemplar-human,5,3,gingiva,oropharynx,oral_scc,adaptive_plugin,0.9219877613238281,0.9222401289282837,0.8133333333333334,0.8899393939393939,0.0,0.9730591705550573,0.027800161160354553,9,2482,
emb_tf-exemplar-human,5,6,gingiva,oropharynx,oral_scc,cell_pooled,0.8192515649225633,0.815625,0.5833333333333334,0.6983830845771144,0.16666666666666666,0.853865026697631,0.150625,6,1600,
emb_tf-exemplar-human,5,6,gingiva,oropharynx,oral_scc,donor_weighted,0.8174802490879434,0.81375,0.5833333333333334,0.6965174129353233,0.16666666666666666,0.8515381553074554,0.153125,6,1600,
emb_tf-exemplar-human,5,6,gingiva,oropharynx,oral_scc,donor_crc,0.9818376480413279,0.9825,0.974025974025974,0.9765963203463204,0.0,2.3064672942262363,0.0,6,1600,
emb_tf-exemplar-human,5,6,gingiva,oropharynx,oral_scc,target_only_k,0.836211933998218,0.8325,0.6233333333333333,0.7258457711442785,0.16666666666666666,0.8736437579666477,0.13125,6,1600,
emb_tf-exemplar-human,5,6,gingiva,oropharynx,oral_scc,adaptive_crc,0.8585262869671646,0.854375,0.6666666666666666,0.7661691542288557,0.16666666666666666,0.9003831494985638,0.105625,6,1600,0.25
emb_tf-exemplar-human,5,6,gingiva,oropharynx,oral_scc,adaptive_plugin,0.8174802490879434,0.81375,0.5833333333333334,0.6965174129353233,0.16666666666666666,0.8515381553074554,0.153125,6,1600,
emb_tf-exemplar-human,6,3,gingiva,oropharynx,oral_scc,cell_pooled,0.880776177355234,0.8791649939783219,0.8,0.8356756756756757,0.0,0.9120362899590978,0.08831794460056203,9,2491,
emb_tf-exemplar-human,6,3,gingiva,oropharynx,oral_scc,donor_weighted,0.880776177355234,0.8791649939783219,0.8,0.8356756756756757,0.0,0.9120362899590978,0.08831794460056203,9,2491,
emb_tf-exemplar-human,6,3,gingiva,oropharynx,oral_scc,donor_crc,0.9876357242016497,0.9875551987153753,0.9663299663299664,0.9743470743470743,0.0,2.219356811108981,0.0,9,2491,
emb_tf-exemplar-human,6,3,gingiva,oropharynx,oral_scc,target_only_k,0.757984561926446,0.755921316740265,0.55,0.6891044776119403,0.7777777777777778,0.7749830123575098,0.22641509433962265,9,2491,
emb_tf-exemplar-human,6,3,gingiva,oropharynx,oral_scc,adaptive_crc,0.8940804700946785,0.8924126856684063,0.8333333333333334,0.8504504504504504,0.0,0.9276201916352395,0.07266158169409875,9,2491,0.25
emb_tf-exemplar-human,6,3,gingiva,oropharynx,oral_scc,adaptive_plugin,0.7843685311112418,0.7824167001204335,0.5833333333333334,0.7136815920398011,0.5555555555555556,0.8032571475704025,0.1979124849458049,9,2491,
emb_tf-exemplar-human,6,6,gingiva,oropharynx,oral_scc,cell_pooled,0.8640415507851356,0.8633504859919954,0.8,0.8222972972972973,0.0,0.9008274027116144,0.09948542024013722,6,1749,
emb_tf-exemplar-human,6,6,gingiva,oropharynx,oral_scc,donor_weighted,0.8640415507851356,0.8633504859919954,0.8,0.8222972972972973,0.0,0.9008274027116144,0.09948542024013722,6,1749,
emb_tf-exemplar-human,6,6,gingiva,oropharynx,oral_scc,donor_crc,0.9853310514299397,0.985134362492853,0.9663299663299664,0.9713406588406588,0.0,2.2516783143065697,0.0,6,1749,
emb_tf-exemplar-human,6,6,gingiva,oropharynx,oral_scc,target_only_k,0.7946679334168181,0.7941680960548885,0.6466666666666666,0.7186036036036036,0.3333333333333333,0.8213078829170581,0.17895940537449972,6,1749,
emb_tf-exemplar-human,6,6,gingiva,oropharynx,oral_scc,adaptive_crc,0.8755643306416777,0.8747855917667239,0.83,0.8423648648648648,0.0,0.9146121885657946,0.08576329331046312,6,1749,0.25
emb_tf-exemplar-human,6,6,gingiva,oropharynx,oral_scc,adaptive_plugin,0.8189965813778306,0.8181818181818182,0.6833333333333333,0.749074074074074,0.16666666666666666,0.8489979352965222,0.15151515151515152,6,1749,
emb_tf-exemplar-human,7,3,gingiva,oropharynx,oral_scc,cell_pooled,0.8864610745192714,0.8858327053504145,0.7133333333333334,0.8212873563218391,0.1111111111111111,0.9217566357323772,0.07874905802562171,9,2654,
emb_tf-exemplar-human,7,3,gingiva,oropharynx,oral_scc,donor_weighted,0.8857165926636783,0.8850791258477769,0.71,0.8206206896551724,0.1111111111111111,0.9210121538767841,0.07950263752825923,9,2654,
emb_tf-exemplar-human,7,3,gingiva,oropharynx,oral_scc,donor_crc,0.9857167714760899,0.9856819894498869,0.9696969696969697,0.9777231777231777,0.0,2.0279357726548017,0.0,9,2654,
emb_tf-exemplar-human,7,3,gingiva,oropharynx,oral_scc,target_only_k,0.8950505473951428,0.8944988696307461,0.74,0.8321379310344827,0.1111111111111111,0.9322492617614017,0.0681989449886963,9,2654,
emb_tf-exemplar-human,7,3,gingiva,oropharynx,oral_scc,adaptive_crc,0.8965474609753896,0.8960060286360211,0.75,0.8341379310344827,0.1111111111111111,0.9344906404864639,0.06593820648078372,9,2654,0.25
emb_tf-exemplar-human,7,3,gingiva,oropharynx,oral_scc,adaptive_plugin,0.8939394362840315,0.8933685003767897,0.7333333333333333,0.8308045977011494,0.1111111111111111,0.9307677802799201,0.06970610399397137,9,2654,
emb_tf-exemplar-human,7,6,gingiva,oropharynx,oral_scc,cell_pooled,0.9235900792118571,0.9230769230769231,0.8552188552188552,0.8809427609427609,0.0,0.9567389714094802,0.04355203619909502,6,1768,
emb_tf-exemplar-human,7,6,gingiva,oropharynx,oral_scc,donor_weighted,0.9230289119840233,0.9225113122171946,0.8518518518518519,0.8792592592592592,0.0,0.9561778041816463,0.04411764705882353,6,1768,
emb_tf-exemplar-human,7,6,gingiva,oropharynx,oral_scc,donor_crc,0.985938209922015,0.9858597285067874,0.9696969696969697,0.9747813707545252,0.0,1.8261598979798206,0.0,6,1768,
emb_tf-exemplar-human,7,6,gingiva,oropharynx,oral_scc,target_only_k,0.9365415474323289,0.9360859728506787,0.8855218855218855,0.9060942760942761,0.0,0.9803714936243386,0.019796380090497737,6,1768,
emb_tf-exemplar-human,7,6,gingiva,oropharynx,oral_scc,adaptive_crc,0.9522606264076573,0.9519230769230769,0.9090909090909091,0.9262121212121213,0.0,1.0219120144617422,0.0,6,1768,1.0
emb_tf-exemplar-human,7,6,gingiva,oropharynx,oral_scc,adaptive_plugin,0.9365415474323289,0.9360859728506787,0.8855218855218855,0.9060942760942761,0.0,0.9803714936243386,0.019796380090497737,6,1768,
emb_tf-exemplar-human,8,3,gingiva,oropharynx,oral_scc,cell_pooled,0.912089676621663,0.9116,0.8720538720538721,0.8744107744107744,0.0,0.9810790909790114,0.0188,9,2500,
emb_tf-exemplar-human,8,3,gingiva,oropharynx,oral_scc,donor_weighted,0.9112919411610351,0.9108,0.8720538720538721,0.8744107744107744,0.0,0.9772072064017576,0.0228,9,2500,
emb_tf-exemplar-human,8,3,gingiva,oropharynx,oral_scc,donor_crc,0.9823860416618952,0.9828,0.9629629629629629,0.9718133718133718,0.0,2.4455438885615983,0.0,9,2500,
emb_tf-exemplar-human,8,3,gingiva,oropharynx,oral_scc,target_only_k,0.905213015595471,0.9048,0.8653198653198653,0.8703612703612703,0.0,0.9645553957746158,0.0356,9,2500,
emb_tf-exemplar-human,8,3,gingiva,oropharynx,oral_scc,adaptive_crc,0.9166541124026553,0.916,0.8754208754208754,0.8777868777868778,0.0,0.995079933460318,0.0052,9,2500,0.25
emb_tf-exemplar-human,8,3,gingiva,oropharynx,oral_scc,adaptive_plugin,0.9105371903313215,0.91,0.8720538720538721,0.8744107744107744,0.0,0.975697704742331,0.0244,9,2500,
emb_tf-exemplar-human,8,6,gingiva,oropharynx,oral_scc,cell_pooled,0.900524522389616,0.8983790523690773,0.8720538720538721,0.873526936026936,0.0,0.9794299712932747,0.02057356608478803,6,1604,
emb_tf-exemplar-human,8,6,gingiva,oropharynx,oral_scc,donor_weighted,0.899327919198674,0.8971321695760599,0.8720538720538721,0.873526936026936,0.0,0.9747369840992807,0.025561097256857856,6,1604,
emb_tf-exemplar-human,8,6,gingiva,oropharynx,oral_scc,donor_crc,0.9802830147672652,0.9806733167082294,0.9629629629629629,0.9684944684944685,0.0,2.441794580045977,0.0,6,1604,
emb_tf-exemplar-human,8,6,gingiva,oropharynx,oral_scc,target_only_k,0.8733538936819759,0.8703241895261845,0.8417508417508418,0.8465510965510965,0.0,0.9342529737888029,0.06733167082294264,6,1604,
emb_tf-exemplar-human,8,6,gingiva,oropharynx,oral_scc,adaptive_crc,0.9062563363892178,0.9039900249376559,0.8754208754208754,0.876899626899627,0.0,0.9936514941480742,0.00685785536159601,6,1604,0.25
emb_tf-exemplar-human,8,6,gingiva,oropharynx,oral_scc,adaptive_plugin,0.8913280990829904,0.8890274314214464,0.8653198653198653,0.8684707434707435,0.0,0.95974064235055,0.04114713216957606,6,1604,
emb_tf-exemplar-human,9,3,gingiva,oropharynx,oral_scc,cell_pooled,0.865450103032614,0.8642570281124498,0.6266666666666667,0.7956781609195402,0.1111111111111111,0.8928455191856768,0.10803212851405622,9,2490,
emb_tf-exemplar-human,9,3,gingiva,oropharynx,oral_scc,donor_weighted,0.8642897635886925,0.8630522088353414,0.6233333333333333,0.7950114942528735,0.1111111111111111,0.8913098043663799,0.10963855421686747,9,2490,
emb_tf-exemplar-human,9,3,gingiva,oropharynx,oral_scc,donor_crc,0.9838718336982455,0.9843373493975903,0.9695945945945946,0.9731396981396981,0.0,1.9312781405411117,0.0,9,2490,
emb_tf-exemplar-human,9,3,gingiva,oropharynx,oral_scc,target_only_k,0.8753855089215374,0.8738955823293173,0.64,0.8066206896551724,0.1111111111111111,0.9054349332759354,0.09558232931726908,9,2490,
emb_tf-exemplar-human,9,3,gingiva,oropharynx,oral_scc,adaptive_crc,0.8802800662676934,0.8791164658634538,0.66,0.8161379310344828,0.1111111111111111,0.9118312342078434,0.08875502008032128,9,2490,0.25
emb_tf-exemplar-human,9,3,gingiva,oropharynx,oral_scc,adaptive_plugin,0.8669276015941209,0.8654618473895582,0.6266666666666667,0.7984367816091954,0.1111111111111111,0.8954621573496419,0.10562248995983936,9,2490,
emb_tf-exemplar-human,9,6,gingiva,oropharynx,oral_scc,cell_pooled,0.9082997567630754,0.9108241082410824,0.8379310344827586,0.8572772055530676,0.0,0.9322744192473421,0.06519065190651907,6,1626,
emb_tf-exemplar-human,9,6,gingiva,oropharynx,oral_scc,donor_weighted,0.9082997567630754,0.9108241082410824,0.8379310344827586,0.8572772055530676,0.0,0.9322744192473421,0.06519065190651907,6,1626,
emb_tf-exemplar-human,9,6,gingiva,oropharynx,oral_scc,donor_crc,0.9855187675345044,0.986469864698647,0.974025974025974,0.9766681594267801,0.0,1.751383953673933,0.0,6,1626,
emb_tf-exemplar-human,9,6,gingiva,oropharynx,oral_scc,target_only_k,0.9345723845955275,0.9354243542435424,0.8931034482758621,0.907590685176892,0.0,0.9771073231070918,0.02214022140221402,6,1626,
emb_tf-exemplar-human,9,6,gingiva,oropharynx,oral_scc,adaptive_crc,0.9440889657540895,0.9446494464944649,0.9137931034482759,0.921661652395279,0.0,1.0189388596181006,0.0,6,1626,1.0
emb_tf-exemplar-human,9,6,gingiva,oropharynx,oral_scc,adaptive_plugin,0.9312776142317915,0.9329643296432965,0.8896551724137931,0.899373040752351,0.0,0.9721747461055492,0.025830258302583026,6,1626,
emb_tf-exemplar-human,10,3,gingiva,oropharynx,oral_scc,cell_pooled,0.8865703834066762,0.8850342880193627,0.7733333333333333,0.8253737373737373,0.1111111111111111,0.9234634094887425,0.0782573618394514,9,2479,
emb_tf-exemplar-human,10,3,gingiva,oropharynx,oral_scc,donor_weighted,0.8850319072053074,0.8834207341670028,0.7666666666666667,0.824040404040404,0.1111111111111111,0.9219249332873739,0.07987091569181122,9,2479,
emb_tf-exemplar-human,10,3,gingiva,oropharynx,oral_scc,donor_crc,0.981472897622037,0.981847519160952,0.9562289562289562,0.9704665704665705,0.0,1.9195363018565967,0.0,9,2479,
emb_tf-exemplar-human,10,3,gingiva,oropharynx,oral_scc,target_only_k,0.8373748331387577,0.835820895522388,0.6266666666666667,0.7521990049751244,0.2222222222222222,0.866855780151657,0.13432835820895522,9,2479,
emb_tf-exemplar-human,10,3,gingiva,oropharynx,oral_scc,adaptive_crc,0.9037118300830629,0.9027833803953207,0.8366666666666667,0.8488148148148148,0.0,0.9439662627209804,0.0572811617587737,9,2479,0.25
emb_tf-exemplar-human,10,3,gingiva,oropharynx,oral_scc,adaptive_plugin,0.8426638674853778,0.8410649455425575,0.65,0.7628358208955224,0.2222222222222222,0.8728905602440229,0.12827753126260588,9,2479,
emb_tf-exemplar-human,10,6,gingiva,oropharynx,oral_scc,cell_pooled,0.8904742434873031,0.8895917193789534,0.7733333333333333,0.8058585858585858,0.16666666666666666,0.924044952651918,0.07648073605520414,6,1739,
emb_tf-exemplar-human,10,6,gingiva,oropharynx,oral_scc,donor_weighted,0.8887412418289284,0.8878665899942496,0.7666666666666667,0.8025252525252525,0.16666666666666666,0.9223119509935431,0.078205865439908,6,1739,
emb_tf-exemplar-human,10,6,gingiva,oropharynx,oral_scc,donor_crc,0.9845027807092483,0.9844738355376653,0.9562289562289562,0.9687861199055229,0.0,1.931329260844186,0.0,6,1739,
emb_tf-exemplar-human,10,6,gingiva,oropharynx,oral_scc,target_only_k,0.8950857294078687,0.8941920644048303,0.78,0.8125589225589226,0.16666666666666666,0.9298003563830678,0.07073030477285797,6,1739,
emb_tf-exemplar-human,10,6,gingiva,oropharynx,oral_scc,adaptive_crc,0.911140001398086,0.9102932719953997,0.8366666666666667,0.8442592592592593,0.0,0.9475444431880998,0.05290396779758482,6,1739,0.25
emb_tf-exemplar-human,10,6,gingiva,oropharynx,oral_scc,adaptive_plugin,0.8887412418289284,0.8878665899942496,0.7666666666666667,0.8025252525252525,0.16666666666666666,0.9223119509935431,0.078205865439908,6,1739,
emb_tf-exemplar-human,11,3,gingiva,oropharynx,oral_scc,cell_pooled,0.8393727417825267,0.8376,0.6233333333333333,0.7246666666666667,0.2222222222222222,0.8844826585897972,0.1176,9,2500,
emb_tf-exemplar-human,11,3,gingiva,oropharynx,oral_scc,donor_weighted,0.8375313838300578,0.836,0.62,0.724,0.2222222222222222,0.8826413006373282,0.1192,9,2500,
emb_tf-exemplar-human,11,3,gingiva,oropharynx,oral_scc,donor_crc,0.9674182470817578,0.968,0.9326599326599326,0.9486941486941487,0.0,1.677649418818397,0.0,9,2500,
emb_tf-exemplar-human,11,3,gingiva,oropharynx,oral_scc,target_only_k,0.8038643692104425,0.8028,0.5433333333333333,0.6668756218905473,0.3333333333333333,0.8414952784532149,0.16,9,2500,
emb_tf-exemplar-human,11,3,gingiva,oropharynx,oral_scc,adaptive_crc,0.874937682744179,0.8732,0.7133333333333334,0.8106801346801347,0.1111111111111111,0.9282451881666537,0.074,9,2500,0.25
emb_tf-exemplar-human,11,3,gingiva,oropharynx,oral_scc,adaptive_plugin,0.8310954190409312,0.8296,0.6033333333333334,0.7117114427860697,0.2222222222222222,0.8743410134724179,0.1276,9,2500,
emb_tf-exemplar-human,11,6,gingiva,oropharynx,oral_scc,cell_pooled,0.8580959334220203,0.8598398169336384,0.75,0.779040404040404,0.16666666666666666,0.9042690937855062,0.09382151029748284,6,1748,
emb_tf-exemplar-human,11,6,gingiva,oropharynx,oral_scc,donor_weighted,0.8569717031311236,0.8586956521739131,0.75,0.7773569023569024,0.16666666666666666,0.9031448634946093,0.09496567505720824,6,1748,
emb_tf-exemplar-human,11,6,gingiva,oropharynx,oral_scc,donor_crc,0.9670774757002585,0.9668192219679634,0.9326599326599326,0.9426813176813177,0.0,1.559861598326475,0.0,6,1748,
emb_tf-exemplar-human,11,6,gingiva,oropharynx,oral_scc,target_only_k,0.8959490251323206,0.8964530892448512,0.8417508417508418,0.8518455701291523,0.0,0.9557030958930429,0.043478260869565216,6,1748,
emb_tf-exemplar-human,11,6,gingiva,oropharynx,oral_scc,adaptive_crc,0.9064814876876849,0.9067505720823799,0.8484848484848485,0.8634316134316135,0.0,0.9708877289929908,0.028604118993135013,6,1748,0.5
emb_tf-exemplar-human,11,6,gingiva,oropharynx,oral_scc,adaptive_plugin,0.8923215920117283,0.8930205949656751,0.8383838383838383,0.8426993818784863,0.0,0.9480979919491168,0.05091533180778032,6,1748,
emb_tf-exemplar-human,12,3,gingiva,oropharynx,oral_scc,cell_pooled,0.9133469607820981,0.912379421221865,0.8266666666666667,0.8387340067340068,0.0,0.9470666911753243,0.0542604501607717,9,2488,
emb_tf-exemplar-human,12,3,gingiva,oropharynx,oral_scc,donor_weighted,0.9129765904117279,0.9119774919614148,0.8233333333333334,0.8380673400673401,0.0,0.946696320804954,0.05466237942122187,9,2488,
emb_tf-exemplar-human,12,3,gingiva,oropharynx,oral_scc,donor_crc,0.9826890505188217,0.9831189710610932,0.9461279461279462,0.9684463684463684,0.0,2.158701465928993,0.0,9,2488,
emb_tf-exemplar-human,12,3,gingiva,oropharynx,oral_scc,target_only_k,0.9194453456303715,0.9188102893890675,0.8451178451178452,0.8543569023569024,0.0,0.9557471244153926,0.045418006430868164,9,2488,
emb_tf-exemplar-human,12,3,gingiva,oropharynx,oral_scc,adaptive_crc,0.9209710504396585,0.9204180064308681,0.8451178451178452,0.8623569023569024,0.0,0.958019796787456,0.0430064308681672,9,2488,0.25
emb_tf-exemplar-human,12,3,gingiva,oropharynx,oral_scc,adaptive_plugin,0.9155716687115039,0.9147909967845659,0.8417508417508418,0.8430168350168351,0.0,0.9504087203270996,0.05064308681672026,9,2488,
emb_tf-exemplar-human,12,6,gingiva,oropharynx,oral_scc,cell_pooled,0.9235178311806043,0.9233668341708543,0.8417508417508418,0.8742336298306448,0.0,0.959030312676484,0.0414572864321608,6,1592,
emb_tf-exemplar-human,12,6,gingiva,oropharynx,oral_scc,donor_weighted,0.9235178311806043,0.9233668341708543,0.8417508417508418,0.8742336298306448,0.0,0.959030312676484,0.0414572864321608,6,1592,
emb_tf-exemplar-human,12,6,gingiva,oropharynx,oral_scc,donor_crc,0.9801745153755483,0.9805276381909548,0.9461279461279462,0.9600769600769601,0.0,2.0610499617570244,0.0,6,1592,
emb_tf-exemplar-human,12,6,gingiva,oropharynx,oral_scc,target_only_k,0.9259055300857161,0.9258793969849246,0.8451178451178452,0.8796484747977286,0.0,0.9630576762647388,0.03768844221105527,6,1592,
emb_tf-exemplar-human,12,6,gingiva,oropharynx,oral_scc,adaptive_crc,0.9277280148839472,0.9277638190954773,0.8451178451178452,0.8833798180813106,0.0,0.9654413282908038,0.035175879396984924,6,1592,0.25
emb_tf-exemplar-human,12,6,gingiva,oropharynx,oral_scc,adaptive_plugin,0.9235178311806043,0.9233668341708543,0.8417508417508418,0.8742336298306448,0.0,0.959030312676484,0.0414572864321608,6,1592,
emb_tf-exemplar-human,13,3,gingiva,oropharynx,oral_scc,cell_pooled,0.8743897417670572,0.8752019386106623,0.8068965517241379,0.8132311621966793,0.0,0.8993179136007411,0.09935379644588045,9,2476,
emb_tf-exemplar-human,13,3,gingiva,oropharynx,oral_scc,donor_weighted,0.8732850992831044,0.874394184168013,0.803448275862069,0.8125415070242656,0.0,0.8982132711167883,0.10016155088852989,9,2476,
emb_tf-exemplar-human,13,3,gingiva,oropharynx,oral_scc,donor_crc,0.9758131632623418,0.975767366720517,0.9595959595959596,0.9670916057122954,0.0,1.597259651474014,0.0,9,2476,
emb_tf-exemplar-human,13,3,gingiva,oropharynx,oral_scc,target_only_k,0.9173993243221218,0.9168012924071083,0.8619528619528619,0.8758388482526414,0.0,0.9585847373589313,0.04119547657512116,9,2476,
emb_tf-exemplar-human,13,3,gingiva,oropharynx,oral_scc,adaptive_crc,0.9441973064736293,0.9438610662358643,0.9057239057239057,0.9162799162799163,0.0,1.0292221190270994,0.0,9,2476,1.0
emb_tf-exemplar-human,13,3,gingiva,oropharynx,oral_scc,adaptive_plugin,0.9147563315054502,0.9143780290791599,0.8585858585858586,0.8751654475792406,0.0,0.9544110766320075,0.045234248788368334,9,2476,
emb_tf-exemplar-human,13,6,gingiva,oropharynx,oral_scc,cell_pooled,0.8735041975801211,0.8744615384615385,0.8068965517241379,0.8341915191053122,0.0,0.8988083269489859,0.09969230769230769,6,1625,
emb_tf-exemplar-human,13,6,gingiva,oropharynx,oral_scc,donor_weighted,0.8718472338541918,0.8732307692307693,0.803448275862069,0.8302955665024631,0.0,0.8971513632230569,0.10092307692307692,6,1625,
emb_tf-exemplar-human,13,6,gingiva,oropharynx,oral_scc,donor_crc,0.9735632043638381,0.9735384615384616,0.9689655172413794,0.969280055917987,0.0,1.581150848417666,0.0,6,1625,
emb_tf-exemplar-human,13,6,gingiva,oropharynx,oral_scc,target_only_k,0.9066130131574548,0.9058461538461539,0.8655172413793103,0.878704566635601,0.0,0.946096737627168,0.05353846153846154,6,1625,
emb_tf-exemplar-human,13,6,gingiva,oropharynx,oral_scc,adaptive_crc,0.9228857201367591,0.9218461538461539,0.8931034482758621,0.8992544268406337,0.0,0.9814613085590956,0.018461538461538463,6,1625,1.0
emb_tf-exemplar-human,13,6,gingiva,oropharynx,oral_scc,adaptive_plugin,0.9038066241441692,0.9033846153846153,0.8551724137931035,0.8735321528424977,0.0,0.93934219283383,0.05969230769230769,6,1625,
emb_tf-exemplar-human,14,3,gingiva,oropharynx,oral_scc,cell_pooled,0.8876093677049914,0.8875953432356484,0.7910447761194029,0.8311819281968535,0.1111111111111111,0.9177869947472844,0.08229626655961461,9,2491,
emb_tf-exemplar-human,14,3,gingiva,oropharynx,oral_scc,donor_weighted,0.8867801803086398,0.8867924528301887,0.7835820895522388,0.8296893908834208,0.1111111111111111,0.9162133422061175,0.08390204737053392,9,2491,
emb_tf-exemplar-human,14,3,gingiva,oropharynx,oral_scc,donor_crc,0.9757757417961853,0.9759132878362103,0.9493243243243243,0.9677958993476234,0.0,1.5902019160439576,0.0,9,2491,
emb_tf-exemplar-human,14,3,gingiva,oropharynx,oral_scc,target_only_k,0.9277099052290334,0.9281413087113609,0.8783783783783784,0.9070189592577652,0.0,0.983314168395283,0.01645925331192292,9,2491,
emb_tf-exemplar-human,14,3,gingiva,oropharynx,oral_scc,adaptive_crc,0.9483456789085499,0.9486150140505821,0.9121621621621622,0.9314257210230364,0.0,1.0725107634581077,0.0,9,2491,1.0
emb_tf-exemplar-human,14,3,gingiva,oropharynx,oral_scc,adaptive_plugin,0.9239002033978944,0.9245283018867925,0.8716216216216216,0.8996974586526826,0.0,0.9775803712065417,0.022079486150140507,9,2491,
emb_tf-exemplar-human,14,6,gingiva,oropharynx,oral_scc,cell_pooled,0.8846032567311868,0.8839675608234561,0.7910447761194029,0.8161304961678095,0.16666666666666666,0.916357521615128,0.0842170929507174,6,1603,
emb_tf-exemplar-human,14,6,gingiva,oropharynx,oral_scc,donor_weighted,0.8833594756366594,0.8827199001871491,0.7835820895522388,0.8123991528842276,0.16666666666666666,0.9145563269197089,0.08608858390517779,6,1603,
emb_tf-exemplar-human,14,6,gingiva,oropharynx,oral_scc,donor_crc,0.9755096359913544,0.975670617592015,0.9493243243243243,0.9616024606696248,0.0,1.5936331216938002,0.0,6,1603,
emb_tf-exemplar-human,14,6,gingiva,oropharynx,oral_scc,target_only_k,0.9168727598460319,0.9176543980037429,0.8614864864864865,0.8822357805566761,0.0,0.9639495269087316,0.034934497816593885,6,1603,
emb_tf-exemplar-human,14,6,gingiva,oropharynx,oral_scc,adaptive_crc,0.9375180911471954,0.9376169681846538,0.8952702702702703,0.9151676026676027,0.0,1.0098203005871587,0.0012476606363069245,6,1603,1.0
emb_tf-exemplar-human,14,6,gingiva,oropharynx,oral_scc,adaptive_plugin,0.9145498184156703,0.9151590767311292,0.8581081081081081,0.8786809197256958,0.0,0.9593856700663137,0.039925140361821584,6,1603,
emb_tf-exemplar-human,15,3,gingiva,oropharynx,oral_scc,cell_pooled,0.8870541424821011,0.8884462151394422,0.7811447811447811,0.8072634389875769,0.1111111111111111,0.9125022715490247,0.08605577689243028,9,2510,
emb_tf-exemplar-human,15,3,gingiva,oropharynx,oral_scc,donor_weighted,0.8866837721117308,0.8880478087649403,0.7811447811447811,0.8072634389875769,0.1111111111111111,0.9117460987095186,0.08685258964143426,9,2510,
emb_tf-exemplar-human,15,3,gingiva,oropharynx,oral_scc,donor_crc,0.9700696885762965,0.9701195219123506,0.9124579124579124,0.9549053755950307,0.0,1.2067474481923564,0.0,9,2510,
emb_tf-exemplar-human,15,3,gingiva,oropharynx,oral_scc,target_only_k,0.9301944737915454,0.9314741035856574,0.8451178451178452,0.8911014911014912,0.0,0.9731900319955997,0.025896414342629483,9,2510,
emb_tf-exemplar-human,15,3,gingiva,oropharynx,oral_scc,adaptive_crc,0.9458137637463118,0.9462151394422311,0.8686868686868687,0.9217893217893218,0.0,1.0130306885955502,0.0,9,2510,1.0
emb_tf-exemplar-human,15,3,gingiva,oropharynx,oral_scc,adaptive_plugin,0.929452494353914,0.9306772908366534,0.8451178451178452,0.8911014911014912,0.0,0.9720751964804142,0.027091633466135457,9,2510,
emb_tf-exemplar-human,15,6,gingiva,oropharynx,oral_scc,cell_pooled,0.8850245746542083,0.8876611418047882,0.8137931034482758,0.8354679802955665,0.0,0.9046951977396004,0.09330877839165132,6,1629,
emb_tf-exemplar-human,15,6,gingiva,oropharynx,oral_scc,donor_weighted,0.8844690190986527,0.8870472682627378,0.8137931034482758,0.8354679802955665,0.0,0.9035609384803411,0.09453652547575199,6,1629,
emb_tf-exemplar-human,15,6,gingiva,oropharynx,oral_scc,donor_crc,0.9747284378351061,0.9754450583179864,0.9655172413793104,0.966524854455889,0.0,1.233204034409428,0.0,6,1629,
emb_tf-exemplar-human,15,6,gingiva,oropharynx,oral_scc,target_only_k,0.9216271675476971,0.9238796807857581,0.8961038961038961,0.8963278101209136,0.0,0.955816241787038,0.04358502148557397,6,1629,
emb_tf-exemplar-human,15,6,gingiva,oropharynx,oral_scc,adaptive_crc,0.9440514830702161,0.9465930018416207,0.9155844155844156,0.9250335871025526,0.0,0.992793317873827,0.006138735420503376,6,1629,1.0
emb_tf-exemplar-human,15,6,gingiva,oropharynx,oral_scc,adaptive_plugin,0.9199030296166627,0.9220380601596071,0.8862068965517241,0.89115539632781,0.0,0.9529559865514078,0.04665438919582566,6,1629,
emb_tf-exemplar-human,16,3,gingiva,oropharynx,oral_scc,cell_pooled,0.8935654511633593,0.8938231731933791,0.8134328358208955,0.814538419016031,0.0,0.9249305378591275,0.07307226483649576,9,2477,
emb_tf-exemplar-human,16,3,gingiva,oropharynx,oral_scc,donor_weighted,0.8920194842498022,0.8922083165119096,0.8097014925373134,0.8137921503593145,0.0,0.9222415152287599,0.07589826402906742,9,2477,
emb_tf-exemplar-human,16,3,gingiva,oropharynx,oral_scc,donor_crc,0.984279063503035,0.9842551473556722,0.9461279461279462,0.9649012649012649,0.0,2.0604960057817974,0.0,9,2477,
emb_tf-exemplar-human,16,3,gingiva,oropharynx,oral_scc,target_only_k,0.9289142007793738,0.9285425918449738,0.8518518518518519,0.8784784784784785,0.0,0.9832560895330228,0.016955995155429955,9,2477,
emb_tf-exemplar-human,16,3,gingiva,oropharynx,oral_scc,adaptive_crc,0.9467538984525744,0.9463060153411385,0.8821548821548821,0.9061607061607062,0.0,1.045901539141794,0.0,9,2477,1.0
emb_tf-exemplar-human,16,3,gingiva,oropharynx,oral_scc,adaptive_plugin,0.9243110894404016,0.9245054501412999,0.8451178451178452,0.8771316771316771,0.0,0.973015511772327,0.026645135244247074,9,2477,
emb_tf-exemplar-human,16,6,gingiva,oropharynx,oral_scc,cell_pooled,0.8641022236240862,0.8621334996880848,0.8134328358208955,0.8141238253178551,0.0,0.9020526314455161,0.09669369931378664,6,1603,
emb_tf-exemplar-human,16,6,gingiva,oropharynx,oral_scc,donor_weighted,0.8617832732537499,0.859638178415471,0.8097014925373134,0.812258153676064,0.0,0.898597801203668,0.10043668122270742,6,1603,
emb_tf-exemplar-human,16,6,gingiva,oropharynx,oral_scc,donor_crc,0.9781084100693672,0.9775421085464754,0.9461279461279462,0.9578612703612703,0.0,2.1789863681650554,0.0,6,1603,
emb_tf-exemplar-human,16,6,gingiva,oropharynx,oral_scc,target_only_k,0.8846690790882699,0.8833437305053026,0.8316498316498316,0.8482573482573483,0.0,0.9284041282750582,0.06986899563318777,6,1603,
emb_tf-exemplar-human,16,6,gingiva,oropharynx,oral_scc,adaptive_crc,0.8965194426348936,0.8951965065502183,0.835016835016835,0.8550084175084175,0.0,0.9514530605372394,0.048658764815970056,6,1603,0.5
emb_tf-exemplar-human,16,6,gingiva,oropharynx,oral_scc,adaptive_plugin,0.8687607388633185,0.8665003119151591,0.8181818181818182,0.8214043419267301,0.0,0.9090908076507879,0.08983156581409857,6,1603,
emb_tf-exemplar-human,17,3,gingiva,oropharynx,oral_scc,cell_pooled,0.8845447602576699,0.885670731707317,0.75,0.8010344827586207,0.1111111111111111,0.9085543590297323,0.09032012195121951,9,2624,
emb_tf-exemplar-human,17,3,gingiva,oropharynx,oral_scc,donor_weighted,0.8841301665594943,0.8852896341463414,0.746268656716418,0.8002882141019042,0.1111111111111111,0.9073708210999685,0.09146341463414634,9,2624,
emb_tf-exemplar-human,17,3,gingiva,oropharynx,oral_scc,donor_crc,0.9782914437769465,0.9782774390243902,0.9326599326599326,0.9650554764648724,0.0,1.3558557164661924,0.0,9,2624,
emb_tf-exemplar-human,17,3,gingiva,oropharynx,oral_scc,target_only_k,0.9421988075565524,0.9420731707317073,0.8821548821548821,0.9184999419482178,0.0,0.9923253798424567,0.007621951219512195,9,2624,
emb_tf-exemplar-human,17,3,gingiva,oropharynx,oral_scc,adaptive_crc,0.9560293327060544,0.9557926829268293,0.8956228956228957,0.9322280274004412,0.0,1.0553488575335992,0.0,9,2624,1.0
emb_tf-exemplar-human,17,3,gingiva,oropharynx,oral_scc,adaptive_plugin,0.9391651408219618,0.9390243902439024,0.8720538720538721,0.9137211192383606,0.0,0.9858227314139572,0.014100609756097561,9,2624,
emb_tf-exemplar-human,17,6,gingiva,oropharynx,oral_scc,cell_pooled,0.9026979235842673,0.9045428407130535,0.75,0.8313758389261745,0.16666666666666666,0.9212269691031086,0.07705577918343876,6,1739,
emb_tf-exemplar-human,17,6,gingiva,oropharynx,oral_scc,donor_weighted,0.9020760330370035,0.9039677975848188,0.746268656716418,0.8295101672843834,0.16666666666666666,0.9200263748521412,0.078205865439908,6,1739,
emb_tf-exemplar-human,17,6,gingiva,oropharynx,oral_scc,donor_crc,0.9849206351931691,0.9850488786659,0.9731543624161074,0.9735174797155164,0.0,1.3170097784685761,0.0,6,1739,
emb_tf-exemplar-human,17,6,gingiva,oropharynx,oral_scc,target_only_k,0.9527828581455101,0.9528464634847613,0.9328358208955224,0.9345387158168887,0.0,0.9889031979364921,0.010925819436457734,6,1739,
emb_tf-exemplar-human,17,6,gingiva,oropharynx,oral_scc,adaptive_crc,0.9586519080095307,0.9585968947671075,0.9362416107382551,0.9420014023840528,0.0,1.0110554732652843,0.0,6,1739,1.0
emb_tf-exemplar-human,17,6,gingiva,oropharynx,oral_scc,adaptive_plugin,0.9502952959564553,0.9505462909718229,0.917910447761194,0.9270760292497245,0.0,0.9829835041073602,0.01667625071880391,6,1739,
emb_tf-exemplar-human,18,3,gingiva,oropharynx,oral_scc,cell_pooled,0.9197450234073175,0.9189516129032258,0.8653198653198653,0.8682363868570765,0.0,0.9720802235612636,0.028225806451612902,9,2480,
emb_tf-exemplar-human,18,3,gingiva,oropharynx,oral_scc,donor_weighted,0.9197450234073175,0.9189516129032258,0.8653198653198653,0.8682363868570765,0.0,0.9713267114284412,0.02903225806451613,9,2480,
emb_tf-exemplar-human,18,3,gingiva,oropharynx,oral_scc,donor_crc,0.9785622879217925,0.9786290322580645,0.9562289562289562,0.9704665704665705,0.0,1.8160951891620059,0.0,9,2480,
emb_tf-exemplar-human,18,3,gingiva,oropharynx,oral_scc,target_only_k,0.934297994252876,0.9334677419354839,0.8888888888888888,0.8977777777777778,0.0,1.0014729438742276,0.0004032258064516129,9,2480,
emb_tf-exemplar-human,18,3,gingiva,oropharynx,oral_scc,adaptive_crc,0.93814494627119,0.9375,0.8888888888888888,0.9088122605363985,0.0,1.0133442662943275,0.0,9,2480,0.5
emb_tf-exemplar-human,18,3,gingiva,oropharynx,oral_scc,adaptive_plugin,0.9319841719983835,0.9310483870967742,0.8855218855218855,0.8943457564147219,0.0,0.996131189037205,0.004032258064516129,9,2480,
emb_tf-exemplar-human,18,6,gingiva,oropharynx,oral_scc,cell_pooled,0.9149029008291122,0.9134495641344956,0.8653198653198653,0.8875094309876919,0.0,0.9695837311607644,0.031133250311332503,6,1606,
emb_tf-exemplar-human,18,6,gingiva,oropharynx,oral_scc,donor_weighted,0.9149029008291122,0.9134495641344956,0.8653198653198653,0.8875094309876919,0.0,0.9690281756052089,0.031755915317559155,6,1606,
emb_tf-exemplar-human,18,6,gingiva,oropharynx,oral_scc,donor_crc,0.9757814092027536,0.9757160647571607,0.9562289562289562,0.9651274651274651,0.0,1.9011998083353265,0.0,6,1606,
emb_tf-exemplar-human,18,6,gingiva,oropharynx,oral_scc,target_only_k,0.9177469133901646,0.9159402241594022,0.8686868686868687,0.8891929326711936,0.0,0.9781803084624575,0.02303860523038605,6,1606,
emb_tf-exemplar-human,18,6,gingiva,oropharynx,oral_scc,adaptive_crc,0.9286639225662858,0.927148194271482,0.8855218855218855,0.9042994042994044,0.0,0.9959209214868419,0.0043586550435865505,6,1606,0.25
emb_tf-exemplar-human,18,6,gingiva,oropharynx,oral_scc,adaptive_plugin,0.9149029008291122,0.9134495641344956,0.8653198653198653,0.8875094309876919,0.0,0.9690281756052089,0.031755915317559155,6,1606,
emb_tf-exemplar-human,19,3,gingiva,oropharynx,oral_scc,cell_pooled,0.8823176023556193,0.8792965627498002,0.6833333333333333,0.801986531986532,0.1111111111111111,0.9154390716898235,0.08633093525179857,9,2502,
emb_tf-exemplar-human,19,3,gingiva,oropharynx,oral_scc,donor_weighted,0.8819447462780652,0.8788968824940048,0.6833333333333333,0.801986531986532,0.1111111111111111,0.9150662156122694,0.08673061550759392,9,2502,
emb_tf-exemplar-human,19,3,gingiva,oropharynx,oral_scc,donor_crc,0.9876776716870734,0.9876099120703438,0.9663299663299664,0.9771586107156577,0.0,2.195331800464259,0.0,9,2502,
emb_tf-exemplar-human,19,3,gingiva,oropharynx,oral_scc,target_only_k,0.88305834309636,0.8800959232613909,0.69,0.8033198653198653,0.1111111111111111,0.9165501828009348,0.08513189448441247,9,2502,
emb_tf-exemplar-human,19,3,gingiva,oropharynx,oral_scc,adaptive_crc,0.8937898988024782,0.8908872901678657,0.73,0.8167070707070707,0.1111111111111111,0.9306107711724017,0.07114308553157474,9,2502,0.25
emb_tf-exemplar-human,19,3,gingiva,oropharynx,oral_scc,adaptive_plugin,0.8819447462780652,0.8788968824940048,0.6833333333333333,0.801986531986532,0.1111111111111111,0.9150662156122694,0.08673061550759392,9,2502,
emb_tf-exemplar-human,19,6,gingiva,oropharynx,oral_scc,cell_pooled,0.8753548307963642,0.8702903026559605,0.6833333333333333,0.7838308457711443,0.16666666666666666,0.897963893805346,0.10623841877702285,6,1619,
emb_tf-exemplar-human,19,6,gingiva,oropharynx,oral_scc,donor_weighted,0.8753548307963642,0.8702903026559605,0.6833333333333333,0.7838308457711443,0.16666666666666666,0.897963893805346,0.10623841877702285,6,1619,
emb_tf-exemplar-human,19,6,gingiva,oropharynx,oral_scc,donor_crc,0.991641291914343,0.9919703520691785,0.987012987012987,0.9884729364595136,0.0,2.3620568134495725,0.0,6,1619,
emb_tf-exemplar-human,19,6,gingiva,oropharynx,oral_scc,target_only_k,0.8764659419074753,0.871525633106856,0.69,0.7871641791044777,0.16666666666666666,0.9001898445883437,0.10376775787523163,6,1619,
emb_tf-exemplar-human,19,6,gingiva,oropharynx,oral_scc,adaptive_crc,0.8908622373072808,0.8863495985176034,0.73,0.8215217391304348,0.16666666666666666,0.9173387862978427,0.08647313156269303,6,1619,0.25
emb_tf-exemplar-human,19,6,gingiva,oropharynx,oral_scc,adaptive_plugin,0.8753548307963642,0.8702903026559605,0.6833333333333333,0.7838308457711443,0.16666666666666666,0.897963893805346,0.10623841877702285,6,1619,
emb_tf-exemplar-human,20,3,gingiva,oropharynx,oral_scc,cell_pooled,0.8847071954859831,0.8841625522218002,0.6333333333333333,0.7969369369369369,0.1111111111111111,0.9284514979453005,0.07178123813140903,9,2633,
emb_tf-exemplar-human,20,3,gingiva,oropharynx,oral_scc,donor_weighted,0.8839652160483515,0.8834029624003038,0.63,0.7962702702702703,0.1111111111111111,0.9277095185076689,0.07254082795290544,9,2633,
emb_tf-exemplar-human,20,3,gingiva,oropharynx,oral_scc,donor_crc,0.9832871805060994,0.9832890239270794,0.9493243243243243,0.9719544171036709,0.0,2.2481337896338434,0.0,9,2633,
emb_tf-exemplar-human,20,3,gingiva,oropharynx,oral_scc,target_only_k,0.9389289559393047,0.9384732244587922,0.8851351351351351,0.8890270270270271,0.0,1.0456646574055009,0.0,9,2633,
emb_tf-exemplar-human,20,3,gingiva,oropharynx,oral_scc,adaptive_crc,0.9664126911307827,0.9661982529434106,0.9290540540540541,0.9509114819517505,0.0,1.331886656067185,0.0,9,2633,1.0
emb_tf-exemplar-human,20,3,gingiva,oropharynx,oral_scc,adaptive_plugin,0.9249470831718044,0.924420812761109,0.8233333333333334,0.8646666666666667,0.0,0.9988321698438898,0.002658564375237372,9,2633,
emb_tf-exemplar-human,20,6,gingiva,oropharynx,oral_scc,cell_pooled,0.9132576612379234,0.9135446685878963,0.8378378378378378,0.8480233965308592,0.0,0.9577331753295838,0.0414985590778098,6,1735,
emb_tf-exemplar-human,20,6,gingiva,oropharynx,oral_scc,donor_weighted,0.9127002476370315,0.9129682997118156,0.8378378378378378,0.8480233965308592,0.0,0.9571757617286919,0.04207492795389049,6,1735,
emb_tf-exemplar-human,20,6,gingiva,oropharynx,oral_scc,donor_crc,0.9805012405578069,0.9804034582132565,0.9493243243243243,0.9634681323114159,0.0,2.006738342914598,0.0,6,1735,
emb_tf-exemplar-human,20,6,gingiva,oropharynx,oral_scc,target_only_k,0.9369359622428427,0.9365994236311239,0.8783783783783784,0.9037414279951593,0.0,1.0010540912862904,0.0011527377521613833,6,1735,
emb_tf-exemplar-human,20,6,gingiva,oropharynx,oral_scc,adaptive_crc,0.9375578527901064,0.9371757925072046,0.8783783783783784,0.9039542898603301,0.0,1.0053053107893757,0.0,6,1735,0.5
emb_tf-exemplar-human,20,6,gingiva,oropharynx,oral_scc,adaptive_plugin,0.9363728991797795,0.9360230547550432,0.875,0.9020522388059702,0.0,0.9982519833266101,0.001729106628242075,6,1735,
emb_tf-exemplar-human,21,3,gingiva,oropharynx,oral_scc,cell_pooled,0.8417389309343318,0.8427323272438443,0.5433333333333333,0.7528225108225108,0.1111111111111111,0.866770262858719,0.1318506751389992,9,2518,
emb_tf-exemplar-human,21,3,gingiva,oropharynx,oral_scc,donor_weighted,0.8402524696411073,0.8411437648927721,0.54,0.7521558441558442,0.1111111111111111,0.8652838015654943,0.13343923749007147,9,2518,
emb_tf-exemplar-human,21,3,gingiva,oropharynx,oral_scc,donor_crc,0.9693928840614474,0.9698173153296267,0.9393939393939394,0.9419328419328419,0.0,1.3862039795079708,0.0,9,2518,
emb_tf-exemplar-human,21,3,gingiva,oropharynx,oral_scc,target_only_k,0.8996230016600928,0.8987291501191422,0.7033333333333334,0.8383097643097643,0.1111111111111111,0.9361233228378527,0.06552819698173153,9,2518,
emb_tf-exemplar-human,21,3,gingiva,oropharynx,oral_scc,adaptive_crc,0.9338002443222023,0.9348689436060366,0.8888888888888888,0.9021021021021021,0.0,0.9985452659607249,0.003177124702144559,9,2518,1.0
emb_tf-exemplar-human,21,3,gingiva,oropharynx,oral_scc,adaptive_plugin,0.8925418082884526,0.8911834789515488,0.6733333333333333,0.8265585585585586,0.1111111111111111,0.9268583872824707,0.07466243050039714,9,2518,
emb_tf-exemplar-human,21,6,gingiva,oropharynx,oral_scc,cell_pooled,0.8274696110837415,0.8274799753542822,0.5433333333333333,0.6742640692640693,0.16666666666666666,0.8510080671765454,0.14849044978434997,6,1623,
emb_tf-exemplar-human,21,6,gingiva,oropharynx,oral_scc,donor_weighted,0.8263566419272941,0.8262476894639557,0.54,0.6725974025974026,0.16666666666666666,0.849895098020098,0.14972273567467653,6,1623,
emb_tf-exemplar-human,21,6,gingiva,oropharynx,oral_scc,donor_crc,0.96921643611861,0.9698089956869994,0.9425675675675675,0.9518032643032643,0.0,1.4385007507833594,0.0,6,1623,
emb_tf-exemplar-human,21,6,gingiva,oropharynx,oral_scc,target_only_k,0.8824237811737813,0.8792359827479975,0.67,0.7674324324324324,0.16666666666666666,0.9148620871718697,0.08872458410351201,6,1623,
emb_tf-exemplar-human,21,6,gingiva,oropharynx,oral_scc,adaptive_crc,0.8852553627553629,0.8823166974738139,0.6766666666666666,0.7724549549549549,0.16666666666666666,0.9198581709179535,0.08441158348736907,6,1623,0.5
emb_tf-exemplar-human,21,6,gingiva,oropharynx,oral_scc,adaptive_plugin,0.8773994006059223,0.8736906962415281,0.6533333333333333,0.7540315315315316,0.16666666666666666,0.909837706604011,0.09426987060998152,6,1623,
emb_tf-exemplar-human,22,3,gingiva,oropharynx,oral_scc,cell_pooled,0.8941741900973624,0.890793144679155,0.7566666666666667,0.8166531986531986,0.1111111111111111,0.9506174685252959,0.05221203666799522,9,2509,
emb_tf-exemplar-human,22,3,gingiva,oropharynx,oral_scc,donor_weighted,0.8923185971306583,0.8888003188521323,0.7466666666666667,0.811959595959596,0.1111111111111111,0.9487618755585918,0.054204862495017936,9,2509,
emb_tf-exemplar-human,22,3,gingiva,oropharynx,oral_scc,donor_crc,0.9835658589593186,0.9832602630530092,0.9461279461279462,0.9703066703066703,0.0,2.6312195349804637,0.0,9,2509,
emb_tf-exemplar-human,22,3,gingiva,oropharynx,oral_scc,target_only_k,0.8777880647395806,0.8744519728975687,0.7,0.7945454545454546,0.1111111111111111,0.9282228054909597,0.07493025109605421,9,2509,
emb_tf-exemplar-human,22,3,gingiva,oropharynx,oral_scc,adaptive_crc,0.9050370030147731,0.9023515344758868,0.8,0.8414814814814815,0.0,0.9704574419291627,0.031088082901554404,9,2509,0.25
emb_tf-exemplar-human,22,3,gingiva,oropharynx,oral_scc,adaptive_plugin,0.8814887991258559,0.8776404942208051,0.7,0.7999326599326599,0.1111111111111111,0.9326821984239247,0.07094459944200877,9,2509,
emb_tf-exemplar-human,22,6,gingiva,oropharynx,oral_scc,cell_pooled,0.8861773456871043,0.8853754940711462,0.7566666666666667,0.7941582491582492,0.16666666666666666,0.9406158112275523,0.059853190287972896,6,1771,
emb_tf-exemplar-human,22,6,gingiva,oropharynx,oral_scc,donor_weighted,0.8833939562370482,0.8825522303783173,0.7466666666666667,0.7874747474747474,0.16666666666666666,0.9378324217774963,0.06267645398080181,6,1771,
emb_tf-exemplar-human,22,6,gingiva,oropharynx,oral_scc,donor_crc,0.9820334357486251,0.9819311123658949,0.9461279461279462,0.9629968589700133,0.0,2.8032390807554735,0.0,6,1771,
emb_tf-exemplar-human,22,6,gingiva,oropharynx,oral_scc,target_only_k,0.8665497407270145,0.8656126482213439,0.7,0.759090909090909,0.16666666666666666,0.9142589332861647,0.08639186900056466,6,1771,
emb_tf-exemplar-human,22,6,gingiva,oropharynx,oral_scc,adaptive_crc,0.8979351536518086,0.8972332015810277,0.7966666666666666,0.8242592592592592,0.16666666666666666,0.9613517662676808,0.03896103896103896,6,1771,0.25
emb_tf-exemplar-human,22,6,gingiva,oropharynx,oral_scc,adaptive_plugin,0.8688060719426915,0.867871259175607,0.7,0.7624579124579125,0.16666666666666666,0.917074548618173,0.08356860530773574,6,1771,
emb_tf-exemplar-human,23,3,gingiva,oropharynx,oral_scc,cell_pooled,0.9020812422928146,0.9018974566007267,0.8412162162162162,0.8470311220311221,0.0,0.9311798386371262,0.06782398062171982,9,2477,
emb_tf-exemplar-human,23,3,gingiva,oropharynx,oral_scc,donor_weighted,0.9020812422928146,0.9018974566007267,0.8412162162162162,0.8470311220311221,0.0,0.9307913382486258,0.0682276947920872,9,2477,
emb_tf-exemplar-human,23,3,gingiva,oropharynx,oral_scc,donor_crc,0.9816154992314589,0.9818328623334679,0.9528619528619529,0.9608426608426608,0.0,1.585458812896492,0.0,9,2477,
emb_tf-exemplar-human,23,3,gingiva,oropharynx,oral_scc,target_only_k,0.9274144323018668,0.9265240209931369,0.8720538720538721,0.8771134771134771,0.0,0.9644355277121301,0.03552684699232943,9,2477,
emb_tf-exemplar-human,23,3,gingiva,oropharynx,oral_scc,adaptive_crc,0.957863681516833,0.9580137262817925,0.9090909090909091,0.9223587223587223,0.0,1.0867653572203353,0.0,9,2477,1.0
emb_tf-exemplar-human,23,3,gingiva,oropharynx,oral_scc,adaptive_plugin,0.9020812422928146,0.9018974566007267,0.8412162162162162,0.8470311220311221,0.0,0.9319013393586268,0.06742026645135245,9,2477,
emb_tf-exemplar-human,23,6,gingiva,oropharynx,oral_scc,cell_pooled,0.9106221536981328,0.9113607990012484,0.8412162162162162,0.8609066155707947,0.0,0.9344291584742853,0.06367041198501873,6,1602,
emb_tf-exemplar-human,23,6,gingiva,oropharynx,oral_scc,donor_weighted,0.9106221536981328,0.9113607990012484,0.8412162162162162,0.8609066155707947,0.0,0.9338464078915347,0.06429463171036205,6,1602,
emb_tf-exemplar-human,23,6,gingiva,oropharynx,oral_scc,donor_crc,0.984885273306339,0.9856429463171036,0.9628378378378378,0.968431905931906,0.0,1.5823939500231698,0.0,6,1602,
emb_tf-exemplar-human,23,6,gingiva,oropharynx,oral_scc,target_only_k,0.9319082326457364,0.9313358302122348,0.875,0.9001865671641791,0.0,0.9590897742788456,0.04057428214731586,6,1602,
emb_tf-exemplar-human,23,6,gingiva,oropharynx,oral_scc,adaptive_crc,0.9550576172243005,0.9556803995006242,0.9054054054054054,0.9234819234819235,0.0,1.024740350608827,0.0,6,1602,1.0
emb_tf-exemplar-human,23,6,gingiva,oropharynx,oral_scc,adaptive_plugin,0.9313451695826732,0.9307116104868914,0.8716216216216216,0.8984973779749899,0.0,0.9585267112157826,0.04119850187265917,6,1602,
emb_tf-exemplar-human,24,3,gingiva,oropharynx,oral_scc,cell_pooled,0.883079572715364,0.882210568777733,0.7133333333333334,0.8240459770114943,0.1111111111111111,0.90502488143508,0.09600645421540945,9,2479,
emb_tf-exemplar-human,24,3,gingiva,oropharynx,oral_scc,donor_weighted,0.8780406460045026,0.8769665187575635,0.7,0.8158620689655173,0.1111111111111111,0.8988928449354567,0.10205728116175877,9,2479,
emb_tf-exemplar-human,24,3,gingiva,oropharynx,oral_scc,donor_crc,0.983373155607643,0.9838644614764018,0.956081081081081,0.9704369954369955,0.0,1.766546748722156,0.0,9,2479,
emb_tf-exemplar-human,24,3,gingiva,oropharynx,oral_scc,target_only_k,0.9228780197715157,0.9225494150867285,0.86,0.8747027027027027,0.0,0.952622661386817,0.04881000403388463,9,2479,
emb_tf-exemplar-human,24,3,gingiva,oropharynx,oral_scc,adaptive_crc,0.9254946324630909,0.9253731343283582,0.87,0.882108108108108,0.0,0.9556108831456535,0.045582896329164985,9,2479,0.5
emb_tf-exemplar-human,24,3,gingiva,oropharynx,oral_scc,adaptive_plugin,0.9032844634752681,0.9027833803953207,0.7733333333333333,0.8465585585585585,0.1111111111111111,0.9282436781468465,0.07220653489310205,9,2479,
emb_tf-exemplar-human,24,6,gingiva,oropharynx,oral_scc,cell_pooled,0.8913781558318425,0.8918918918918919,0.8517241379310345,0.8566053122087605,0.0,0.9171893368046345,0.08223116733755031,6,1739,
emb_tf-exemplar-human,24,6,gingiva,oropharynx,oral_scc,donor_weighted,0.8860419879877729,0.8867165037377803,0.8448275862068966,0.8459212557900154,0.0,0.9112957553596731,0.08798159861989649,6,1739,
emb_tf-exemplar-human,24,6,gingiva,oropharynx,oral_scc,donor_crc,0.981610959962691,0.9815986198964922,0.956081081081081,0.9687121823315853,0.0,1.7007841590472699,0.0,6,1739,
emb_tf-exemplar-human,24,6,gingiva,oropharynx,oral_scc,target_only_k,0.9131290286602063,0.9131684876365728,0.8682432432432432,0.8806733457595526,0.0,0.9440589293526184,0.05577918343875791,6,1739,
emb_tf-exemplar-human,24,6,gingiva,oropharynx,oral_scc,adaptive_crc,0.9212201265603707,0.9212190914318574,0.8783783783783784,0.8909133271202236,0.0,0.9532648544545662,0.046578493387004025,6,1739,0.5
emb_tf-exemplar-human,24,6,gingiva,oropharynx,oral_scc,adaptive_plugin,0.9125071381129426,0.9125934445083381,0.8682432432432432,0.8806733457595526,0.0,0.942858335101651,0.056929269695227144,6,1739,
emb_tf-exemplar-human,25,3,gingiva,oropharynx,oral_scc,cell_pooled,0.8782160229339764,0.8805309734513275,0.7649253731343284,0.7913689130107041,0.2222222222222222,0.9034242146164357,0.09412711182622686,9,2486,
emb_tf-exemplar-human,25,3,gingiva,oropharynx,oral_scc,donor_weighted,0.8782160229339764,0.8805309734513275,0.7649253731343284,0.7913689130107041,0.2222222222222222,0.9034242146164357,0.09412711182622686,9,2486,
emb_tf-exemplar-human,25,3,gingiva,oropharynx,oral_scc,donor_crc,0.9774421329322492,0.9774738535800482,0.9259259259259259,0.95005005005005,0.0,1.3796287986942164,0.0,9,2486,
emb_tf-exemplar-human,25,3,gingiva,oropharynx,oral_scc,target_only_k,0.9265429604349554,0.9275945293644409,0.8585858585858586,0.8825279825279825,0.0,0.9701619313801739,0.029364440868865648,9,2486,
emb_tf-exemplar-human,25,3,gingiva,oropharynx,oral_scc,adaptive_crc,0.9458327024441459,0.9460981496379727,0.8821548821548821,0.9088634088634089,0.0,1.0135570474365205,0.0,9,2486,1.0
emb_tf-exemplar-human,25,3,gingiva,oropharynx,oral_scc,adaptive_plugin,0.9203079970078039,0.9215607401448109,0.8552188552188552,0.8764491764491765,0.0,0.9593841924324791,0.03982300884955752,9,2486,
emb_tf-exemplar-human,25,6,gingiva,oropharynx,oral_scc,cell_pooled,0.8731780133799435,0.8764044943820225,0.7649253731343284,0.7814525855570632,0.3333333333333333,0.8968342698726017,0.09987515605493133,6,1602,
emb_tf-exemplar-human,25,6,gingiva,oropharynx,oral_scc,donor_weighted,0.8731780133799435,0.8764044943820225,0.7649253731343284,0.7814525855570632,0.3333333333333333,0.8968342698726017,0.09987515605493133,6,1602,
emb_tf-exemplar-human,25,6,gingiva,oropharynx,oral_scc,donor_crc,0.978043204403379,0.9781523096129837,0.9259259259259259,0.9499759499759499,0.0,1.414552682525809,0.0,6,1602,
emb_tf-exemplar-human,25,6,gingiva,oropharynx,oral_scc,target_only_k,0.9181596746901607,0.920099875156055,0.8552188552188552,0.8735049499974873,0.0,0.9574540231651888,0.04119850187265917,6,1602,
emb_tf-exemplar-human,25,6,gingiva,oropharynx,oral_scc,adaptive_crc,0.9383957894886619,0.9394506866416978,0.8653198653198653,0.8936988936988937,0.0,0.988600808816371,0.010611735330836454,6,1602,1.0
emb_tf-exemplar-human,25,6,gingiva,oropharynx,oral_scc,adaptive_plugin,0.9141520239413833,0.916354556803995,0.8484848484848485,0.8664066033469019,0.0,0.9500906425262977,0.04868913857677903,6,1602,
emb_tf-exemplar-human,26,3,gingiva,oropharynx,oral_scc,cell_pooled,0.8991768131599172,0.8997584541062802,0.8215488215488216,0.8372827372827373,0.0,0.9300272412732374,0.06884057971014493,9,2484,
emb_tf-exemplar-human,26,3,gingiva,oropharynx,oral_scc,donor_weighted,0.897629432549969,0.8981481481481481,0.8215488215488216,0.8345800345800346,0.0,0.9284798606632894,0.07045088566827697,9,2484,
emb_tf-exemplar-human,26,3,gingiva,oropharynx,oral_scc,donor_crc,0.9736756510616426,0.9734299516908212,0.9259259259259259,0.9554554554554554,0.0,1.345187581910134,0.0,9,2484,
emb_tf-exemplar-human,26,3,gingiva,oropharynx,oral_scc,target_only_k,0.925418801093771,0.9255233494363929,0.8585858585858586,0.869014469014469,0.0,0.9746765631691806,0.02455716586151369,9,2484,
emb_tf-exemplar-human,26,3,gingiva,oropharynx,oral_scc,adaptive_crc,0.9390934368621527,0.9384057971014492,0.8787878787878788,0.8892710892710892,0.0,1.0151318427084846,0.0,9,2484,1.0
emb_tf-exemplar-human,26,3,gingiva,oropharynx,oral_scc,adaptive_plugin,0.9235089999825133,0.9235104669887279,0.8518518518518519,0.8649649649649649,0.0,0.9682368912125017,0.03140096618357488,9,2484,
emb_tf-exemplar-human,26,6,gingiva,oropharynx,oral_scc,cell_pooled,0.8876072710406069,0.8872549019607843,0.8215488215488216,0.8313825188825189,0.0,0.9262365811126875,0.07291666666666667,6,1632,
emb_tf-exemplar-human,26,6,gingiva,oropharynx,oral_scc,donor_weighted,0.8859080906729481,0.8854166666666666,0.8215488215488216,0.8296933296933298,0.0,0.9245374007450288,0.07475490196078431,6,1632,
emb_tf-exemplar-human,26,6,gingiva,oropharynx,oral_scc,donor_crc,0.966419349910438,0.9656862745098039,0.9259259259259259,0.9443818818818819,0.0,1.3241961591207165,0.0,6,1632,
emb_tf-exemplar-human,26,6,gingiva,oropharynx,oral_scc,target_only_k,0.9015945569934725,0.9007352941176471,0.8451178451178452,0.8482345982345982,0.0,0.948075299368036,0.051470588235294115,6,1632,
emb_tf-exemplar-human,26,6,gingiva,oropharynx,oral_scc,adaptive_crc,0.9027187872843694,0.9019607843137255,0.8484848484848485,0.8516072891072891,0.0,0.951436678720321,0.04779411764705882,6,1632,0.5
emb_tf-exemplar-human,26,6,gingiva,oropharynx,oral_scc,adaptive_plugin,0.9010314939304095,0.9001225490196079,0.8451178451178452,0.8465454090454091,0.0,0.9475122363049729,0.052083333333333336,6,1632,
emb_tf-exemplar-human,27,3,gingiva,oropharynx,oral_scc,cell_pooled,0.855101419999149,0.8532368315239244,0.65,0.7656902356902358,0.2222222222222222,0.8882210438745158,0.11298753518295135,9,2487,
emb_tf-exemplar-human,27,3,gingiva,oropharynx,oral_scc,donor_weighted,0.8531561164866813,0.8512263771612384,0.6466666666666666,0.765023569023569,0.2222222222222222,0.8858899378929124,0.11540008041817451,9,2487,
emb_tf-exemplar-human,27,3,gingiva,oropharynx,oral_scc,donor_crc,0.9718549504338958,0.9714515480498592,0.9259259259259259,0.9473473473473474,0.0,1.7555750274244493,0.0,9,2487,
emb_tf-exemplar-human,27,3,gingiva,oropharynx,oral_scc,target_only_k,0.8691054595687749,0.8673100120627262,0.6766666666666666,0.7871851851851851,0.1111111111111111,0.9048576322871931,0.09650180940892641,9,2487,
emb_tf-exemplar-human,27,3,gingiva,oropharynx,oral_scc,adaptive_crc,0.8797405524053603,0.877362283876156,0.7,0.7999326599326599,0.1111111111111111,0.9177211494355362,0.08443908323281062,9,2487,0.25
emb_tf-exemplar-human,27,3,gingiva,oropharynx,oral_scc,adaptive_plugin,0.8679426344176697,0.8661037394451147,0.6766666666666666,0.7871851851851851,0.1111111111111111,0.9029478395733113,0.09851226377161239,9,2487,
emb_tf-exemplar-human,27,6,gingiva,oropharynx,oral_scc,cell_pooled,0.8183776609927108,0.8122270742358079,0.65,0.7223063973063973,0.3333333333333333,0.8596939349862236,0.14472863381160325,6,1603,
emb_tf-exemplar-human,27,6,gingiva,oropharynx,oral_scc,donor_weighted,0.8160152612795648,0.809731752963194,0.6466666666666666,0.7206397306397306,0.3333333333333333,0.8567528315693739,0.14784778540237056,6,1603,
emb_tf-exemplar-human,27,6,gingiva,oropharynx,oral_scc,donor_crc,0.9667048715867125,0.9656893325015595,0.9259259259259259,0.9393143143143143,0.0,1.848560207005481,0.0,6,1603,
emb_tf-exemplar-human,27,6,gingiva,oropharynx,oral_scc,target_only_k,0.8081813778953082,0.8022457891453525,0.6333333333333333,0.708922558922559,0.3333333333333333,0.8489189481851174,0.1553337492202121,6,1603,
emb_tf-exemplar-human,27,6,gingiva,oropharynx,oral_scc,adaptive_crc,0.8412922610777088,0.835308796007486,0.6866666666666666,0.7524242424242424,0.16666666666666666,0.8877029040492971,0.11665626949469744,6,1603,0.25
emb_tf-exemplar-human,27,6,gingiva,oropharynx,oral_scc,adaptive_plugin,0.8092981006786978,0.8034934497816594,0.6366666666666667,0.7122727272727273,0.3333333333333333,0.8500356709685067,0.15408608858390518,6,1603,
emb_tf-exemplar-human,28,3,gingiva,oropharynx,oral_scc,cell_pooled,0.8913716205744373,0.8921647819063004,0.8249158249158249,0.8380866132590271,0.0,0.934009231498833,0.06462035541195477,9,2476,
emb_tf-exemplar-human,28,3,gingiva,oropharynx,oral_scc,donor_weighted,0.8913716205744373,0.8921647819063004,0.8249158249158249,0.8380866132590271,0.0,0.934009231498833,0.06462035541195477,9,2476,
emb_tf-exemplar-human,28,3,gingiva,oropharynx,oral_scc,donor_crc,0.9732559530371062,0.972940226171244,0.9326599326599326,0.9486941486941487,0.0,2.0210474215777676,0.0,9,2476,
emb_tf-exemplar-human,28,3,gingiva,oropharynx,oral_scc,target_only_k,0.9118388344915258,0.9119547657512116,0.8383838383838383,0.8656078021595263,0.0,0.9729663001046729,0.02665589660743134,9,2476,
emb_tf-exemplar-human,28,3,gingiva,oropharynx,oral_scc,adaptive_crc,0.91375640198986,0.9139741518578353,0.8451178451178452,0.869023569023569,0.0,0.9760127215205673,0.023424878836833602,9,2476,0.5
emb_tf-exemplar-human,28,3,gingiva,oropharynx,oral_scc,adaptive_plugin,0.8967339249115179,0.8974151857835219,0.8282828282828283,0.8467376467376467,0.0,0.9409216143652264,0.05775444264943457,9,2476,
emb_tf-exemplar-human,28,6,gingiva,oropharynx,oral_scc,cell_pooled,0.8968877298223897,0.8969310943833236,0.8249158249158249,0.8331475676303263,0.0,0.9375095929831256,0.06195715112912565,6,1727,
emb_tf-exemplar-human,28,6,gingiva,oropharynx,oral_scc,donor_weighted,0.8968877298223897,0.8969310943833236,0.8249158249158249,0.8331475676303263,0.0,0.9375095929831256,0.06195715112912565,6,1727,
emb_tf-exemplar-human,28,6,gingiva,oropharynx,oral_scc,donor_crc,0.9748828847720059,0.9745222929936306,0.9326599326599326,0.9525368628816904,0.0,2.01650734284634,0.0,6,1727,
emb_tf-exemplar-human,28,6,gingiva,oropharynx,oral_scc,target_only_k,0.9153951570516052,0.9148812970469021,0.835016835016835,0.8519911761291071,0.0,0.9704376945020128,0.029530978575564564,6,1727,
emb_tf-exemplar-human,28,6,gingiva,oropharynx,oral_scc,adaptive_crc,0.9176669167946295,0.9171974522292994,0.8417508417508418,0.8588064553581796,0.0,0.9749814388250807,0.024898668210770122,6,1727,0.5
emb_tf-exemplar-human,28,6,gingiva,oropharynx,oral_scc,adaptive_plugin,0.912997959609696,0.9125651418645049,0.835016835016835,0.8502670381980726,0.0,0.9674812129437722,0.03242617255356109,6,1727,
emb_tf-exemplar-human,29,3,gingiva,oropharynx,oral_scc,cell_pooled,0.8805718639110152,0.878726833199033,0.64,0.7987070707070707,0.1111111111111111,0.9250710485336735,0.07735697018533441,9,2482,
emb_tf-exemplar-human,29,3,gingiva,oropharynx,oral_scc,donor_weighted,0.8767214801349227,0.8746978243352136,0.6233333333333333,0.7933233830845771,0.1111111111111111,0.9193425909002728,0.08299758259468171,9,2482,
emb_tf-exemplar-human,29,3,gingiva,oropharynx,oral_scc,donor_crc,0.9772958671797747,0.9774375503626108,0.9427609427609428,0.9676566661641288,0.0,1.835894375879057,0.0,9,2482,
emb_tf-exemplar-human,29,3,gingiva,oropharynx,oral_scc,target_only_k,0.8693462826990372,0.8674456083803385,0.6133333333333333,0.7734129353233831,0.1111111111111111,0.9107678356976654,0.09145850120870266,9,2482,
emb_tf-exemplar-human,29,3,gingiva,oropharynx,oral_scc,adaptive_crc,0.9077762942675357,0.9077356970185334,0.78,0.8347878787878789,0.1111111111111111,0.9640524642288253,0.037066881547139406,9,2482,0.25
emb_tf-exemplar-human,29,3,gingiva,oropharynx,oral_scc,adaptive_plugin,0.8735246291408509,0.871474617244158,0.6166666666666667,0.7770646766169154,0.1111111111111111,0.9161457399062011,0.0862207896857373,9,2482,
emb_tf-exemplar-human,29,6,gingiva,oropharynx,oral_scc,cell_pooled,0.8767210258676839,0.8733542319749217,0.64,0.7435074626865672,0.16666666666666666,0.9158685024417502,0.0890282131661442,6,1595,
emb_tf-exemplar-human,29,6,gingiva,oropharynx,oral_scc,donor_weighted,0.8715201628472231,0.8677115987460815,0.6233333333333333,0.7295771144278607,0.16666666666666666,0.9078505286353274,0.09717868338557993,6,1595,
emb_tf-exemplar-human,29,6,gingiva,oropharynx,oral_scc,donor_crc,0.9833955210374743,0.9843260188087775,0.9738805970149254,0.9739532855204497,0.0,1.872907510643153,0.0,6,1595,
emb_tf-exemplar-human,29,6,gingiva,oropharynx,oral_scc,target_only_k,0.8853015185177742,0.8827586206896552,0.67,0.7641044776119403,0.16666666666666666,0.9273969178158827,0.07711598746081505,6,1595,
emb_tf-exemplar-human,29,6,gingiva,oropharynx,oral_scc,adaptive_crc,0.9107100701021045,0.9109717868338558,0.78,0.8284328358208956,0.16666666666666666,0.9624374950583582,0.03949843260188088,6,1595,0.25
emb_tf-exemplar-human,29,6,gingiva,oropharynx,oral_scc,adaptive_plugin,0.8720757184027788,0.8683385579937304,0.6266666666666667,0.7312437810945274,0.16666666666666666,0.9106657813759534,0.09467084639498433,6,1595,
emb_scvi,0,3,gingiva,oropharynx,oral_scc,cell_pooled,0.871682294043115,0.8729903536977492,0.7003367003367004,0.7914186914186914,0.1111111111111111,0.9428044508732718,0.0542604501607717,9,2488,
emb_scvi,0,3,gingiva,oropharynx,oral_scc,donor_weighted,0.8709287819102927,0.8721864951768489,0.7003367003367004,0.7914186914186914,0.1111111111111111,0.9412924216026219,0.055868167202572344,9,2488,
emb_scvi,0,3,gingiva,oropharynx,oral_scc,donor_crc,0.9780580005587733,0.9786977491961415,0.9528619528619529,0.9645983645983647,0.0,2.0952881794765137,0.0,9,2488,
emb_scvi,0,3,gingiva,oropharynx,oral_scc,target_only_k,0.9172760064157668,0.9168006430868167,0.8047138047138047,0.8447265447265447,0.0,1.0568110171447118,0.0,9,2488,
emb_scvi,0,3,gingiva,oropharynx,oral_scc,adaptive_crc,0.9353851945535376,0.9352893890675241,0.8451178451178452,0.8771316771316771,0.0,1.1542454149776298,0.0,9,2488,0.5
emb_scvi,0,3,gingiva,oropharynx,oral_scc,adaptive_plugin,0.9048762996482043,0.9047427652733119,0.7811447811447811,0.8373100373100373,0.1111111111111111,1.0132479154838112,0.0020096463022508037,9,2488,
emb_scvi,0,6,gingiva,oropharynx,oral_scc,cell_pooled,0.8647043635904228,0.864105504587156,0.7003367003367004,0.7572629447629448,0.16666666666666666,0.9485819562024291,0.051605504587155966,6,1744,
emb_scvi,0,6,gingiva,oropharynx,oral_scc,donor_weighted,0.8647043635904228,0.864105504587156,0.7003367003367004,0.7572629447629448,0.16666666666666666,0.9480188931393659,0.05217889908256881,6,1744,
emb_scvi,0,6,gingiva,oropharynx,oral_scc,donor_crc,0.9770768003107183,0.9770642201834863,0.9528619528619529,0.961505603296648,0.0,2.091074529253582,0.0,6,1744,
emb_scvi,0,6,gingiva,oropharynx,oral_scc,target_only_k,0.8978585605336589,0.8973623853211009,0.7811447811447811,0.8162480662480662,0.16666666666666666,1.009618509923467,0.0022935779816513763,6,1744,
emb_scvi,0,6,gingiva,oropharynx,oral_scc,adaptive_crc,0.9052564131273119,0.9048165137614679,0.7912457912457912,0.8229877604877605,0.16666666666666666,1.0398068040471358,0.0,6,1744,0.25
emb_scvi,0,6,gingiva,oropharynx,oral_scc,adaptive_plugin,0.893849941056188,0.893348623853211,0.7710437710437711,0.809508372008372,0.16666666666666666,1.0050271398632453,0.0034403669724770644,6,1744,
emb_scvi,1,3,gingiva,oropharynx,oral_scc,cell_pooled,0.8239104926888925,0.8303103587263201,0.6791044776119403,0.7176390773405699,0.3333333333333333,0.8366983268498812,0.15679161628375654,9,2481,
emb_scvi,1,3,gingiva,oropharynx,oral_scc,donor_weighted,0.8220242272349352,0.8282950423216445,0.6791044776119403,0.7176390773405699,0.3333333333333333,0.8344404523286627,0.1592099959693672,9,2481,
emb_scvi,1,3,gingiva,oropharynx,oral_scc,donor_crc,0.9729708033090676,0.9742039500201531,0.9545454545454546,0.9550470219435737,0.0,1.2096879502464501,0.0,9,2481,
emb_scvi,1,3,gingiva,oropharynx,oral_scc,target_only_k,0.9673926253624975,0.9685610640870617,0.948051948051948,0.9509896999552172,0.0,1.1215041639173873,0.0,9,2481,
emb_scvi,1,3,gingiva,oropharynx,oral_scc,adaptive_crc,0.9729708033090676,0.9742039500201531,0.9545454545454546,0.9550470219435737,0.0,1.2096879502464501,0.0,9,2481,0.0
emb_scvi,1,3,gingiva,oropharynx,oral_scc,adaptive_plugin,0.9608352305352432,0.9625151148730351,0.9328358208955224,0.9346191122310525,0.0,1.0689425015178893,0.0,9,2481,
emb_scvi,1,6,gingiva,oropharynx,oral_scc,cell_pooled,0.8386391250675943,0.8402777777777778,0.6791044776119403,0.7361039629439012,0.3333333333333333,0.8539534152677034,0.14467592592592593,6,1728,
emb_scvi,1,6,gingiva,oropharynx,oral_scc,donor_weighted,0.8363671404875502,0.8379629629629629,0.6791044776119403,0.7343798250128667,0.3333333333333333,0.8516814306876593,0.14699074074074073,6,1728,
emb_scvi,1,6,gingiva,oropharynx,oral_scc,donor_crc,0.9720431108113767,0.9722222222222222,0.9551724137931035,0.9551981471950592,0.0,1.1840331246534832,0.0,6,1728,
emb_scvi,1,6,gingiva,oropharynx,oral_scc,target_only_k,0.9474755813241474,0.9479166666666666,0.9029850746268657,0.9152856407617087,0.0,1.0251268694225817,0.0,6,1728,
emb_scvi,1,6,gingiva,oropharynx,oral_scc,adaptive_crc,0.9562907582967762,0.9565972222222222,0.9253731343283582,0.9299279464745239,0.0,1.051317381977176,0.0,6,1728,1.0
emb_scvi,1,6,gingiva,oropharynx,oral_scc,adaptive_plugin,0.941085360109641,0.9415509259259259,0.8917910447761194,0.9062403499742666,0.0,1.0088695004937425,0.0011574074074074073,6,1728,
emb_scvi,2,3,gingiva,oropharynx,oral_scc,cell_pooled,0.850219896922042,0.8489702517162472,0.7003367003367004,0.7054006734006734,0.2222222222222222,0.8707468682003713,0.13043478260869565,9,2622,
emb_scvi,2,3,gingiva,oropharynx,oral_scc,donor_weighted,0.8498367551595899,0.8485888634630053,0.7003367003367004,0.7054006734006734,0.2222222222222222,0.8699908703603652,0.13119755911517925,9,2622,
emb_scvi,2,3,gingiva,oropharynx,oral_scc,donor_crc,0.9802680476510024,0.9801678108314263,0.96,0.9623703703703703,0.0,1.2580522965529246,0.0,9,2622,
emb_scvi,2,3,gingiva,oropharynx,oral_scc,target_only_k,0.8774126684160011,0.8764302059496567,0.76,0.7634478114478114,0.2222222222222222,0.9036522521336106,0.09725400457665904,9,2622,
emb_scvi,2,3,gingiva,oropharynx,oral_scc,adaptive_crc,0.8909427473219004,0.8901601830663616,0.7811447811447811,0.7882289562289563,0.2222222222222222,0.9255713148159127,0.07513348588863462,9,2622,0.5
emb_scvi,2,3,gingiva,oropharynx,oral_scc,adaptive_plugin,0.8721705891798773,0.8710907704042715,0.75,0.7506734006734007,0.2222222222222222,0.8972554261967631,0.10373760488176964,9,2622,
emb_scvi,2,6,gingiva,oropharynx,oral_scc,cell_pooled,0.8471504045916819,0.8467194570135747,0.7003367003367004,0.7555737555737556,0.16666666666666666,0.8657435149088442,0.1346153846153846,6,1768,
emb_scvi,2,6,gingiva,oropharynx,oral_scc,donor_weighted,0.8465756919480038,0.8461538461538461,0.7003367003367004,0.7555737555737556,0.16666666666666666,0.864609518148835,0.13574660633484162,6,1768,
emb_scvi,2,6,gingiva,oropharynx,oral_scc,donor_crc,0.9801781908794887,0.9802036199095022,0.9629629629629629,0.9710648148148148,0.0,1.2618903990443264,0.0,6,1768,
emb_scvi,2,6,gingiva,oropharynx,oral_scc,target_only_k,0.8861345004340516,0.8857466063348416,0.7744107744107744,0.8078134953134953,0.16666666666666666,0.916580049911874,0.083710407239819,6,1768,
emb_scvi,2,6,gingiva,oropharynx,oral_scc,adaptive_crc,0.8917330288477244,0.8914027149321267,0.7845117845117845,0.8145531895531896,0.16666666666666666,0.9249750240993295,0.0752262443438914,6,1768,0.5
emb_scvi,2,6,gingiva,oropharynx,oral_scc,adaptive_plugin,0.8788078177095288,0.878393665158371,0.7676767676767676,0.8010681135681135,0.16666666666666666,0.9064437393777233,0.09389140271493213,6,1768,
emb_scvi,3,3,gingiva,oropharynx,oral_scc,cell_pooled,0.806413111780411,0.8065296251511487,0.5233333333333333,0.6718308457711444,0.3333333333333333,0.8307194182152703,0.16848045143087464,9,2481,
emb_scvi,3,3,gingiva,oropharynx,oral_scc,donor_weighted,0.8030455398444721,0.8029020556227328,0.5133333333333333,0.6698308457711444,0.3333333333333333,0.8273518462793316,0.17210802095929062,9,2481,
emb_scvi,3,3,gingiva,oropharynx,oral_scc,donor_crc,0.9724741688608566,0.973397823458283,0.9366666666666666,0.950969696969697,0.0,1.3622282238526229,0.0,9,2481,
emb_scvi,3,3,gingiva,oropharynx,oral_scc,target_only_k,0.9409814358471161,0.9403466344216042,0.8366666666666667,0.9046467661691543,0.0,1.0581293421341988,0.0,9,2481,
emb_scvi,3,3,gingiva,oropharynx,oral_scc,adaptive_crc,0.9574218964568835,0.9572752922208787,0.89,0.9416363636363637,0.0,1.136992539384082,0.0,9,2481,1.0
emb_scvi,3,3,gingiva,oropharynx,oral_scc,adaptive_plugin,0.9221139283347113,0.9222087867795243,0.7933333333333333,0.8720995024875622,0.1111111111111111,1.0008222062339986,0.0032245062474808546,9,2481,
emb_scvi,3,6,gingiva,oropharynx,oral_scc,cell_pooled,0.7790912995373825,0.7764558547276142,0.5233333333333333,0.6161442786069652,0.5,0.8070643995078419,0.19411396368190356,6,1597,
emb_scvi,3,6,gingiva,oropharynx,oral_scc,donor_weighted,0.7757177939824677,0.7726988102692548,0.5133333333333333,0.6111442786069652,0.5,0.8036908939529271,0.19787100814026298,6,1597,
emb_scvi,3,6,gingiva,oropharynx,oral_scc,donor_crc,0.9677374775020727,0.9686912961803381,0.9366666666666666,0.9456060606060606,0.0,1.4074867864376468,0.0,6,1597,
emb_scvi,3,6,gingiva,oropharynx,oral_scc,target_only_k,0.8976076229706877,0.8960551033187226,0.75,0.8097014925373134,0.16666666666666666,0.9715513028298052,0.028804007514088917,6,1597,
emb_scvi,3,6,gingiva,oropharynx,oral_scc,adaptive_crc,0.9249843489942844,0.9236067626800251,0.8133333333333334,0.8618905472636815,0.0,1.0273870059592498,0.0,6,1597,1.0
emb_scvi,3,6,gingiva,oropharynx,oral_scc,adaptive_plugin,0.8868994703050063,0.8860363180964308,0.7266666666666667,0.7924378109452737,0.16666666666666666,0.9505125632123327,0.048215403882279274,6,1597,
emb_scvi,4,3,gingiva,oropharynx,oral_scc,cell_pooled,0.861464045834125,0.8612228479485117,0.75,0.7506734006734007,0.2222222222222222,0.9145893177182083,0.08286403861625101,9,2486,
emb_scvi,4,3,gingiva,oropharynx,oral_scc,donor_weighted,0.8610899343489024,0.8608205953338697,0.7474747474747475,0.7494949494949495,0.2222222222222222,0.9133860188366341,0.084070796460177,9,2486,
emb_scvi,4,3,gingiva,oropharynx,oral_scc,donor_crc,0.9628100420333878,0.9629927594529365,0.936026936026936,0.9466648466648466,0.0,1.4410403818831652,0.0,9,2486,
emb_scvi,4,3,gingiva,oropharynx,oral_scc,target_only_k,0.907542074188389,0.9070796460176991,0.8282828282828283,0.8467376467376467,0.0,0.9981411662459058,0.003218020917135961,9,2486,
emb_scvi,4,3,gingiva,oropharynx,oral_scc,adaptive_crc,0.9162245487517544,0.915929203539823,0.835016835016835,0.8615979615979615,0.0,1.0273428801868225,0.0,9,2486,0.5
emb_scvi,4,3,gingiva,oropharynx,oral_scc,adaptive_plugin,0.8925067862839978,0.8934030571198712,0.8047138047138047,0.8258076258076258,0.0,0.966626356419898,0.030973451327433628,9,2486,
emb_scvi,4,6,gingiva,oropharynx,oral_scc,cell_pooled,0.8690474920328352,0.869538077403246,0.7508417508417509,0.8026596813910247,0.16666666666666666,0.9210858109041181,0.07428214731585518,6,1602,
emb_scvi,4,6,gingiva,oropharynx,oral_scc,donor_weighted,0.8684863248050013,0.8689138576779026,0.7474747474747475,0.800976179707523,0.16666666666666666,0.9192808625817568,0.07615480649188515,6,1602,
emb_scvi,4,6,gingiva,oropharynx,oral_scc,donor_crc,0.9651195448287825,0.9656679151061174,0.936026936026936,0.9445235351275619,0.0,1.430174048600918,0.0,6,1602,
emb_scvi,4,6,gingiva,oropharynx,oral_scc,target_only_k,0.911066671832256,0.9107365792759051,0.8282828282828283,0.8674996230966381,0.0,0.9983303176015207,0.0024968789013732834,6,1602,
emb_scvi,4,6,gingiva,oropharynx,oral_scc,adaptive_crc,0.9189762177872763,0.9188514357053683,0.835016835016835,0.8745979697472235,0.0,1.0234089242909672,0.0,6,1602,0.5
emb_scvi,4,6,gingiva,oropharynx,oral_scc,adaptive_plugin,0.9105092582313641,0.9101123595505618,0.8282828282828283,0.8673186716664978,0.0,0.996096909571011,0.003121098626716604,6,1602,
emb_scvi,5,3,gingiva,oropharynx,oral_scc,cell_pooled,0.8851314981336708,0.8847703464947623,0.69,0.8245671641791045,0.1111111111111111,0.9272480891988033,0.07211925866236905,9,2482,
emb_scvi,5,3,gingiva,oropharynx,oral_scc,donor_weighted,0.8836033076172002,0.8831587429492345,0.6866666666666666,0.8209154228855721,0.1111111111111111,0.9234132127244743,0.0757453666398066,9,2482,
emb_scvi,5,3,gingiva,oropharynx,oral_scc,donor_crc,0.9676003751908812,0.967365028203062,0.94,0.9574444444444444,0.0,1.3830416799661382,0.0,9,2482,
emb_scvi,5,3,gingiva,oropharynx,oral_scc,target_only_k,0.9417846270871097,0.9419822723609992,0.9,0.9232835820895522,0.0,1.0463177943823547,0.0,9,2482,
emb_scvi,5,3,gingiva,oropharynx,oral_scc,adaptive_crc,0.9517819873624224,0.9512489927477841,0.92,0.9276241610738255,0.0,1.1256993420207075,0.0,9,2482,1.0
emb_scvi,5,3,gingiva,oropharynx,oral_scc,adaptive_plugin,0.9364648739495175,0.9363416599516519,0.8766666666666667,0.9126467661691543,0.0,1.0258080253053734,0.0,9,2482,
emb_scvi,5,6,gingiva,oropharynx,oral_scc,cell_pooled,0.8601826588805487,0.8575,0.69,0.7741044776119403,0.16666666666666666,0.9088161584536393,0.091875,6,1600,
emb_scvi,5,6,gingiva,oropharynx,oral_scc,donor_weighted,0.8584496572221738,0.855625,0.6866666666666666,0.7705721393034826,0.16666666666666666,0.9041824119748078,0.09625,6,1600,
emb_scvi,5,6,gingiva,oropharynx,oral_scc,donor_crc,0.9625862451129436,0.961875,0.94,0.9509027777777778,0.0,1.463914219703592,0.0,6,1600,
emb_scvi,5,6,gingiva,oropharynx,oral_scc,target_only_k,0.8982727085203924,0.895625,0.77,0.8346268656716418,0.16666666666666666,0.9628778002867685,0.0375,6,1600,
emb_scvi,5,6,gingiva,oropharynx,oral_scc,adaptive_crc,0.9051046474660088,0.9025,0.7866666666666666,0.8466915422885573,0.16666666666666666,0.9793337827704787,0.02125,6,1600,0.5
emb_scvi,5,6,gingiva,oropharynx,oral_scc,adaptive_plugin,0.8931872164405618,0.89,0.7466666666666667,0.8210945273631841,0.16666666666666666,0.9549953733410371,0.04625,6,1600,
emb_scvi,6,3,gingiva,oropharynx,oral_scc,cell_pooled,0.787964433777709,0.7856282617422722,0.58,0.6547205387205387,0.4444444444444444,0.8105795278352707,0.19148936170212766,9,2491,
emb_scvi,6,3,gingiva,oropharynx,oral_scc,donor_weighted,0.7864287189584123,0.7840224809313528,0.5766666666666667,0.6540538720538721,0.4444444444444444,0.8086606712535216,0.1934965877157768,9,2491,
emb_scvi,6,3,gingiva,oropharynx,oral_scc,donor_crc,0.956423690296076,0.9570453633079085,0.9266666666666666,0.9385800865800866,0.0,1.2451842924056205,0.0,9,2491,
emb_scvi,6,3,gingiva,oropharynx,oral_scc,target_only_k,0.8016656101896686,0.800080289040546,0.61,0.6714949494949495,0.3333333333333333,0.8292051990722225,0.1718185467683661,9,2491,
emb_scvi,6,3,gingiva,oropharynx,oral_scc,adaptive_crc,0.8099905176811314,0.8085106382978723,0.6233333333333333,0.684936026936027,0.3333333333333333,0.8390357662637895,0.16178241670012045,9,2491,0.25
emb_scvi,6,3,gingiva,oropharynx,oral_scc,adaptive_plugin,0.7909938137323764,0.7888398233641108,0.5866666666666667,0.6560538720538721,0.4444444444444444,0.8147337700259113,0.18707346447209955,9,2491,
emb_scvi,6,6,gingiva,oropharynx,oral_scc,cell_pooled,0.7491941254140383,0.7478559176672385,0.58,0.6267003367003368,0.6666666666666666,0.7753329762165905,0.22584333905088622,6,1749,
emb_scvi,6,6,gingiva,oropharynx,oral_scc,donor_weighted,0.746890553185093,0.7455688965122927,0.5766666666666667,0.62503367003367,0.6666666666666666,0.772454691343967,0.22870211549456831,6,1749,
emb_scvi,6,6,gingiva,oropharynx,oral_scc,donor_crc,0.9528943137028923,0.952544311034877,0.9266666666666666,0.9347138047138047,0.0,1.2900251158571079,0.0,6,1749,
emb_scvi,6,6,gingiva,oropharynx,oral_scc,target_only_k,0.801000797691963,0.7998856489422527,0.6466666666666666,0.6886531986531986,0.5,0.844677841837139,0.15608919382504288,6,1749,
emb_scvi,6,6,gingiva,oropharynx,oral_scc,adaptive_crc,0.8133811387784378,0.8124642652944539,0.6666666666666666,0.7104377104377104,0.3333333333333333,0.8646765822542372,0.13607775871926817,6,1749,0.5
emb_scvi,6,6,gingiva,oropharynx,oral_scc,adaptive_plugin,0.7924725888491876,0.7913093196112064,0.6333333333333333,0.6803030303030303,0.5,0.8321336355246819,0.16866781017724414,6,1749,
emb_scvi,7,3,gingiva,oropharynx,oral_scc,cell_pooled,0.8422662303431244,0.8413715146948003,0.6599326599326599,0.6919865319865319,0.3333333333333333,0.8752378823078737,0.12547098718914845,9,2654,
emb_scvi,7,3,gingiva,oropharynx,oral_scc,donor_weighted,0.8404056323714154,0.8394875659382065,0.6565656565656566,0.685979797979798,0.3333333333333333,0.8722536859903439,0.12848530519969856,9,2654,
emb_scvi,7,3,gingiva,oropharynx,oral_scc,donor_crc,0.9651042637025863,0.9649585531273549,0.9292929292929293,0.9453180453180453,0.0,1.3402712840233986,0.0,9,2654,
emb_scvi,7,3,gingiva,oropharynx,oral_scc,target_only_k,0.896926518546268,0.8963828183873399,0.7710437710437711,0.8102087542087542,0.1111111111111111,0.9617398309599763,0.03843255463451394,9,2654,
emb_scvi,7,3,gingiva,oropharynx,oral_scc,adaptive_crc,0.9370120113394589,0.9366993217784476,0.8518518518518519,0.8946946946946946,0.0,1.0809562348766388,0.0,9,2654,1.0
emb_scvi,7,3,gingiva,oropharynx,oral_scc,adaptive_plugin,0.8789772864715483,0.8782969103240392,0.7205387205387206,0.7654410774410774,0.2222222222222222,0.9340226684752047,0.06631499623210249,9,2654,
emb_scvi,7,6,gingiva,oropharynx,oral_scc,cell_pooled,0.8747343874531769,0.873868778280543,0.6599326599326599,0.761404457056631,0.16666666666666666,0.9056426265062342,0.09502262443438914,6,1768,
emb_scvi,7,6,gingiva,oropharynx,oral_scc,donor_weighted,0.8736176646697875,0.872737556561086,0.6565656565656566,0.7597209553731292,0.16666666666666666,0.9034035692671769,0.09728506787330317,6,1768,
emb_scvi,7,6,gingiva,oropharynx,oral_scc,donor_crc,0.9690716901588291,0.9688914027149321,0.9292929292929293,0.9478679411565318,0.0,1.2580891772518317,0.0,6,1768,
emb_scvi,7,6,gingiva,oropharynx,oral_scc,target_only_k,0.9303199857224879,0.9298642533936652,0.8080808080808081,0.8738390617585248,0.0,1.003409864354629,0.0022624434389140274,6,1768,
emb_scvi,7,6,gingiva,oropharynx,oral_scc,adaptive_crc,0.938765340493893,0.9383484162895928,0.8383838383838383,0.8908585858585858,0.0,1.0370464541848041,0.0,6,1768,1.0
emb_scvi,7,6,gingiva,oropharynx,oral_scc,adaptive_plugin,0.9246961330506825,0.9242081447963801,0.7912457912457912,0.8603879962940366,0.16666666666666666,0.993803067892833,0.006787330316742082,6,1768,
emb_scvi,8,3,gingiva,oropharynx,oral_scc,cell_pooled,0.8689849474672764,0.8708,0.7912457912457912,0.8177086177086177,0.1111111111111111,0.9246543463254194,0.072,9,2500,
emb_scvi,8,3,gingiva,oropharynx,oral_scc,donor_weighted,0.8648342100770511,0.8664,0.7744107744107744,0.8089362089362089,0.1111111111111111,0.9167164131879212,0.0804,9,2500,
emb_scvi,8,3,gingiva,oropharynx,oral_scc,donor_crc,0.9770808648859717,0.9776,0.9664429530201343,0.9673145646300009,0.0,1.6442978894874007,0.0,9,2500,
emb_scvi,8,3,gingiva,oropharynx,oral_scc,target_only_k,0.9037273970758801,0.9036,0.8316498316498316,0.8663299663299663,0.0,0.9931849437187535,0.008,9,2500,
emb_scvi,8,3,gingiva,oropharynx,oral_scc,adaptive_crc,0.909878006054304,0.9096,0.8484848484848485,0.8751023751023751,0.0,1.0076051093308243,0.0032,9,2500,0.25
emb_scvi,8,3,gingiva,oropharynx,oral_scc,adaptive_plugin,0.8648342100770511,0.8664,0.7744107744107744,0.8089362089362089,0.1111111111111111,0.9167164131879212,0.0804,9,2500,
emb_scvi,8,6,gingiva,oropharynx,oral_scc,cell_pooled,0.850364072953338,0.850997506234414,0.7912457912457912,0.8077850577850578,0.16666666666666666,0.9126601175492773,0.08354114713216958,6,1604,
emb_scvi,8,6,gingiva,oropharynx,oral_scc,donor_weighted,0.8452528065398869,0.8453865336658354,0.7744107744107744,0.795989170989171,0.16666666666666666,0.9035347241815836,0.09351620947630923,6,1604,
emb_scvi,8,6,gingiva,oropharynx,oral_scc,donor_crc,0.9756734971798148,0.9763092269326683,0.9675324675324676,0.9685635310635311,0.0,1.701342434529386,0.0,6,1604,
emb_scvi,8,6,gingiva,oropharynx,oral_scc,target_only_k,0.8667870333200914,0.8653366583541147,0.8047138047138047,0.8195866320866321,0.0,0.9430593608906505,0.05610972568578554,6,1604,
emb_scvi,8,6,gingiva,oropharynx,oral_scc,adaptive_crc,0.898147894655238,0.8971321695760599,0.8417508417508418,0.8600646100646101,0.0,1.0033941322422082,0.004364089775561097,6,1604,0.25
emb_scvi,8,6,gingiva,oropharynx,oral_scc,adaptive_plugin,0.8452528065398869,0.8453865336658354,0.7744107744107744,0.795989170989171,0.16666666666666666,0.9035347241815836,0.09351620947630923,6,1604,
emb_scvi,9,3,gingiva,oropharynx,oral_scc,cell_pooled,0.8326805368933884,0.8333333333333334,0.6133333333333333,0.7605045045045045,0.2222222222222222,0.8486133814188057,0.1497991967871486,9,2490,
emb_scvi,9,3,gingiva,oropharynx,oral_scc,donor_weighted,0.8326805368933884,0.8333333333333334,0.6133333333333333,0.7605045045045045,0.2222222222222222,0.8486133814188057,0.1497991967871486,9,2490,
emb_scvi,9,3,gingiva,oropharynx,oral_scc,donor_crc,0.9658007254454317,0.9662650602409638,0.9366666666666666,0.9494954954954955,0.0,1.2240355873360604,0.0,9,2490,
emb_scvi,9,3,gingiva,oropharynx,oral_scc,target_only_k,0.8864770886492468,0.8875502008032129,0.72,0.8277837837837838,0.1111111111111111,0.9193331769659456,0.07951807228915662,9,2490,
emb_scvi,9,3,gingiva,oropharynx,oral_scc,adaptive_crc,0.9360597642101717,0.936144578313253,0.87,0.9037297297297298,0.0,1.0354518230488932,0.0,9,2490,1.0
emb_scvi,9,3,gingiva,oropharynx,oral_scc,adaptive_plugin,0.8767119984559977,0.8783132530120482,0.7033333333333334,0.8107965367965368,0.1111111111111111,0.9065419904630184,0.09156626506024096,9,2490,
emb_scvi,9,6,gingiva,oropharynx,oral_scc,cell_pooled,0.8789654514787585,0.8843788437884379,0.8116883116883117,0.8213613972234661,0.0,0.8845625354870901,0.10947109471094711,6,1626,
emb_scvi,9,6,gingiva,oropharynx,oral_scc,donor_weighted,0.8789654514787585,0.8843788437884379,0.8116883116883117,0.8213613972234661,0.0,0.8845625354870901,0.10947109471094711,6,1626,
emb_scvi,9,6,gingiva,oropharynx,oral_scc,donor_crc,0.9727365415319594,0.974169741697417,0.9545454545454546,0.9588163514338011,0.0,1.1758346548152148,0.0,6,1626,
emb_scvi,9,6,gingiva,oropharynx,oral_scc,target_only_k,0.9426163645811876,0.9446494464944649,0.9155844155844156,0.9225573084633487,0.0,0.9877407409633746,0.012300123001230012,6,1626,
emb_scvi,9,6,gingiva,oropharynx,oral_scc,adaptive_crc,0.9509680919250463,0.9526445264452644,0.9285714285714286,0.9340843720038351,0.0,1.0256796433271784,0.0,6,1626,1.0
emb_scvi,9,6,gingiva,oropharynx,oral_scc,adaptive_plugin,0.9397922346880923,0.9415744157441575,0.9155844155844156,0.9225573084633487,0.0,0.9776471348086715,0.022755227552275523,6,1626,
emb_scvi,10,3,gingiva,oropharynx,oral_scc,cell_pooled,0.7733542033661408,0.772488906817265,0.5333333333333333,0.6049831649831651,0.5555555555555556,0.8146776454442148,0.18475191609519967,9,2479,
emb_scvi,10,3,gingiva,oropharynx,oral_scc,donor_weighted,0.772939609667965,0.772085518354175,0.5333333333333333,0.6049831649831651,0.5555555555555556,0.8142630517460391,0.18515530455828963,9,2479,
emb_scvi,10,3,gingiva,oropharynx,oral_scc,donor_crc,0.9607546796017518,0.9608713190802743,0.9259259259259259,0.9265185185185185,0.0,1.5431706103084126,0.0,9,2479,
emb_scvi,10,3,gingiva,oropharynx,oral_scc,target_only_k,0.8433614773645941,0.8430818878580073,0.6733333333333333,0.7110976430976431,0.2222222222222222,0.9125461600340796,0.08592174263816055,9,2479,
emb_scvi,10,3,gingiva,oropharynx,oral_scc,adaptive_crc,0.9113064632686352,0.9104477611940298,0.8233333333333334,0.8353737373737373,0.0,1.0541809847086625,0.0,9,2479,1.0
emb_scvi,10,3,gingiva,oropharynx,oral_scc,adaptive_plugin,0.8341632666880708,0.8342073416700282,0.6633333333333333,0.6956296296296296,0.2222222222222222,0.8995687789614707,0.09883017345703912,9,2479,
emb_scvi,10,6,gingiva,oropharynx,oral_scc,cell_pooled,0.774012919892895,0.772857964347326,0.5333333333333333,0.5781144781144781,0.5,0.8168923673525663,0.18401380103507764,6,1739,
emb_scvi,10,6,gingiva,oropharynx,oral_scc,donor_weighted,0.7733910293456313,0.7722829212190915,0.5333333333333333,0.5781144781144781,0.5,0.8162704768053026,0.18458884416331225,6,1739,
emb_scvi,10,6,gingiva,oropharynx,oral_scc,donor_crc,0.9634755620047909,0.9631972397929844,0.9259259259259259,0.9262962962962963,0.0,1.5506971914901018,0.0,6,1739,
emb_scvi,10,6,gingiva,oropharynx,oral_scc,target_only_k,0.8789879669574945,0.878090856814261,0.7466666666666667,0.7655892255892256,0.3333333333333333,0.9748297757843778,0.025301897642323174,6,1739,
emb_scvi,10,6,gingiva,oropharynx,oral_scc,adaptive_crc,0.9034892086446812,0.9028177113283496,0.81,0.8208249158249159,0.0,1.0313142096755283,0.0005750431282346176,6,1739,1.0
emb_scvi,10,6,gingiva,oropharynx,oral_scc,adaptive_plugin,0.87279368583784,0.8717653824036803,0.7266666666666667,0.7505387205387206,0.3333333333333333,0.9657394739266629,0.034502587694077054,6,1739,
emb_scvi,11,3,gingiva,oropharynx,oral_scc,cell_pooled,0.836986820340723,0.8348,0.6733333333333333,0.7164848484848485,0.2222222222222222,0.8803747196059761,0.1192,9,2500,
emb_scvi,11,3,gingiva,oropharynx,oral_scc,donor_weighted,0.8366152112734617,0.8344,0.6733333333333333,0.7164848484848485,0.2222222222222222,0.879617308069579,0.12,9,2500,
emb_scvi,11,3,gingiva,oropharynx,oral_scc,donor_crc,0.9647575692085822,0.9652,0.9461279461279462,0.9518922558922559,0.0,1.4279197797211192,0.0,9,2500,
emb_scvi,11,3,gingiva,oropharynx,oral_scc,target_only_k,0.7887369539362064,0.7876,0.5833333333333334,0.6634680134680134,0.5555555555555556,0.818626552618309,0.1808,9,2500,
emb_scvi,11,3,gingiva,oropharynx,oral_scc,adaptive_crc,0.8609594231051778,0.8588,0.7233333333333334,0.774969696969697,0.2222222222222222,0.91182835648524,0.0876,9,2500,0.25
emb_scvi,11,3,gingiva,oropharynx,oral_scc,adaptive_plugin,0.8076527130325949,0.8072,0.6266666666666667,0.6963771043771043,0.3333333333333333,0.8409005859268123,0.1576,9,2500,
emb_scvi,11,6,gingiva,oropharynx,oral_scc,cell_pooled,0.8522268917543901,0.8518306636155606,0.7272727272727273,0.769041769041769,0.16666666666666666,0.899489948705961,0.10068649885583524,6,1748,
emb_scvi,11,6,gingiva,oropharynx,oral_scc,donor_weighted,0.8516694781534982,0.851258581235698,0.7272727272727273,0.769041769041769,0.16666666666666666,0.8983538314013656,0.10183066361556065,6,1748,
emb_scvi,11,6,gingiva,oropharynx,oral_scc,donor_crc,0.9669641620970575,0.9668192219679634,0.9461279461279462,0.954482891982892,0.0,1.349499346698,0.0,6,1748,
emb_scvi,11,6,gingiva,oropharynx,oral_scc,target_only_k,0.8841809089175517,0.8838672768878718,0.8047138047138047,0.8195866320866321,0.0,0.9495925119278462,0.05034324942791762,6,1748,
emb_scvi,11,6,gingiva,oropharynx,oral_scc,adaptive_crc,0.8881053639289633,0.8878718535469108,0.8148148148148148,0.8280155155155156,0.0,0.9569372241616997,0.04290617848970252,6,1748,0.5
emb_scvi,11,6,gingiva,oropharynx,oral_scc,adaptive_plugin,0.8818830239406705,0.881578947368421,0.8013468013468014,0.8179031304031303,0.0,0.9411060329272258,0.05892448512585812,6,1748,
emb_scvi,12,3,gingiva,oropharynx,oral_scc,cell_pooled,0.7827765786343394,0.7821543408360129,0.51,0.5949292929292929,0.4444444444444444,0.8186588925952293,0.18086816720257234,9,2488,
emb_scvi,12,3,gingiva,oropharynx,oral_scc,donor_weighted,0.7789040150048749,0.7785369774919614,0.51,0.5895420875420876,0.4444444444444444,0.8144159585953946,0.18488745980707397,9,2488,
emb_scvi,12,3,gingiva,oropharynx,oral_scc,donor_crc,0.9710220467132993,0.9710610932475884,0.9266666666666666,0.9395420875420876,0.0,1.4769595921129042,0.0,9,2488,
emb_scvi,12,3,gingiva,oropharynx,oral_scc,target_only_k,0.8860501499906017,0.885048231511254,0.7266666666666667,0.7621683501683502,0.2222222222222222,0.9727035903948068,0.026929260450160773,9,2488,
emb_scvi,12,3,gingiva,oropharynx,oral_scc,adaptive_crc,0.9291307417809064,0.927652733118971,0.8333333333333334,0.8373737373737373,0.0,1.0924489000200452,0.0,9,2488,1.0
emb_scvi,12,3,gingiva,oropharynx,oral_scc,adaptive_plugin,0.873293081656633,0.872588424437299,0.6866666666666666,0.7433939393939394,0.2222222222222222,0.9479852411236614,0.05144694533762058,9,2488,
emb_scvi,12,6,gingiva,oropharynx,oral_scc,cell_pooled,0.8011335480409945,0.8027638190954773,0.6161616161616161,0.6550957334539425,0.5,0.8349160048137984,0.1620603015075377,6,1592,
emb_scvi,12,6,gingiva,oropharynx,oral_scc,donor_weighted,0.795883986713129,0.7977386934673367,0.6094276094276094,0.6442660435197749,0.5,0.829666443485933,0.1670854271356784,6,1592,
emb_scvi,12,6,gingiva,oropharynx,oral_scc,donor_crc,0.9749074175718131,0.9755025125628141,0.9427609427609428,0.954589426604352,0.0,1.4246302904810637,0.0,6,1592,
emb_scvi,12,6,gingiva,oropharynx,oral_scc,target_only_k,0.921060624773717,0.9202261306532663,0.8181818181818182,0.8549864314789688,0.0,1.0205700786053102,0.0,6,1592,
emb_scvi,12,6,gingiva,oropharynx,oral_scc,adaptive_crc,0.9301400719716749,0.9290201005025126,0.8282828282828283,0.865633951454847,0.0,1.0610895501659074,0.0,6,1592,1.0
emb_scvi,12,6,gingiva,oropharynx,oral_scc,adaptive_plugin,0.9165938338485927,0.9158291457286433,0.8013468013468014,0.8465689230614604,0.0,1.0068116163725076,0.0018844221105527637,6,1592,
emb_scvi,13,3,gingiva,oropharynx,oral_scc,cell_pooled,0.8280140992570938,0.8315831987075929,0.6902356902356902,0.7458393458393459,0.4444444444444444,0.8581433298459078,0.13691437802907916,9,2476,
emb_scvi,13,3,gingiva,oropharynx,oral_scc,donor_weighted,0.8272683787046099,0.8307754442649434,0.6868686868686869,0.7451659451659451,0.4444444444444444,0.8573976092934239,0.1377221324717286,9,2476,
emb_scvi,13,3,gingiva,oropharynx,oral_scc,donor_crc,0.9666530166169748,0.9664781906300485,0.936026936026936,0.9412594412594413,0.0,1.355232639226732,0.0,9,2476,
emb_scvi,13,3,gingiva,oropharynx,oral_scc,target_only_k,0.912537446198113,0.9131663974151858,0.8181818181818182,0.8528255528255528,0.0,0.9984598470553254,0.0036348949919224557,9,2476,
emb_scvi,13,3,gingiva,oropharynx,oral_scc,adaptive_crc,0.9346899101790507,0.9349757673667205,0.8585858585858586,0.8825279825279825,0.0,1.0785319538004128,0.0,9,2476,1.0
emb_scvi,13,3,gingiva,oropharynx,oral_scc,adaptive_plugin,0.9046641810657032,0.9054927302100162,0.797979797979798,0.8433797433797434,0.1111111111111111,0.9782635455696792,0.01978998384491115,9,2476,
emb_scvi,13,6,gingiva,oropharynx,oral_scc,cell_pooled,0.8314272973713912,0.8375384615384616,0.7597402597402597,0.7633160758160757,0.3333333333333333,0.8556904432194347,0.1366153846153846,6,1625,
emb_scvi,13,6,gingiva,oropharynx,oral_scc,donor_weighted,0.8308698837704993,0.8369230769230769,0.7597402597402597,0.7633160758160757,0.3333333333333333,0.8551330296185428,0.13723076923076924,6,1625,
emb_scvi,13,6,gingiva,oropharynx,oral_scc,donor_crc,0.9662387171796792,0.9661538461538461,0.9425675675675675,0.954042404473439,0.0,1.3691988076277581,0.0,6,1625,
emb_scvi,13,6,gingiva,oropharynx,oral_scc,target_only_k,0.9142276071522962,0.9163076923076923,0.8614864864864865,0.8755484380484381,0.0,0.9917479089404871,0.00676923076923077,6,1625,
emb_scvi,13,6,gingiva,oropharynx,oral_scc,adaptive_crc,0.9282585480049771,0.9298461538461539,0.8817567567567568,0.8954238329238329,0.0,1.0392070162333311,0.0,6,1625,1.0
emb_scvi,13,6,gingiva,oropharynx,oral_scc,adaptive_plugin,0.9091802648111007,0.9113846153846153,0.8547297297297297,0.8689233064233064,0.0,0.9788355363204683,0.018461538461538463,6,1625,
emb_scvi,14,3,gingiva,oropharynx,oral_scc,cell_pooled,0.8561393214962727,0.8578883982336412,0.7871621621621622,0.8111637757160145,0.1111111111111111,0.8937652245191201,0.10236852669610598,9,2491,
emb_scvi,14,3,gingiva,oropharynx,oral_scc,donor_weighted,0.8545958738805367,0.8562826174227218,0.7871621621621622,0.8081787010891489,0.1111111111111111,0.8914343271276542,0.10477719791248495,9,2491,
emb_scvi,14,3,gingiva,oropharynx,oral_scc,donor_crc,0.9635087753920845,0.9638699317543156,0.9391891891891891,0.9514742014742015,0.0,1.3387838631580502,0.0,9,2491,
emb_scvi,14,3,gingiva,oropharynx,oral_scc,target_only_k,0.935261659354622,0.9349658771577679,0.8885135135135135,0.9150161355385237,0.0,1.0465097020086964,0.0,9,2491,
emb_scvi,14,3,gingiva,oropharynx,oral_scc,adaptive_crc,0.9420946080545362,0.941790445604175,0.902027027027027,0.9266740621218233,0.0,1.0943743448274543,0.0,9,2491,1.0
emb_scvi,14,3,gingiva,oropharynx,oral_scc,adaptive_plugin,0.9261871718542002,0.9261340826977118,0.8817567567567568,0.9047095603065752,0.0,1.020954438890769,0.0,9,2491,
emb_scvi,14,6,gingiva,oropharynx,oral_scc,cell_pooled,0.8394155959397985,0.8402994385527136,0.7871621621621622,0.8021631706333199,0.16666666666666666,0.8773539747611431,0.11852776044915783,6,1603,
emb_scvi,14,6,gingiva,oropharynx,oral_scc,donor_weighted,0.8382344212762037,0.8390517779164067,0.7871621621621622,0.8002974989915288,0.16666666666666666,0.8755509095502846,0.12039925140361822,6,1603,
emb_scvi,14,6,gingiva,oropharynx,oral_scc,donor_crc,0.9621586862437749,0.9625701809107923,0.9391891891891891,0.9468673218673218,0.0,1.3792876772745537,0.0,6,1603,
emb_scvi,14,6,gingiva,oropharynx,oral_scc,target_only_k,0.9114614866034944,0.9126637554585153,0.8716216216216216,0.8838627588627588,0.0,0.9974490426557855,0.004366812227074236,6,1603,
emb_scvi,14,6,gingiva,oropharynx,oral_scc,adaptive_crc,0.9332637442062731,0.932626325639426,0.8885135135135135,0.9050776522791448,0.0,1.0578629289670396,0.0,6,1603,1.0
emb_scvi,14,6,gingiva,oropharynx,oral_scc,adaptive_plugin,0.9033083589865445,0.9045539613225203,0.8614864864864865,0.8755484380484381,0.0,0.9790803375009977,0.018714909544603867,6,1603,
emb_scvi,15,3,gingiva,oropharynx,oral_scc,cell_pooled,0.8625883148614917,0.8653386454183267,0.7508417508417509,0.7943241943241943,0.1111111111111111,0.8723655919445846,0.12430278884462151,9,2510,
emb_scvi,15,3,gingiva,oropharynx,oral_scc,donor_weighted,0.8618323170214857,0.8645418326693227,0.7508417508417509,0.7943241943241943,0.1111111111111111,0.8712354826193558,0.1254980079681275,9,2510,
emb_scvi,15,3,gingiva,oropharynx,oral_scc,donor_crc,0.9745994159646953,0.9752988047808765,0.961038961038961,0.9625781625781625,0.0,1.2337932469651665,0.0,9,2510,
emb_scvi,15,3,gingiva,oropharynx,oral_scc,target_only_k,0.9476846496987559,0.9482071713147411,0.9191919191919192,0.9301471086705986,0.0,1.0226318767524465,0.0,9,2510,
emb_scvi,15,3,gingiva,oropharynx,oral_scc,adaptive_crc,0.9547451882942456,0.9549800796812749,0.9326599326599326,0.9396354348078486,0.0,1.058106584813894,0.0,9,2510,1.0
emb_scvi,15,3,gingiva,oropharynx,oral_scc,adaptive_plugin,0.9413689011389281,0.9422310756972112,0.898989898989899,0.9174603174603174,0.0,1.0018400773515388,0.0007968127490039841,9,2510,
emb_scvi,15,6,gingiva,oropharynx,oral_scc,cell_pooled,0.8645854870668407,0.8698588090853284,0.8051948051948052,0.811218092252575,0.0,0.8764474496638134,0.1172498465316145,6,1629,
emb_scvi,15,6,gingiva,oropharynx,oral_scc,donor_weighted,0.8634514903068315,0.8686310620012277,0.8051948051948052,0.8094939543215405,0.0,0.875313452903804,0.11847759361571517,6,1629,
emb_scvi,15,6,gingiva,oropharynx,oral_scc,donor_crc,0.9703090999185403,0.9711479435236341,0.961038961038961,0.9632781012091357,0.0,1.232740167486861,0.0,6,1629,
emb_scvi,15,6,gingiva,oropharynx,oral_scc,target_only_k,0.9384597231687466,0.9404542664211173,0.9155844155844156,0.9250335871025526,0.0,0.9911119994633082,0.00798035604665439,6,1629,
emb_scvi,15,6,gingiva,oropharynx,oral_scc,adaptive_crc,0.9462041368091887,0.947206875383671,0.935064935064935,0.9375324675324674,0.0,1.0154756707487242,0.0006138735420503376,6,1629,1.0
emb_scvi,15,6,gingiva,oropharynx,oral_scc,adaptive_plugin,0.9340117989568788,0.9367710251688153,0.9025974025974026,0.9133676668159427,0.0,0.984432537862331,0.014119091467157766,6,1629,
emb_scvi,16,3,gingiva,oropharynx,oral_scc,cell_pooled,0.8339631791456124,0.8344771901493743,0.6296296296296297,0.7378662244333887,0.3333333333333333,0.8595113868693322,0.13847396043601132,9,2477,
emb_scvi,16,3,gingiva,oropharynx,oral_scc,donor_weighted,0.8324626994500133,0.8328623334679047,0.6262626262626263,0.737192823759988,0.3333333333333333,0.8568873088279124,0.14129995962858297,9,2477,
emb_scvi,16,3,gingiva,oropharynx,oral_scc,donor_crc,0.9735332144218839,0.9737585789261203,0.9461279461279462,0.9594958594958595,0.0,1.300702428008125,0.0,9,2477,
emb_scvi,16,3,gingiva,oropharynx,oral_scc,target_only_k,0.9234005014676073,0.9232943076301978,0.8316498316498316,0.8690326690326691,0.0,1.0105021226362796,0.0004037141703673799,9,2477,
emb_scvi,16,3,gingiva,oropharynx,oral_scc,adaptive_crc,0.9394622357446342,0.939442874444893,0.8585858585858586,0.896041496041496,0.0,1.0640343919770923,0.0,9,2477,1.0
emb_scvi,16,3,gingiva,oropharynx,oral_scc,adaptive_plugin,0.9169554815397143,0.9168348809043197,0.8080808080808081,0.8562107562107562,0.0,0.992718000841226,0.0072668550666128385,9,2477,
emb_scvi,16,6,gingiva,oropharynx,oral_scc,cell_pooled,0.7885032056518555,0.785402370555209,0.6296296296296297,0.697277501381979,0.5,0.8234227394596575,0.17654398003742983,6,1603,
emb_scvi,16,6,gingiva,oropharynx,oral_scc,donor_weighted,0.7868080416640124,0.7835308796007486,0.6262626262626263,0.6955939996984773,0.5,0.8200421779530833,0.1802869619463506,6,1603,
emb_scvi,16,6,gingiva,oropharynx,oral_scc,donor_crc,0.9654155623735664,0.9650655021834061,0.9461279461279462,0.954482891982892,0.0,1.3782504498339954,0.0,6,1603,
emb_scvi,16,6,gingiva,oropharynx,oral_scc,target_only_k,0.867397738812031,0.8652526512788522,0.7575757575757576,0.7993959868959869,0.16666666666666666,0.9385705127916024,0.0611353711790393,6,1603,
emb_scvi,16,6,gingiva,oropharynx,oral_scc,adaptive_crc,0.8981162486392354,0.8958203368683718,0.8148148148148148,0.8465965965965966,0.0,1.0044269715254355,0.002495321272613849,6,1603,1.0
emb_scvi,16,6,gingiva,oropharynx,oral_scc,adaptive_plugin,0.8627243351958414,0.8602620087336245,0.7441077441077442,0.790972790972791,0.16666666666666666,0.9327709830492866,0.06737367436057393,6,1603,
emb_scvi,17,3,gingiva,oropharynx,oral_scc,cell_pooled,0.8114054734867153,0.8121189024390244,0.6195286195286195,0.6582340821146792,0.3333333333333333,0.8339747725138764,0.16539634146341464,9,2624,
emb_scvi,17,3,gingiva,oropharynx,oral_scc,donor_weighted,0.8102712525457311,0.8109756097560976,0.6161616161616161,0.6575606814412784,0.3333333333333333,0.8324664400876696,0.16692073170731708,9,2624,
emb_scvi,17,3,gingiva,oropharynx,oral_scc,donor_crc,0.9743830266077556,0.9744664634146342,0.936026936026936,0.9543695663098648,0.0,1.2666330410776903,0.0,9,2624,
emb_scvi,17,3,gingiva,oropharynx,oral_scc,target_only_k,0.9551935660565773,0.9554115853658537,0.8686868686868687,0.908065731946329,0.0,1.0830205596322506,0.0,9,2624,
emb_scvi,17,3,gingiva,oropharynx,oral_scc,adaptive_crc,0.9622545626313754,0.9622713414634146,0.8821548821548821,0.934639931654857,0.0,1.127510869577445,0.0,9,2624,1.0
emb_scvi,17,3,gingiva,oropharynx,oral_scc,adaptive_plugin,0.9479857210235045,0.948170731707317,0.8552188552188552,0.8994019799989948,0.0,1.0532615203263525,0.0,9,2624,
emb_scvi,17,6,gingiva,oropharynx,oral_scc,cell_pooled,0.8383539417357752,0.8401380103507763,0.667910447761194,0.7269318125093596,0.3333333333333333,0.852510608892126,0.14606095457159288,6,1739,
emb_scvi,17,6,gingiva,oropharynx,oral_scc,donor_weighted,0.8372137775521327,0.8389879240943071,0.667910447761194,0.725259571706684,0.3333333333333333,0.8513704447084836,0.1472110408280621,6,1739,
emb_scvi,17,6,gingiva,oropharynx,oral_scc,donor_crc,0.9830174007242386,0.983323749281196,0.9589552238805971,0.9694441671242451,0.0,1.2361448737857736,0.0,6,1739,
emb_scvi,17,6,gingiva,oropharynx,oral_scc,target_only_k,0.9625748681432693,0.9631972397929844,0.9104477611940298,0.9301402685568811,0.0,1.0448668532854233,0.0,6,1739,
emb_scvi,17,6,gingiva,oropharynx,oral_scc,adaptive_crc,0.9694178288505082,0.9700977573317999,0.917910447761194,0.9422328158538411,0.0,1.0783206338151974,0.0,6,1739,1.0
emb_scvi,17,6,gingiva,oropharynx,oral_scc,adaptive_plugin,0.9603470593149351,0.960897067280046,0.9104477611940298,0.9284680277542056,0.0,1.0350862497897946,0.0,6,1739,
emb_scvi,18,3,gingiva,oropharynx,oral_scc,cell_pooled,0.8919142024586745,0.8927419354838709,0.7306397306397306,0.8422318422318422,0.1111111111111111,0.9575305154291522,0.03951612903225806,9,2480,
emb_scvi,18,3,gingiva,oropharynx,oral_scc,donor_weighted,0.8896640944936149,0.8903225806451613,0.7239057239057239,0.8408850408850409,0.1111111111111111,0.9530226828342206,0.04435483870967742,9,2480,
emb_scvi,18,3,gingiva,oropharynx,oral_scc,donor_crc,0.9796351980944742,0.980241935483871,0.9595959595959596,0.965945165945166,0.0,1.9694615050081556,0.0,9,2480,
emb_scvi,18,3,gingiva,oropharynx,oral_scc,target_only_k,0.937284710675687,0.9375,0.8451178451178452,0.911880711880712,0.0,1.091486367798933,0.0,9,2480,
emb_scvi,18,3,gingiva,oropharynx,oral_scc,adaptive_crc,0.9418047718978797,0.9419354838709677,0.8619528619528619,0.9204425204425204,0.0,1.1318449975607188,0.0,9,2480,0.5
emb_scvi,18,3,gingiva,oropharynx,oral_scc,adaptive_plugin,0.9349773957785595,0.9350806451612903,0.8383838383838383,0.9105339105339105,0.0,1.0814231478283232,0.0,9,2480,
emb_scvi,18,6,gingiva,oropharynx,oral_scc,cell_pooled,0.8702140014900938,0.8698630136986302,0.7306397306397306,0.8003848003848004,0.16666666666666666,0.9476900642649344,0.048567870485678705,6,1606,
emb_scvi,18,6,gingiva,oropharynx,oral_scc,donor_weighted,0.8679574077751667,0.8673723536737236,0.7239057239057239,0.797017797017797,0.16666666666666666,0.9431963088925558,0.053549190535491904,6,1606,
emb_scvi,18,6,gingiva,oropharynx,oral_scc,donor_crc,0.9745789253527736,0.975093399750934,0.9595959595959596,0.9635642135642135,0.0,1.9653098601132888,0.0,6,1606,
emb_scvi,18,6,gingiva,oropharynx,oral_scc,target_only_k,0.8911237205864612,0.8910336239103362,0.7710437710437711,0.8303270803270804,0.16666666666666666,0.9977397015643285,0.0043586550435865505,6,1606,
emb_scvi,18,6,gingiva,oropharynx,oral_scc,adaptive_crc,0.9068025975834759,0.9059775840597758,0.8013468013468014,0.8521659379868336,0.0,1.0376382710561003,0.0,6,1606,0.25
emb_scvi,18,6,gingiva,oropharynx,oral_scc,adaptive_plugin,0.8911237205864612,0.8910336239103362,0.7710437710437711,0.8303270803270804,0.16666666666666666,0.9977397015643285,0.0043586550435865505,6,1606,
emb_scvi,19,3,gingiva,oropharynx,oral_scc,cell_pooled,0.8090956440812368,0.8085531574740208,0.56,0.6722693602693603,0.3333333333333333,0.8310035158385616,0.16866506794564348,9,2502,
emb_scvi,19,3,gingiva,oropharynx,oral_scc,donor_weighted,0.8087252737108663,0.8081534772182254,0.5566666666666666,0.6716026936026936,0.3333333333333333,0.8306331454681911,0.16906474820143885,9,2502,
emb_scvi,19,3,gingiva,oropharynx,oral_scc,donor_crc,0.9635919422265287,0.9640287769784173,0.9233333333333333,0.9442626262626262,0.0,1.2583197909026709,0.0,9,2502,
emb_scvi,19,3,gingiva,oropharynx,oral_scc,target_only_k,0.8462902538693957,0.8473221422861711,0.6366666666666667,0.7495555555555555,0.2222222222222222,0.8842821159484734,0.11430855315747403,9,2502,
emb_scvi,19,3,gingiva,oropharynx,oral_scc,adaptive_crc,0.8496907081482266,0.8509192645883293,0.6466666666666666,0.7542491582491583,0.2222222222222222,0.891495911868064,0.10671462829736211,9,2502,0.5
emb_scvi,19,3,gingiva,oropharynx,oral_scc,adaptive_plugin,0.8440309573383843,0.8449240607513989,0.6366666666666667,0.7495555555555555,0.2222222222222222,0.881266646577956,0.11750599520383694,9,2502,
emb_scvi,19,6,gingiva,oropharynx,oral_scc,cell_pooled,0.8004457262322808,0.7992588017294626,0.56,0.6661940298507463,0.3333333333333333,0.8259829362891961,0.17356392835083384,6,1619,
emb_scvi,19,6,gingiva,oropharynx,oral_scc,donor_weighted,0.7998901706767252,0.7986411365040148,0.5566666666666666,0.6645273631840796,0.3333333333333333,0.8254273807336405,0.17418159357628166,6,1619,
emb_scvi,19,6,gingiva,oropharynx,oral_scc,donor_crc,0.9617713364975451,0.9623224212476837,0.9233333333333333,0.938939393939394,0.0,1.276370693743336,0.0,6,1619,
emb_scvi,19,6,gingiva,oropharynx,oral_scc,target_only_k,0.8596037299711372,0.8604076590487956,0.69,0.7703246753246753,0.16666666666666666,0.9110426278365905,0.08709079678814083,6,1619,
emb_scvi,19,6,gingiva,oropharynx,oral_scc,adaptive_crc,0.9092388125124211,0.9098208770846201,0.8,0.8512987012987013,0.0,1.0134643636154463,0.0018529956763434219,6,1619,1.0
emb_scvi,19,6,gingiva,oropharynx,oral_scc,adaptive_plugin,0.8460197151597314,0.8474366893143916,0.6566666666666666,0.7439177489177489,0.16666666666666666,0.8918292653563701,0.10623841877702285,6,1619,
emb_scvi,20,3,gingiva,oropharynx,oral_scc,cell_pooled,0.884865605324652,0.8845423471325484,0.7166666666666667,0.7838738738738739,0.1111111111111111,0.9448056112603942,0.05545005696923661,9,2633,
emb_scvi,20,3,gingiva,oropharynx,oral_scc,donor_weighted,0.8844952349542816,0.8841625522218002,0.7133333333333334,0.7832072072072072,0.1111111111111111,0.9425617132375107,0.05772882643372579,9,2633,
emb_scvi,20,3,gingiva,oropharynx,oral_scc,donor_crc,0.9881635938669979,0.9882263577668059,0.9566666666666667,0.9704378109452736,0.0,2.189424863591694,0.0,9,2633,
emb_scvi,20,3,gingiva,oropharynx,oral_scc,target_only_k,0.934018624261118,0.9339156855298139,0.8633333333333333,0.8699639639639639,0.0,1.057589120354673,0.0,9,2633,
emb_scvi,20,3,gingiva,oropharynx,oral_scc,adaptive_crc,0.9567879627275256,0.9567033801747057,0.9121621621621622,0.9237657657657657,0.0,1.188782726167857,0.0,9,2633,0.5
emb_scvi,20,3,gingiva,oropharynx,oral_scc,adaptive_plugin,0.9290799442625447,0.9289783516900874,0.85,0.8591891891891892,0.0,1.0442257872381981,0.0,9,2633,
emb_scvi,20,6,gingiva,oropharynx,oral_scc,cell_pooled,0.8984952759959266,0.8985590778097983,0.8006756756756757,0.827576643807987,0.0,0.9561420485087867,0.04380403458213256,6,1735,
emb_scvi,20,6,gingiva,oropharynx,oral_scc,donor_weighted,0.8984952759959266,0.8985590778097983,0.8006756756756757,0.827576643807987,0.0,0.9544428681411281,0.04553314121037464,6,1735,
emb_scvi,20,6,gingiva,oropharynx,oral_scc,donor_crc,0.9928195891599302,0.9930835734870317,0.9738805970149254,0.9818727309398951,0.0,2.108637668243618,0.0,6,1735,
emb_scvi,20,6,gingiva,oropharynx,oral_scc,target_only_k,0.9318884027067288,0.9319884726224784,0.8581081081081081,0.8805465913674869,0.0,1.0252953604345942,0.0,6,1735,
emb_scvi,20,6,gingiva,oropharynx,oral_scc,adaptive_crc,0.9371248619759812,0.9371757925072046,0.8682432432432432,0.8893455022186365,0.0,1.0445014379894573,0.0,6,1735,0.25
emb_scvi,20,6,gingiva,oropharynx,oral_scc,adaptive_plugin,0.931309699003025,0.9314121037463977,0.8581081081081081,0.8805465913674869,0.0,1.0229586488790314,0.0,6,1735,
emb_scvi,21,3,gingiva,oropharynx,oral_scc,cell_pooled,0.8152922205982868,0.812946783161239,0.6166666666666667,0.6701346801346801,0.3333333333333333,0.8403731737782009,0.16044479745830023,9,2518,
emb_scvi,21,3,gingiva,oropharynx,oral_scc,donor_weighted,0.8152922205982868,0.812946783161239,0.6166666666666667,0.6701346801346801,0.3333333333333333,0.8403731737782009,0.16044479745830023,9,2518,
emb_scvi,21,3,gingiva,oropharynx,oral_scc,donor_crc,0.958639339144316,0.9586973788721207,0.9459459459459459,0.9460915460915461,0.0,1.2745435022407916,0.0,9,2518,
emb_scvi,21,3,gingiva,oropharynx,oral_scc,target_only_k,0.8875750316731252,0.8856235107227959,0.75,0.7964646464646464,0.1111111111111111,0.9331243806160724,0.06711675933280381,9,2518,
emb_scvi,21,3,gingiva,oropharynx,oral_scc,adaptive_crc,0.9325382823361701,0.931691818903892,0.8851351351351351,0.8908317408317409,0.0,1.028224625727017,0.0015885623510722795,9,2518,1.0
emb_scvi,21,3,gingiva,oropharynx,oral_scc,adaptive_plugin,0.8636921699829815,0.8610007942811755,0.71,0.7426734006734007,0.2222222222222222,0.8995445062718025,0.10166799046862589,9,2518,
emb_scvi,21,6,gingiva,oropharynx,oral_scc,cell_pooled,0.8169557609775001,0.8133086876155268,0.6166666666666667,0.6968468468468468,0.3333333333333333,0.8389207004152656,0.16266173752310537,6,1623,
emb_scvi,21,6,gingiva,oropharynx,oral_scc,donor_weighted,0.8169557609775001,0.8133086876155268,0.6166666666666667,0.6968468468468468,0.3333333333333333,0.8389207004152656,0.16266173752310537,6,1623,
emb_scvi,21,6,gingiva,oropharynx,oral_scc,donor_crc,0.9625379826466783,0.9630314232902033,0.9459459459459459,0.9479729729729729,0.0,1.2887090609373217,0.0,6,1623,
emb_scvi,21,6,gingiva,oropharynx,oral_scc,target_only_k,0.8939401669292973,0.8903265557609366,0.7633333333333333,0.8022747747747747,0.16666666666666666,0.9365617130291044,0.06469500924214418,6,1623,
emb_scvi,21,6,gingiva,oropharynx,oral_scc,adaptive_crc,0.922367656579613,0.9205175600739371,0.8533333333333334,0.8624774774774775,0.0,1.005027408614365,0.005545286506469501,6,1623,1.0
emb_scvi,21,6,gingiva,oropharynx,oral_scc,adaptive_plugin,0.8878755522777263,0.884781269254467,0.75,0.7939189189189189,0.16666666666666666,0.9293553316107664,0.07147258163894023,6,1623,
emb_scvi,22,3,gingiva,oropharynx,oral_scc,cell_pooled,0.866514563299869,0.8656835392586688,0.6766666666666666,0.7629427609427609,0.2222222222222222,0.9215465285698191,0.07732164208848147,9,2509,
emb_scvi,22,3,gingiva,oropharynx,oral_scc,donor_weighted,0.8661441929294986,0.8652849740932642,0.6733333333333333,0.7622760942760942,0.2222222222222222,0.9196781642110334,0.07931446791550419,9,2509,
emb_scvi,22,3,gingiva,oropharynx,oral_scc,donor_crc,0.9754144889024933,0.9756875249103228,0.9366666666666666,0.9613593073593074,0.0,1.5651988561231858,0.0,9,2509,
emb_scvi,22,3,gingiva,oropharynx,oral_scc,target_only_k,0.8784314960610636,0.8776404942208051,0.7066666666666667,0.7904915824915825,0.1111111111111111,0.9398066540644455,0.05898764447987246,9,2509,
emb_scvi,22,3,gingiva,oropharynx,oral_scc,adaptive_crc,0.8977679574944868,0.8967716221602232,0.7633333333333333,0.8233737373737373,0.1111111111111111,0.9781014724248352,0.021123953766440814,9,2509,0.25
emb_scvi,22,3,gingiva,oropharynx,oral_scc,adaptive_plugin,0.8728384703188954,0.871662016739737,0.69,0.7763838383838384,0.2222222222222222,0.9293544027775107,0.06974890394579514,9,2509,
emb_scvi,22,6,gingiva,oropharynx,oral_scc,cell_pooled,0.8638998934528518,0.862789384528515,0.6766666666666666,0.7305892255892256,0.3333333333333333,0.921660879070815,0.07905138339920949,6,1771,
emb_scvi,22,6,gingiva,oropharynx,oral_scc,donor_weighted,0.8633443378972964,0.8622247317899492,0.6733333333333333,0.728922558922559,0.3333333333333333,0.9188583325326363,0.0818746470920384,6,1771,
emb_scvi,22,6,gingiva,oropharynx,oral_scc,donor_crc,0.9753523080843146,0.9751552795031055,0.9366666666666666,0.9531818181818181,0.0,1.5891055411170356,0.0,6,1771,
emb_scvi,22,6,gingiva,oropharynx,oral_scc,target_only_k,0.8885336009929082,0.8876341050254094,0.74,0.7858249158249158,0.16666666666666666,0.9642014097741938,0.03613777526821005,6,1771,
emb_scvi,22,6,gingiva,oropharynx,oral_scc,adaptive_crc,0.8963566734464674,0.8955392433653303,0.7633333333333333,0.8008585858585858,0.16666666666666666,0.9798550494650934,0.020327498588368152,6,1771,0.25
emb_scvi,22,6,gingiva,oropharynx,oral_scc,adaptive_plugin,0.8879780454373526,0.8870694522868436,0.7366666666666667,0.7841582491582492,0.16666666666666666,0.9630902986630826,0.037267080745341616,6,1771,
emb_scvi,23,3,gingiva,oropharynx,oral_scc,cell_pooled,0.8263070641971363,0.828825191764231,0.7104377104377104,0.7474929474929475,0.5555555555555556,0.8380430827011264,0.15946709729511505,9,2477,
emb_scvi,23,3,gingiva,oropharynx,oral_scc,donor_weighted,0.8259329527119137,0.8284214775938635,0.7070707070707071,0.7468195468195469,0.5555555555555556,0.8376689712159038,0.15987081146548243,9,2477,
emb_scvi,23,3,gingiva,oropharynx,oral_scc,donor_crc,0.9593084758197504,0.9600322971336294,0.9393939393939394,0.9411255411255411,0.0,1.1539071364826794,0.0,9,2477,
emb_scvi,23,3,gingiva,oropharynx,oral_scc,target_only_k,0.9285349398332315,0.9297537343560759,0.8888888888888888,0.893993993993994,0.0,0.9909986490032145,0.008477997577714978,9,2477,
emb_scvi,23,3,gingiva,oropharynx,oral_scc,adaptive_crc,0.9418966261621856,0.942672587807832,0.9155405405405406,0.9157680407680409,0.0,1.0294695566154914,0.0,9,2477,1.0
emb_scvi,23,3,gingiva,oropharynx,oral_scc,adaptive_plugin,0.9194923891133635,0.9208720226079935,0.8619528619528619,0.8777959777959778,0.0,0.9705640222668035,0.028259991925716592,9,2477,
emb_scvi,23,6,gingiva,oropharynx,oral_scc,cell_pooled,0.8412969676723057,0.8470661672908864,0.7567567567567568,0.767988767988768,0.5,0.8521088159708814,0.14232209737827714,6,1602,
emb_scvi,23,6,gingiva,oropharynx,oral_scc,donor_weighted,0.8412969676723057,0.8470661672908864,0.7567567567567568,0.767988767988768,0.5,0.8521088159708814,0.14232209737827714,6,1602,
emb_scvi,23,6,gingiva,oropharynx,oral_scc,donor_crc,0.9623260162955144,0.9637952559300874,0.9415584415584416,0.945441382941383,0.0,1.1506379793863517,0.0,6,1602,
emb_scvi,23,6,gingiva,oropharynx,oral_scc,target_only_k,0.929834051317323,0.9325842696629213,0.8885135135135135,0.8923087048087048,0.0,0.9801743814685816,0.018102372034956304,6,1602,
emb_scvi,23,6,gingiva,oropharynx,oral_scc,adaptive_crc,0.9398962758443877,0.9413233458177278,0.9054054054054054,0.9137416637416638,0.0,1.0061572131966803,0.0006242197253433209,6,1602,1.0
emb_scvi,23,6,gingiva,oropharynx,oral_scc,adaptive_plugin,0.9229008746826537,0.9257178526841449,0.875,0.8823051948051948,0.0,0.9676657982760858,0.0299625468164794,6,1602,
emb_scvi,24,3,gingiva,oropharynx,oral_scc,cell_pooled,0.8216793030859015,0.8217022993142397,0.5733333333333334,0.7227747747747748,0.3333333333333333,0.8439470503834545,0.1553045582896329,9,2479,
emb_scvi,24,3,gingiva,oropharynx,oral_scc,donor_weighted,0.8212935006167656,0.8212989108511497,0.5733333333333334,0.7227747747747748,0.3333333333333333,0.8435612479143186,0.15570794675272287,9,2479,
emb_scvi,24,3,gingiva,oropharynx,oral_scc,donor_crc,0.9714668370903541,0.9717628075837031,0.93,0.9548311688311688,0.0,1.205537150007607,0.0,9,2479,
emb_scvi,24,3,gingiva,oropharynx,oral_scc,target_only_k,0.8874620122482263,0.8870512303348125,0.7133333333333334,0.8156396396396397,0.1111111111111111,0.9233471151489869,0.07704719645018153,9,2479,
emb_scvi,24,3,gingiva,oropharynx,oral_scc,adaptive_crc,0.9371838957685649,0.9374747882210569,0.8533333333333334,0.8976936936936937,0.0,1.0062617572875374,0.002016942315449778,9,2479,1.0
emb_scvi,24,3,gingiva,oropharynx,oral_scc,adaptive_plugin,0.8758533399881316,0.8761597418313837,0.69,0.7947567567567567,0.1111111111111111,0.9109799257510649,0.08874546187979024,9,2479,
emb_scvi,24,6,gingiva,oropharynx,oral_scc,cell_pooled,0.8384286005384981,0.8389879240943071,0.7601351351351351,0.773724283985478,0.3333333333333333,0.8596657193203255,0.1397354801610121,6,1739,
emb_scvi,24,6,gingiva,oropharynx,oral_scc,donor_weighted,0.8378498968347944,0.8384128809660725,0.7601351351351351,0.773724283985478,0.3333333333333333,0.8590870156166218,0.1403105232892467,6,1739,
emb_scvi,24,6,gingiva,oropharynx,oral_scc,donor_crc,0.9753604287957041,0.9752731454859115,0.9697986577181208,0.9698491616349801,0.0,1.179567241272927,0.0,6,1739,
emb_scvi,24,6,gingiva,oropharynx,oral_scc,target_only_k,0.9181280208233357,0.9183438757906843,0.875,0.8852611940298507,0.0,0.9628717090549032,0.03680276020701553,6,1739,
emb_scvi,24,6,gingiva,oropharynx,oral_scc,adaptive_crc,0.9396408464917306,0.9396204715353651,0.902027027027027,0.9174314239612746,0.0,0.9983517764826587,0.002875215641173088,6,1739,1.0
emb_scvi,24,6,gingiva,oropharynx,oral_scc,adaptive_plugin,0.9129268069904536,0.9131684876365728,0.8648648648648649,0.8764622831787011,0.0,0.9548702577777805,0.044853364002300174,6,1739,
emb_scvi,25,3,gingiva,oropharynx,oral_scc,cell_pooled,0.8478782985692745,0.8511665325824618,0.7239057239057239,0.7477662194080105,0.4444444444444444,0.8666064287227591,0.12952534191472245,9,2486,
emb_scvi,25,3,gingiva,oropharynx,oral_scc,donor_weighted,0.8475029231938992,0.8507642799678198,0.7239057239057239,0.7477662194080105,0.4444444444444444,0.8662310533473836,0.12992759452936445,9,2486,
emb_scvi,25,3,gingiva,oropharynx,oral_scc,donor_crc,0.9747294487247902,0.9754625905068383,0.9594594594594594,0.9607230607230607,0.0,1.3211604348539374,0.0,9,2486,
emb_scvi,25,3,gingiva,oropharynx,oral_scc,target_only_k,0.9459287854084274,0.9460981496379727,0.9087837837837838,0.9117230867230867,0.0,1.0638023724966044,0.0,9,2486,
emb_scvi,25,3,gingiva,oropharynx,oral_scc,adaptive_crc,0.9540105116402812,0.9541432019308126,0.918918918918919,0.9272181272181272,0.0,1.1109548480756286,0.0,9,2486,1.0
emb_scvi,25,3,gingiva,oropharynx,oral_scc,adaptive_plugin,0.9373648434719883,0.9376508447304908,0.8986486486486487,0.8989216489216489,0.0,1.0308720055474827,0.0,9,2486,
emb_scvi,25,6,gingiva,oropharynx,oral_scc,cell_pooled,0.8396521575636217,0.8439450686641697,0.7239057239057239,0.738818533594653,0.5,0.855841199640695,0.13920099875156056,6,1602,
emb_scvi,25,6,gingiva,oropharynx,oral_scc,donor_weighted,0.8396521575636217,0.8439450686641697,0.7239057239057239,0.738818533594653,0.5,0.855841199640695,0.13920099875156056,6,1602,
emb_scvi,25,6,gingiva,oropharynx,oral_scc,donor_crc,0.9756564853994978,0.9769038701622972,0.961038961038961,0.9636844636844637,0.0,1.350790952581206,0.0,6,1602,
emb_scvi,25,6,gingiva,oropharynx,oral_scc,target_only_k,0.9375850723932317,0.9382022471910112,0.8922558922558923,0.8938891401577969,0.0,1.0206365900820022,0.0012484394506866417,6,1602,
emb_scvi,25,6,gingiva,oropharynx,oral_scc,adaptive_crc,0.9476639052913285,0.9488139825218477,0.9090909090909091,0.9190976933514247,0.0,1.0570366943942966,0.0,6,1602,1.0
emb_scvi,25,6,gingiva,oropharynx,oral_scc,adaptive_plugin,0.9298358612277419,0.931960049937578,0.8855218855218855,0.8886564651490024,0.0,1.003392072232652,0.003745318352059925,6,1602,
emb_scvi,26,3,gingiva,oropharynx,oral_scc,cell_pooled,0.7702527072311534,0.7705314009661836,0.5488215488215489,0.6381225187195336,0.5555555555555556,0.7957606937738801,0.2028985507246377,9,2484,
emb_scvi,26,3,gingiva,oropharynx,oral_scc,donor_weighted,0.7683036961944709,0.7685185185185185,0.5454545454545454,0.6314789687924016,0.5555555555555556,0.7938116827371979,0.20491143317230273,9,2484,
emb_scvi,26,3,gingiva,oropharynx,oral_scc,donor_crc,0.9667642656321538,0.96658615136876,0.9225589225589226,0.9493766493766493,0.0,1.3136923060444465,0.0,9,2484,
emb_scvi,26,3,gingiva,oropharynx,oral_scc,target_only_k,0.9252485695373386,0.9251207729468599,0.8181818181818182,0.8744471744471745,0.0,1.039094643759364,0.0,9,2484,
emb_scvi,26,3,gingiva,oropharynx,oral_scc,adaptive_crc,0.9405796438509147,0.9404186795491143,0.8518518518518519,0.8973973973973974,0.0,1.102231754170273,0.0,9,2484,1.0
emb_scvi,26,3,gingiva,oropharynx,oral_scc,adaptive_plugin,0.9100040568346773,0.9098228663446055,0.7912457912457912,0.8555464555464555,0.1111111111111111,0.9969165918716598,0.006843800322061192,9,2484,
emb_scvi,26,6,gingiva,oropharynx,oral_scc,cell_pooled,0.7439676276106949,0.741421568627451,0.5488215488215489,0.6156269906269907,0.6666666666666666,0.7714738225905671,0.22916666666666666,6,1632,
emb_scvi,26,6,gingiva,oropharynx,oral_scc,donor_weighted,0.74284717626653,0.7401960784313726,0.5454545454545454,0.6139434889434889,0.6666666666666666,0.7703533712464021,0.23039215686274508,6,1632,
emb_scvi,26,6,gingiva,oropharynx,oral_scc,donor_crc,0.9619581450841785,0.9613970588235294,0.9225589225589226,0.9393200018200019,0.0,1.3444768349583665,0.0,6,1632,
emb_scvi,26,6,gingiva,oropharynx,oral_scc,target_only_k,0.8831725270362076,0.8823529411764706,0.7744107744107744,0.814570252070252,0.16666666666666666,0.9738604693026077,0.024509803921568627,6,1632,
emb_scvi,26,6,gingiva,oropharynx,oral_scc,adaptive_crc,0.9038400297154311,0.9025735294117647,0.8080808080808081,0.8449187824187825,0.0,1.0241266358937913,0.0012254901960784314,6,1632,1.0
emb_scvi,26,6,gingiva,oropharynx,oral_scc,adaptive_plugin,0.8692221591030681,0.8688725490196079,0.7575757575757576,0.7977067977067978,0.16666666666666666,0.9493061236568677,0.04840686274509804,6,1632,
emb_scvi,27,3,gingiva,oropharynx,oral_scc,cell_pooled,0.7955652774253701,0.7925211097708083,0.55,0.6056228956228956,0.4444444444444444,0.835310092092372,0.1652593486127865,9,2487,
emb_scvi,27,3,gingiva,oropharynx,oral_scc,donor_weighted,0.7932421549034652,0.7901085645355851,0.55,0.6002356902356902,0.4444444444444444,0.8329869695704671,0.16767189384800965,9,2487,
emb_scvi,27,3,gingiva,oropharynx,oral_scc,donor_crc,0.9605508095757771,0.9597909127462807,0.9191919191919192,0.9411717171717172,0.0,1.387190961435566,0.0,9,2487,
emb_scvi,27,3,gingiva,oropharynx,oral_scc,target_only_k,0.8561271997832205,0.8528347406513872,0.6902356902356902,0.6927138047138047,0.2222222222222222,0.9126566924966705,0.08805790108564536,9,2487,
emb_scvi,27,3,gingiva,oropharynx,oral_scc,adaptive_crc,0.914443596701435,0.9119420989143546,0.8181818181818182,0.8463030303030303,0.0,1.0150472331523173,0.0004020908725371934,9,2487,1.0
emb_scvi,27,3,gingiva,oropharynx,oral_scc,adaptive_plugin,0.8471630110471696,0.8443908323281062,0.6666666666666666,0.6774410774410774,0.2222222222222222,0.9007238063474775,0.09931644551668677,9,2487,
emb_scvi,27,6,gingiva,oropharynx,oral_scc,cell_pooled,0.7391997749429341,0.7292576419213974,0.55,0.5847643097643098,0.6666666666666666,0.7860019335579037,0.2195882719900187,6,1603,
emb_scvi,27,6,gingiva,oropharynx,oral_scc,donor_weighted,0.7368336593927389,0.7267623206487835,0.55,0.5813973063973064,0.6666666666666666,0.7836358180077085,0.22208359326263255,6,1603,
emb_scvi,27,6,gingiva,oropharynx,oral_scc,donor_crc,0.954759845981861,0.9532127261384903,0.9191919191919192,0.9329292929292929,0.0,1.4844084390974939,0.0,6,1603,
emb_scvi,27,6,gingiva,oropharynx,oral_scc,target_only_k,0.7717175273984975,0.7616968184653774,0.5966666666666667,0.6266161616161616,0.5,0.8242059022500565,0.18091079226450404,6,1603,
emb_scvi,27,6,gingiva,oropharynx,oral_scc,adaptive_crc,0.784876228800358,0.7754210854647536,0.6066666666666667,0.6383501683501683,0.3333333333333333,0.8412928500801634,0.16281971303805365,6,1603,0.25
emb_scvi,27,6,gingiva,oropharynx,oral_scc,adaptive_plugin,0.7711388236947938,0.7610729881472239,0.5966666666666667,0.6266161616161616,0.5,0.8230641354832898,0.18215845290081098,6,1603,
emb_scvi,28,3,gingiva,oropharynx,oral_scc,cell_pooled,0.8075696643092607,0.8093699515347335,0.6060606060606061,0.7062867480777929,0.4444444444444444,0.846783690352201,0.14903069466882068,9,2476,
emb_scvi,28,3,gingiva,oropharynx,oral_scc,donor_weighted,0.8075696643092607,0.8093699515347335,0.6060606060606061,0.7062867480777929,0.4444444444444444,0.846783690352201,0.14903069466882068,9,2476,
emb_scvi,28,3,gingiva,oropharynx,oral_scc,donor_crc,0.9602591332547856,0.9596122778675282,0.8821548821548821,0.9250796250796252,0.0,1.3880366114140725,0.0,9,2476,
emb_scvi,28,3,gingiva,oropharynx,oral_scc,target_only_k,0.9102688753989584,0.909935379644588,0.7878787878787878,0.8386568386568386,0.1111111111111111,1.0108730522086653,0.0008077544426494346,9,2476,
emb_scvi,28,3,gingiva,oropharynx,oral_scc,adaptive_crc,0.9375261811288778,0.9365912762520194,0.835016835016835,0.875111475111475,0.0,1.1158786827653142,0.0,9,2476,1.0
emb_scvi,28,3,gingiva,oropharynx,oral_scc,adaptive_plugin,0.9001157558845893,0.9006462035541195,0.7609427609427609,0.8278642278642279,0.1111111111111111,0.9872136261495699,0.011308562197092083,9,2476,
emb_scvi,28,6,gingiva,oropharynx,oral_scc,cell_pooled,0.8170983902512631,0.8170237405906196,0.6060606060606061,0.6687019448213478,0.3333333333333333,0.8568204808688992,0.14302258251302838,6,1727,
emb_scvi,28,6,gingiva,oropharynx,oral_scc,donor_weighted,0.8170983902512631,0.8170237405906196,0.6060606060606061,0.6687019448213478,0.3333333333333333,0.8568204808688992,0.14302258251302838,6,1727,
emb_scvi,28,6,gingiva,oropharynx,oral_scc,donor_crc,0.9592852214960915,0.9588882455124493,0.8821548821548821,0.9224207246595306,0.0,1.3552205000693005,0.0,6,1727,
emb_scvi,28,6,gingiva,oropharynx,oral_scc,target_only_k,0.9159204614416728,0.9154603358425014,0.7878787878787878,0.8454319312528268,0.16666666666666666,1.0131015274350323,0.0005790387955993051,6,1727,
emb_scvi,28,6,gingiva,oropharynx,oral_scc,adaptive_crc,0.9292166933271538,0.9287782281412854,0.8148148148148148,0.8682283029297955,0.0,1.0477417629465442,0.0,6,1727,1.0
emb_scvi,28,6,gingiva,oropharynx,oral_scc,adaptive_plugin,0.9107214189206198,0.9102489866821077,0.7710437710437711,0.8332830795517363,0.16666666666666666,0.9971338273698839,0.003474232773595831,6,1727,
emb_scvi,29,3,gingiva,oropharynx,oral_scc,cell_pooled,0.8753073405749182,0.8746978243352136,0.73,0.7547542087542087,0.2222222222222222,0.9313732356768146,0.06728444802578566,9,2482,
emb_scvi,29,3,gingiva,oropharynx,oral_scc,donor_weighted,0.8723369621878732,0.8718775181305399,0.7233333333333334,0.7453400673400674,0.2222222222222222,0.9276813565682688,0.07050765511684126,9,2482,
emb_scvi,29,3,gingiva,oropharynx,oral_scc,donor_crc,0.9788861730258849,0.9794520547945206,0.9675324675324676,0.9692640692640693,0.0,2.0564497926253678,0.0,9,2482,
emb_scvi,29,3,gingiva,oropharynx,oral_scc,target_only_k,0.9044014966055687,0.9024979854955681,0.7833333333333333,0.8058249158249158,0.1111111111111111,0.9809018400567994,0.01893634165995165,9,2482,
emb_scvi,29,3,gingiva,oropharynx,oral_scc,adaptive_crc,0.925063841402976,0.9238517324738115,0.8383838383838383,0.8476767676767677,0.0,1.0394341957278401,0.0,9,2482,0.25
emb_scvi,29,3,gingiva,oropharynx,oral_scc,adaptive_plugin,0.8960705285375321,0.8944399677679291,0.76,0.7903838383838384,0.2222222222222222,0.963581828003243,0.03585817888799355,9,2482,
emb_scvi,29,6,gingiva,oropharynx,oral_scc,cell_pooled,0.8828613553029516,0.8827586206896552,0.73,0.7903731343283582,0.16666666666666666,0.9287495473888239,0.06959247648902821,6,1595,
emb_scvi,29,6,gingiva,oropharynx,oral_scc,donor_weighted,0.8800892894058858,0.8802507836990595,0.7233333333333334,0.7870398009950249,0.16666666666666666,0.9248952304095069,0.07272727272727272,6,1595,
emb_scvi,29,6,gingiva,oropharynx,oral_scc,donor_crc,0.9812916419839685,0.9824451410658307,0.9675324675324676,0.9687662337662337,0.0,2.0524909743980153,0.0,6,1595,
emb_scvi,29,6,gingiva,oropharynx,oral_scc,target_only_k,0.9262861721731775,0.9247648902821317,0.8266666666666667,0.859228855721393,0.0,1.0184467341398717,0.0012539184952978057,6,1595,
emb_scvi,29,6,gingiva,oropharynx,oral_scc,adaptive_crc,0.9343210610711421,0.9335423197492163,0.85,0.8764925373134329,0.0,1.0416364903873017,0.0,6,1595,0.25
emb_scvi,29,6,gingiva,oropharynx,oral_scc,adaptive_plugin,0.9218167215352485,0.9197492163009404,0.8066666666666666,0.849228855721393,0.0,1.0051266273143302,0.00438871473354232,6,1595,
