embedding,rep,k,reference,calibration,target,method,donor_mean_coverage,cell_pooled_coverage,donor_min_coverage,donor_q10_coverage,frac_donors_poorly_covered,mean_set_size,frac_empty_sets,n_donors,n_cells,omega
emb_tf-sapiens,0,3,gingiva,oral_normal_multisite,oral_scc,cell_pooled,0.961474414707525,0.9672785315243416,0.8902439024390244,0.9061924930626551,0.0,1.0048006771801394,0.0,9,1253,
emb_tf-sapiens,0,3,gingiva,oral_normal_multisite,oral_scc,donor_weighted,0.9674947501705172,0.9720670391061452,0.9024390243902439,0.9182123557762524,0.0,1.0176579552697416,0.0,9,1253,
emb_tf-sapiens,0,3,gingiva,oral_normal_multisite,oral_scc,donor_crc,0.9918207423413509,0.9936153232242618,0.9743589743589743,0.9753595997498437,0.0,1.7740527973698212,0.0,9,1253,
emb_tf-sapiens,0,3,gingiva,oral_normal_multisite,oral_scc,target_only_k,0.9057430068035658,0.9209896249002394,0.8263473053892215,0.8286840952241857,0.0,0.9174358577741835,0.06943335993615324,9,1253,
emb_tf-sapiens,0,3,gingiva,oral_normal_multisite,oral_scc,adaptive_crc,0.9769813034154124,0.9800478850758181,0.926829268292683,0.9374616620417701,0.0,1.0413825580915934,0.0,9,1253,0.25
emb_tf-sapiens,0,3,gingiva,oral_normal_multisite,oral_scc,adaptive_plugin,0.9259735126178098,0.9377494014365523,0.8414634146341463,0.8485322038849131,0.0,0.9403520491279177,0.05027932960893855,9,1253,
emb_tf-sapiens,0,6,gingiva,oral_normal_multisite,oral_scc,cell_pooled,0.9692099158798734,0.9795180722891567,0.8902439024390244,0.9327762722071665,0.0,1.001054852320675,0.0,6,830,
emb_tf-sapiens,0,6,gingiva,oral_normal_multisite,oral_scc,donor_weighted,0.9753080815023147,0.983132530120482,0.9024390243902439,0.9412857373606849,0.0,1.0132756717622475,0.0,6,830,
emb_tf-sapiens,0,6,gingiva,oral_normal_multisite,oral_scc,donor_crc,0.9959349593495935,0.9975903614457832,0.975609756097561,0.9878048780487805,0.0,1.7772208683425388,0.0,6,830,
emb_tf-sapiens,0,6,gingiva,oral_normal_multisite,oral_scc,target_only_k,0.9264164029936909,0.9481927710843373,0.8292682926829268,0.8604172788715838,0.0,0.9357518336120503,0.04457831325301205,6,830,
emb_tf-sapiens,0,6,gingiva,oral_normal_multisite,oral_scc,adaptive_crc,0.9793982149962424,0.9855421686746988,0.9146341463414634,0.9473832983362946,0.0,1.0265751511196808,0.0,6,830,0.25
emb_tf-sapiens,0,6,gingiva,oral_normal_multisite,oral_scc,adaptive_plugin,0.9413040112892958,0.9590361445783132,0.8414634146341463,0.8845871290038201,0.0,0.9526719622328584,0.03253012048192771,6,830,
emb_tf-sapiens,1,3,gingiva,oral_normal_multisite,oral_scc,cell_pooled,0.9748344770405778,0.9811056682995102,0.9295774647887324,0.9428017205026566,0.0,1.0337062411022733,0.0,9,1429,
emb_tf-sapiens,1,3,gingiva,oral_normal_multisite,oral_scc,donor_weighted,0.9741691410459004,0.980405878236529,0.9295774647887324,0.93801130134098,0.0,1.033040905107596,0.0,9,1429,
emb_tf-sapiens,1,3,gingiva,oral_normal_multisite,oral_scc,donor_crc,0.9871530597824033,0.9923023093072079,0.9436619718309859,0.9682195738533766,0.0,1.895745993287541,0.0,9,1429,
emb_tf-sapiens,1,3,gingiva,oral_normal_multisite,oral_scc,target_only_k,0.946592694506816,0.9566130160951715,0.8802395209580839,0.8971746647549971,0.0,0.9685548863008536,0.02799160251924423,9,1429,
emb_tf-sapiens,1,3,gingiva,oral_normal_multisite,oral_scc,adaptive_crc,0.9795739250780416,0.9853044086773968,0.9295774647887324,0.95238255882601,0.0,1.0585277878289778,0.0,9,1429,0.25
emb_tf-sapiens,1,3,gingiva,oral_normal_multisite,oral_scc,adaptive_plugin,0.9545452534545164,0.9636109167249826,0.9014084507042254,0.9036349835540187,0.0,0.9826885800226726,0.01609517144856543,9,1429,
emb_tf-sapiens,1,6,gingiva,oral_normal_multisite,oral_scc,cell_pooled,0.9729058877603026,0.9808153477218226,0.9295774647887324,0.945557963163597,0.0,1.030717049091473,0.0,6,834,
emb_tf-sapiens,1,6,gingiva,oral_normal_multisite,oral_scc,donor_weighted,0.9729058877603026,0.9808153477218226,0.9295774647887324,0.945557963163597,0.0,1.030717049091473,0.0,6,834,
emb_tf-sapiens,1,6,gingiva,oral_normal_multisite,oral_scc,donor_crc,0.9833428816082542,0.9904076738609112,0.9436619718309859,0.9590104730949801,0.0,1.8016585133224101,0.0,6,834,
emb_tf-sapiens,1,6,gingiva,oral_normal_multisite,oral_scc,target_only_k,0.9367942756084969,0.9520383693045563,0.8717948717948718,0.8866016612495486,0.0,0.9569025646000001,0.03597122302158273,6,834,
emb_tf-sapiens,1,6,gingiva,oral_normal_multisite,oral_scc,adaptive_crc,0.9758822996957145,0.9844124700239808,0.9295774647887324,0.945557963163597,0.0,1.0439373199925401,0.0,6,834,0.25
emb_tf-sapiens,1,6,gingiva,oral_normal_multisite,oral_scc,adaptive_plugin,0.9509638390443748,0.9640287769784173,0.9014084507042254,0.9122426868905742,0.0,0.9761852921080422,0.019184652278177457,6,834,
emb_tf-sapiens,2,3,gingiva,oral_normal_multisite,oral_scc,cell_pooled,0.9963863336232381,0.9972727272727273,0.9859154929577465,0.9869266883351391,0.0,1.745699044604524,0.0,9,1100,
emb_tf-sapiens,2,3,gingiva,oral_normal_multisite,oral_scc,donor_weighted,0.9963863336232381,0.9972727272727273,0.9859154929577465,0.9869266883351391,0.0,1.7065638681524162,0.0,9,1100,
emb_tf-sapiens,2,3,gingiva,oral_normal_multisite,oral_scc,donor_crc,1.0,1.0,1.0,1.0,0.0,2.6002714899603667,0.0,9,1100,
emb_tf-sapiens,2,3,gingiva,oral_normal_multisite,oral_scc,target_only_k,0.8158143573064778,0.8390909090909091,0.7108433734939759,0.7372906259183074,0.5555555555555556,0.8228728746525539,0.15545454545454546,9,1100,
emb_tf-sapiens,2,3,gingiva,oral_normal_multisite,oral_scc,adaptive_crc,0.9979512788501553,0.9981818181818182,0.9871794871794872,0.9929415154134256,0.0,1.8256247877930223,0.0,9,1100,0.25
emb_tf-sapiens,2,3,gingiva,oral_normal_multisite,oral_scc,adaptive_plugin,0.9119750719084679,0.9245454545454546,0.8461538461538461,0.8678223185265438,0.0,0.925304972663652,0.06454545454545454,9,1100,
emb_tf-sapiens,2,6,gingiva,oral_normal_multisite,oral_scc,cell_pooled,0.9990636704119851,0.998849252013809,0.9943820224719101,0.997191011235955,0.0,1.7051439155254944,0.0,6,869,
emb_tf-sapiens,2,6,gingiva,oral_normal_multisite,oral_scc,donor_weighted,0.9990636704119851,0.998849252013809,0.9943820224719101,0.997191011235955,0.0,1.6637502378060247,0.0,6,869,
emb_tf-sapiens,2,6,gingiva,oral_normal_multisite,oral_scc,donor_crc,1.0,1.0,1.0,1.0,0.0,2.5408794197274034,0.0,6,869,
emb_tf-sapiens,2,6,gingiva,oral_normal_multisite,oral_scc,target_only_k,0.9045773002887043,0.9148446490218642,0.8192771084337349,0.8258062188875261,0.0,0.9135712911420214,0.07710011507479862,6,869,
emb_tf-sapiens,2,6,gingiva,oral_normal_multisite,oral_scc,adaptive_crc,0.9990636704119851,0.998849252013809,0.9943820224719101,0.997191011235955,0.0,1.712765176690512,0.0,6,869,0.25
emb_tf-sapiens,2,6,gingiva,oral_normal_multisite,oral_scc,adaptive_plugin,0.9430222782728576,0.9470655926352128,0.8922155688622755,0.9039391097323426,0.0,0.9528413516344257,0.04372842347525892,6,869,
emb_tf-sapiens,3,3,gingiva,oral_normal_multisite,oral_scc,cell_pooled,0.995581968627844,0.9964106245513281,0.9878048780487805,0.9879224213928886,0.0,1.050661083437251,0.0,9,1393,
emb_tf-sapiens,3,3,gingiva,oral_normal_multisite,oral_scc,donor_weighted,0.995581968627844,0.9964106245513281,0.9878048780487805,0.9879224213928886,0.0,1.042635170330291,0.0,9,1393,
emb_tf-sapiens,3,3,gingiva,oral_normal_multisite,oral_scc,donor_crc,1.0,1.0,1.0,1.0,0.0,2.0854910412277703,0.0,9,1393,
emb_tf-sapiens,3,3,gingiva,oral_normal_multisite,oral_scc,target_only_k,0.9040542833316917,0.9282124910265613,0.7951807228915663,0.812694681163679,0.1111111111111111,0.9060171911427111,0.07035175879396985,9,1393,
emb_tf-sapiens,3,3,gingiva,oral_normal_multisite,oral_scc,adaptive_crc,0.9969369821779794,0.9971284996410624,0.9879518072289156,0.9896695693665752,0.0,1.0680914407830633,0.0,9,1393,0.25
emb_tf-sapiens,3,3,gingiva,oral_normal_multisite,oral_scc,adaptive_plugin,0.9669949990640218,0.9777458722182341,0.9154929577464789,0.9343181037444177,0.0,0.9714130304361775,0.01866475233309404,9,1393,
emb_tf-sapiens,3,6,gingiva,oral_normal_multisite,oral_scc,cell_pooled,0.997055638283471,0.9976019184652278,0.9879518072289156,0.9911669148504129,0.0,1.0540162568873421,0.0,6,834,
emb_tf-sapiens,3,6,gingiva,oral_normal_multisite,oral_scc,donor_weighted,0.997055638283471,0.9976019184652278,0.9879518072289156,0.9911669148504129,0.0,1.0460424278773086,0.0,6,834,
emb_tf-sapiens,3,6,gingiva,oral_normal_multisite,oral_scc,donor_crc,1.0,1.0,1.0,1.0,0.0,2.121968642366781,0.0,6,834,
emb_tf-sapiens,3,6,gingiva,oral_normal_multisite,oral_scc,target_only_k,0.8709088693149543,0.8788968824940048,0.7831325301204819,0.7929747157644663,0.16666666666666666,0.8738532310314833,0.11870503597122302,6,834,
emb_tf-sapiens,3,6,gingiva,oral_normal_multisite,oral_scc,adaptive_crc,0.997055638283471,0.9976019184652278,0.9879518072289156,0.9911669148504129,0.0,1.059357617484457,0.0,6,834,0.25
emb_tf-sapiens,3,6,gingiva,oral_normal_multisite,oral_scc,adaptive_plugin,0.9375542142049614,0.9496402877697842,0.8732394366197183,0.894451043611064,0.0,0.9404985759214904,0.047961630695443645,6,834,
emb_tf-sapiens,4,3,gingiva,oral_normal_multisite,oral_scc,cell_pooled,0.9705905663690706,0.9752321981424149,0.9281437125748503,0.9368482547100919,0.0,1.023357315585524,0.0,9,1292,
emb_tf-sapiens,4,3,gingiva,oral_normal_multisite,oral_scc,donor_weighted,0.9726109159138835,0.9767801857585139,0.9341317365269461,0.9458007062797482,0.0,1.0296739388392904,0.0,9,1292,
emb_tf-sapiens,4,3,gingiva,oral_normal_multisite,oral_scc,donor_crc,0.9955194066715976,0.9961300309597523,0.9871794871794872,0.9876797998749218,0.0,1.8432183349922389,0.0,9,1292,
emb_tf-sapiens,4,3,gingiva,oral_normal_multisite,oral_scc,target_only_k,0.7884384936955589,0.8142414860681114,0.6506024096385542,0.7249922767995057,0.5555555555555556,0.794043681262296,0.18188854489164086,9,1292,
emb_tf-sapiens,4,3,gingiva,oral_normal_multisite,oral_scc,adaptive_crc,0.9792685746928753,0.9829721362229102,0.9487179487179487,0.9507191994996873,0.0,1.0725938568857192,0.0,9,1292,0.25
emb_tf-sapiens,4,3,gingiva,oral_normal_multisite,oral_scc,adaptive_plugin,0.9220263602796983,0.93343653250774,0.8461538461538461,0.8542607093505297,0.0,0.9416809269584007,0.05108359133126935,9,1292,
emb_tf-sapiens,4,6,gingiva,oral_normal_multisite,oral_scc,cell_pooled,0.9792178947688511,0.9850402761795167,0.9390243902439024,0.9574640023508669,0.0,1.0196262856951679,0.0,6,869,
emb_tf-sapiens,4,6,gingiva,oral_normal_multisite,oral_scc,donor_weighted,0.9812504150940543,0.9861910241657077,0.9512195121951219,0.9635615633264767,0.0,1.0251092046077532,0.0,6,869,
emb_tf-sapiens,4,6,gingiva,oral_normal_multisite,oral_scc,donor_crc,0.9973501957241795,0.997698504027618,0.9878048780487805,0.9920505871725385,0.0,1.8634148279814227,0.0,6,869,
emb_tf-sapiens,4,6,gingiva,oral_normal_multisite,oral_scc,target_only_k,0.9207222209391466,0.9344073647871116,0.8536585365853658,0.883619391749473,0.0,0.9317021845528618,0.05753739930955121,6,869,
emb_tf-sapiens,4,6,gingiva,oral_normal_multisite,oral_scc,adaptive_crc,0.9863702321104643,0.9896432681242808,0.9512195121951219,0.9689872395412695,0.0,1.0529402944784882,0.0,6,869,0.25
emb_tf-sapiens,4,6,gingiva,oral_normal_multisite,oral_scc,adaptive_plugin,0.9410433786475444,0.9516685845799769,0.8780487804878049,0.9081601927130383,0.0,0.9540558625864627,0.039125431530494824,6,869,
emb_tf-sapiens,5,3,gingiva,oral_normal_multisite,oral_scc,cell_pooled,0.9781006738615748,0.9845440494590417,0.9390243902439024,0.954002061147372,0.0,1.0223732784457171,0.0,9,1294,
emb_tf-sapiens,5,3,gingiva,oral_normal_multisite,oral_scc,donor_weighted,0.971809631313461,0.9806800618238022,0.9390243902439024,0.9427344555135692,0.0,1.0113410700669954,0.0,9,1294,
emb_tf-sapiens,5,3,gingiva,oral_normal_multisite,oral_scc,donor_crc,0.9980254435699981,0.9984544049459042,0.9871794871794872,0.9934755013962935,0.0,2.054694573135309,0.0,9,1294,
emb_tf-sapiens,5,3,gingiva,oral_normal_multisite,oral_scc,target_only_k,0.8680399054104622,0.901854714064915,0.7590361445783133,0.7715255387748176,0.2222222222222222,0.875251009082247,0.0919629057187017,9,1294,
emb_tf-sapiens,5,3,gingiva,oral_normal_multisite,oral_scc,adaptive_crc,0.9792007838725758,0.9860896445131375,0.9390243902439024,0.954002061147372,0.0,1.043371696127564,0.0,9,1294,0.25
emb_tf-sapiens,5,3,gingiva,oral_normal_multisite,oral_scc,adaptive_plugin,0.8982033609397225,0.9250386398763524,0.8192771084337349,0.8202656780970033,0.0,0.9054144646115074,0.0687789799072643,9,1294,
emb_tf-sapiens,5,6,gingiva,oral_normal_multisite,oral_scc,cell_pooled,0.9787342564116518,0.9868421052631579,0.9390243902439024,0.9483854345585709,0.0,1.029661753435558,0.0,6,836,
emb_tf-sapiens,5,6,gingiva,oral_normal_multisite,oral_scc,donor_weighted,0.9723707743142481,0.9832535885167464,0.9390243902439024,0.9413431810374442,0.0,1.016186522592242,0.0,6,836,
emb_tf-sapiens,5,6,gingiva,oral_normal_multisite,oral_scc,donor_crc,1.0,1.0,1.0,1.0,0.0,2.1314436451710526,0.0,6,836,
emb_tf-sapiens,5,6,gingiva,oral_normal_multisite,oral_scc,target_only_k,0.8675705618398469,0.9055023923444976,0.7831325301204819,0.7859324622433395,0.3333333333333333,0.8736639706062553,0.08971291866028708,6,836,
emb_tf-sapiens,5,6,gingiva,oral_normal_multisite,oral_scc,adaptive_crc,0.9787342564116518,0.9868421052631579,0.9390243902439024,0.9483854345585709,0.0,1.042482518207921,0.0,6,836,0.25
emb_tf-sapiens,5,6,gingiva,oral_normal_multisite,oral_scc,adaptive_plugin,0.9043399043875128,0.9318181818181818,0.8433734939759037,0.8442219582555575,0.0,0.9104333131539213,0.06339712918660287,6,836,
emb_tf-sapiens,6,3,gingiva,oral_normal_multisite,oral_scc,cell_pooled,0.994548477008656,0.9959155888359428,0.971830985915493,0.9890681839380655,0.0,1.2654740107498212,0.0,9,1469,
emb_tf-sapiens,6,3,gingiva,oral_normal_multisite,oral_scc,donor_weighted,0.994548477008656,0.9959155888359428,0.971830985915493,0.9890681839380655,0.0,1.2206721894482129,0.0,9,1469,
emb_tf-sapiens,6,3,gingiva,oral_normal_multisite,oral_scc,donor_crc,1.0,1.0,1.0,1.0,0.0,2.6964541131749966,0.0,9,1469,
emb_tf-sapiens,6,3,gingiva,oral_normal_multisite,oral_scc,target_only_k,0.9591274187073453,0.9686861810755616,0.8873239436619719,0.929272017648057,0.0,0.9705465612425555,0.023825731790333562,9,1469,
emb_tf-sapiens,6,3,gingiva,oral_normal_multisite,oral_scc,adaptive_crc,0.994548477008656,0.9959155888359428,0.971830985915493,0.9890681839380655,0.0,1.2883577044803323,0.0,9,1469,0.25
emb_tf-sapiens,6,3,gingiva,oral_normal_multisite,oral_scc,adaptive_plugin,0.9701683515278879,0.9788972089857045,0.8873239436619719,0.9403786960171626,0.0,0.9925885954437218,0.005445881552076242,9,1469,
emb_tf-sapiens,6,6,gingiva,oral_normal_multisite,oral_scc,cell_pooled,0.9974538807817499,0.9968253968253968,0.9933774834437086,0.9942134941971018,0.0,1.2723122596087892,0.0,6,945,
emb_tf-sapiens,6,6,gingiva,oral_normal_multisite,oral_scc,donor_weighted,0.9974538807817499,0.9968253968253968,0.9933774834437086,0.9942134941971018,0.0,1.2263544024207953,0.0,6,945,
emb_tf-sapiens,6,6,gingiva,oral_normal_multisite,oral_scc,donor_crc,1.0,1.0,1.0,1.0,0.0,2.5431538855259217,0.0,6,945,
emb_tf-sapiens,6,6,gingiva,oral_normal_multisite,oral_scc,target_only_k,0.9486341187366535,0.9544973544973545,0.9072847682119205,0.911473709407165,0.0,0.9545005020019365,0.04021164021164021,6,945,
emb_tf-sapiens,6,6,gingiva,oral_normal_multisite,oral_scc,adaptive_crc,0.9974538807817499,0.9968253968253968,0.9933774834437086,0.9942134941971018,0.0,1.2723122596087892,0.0,6,945,0.25
emb_tf-sapiens,6,6,gingiva,oral_normal_multisite,oral_scc,adaptive_plugin,0.9568361048202885,0.9608465608465608,0.9271523178807947,0.9274315806271443,0.0,0.9627024880855714,0.033862433862433865,6,945,
emb_tf-sapiens,7,3,gingiva,oral_normal_multisite,oral_scc,cell_pooled,0.9669654389474229,0.9757142857142858,0.8902439024390244,0.9370231394621639,0.0,1.023940797208166,0.0,9,1400,
emb_tf-sapiens,7,3,gingiva,oral_normal_multisite,oral_scc,donor_weighted,0.9713354281321254,0.9792857142857143,0.9146341463414634,0.9419011882426517,0.0,1.0370092836320315,0.0,9,1400,
emb_tf-sapiens,7,3,gingiva,oral_normal_multisite,oral_scc,donor_crc,0.9956346876607743,0.9964285714285714,0.9871794871794872,0.9876797998749218,0.0,1.7521785787671114,0.0,9,1400,
emb_tf-sapiens,7,3,gingiva,oral_normal_multisite,oral_scc,target_only_k,0.9180574808584355,0.9371428571428572,0.8414634146341463,0.8452157598499062,0.0,0.9237828866911614,0.05857142857142857,9,1400,
emb_tf-sapiens,7,3,gingiva,oral_normal_multisite,oral_scc,adaptive_crc,0.977396430620358,0.9828571428571429,0.9487179487179487,0.9507191994996873,0.0,1.0511841460574205,0.0,9,1400,0.25
emb_tf-sapiens,7,3,gingiva,oral_normal_multisite,oral_scc,adaptive_plugin,0.9476073280155579,0.9614285714285714,0.8536585365853658,0.8989368355222014,0.0,0.9717902952511521,0.02142857142857143,9,1400,
emb_tf-sapiens,7,6,gingiva,oral_normal_multisite,oral_scc,cell_pooled,0.9656444408458812,0.9770378874856487,0.8902439024390244,0.9194809255784866,0.0,1.0270010372142,0.0,6,871,
emb_tf-sapiens,7,6,gingiva,oral_normal_multisite,oral_scc,donor_weighted,0.9697094814962876,0.9793340987370838,0.9146341463414634,0.9316760475297061,0.0,1.03821841520622,0.0,6,871,
emb_tf-sapiens,7,6,gingiva,oral_normal_multisite,oral_scc,donor_crc,0.9950056450297938,0.9965556831228473,0.9871794871794872,0.9874921826141339,0.0,1.7412886292363468,0.0,6,871,
emb_tf-sapiens,7,6,gingiva,oral_normal_multisite,oral_scc,target_only_k,0.890380959044263,0.9219288174512055,0.8192771084337349,0.8242727005583308,0.0,0.8924134793694662,0.07692307692307693,6,871,
emb_tf-sapiens,7,6,gingiva,oral_normal_multisite,oral_scc,adaptive_crc,0.9737745221466941,0.981630309988519,0.9390243902439024,0.9438711694809255,0.0,1.0471735790152836,0.0,6,871,0.25
emb_tf-sapiens,7,6,gingiva,oral_normal_multisite,oral_scc,adaptive_plugin,0.9266950912021544,0.9494833524684271,0.8536585365853658,0.8627267041901188,0.0,0.942036569978764,0.040183696900114814,6,871,
emb_tf-sapiens,8,3,gingiva,oral_normal_multisite,oral_scc,cell_pooled,0.9777988761939606,0.9835423197492164,0.9436619718309859,0.9497080041222947,0.0,1.0062105038557911,0.0,9,1276,
emb_tf-sapiens,8,3,gingiva,oral_normal_multisite,oral_scc,donor_weighted,0.9833176111263585,0.987460815047022,0.9577464788732394,0.962281003091721,0.0,1.018677151990565,0.0,9,1276,
emb_tf-sapiens,8,3,gingiva,oral_normal_multisite,oral_scc,donor_crc,0.9985754985754985,0.9992163009404389,0.9871794871794872,0.9974358974358974,0.0,2.0780749722970415,0.0,9,1276,
emb_tf-sapiens,8,3,gingiva,oral_normal_multisite,oral_scc,target_only_k,0.9349864948707874,0.95141065830721,0.8450704225352113,0.8767063921993499,0.0,0.9455079530228365,0.04075235109717868,9,1276,
emb_tf-sapiens,8,3,gingiva,oral_normal_multisite,oral_scc,adaptive_crc,0.9854084598494155,0.9890282131661442,0.9577464788732394,0.9710364752618273,0.0,1.027711237070521,0.0,9,1276,0.25
emb_tf-sapiens,8,3,gingiva,oral_normal_multisite,oral_scc,adaptive_plugin,0.9624156760121342,0.9717868338557993,0.9102564102564102,0.9235146966854284,0.0,0.9770072161627188,0.017241379310344827,9,1276,
emb_tf-sapiens,8,6,gingiva,oral_normal_multisite,oral_scc,cell_pooled,0.9781287256247574,0.9857299670691547,0.9436619718309859,0.9526002166847237,0.0,1.0047828950902096,0.0,6,911,
emb_tf-sapiens,8,6,gingiva,oral_normal_multisite,oral_scc,donor_weighted,0.9835492251899001,0.9890230515916575,0.9577464788732394,0.9660527266161069,0.0,1.0165602238085099,0.0,6,911,
emb_tf-sapiens,8,6,gingiva,oral_normal_multisite,oral_scc,donor_crc,0.9978632478632479,0.9989023051591658,0.9871794871794872,0.9935897435897436,0.0,2.0842045606097086,0.0,6,911,
emb_tf-sapiens,8,6,gingiva,oral_normal_multisite,oral_scc,target_only_k,0.9220948799784869,0.9473106476399561,0.8028169014084507,0.8373058866016613,0.0,0.9319995495207575,0.04720087815587267,6,911,
emb_tf-sapiens,8,6,gingiva,oral_normal_multisite,oral_scc,adaptive_crc,0.984652977949282,0.9901207464324918,0.9577464788732394,0.9660527266161069,0.0,1.019800728704644,0.0,6,911,0.25
emb_tf-sapiens,8,6,gingiva,oral_normal_multisite,oral_scc,adaptive_plugin,0.9467262932214552,0.9659714599341384,0.8732394366197183,0.8789274106175514,0.0,0.9609695625127913,0.025246981339187707,6,911,
emb_tf-sapiens,9,3,gingiva,oral_normal_multisite,oral_scc,cell_pooled,0.9865664566776543,0.989159891598916,0.9743589743589743,0.9755946864380599,0.0,1.128298328968177,0.0,9,1476,
emb_tf-sapiens,9,3,gingiva,oral_normal_multisite,oral_scc,donor_weighted,0.9841062917683888,0.986449864498645,0.9743589743589743,0.9755946864380599,0.0,1.0996792495721257,0.0,9,1476,
emb_tf-sapiens,9,3,gingiva,oral_normal_multisite,oral_scc,donor_crc,0.993390294560116,0.994579945799458,0.9743589743589743,0.9842757683817287,0.0,1.787466433251512,0.0,9,1476,
emb_tf-sapiens,9,3,gingiva,oral_normal_multisite,oral_scc,target_only_k,0.9589570735639781,0.9695121951219512,0.9036144578313253,0.9191844300278036,0.0,0.9878085130837224,0.008807588075880758,9,1476,
emb_tf-sapiens,9,3,gingiva,oral_normal_multisite,oral_scc,adaptive_crc,0.9871906764029978,0.9898373983739838,0.9743589743589743,0.9755946864380599,0.0,1.137566688594697,0.0,9,1476,0.25
emb_tf-sapiens,9,3,gingiva,oral_normal_multisite,oral_scc,adaptive_plugin,0.9668051237170787,0.9742547425474255,0.9358974358974359,0.9389867160951498,0.0,1.0042287613486265,0.0006775067750677507,9,1476,
emb_tf-sapiens,9,6,gingiva,oral_normal_multisite,oral_scc,cell_pooled,0.9862328939313362,0.9875647668393782,0.9759036144578314,0.9795248409367808,0.0,1.1374218720975298,0.0,6,965,
emb_tf-sapiens,9,6,gingiva,oral_normal_multisite,oral_scc,donor_weighted,0.9825426465674377,0.983419689119171,0.9759036144578314,0.9767158521727359,0.0,1.1051770136872137,0.0,6,965,
emb_tf-sapiens,9,6,gingiva,oral_normal_multisite,oral_scc,donor_crc,0.9954137984343531,0.9948186528497409,0.9867549668874173,0.9905684946796637,0.0,1.8537883410735538,0.0,6,965,
emb_tf-sapiens,9,6,gingiva,oral_normal_multisite,oral_scc,target_only_k,0.9276795002805457,0.9378238341968912,0.8674698795180723,0.8939998404212879,0.0,0.9450769102647527,0.046632124352331605,6,965,
emb_tf-sapiens,9,6,gingiva,oral_normal_multisite,oral_scc,adaptive_crc,0.9862328939313362,0.9875647668393782,0.9759036144578314,0.9795248409367808,0.0,1.1342605061694238,0.0,6,965,0.25
emb_tf-sapiens,9,6,gingiva,oral_normal_multisite,oral_scc,adaptive_plugin,0.9533169273691234,0.9616580310880829,0.9036144578313253,0.925317162690497,0.0,0.980041374374427,0.015544041450777202,6,965,
emb_tf-sapiens,10,3,gingiva,oral_normal_multisite,oral_scc,cell_pooled,0.9767027009204435,0.9827586206896551,0.9295774647887324,0.9428017205026566,0.0,1.1344192951525869,0.0,9,1334,
emb_tf-sapiens,10,3,gingiva,oral_normal_multisite,oral_scc,donor_weighted,0.975372028931089,0.9812593703148426,0.9295774647887324,0.9332208821793034,0.0,1.1096148857766939,0.0,9,1334,
emb_tf-sapiens,10,3,gingiva,oral_normal_multisite,oral_scc,donor_crc,0.9954456081216646,0.9977511244377811,0.971830985915493,0.9841097869266884,0.0,2.6970966818377025,0.0,9,1334,
emb_tf-sapiens,10,3,gingiva,oral_normal_multisite,oral_scc,target_only_k,0.9324483194215288,0.9475262368815592,0.8622754491017964,0.8664309934348171,0.0,0.9540034238779858,0.037481259370314844,9,1334,
emb_tf-sapiens,10,3,gingiva,oral_normal_multisite,oral_scc,adaptive_crc,0.9780333729097982,0.9842578710644677,0.9295774647887324,0.95238255882601,0.0,1.1662847032762296,0.0,9,1334,0.25
emb_tf-sapiens,10,3,gingiva,oral_normal_multisite,oral_scc,adaptive_plugin,0.9538505395847182,0.9647676161919041,0.8862275449101796,0.9096398751792191,0.0,0.9923451852895189,0.005997001499250375,9,1334,
emb_tf-sapiens,10,6,gingiva,oral_normal_multisite,oral_scc,cell_pooled,0.9767109844281507,0.9852941176470589,0.9295774647887324,0.9519682195738534,0.0,1.1296716228008352,0.0,6,816,
emb_tf-sapiens,10,6,gingiva,oral_normal_multisite,oral_scc,donor_weighted,0.9767109844281507,0.9852941176470589,0.9295774647887324,0.9519682195738534,0.0,1.1025990616188863,0.0,6,816,
emb_tf-sapiens,10,6,gingiva,oral_normal_multisite,oral_scc,donor_crc,0.9931684121824967,0.9963235294117647,0.971830985915493,0.9795052365474901,0.0,2.6660080005047613,0.0,6,816,
emb_tf-sapiens,10,6,gingiva,oral_normal_multisite,oral_scc,target_only_k,0.9160170692658665,0.9448529411764706,0.8072289156626506,0.8402341761411845,0.0,0.9371693327009636,0.041666666666666664,6,816,
emb_tf-sapiens,10,6,gingiva,oral_normal_multisite,oral_scc,adaptive_crc,0.9767109844281507,0.9852941176470589,0.9295774647887324,0.9519682195738534,0.0,1.1392974627376777,0.0,6,816,0.25
emb_tf-sapiens,10,6,gingiva,oral_normal_multisite,oral_scc,adaptive_plugin,0.9495309746790995,0.9669117647058824,0.891566265060241,0.90352961140336,0.0,0.9728199902509488,0.01838235294117647,6,816,
emb_tf-sapiens,11,3,gingiva,oral_normal_multisite,oral_scc,cell_pooled,0.9812495050224206,0.9876352395672334,0.9390243902439024,0.954002061147372,0.0,1.0894063407533514,0.0,9,1294,
emb_tf-sapiens,11,3,gingiva,oral_normal_multisite,oral_scc,donor_weighted,0.9812495050224206,0.9876352395672334,0.9390243902439024,0.954002061147372,0.0,1.0772377479189321,0.0,9,1294,
emb_tf-sapiens,11,3,gingiva,oral_normal_multisite,oral_scc,donor_crc,0.9965962653000199,0.9976816074188563,0.9871794871794872,0.9876797998749218,0.0,1.4907921078812363,0.0,9,1294,
emb_tf-sapiens,11,3,gingiva,oral_normal_multisite,oral_scc,target_only_k,0.8457678617642559,0.8802163833075735,0.7469879518072289,0.7542756391419336,0.4444444444444444,0.855459845359657,0.11282843894899536,9,1294,
emb_tf-sapiens,11,3,gingiva,oral_normal_multisite,oral_scc,adaptive_crc,0.9812495050224206,0.9876352395672334,0.9390243902439024,0.954002061147372,0.0,1.0950808793950193,0.0,9,1294,0.25
emb_tf-sapiens,11,3,gingiva,oral_normal_multisite,oral_scc,adaptive_plugin,0.9087316877182874,0.9312210200927357,0.8170731707317073,0.8403377110694183,0.0,0.9260576812713653,0.0571870170015456,9,1294,
emb_tf-sapiens,11,6,gingiva,oral_normal_multisite,oral_scc,cell_pooled,0.9819793955039469,0.9887983706720977,0.9390243902439024,0.9566916823014384,0.0,1.1010705984817515,0.0,6,982,
emb_tf-sapiens,11,6,gingiva,oral_normal_multisite,oral_scc,donor_weighted,0.9819793955039469,0.9887983706720977,0.9390243902439024,0.9566916823014384,0.0,1.0851651270704983,0.0,6,982,
emb_tf-sapiens,11,6,gingiva,oral_normal_multisite,oral_scc,donor_crc,0.9948943979500298,0.9969450101832994,0.9871794871794872,0.9874921826141339,0.0,1.4480074482383352,0.0,6,982,
emb_tf-sapiens,11,6,gingiva,oral_normal_multisite,oral_scc,target_only_k,0.8786687025587877,0.9083503054989817,0.7804878048780488,0.7940900562851783,0.16666666666666666,0.8915220306008695,0.0835030549898167,6,982,
emb_tf-sapiens,11,6,gingiva,oral_normal_multisite,oral_scc,adaptive_crc,0.9819793955039469,0.9887983706720977,0.9390243902439024,0.9566916823014384,0.0,1.0964360095664558,0.0,6,982,0.25
emb_tf-sapiens,11,6,gingiva,oral_normal_multisite,oral_scc,adaptive_plugin,0.8964525459011331,0.924643584521385,0.8048780487804879,0.8126954346466542,0.0,0.9123363982604341,0.06517311608961303,6,982,
emb_tf-sapiens,12,3,gingiva,oral_normal_multisite,oral_scc,cell_pooled,0.9561410366760038,0.9657477025898078,0.9014084507042254,0.9084254027156954,0.0,0.980653747679869,0.015037593984962405,9,1197,
emb_tf-sapiens,12,3,gingiva,oral_normal_multisite,oral_scc,donor_weighted,0.9588267222154943,0.9682539682539683,0.9014084507042254,0.9180062410390487,0.0,0.9921803999263223,0.005847953216374269,9,1197,
emb_tf-sapiens,12,3,gingiva,oral_normal_multisite,oral_scc,donor_crc,0.9899804076075375,0.9933166248955723,0.971830985915493,0.973853376670278,0.0,1.5675567063621858,0.0,9,1197,
emb_tf-sapiens,12,3,gingiva,oral_normal_multisite,oral_scc,target_only_k,0.8775245552593224,0.9039264828738512,0.7605633802816901,0.788257254369591,0.2222222222222222,0.8900222594359336,0.08771929824561403,9,1197,
emb_tf-sapiens,12,3,gingiva,oral_normal_multisite,oral_scc,adaptive_crc,0.969216308684915,0.9757727652464494,0.9154929577464789,0.9343181037444177,0.0,1.0110549224640981,0.0,9,1197,0.25
emb_tf-sapiens,12,3,gingiva,oral_normal_multisite,oral_scc,adaptive_plugin,0.9168496955496015,0.9365079365079365,0.8028169014084507,0.8449007296792805,0.0,0.9320411013620242,0.053467000835421885,9,1197,
emb_tf-sapiens,12,6,gingiva,oral_normal_multisite,oral_scc,cell_pooled,0.9602453407643187,0.9674157303370786,0.9101796407185628,0.9124068935300131,0.0,0.9778122093373068,0.016853932584269662,6,890,
emb_tf-sapiens,12,6,gingiva,oral_normal_multisite,oral_scc,donor_weighted,0.964273869073554,0.9707865168539326,0.9221556886227545,0.9244924784577188,0.0,0.9929654355702349,0.0056179775280898875,6,890,
emb_tf-sapiens,12,6,gingiva,oral_normal_multisite,oral_scc,donor_crc,0.9939389513655615,0.9955056179775281,0.975609756097561,0.9818168540966847,0.0,1.5630483774252542,0.0,6,890,
emb_tf-sapiens,12,6,gingiva,oral_normal_multisite,oral_scc,target_only_k,0.9036828820526571,0.9235955056179775,0.8313253012048193,0.8348243272491163,0.0,0.9097439306870957,0.07191011235955057,6,890,
emb_tf-sapiens,12,6,gingiva,oral_normal_multisite,oral_scc,adaptive_crc,0.9723680426800275,0.9764044943820225,0.9341317365269461,0.9365780633854243,0.0,1.0070596572732862,0.0,6,890,0.25
emb_tf-sapiens,12,6,gingiva,oral_normal_multisite,oral_scc,adaptive_plugin,0.9241234628721985,0.9404494382022472,0.8554216867469879,0.864836591876488,0.0,0.9321925436351509,0.05393258426966292,6,890,
emb_tf-sapiens,13,3,gingiva,oral_normal_multisite,oral_scc,cell_pooled,0.9311242371563507,0.9379194630872483,0.8622754491017964,0.8846502117715788,0.0,0.981403689025129,0.01761744966442953,9,1192,
emb_tf-sapiens,13,3,gingiva,oral_normal_multisite,oral_scc,donor_weighted,0.9311242371563507,0.9379194630872483,0.8622754491017964,0.8846502117715788,0.0,0.981403689025129,0.01761744966442953,9,1192,
emb_tf-sapiens,13,3,gingiva,oral_normal_multisite,oral_scc,donor_crc,0.9713925977202506,0.9748322147651006,0.9295774647887324,0.9475921396643333,0.0,1.3053479061918496,0.0,9,1192,
emb_tf-sapiens,13,3,gingiva,oral_normal_multisite,oral_scc,target_only_k,0.8561155864999993,0.8666107382550335,0.7469879518072289,0.7673616622177332,0.2222222222222222,0.8765292713446081,0.11577181208053691,9,1192,
emb_tf-sapiens,13,3,gingiva,oral_normal_multisite,oral_scc,adaptive_crc,0.9347715003350862,0.9421140939597316,0.874251497005988,0.8968015189133928,0.0,0.9917946336550573,0.008389261744966443,9,1192,0.25
emb_tf-sapiens,13,3,gingiva,oral_normal_multisite,oral_scc,adaptive_plugin,0.9059085800772004,0.912751677852349,0.8263473053892215,0.863861010373619,0.0,0.9404305641115064,0.05704697986577181,9,1192,
emb_tf-sapiens,13,6,gingiva,oral_normal_multisite,oral_scc,cell_pooled,0.9507536432982353,0.9583815028901734,0.9154929577464789,0.9216019005599865,0.0,0.9852933542689639,0.012716763005780347,6,865,
emb_tf-sapiens,13,6,gingiva,oral_normal_multisite,oral_scc,donor_weighted,0.9507536432982353,0.9583815028901734,0.9154929577464789,0.9216019005599865,0.0,0.9852933542689639,0.012716763005780347,6,865,
emb_tf-sapiens,13,6,gingiva,oral_normal_multisite,oral_scc,donor_crc,0.9775807459023697,0.9815028901734104,0.9295774647887324,0.9555294731351069,0.0,1.255748170268065,0.0,6,865,
emb_tf-sapiens,13,6,gingiva,oral_normal_multisite,oral_scc,target_only_k,0.9279782423176827,0.9364161849710982,0.8732394366197183,0.8824028508399796,0.0,0.9563430765414771,0.04046242774566474,6,865,
emb_tf-sapiens,13,6,gingiva,oral_normal_multisite,oral_scc,adaptive_crc,0.9521960097571035,0.9606936416184971,0.9154929577464789,0.9216019005599865,0.0,0.993716486775853,0.005780346820809248,6,865,0.25
emb_tf-sapiens,13,6,gingiva,oral_normal_multisite,oral_scc,adaptive_plugin,0.9365326943635885,0.9468208092485549,0.8873239436619719,0.8894451043611065,0.0,0.9655148125380003,0.028901734104046242,6,865,
emb_tf-sapiens,14,3,gingiva,oral_normal_multisite,oral_scc,cell_pooled,0.9803870177624331,0.9877049180327869,0.9154929577464789,0.952329360780065,0.0,1.0095541133229171,0.0,9,1464,
emb_tf-sapiens,14,3,gingiva,oral_normal_multisite,oral_scc,donor_weighted,0.9781394710704419,0.985655737704918,0.9154929577464789,0.9420729505236547,0.0,1.001974556430002,0.0006830601092896175,9,1464,
emb_tf-sapiens,14,3,gingiva,oral_normal_multisite,oral_scc,donor_crc,0.9975397562164106,0.9979508196721312,0.9871794871794872,0.9929415154134256,0.0,2.1022732269153646,0.0,9,1464,
emb_tf-sapiens,14,3,gingiva,oral_normal_multisite,oral_scc,target_only_k,0.9599030823335304,0.9726775956284153,0.8846153846153846,0.8980498374864572,0.0,0.971441342137656,0.020491803278688523,9,1464,
emb_tf-sapiens,14,3,gingiva,oral_normal_multisite,oral_scc,adaptive_crc,0.9817144723682263,0.9890710382513661,0.9154929577464789,0.952329360780065,0.0,1.0202520961390376,0.0,9,1464,0.25
emb_tf-sapiens,14,3,gingiva,oral_normal_multisite,oral_scc,adaptive_plugin,0.9667716228617813,0.9781420765027322,0.8974358974358975,0.9006139400505598,0.0,0.9815396404125194,0.012295081967213115,9,1464,
emb_tf-sapiens,14,6,gingiva,oral_normal_multisite,oral_scc,cell_pooled,0.9753379187374156,0.9852579852579852,0.9154929577464789,0.9385157096424702,0.0,1.0085470085470085,0.0,6,814,
emb_tf-sapiens,14,6,gingiva,oral_normal_multisite,oral_scc,donor_weighted,0.9732011666006635,0.984029484029484,0.9154929577464789,0.9321054532322137,0.0,1.0021367521367521,0.0,6,814,
emb_tf-sapiens,14,6,gingiva,oral_normal_multisite,oral_scc,donor_crc,0.9978632478632479,0.9987714987714987,0.9871794871794872,0.9935897435897436,0.0,1.989644112988823,0.0,6,814,
emb_tf-sapiens,14,6,gingiva,oral_normal_multisite,oral_scc,target_only_k,0.934126109423523,0.957002457002457,0.8591549295774648,0.8654749006861683,0.0,0.9479999507621532,0.03562653562653563,6,814,
emb_tf-sapiens,14,6,gingiva,oral_normal_multisite,oral_scc,adaptive_crc,0.9753379187374156,0.9852579852579852,0.9154929577464789,0.9385157096424702,0.0,1.0085470085470085,0.0,6,814,0.25
emb_tf-sapiens,14,6,gingiva,oral_normal_multisite,oral_scc,adaptive_plugin,0.9496799384102403,0.9680589680589681,0.8846153846153846,0.893011917659805,0.0,0.9635537797488705,0.02457002457002457,6,814,
emb_tf-sapiens,15,3,gingiva,oral_normal_multisite,oral_scc,cell_pooled,0.9933847444485266,0.9950248756218906,0.9743589743589743,0.9852332406549273,0.0,1.0988882325945615,0.0,9,1407,
emb_tf-sapiens,15,3,gingiva,oral_normal_multisite,oral_scc,donor_weighted,0.9920460563628506,0.994314143567875,0.9743589743589743,0.9755946864380599,0.0,1.0888876891458088,0.0,9,1407,
emb_tf-sapiens,15,3,gingiva,oral_normal_multisite,oral_scc,donor_crc,0.9993757802746567,0.9992892679459844,0.9943820224719101,0.998876404494382,0.0,1.6587950999589645,0.0,9,1407,
emb_tf-sapiens,15,3,gingiva,oral_normal_multisite,oral_scc,target_only_k,0.9132234057245342,0.9303482587064676,0.7831325301204819,0.8232931726907631,0.1111111111111111,0.9178641048460057,0.06609808102345416,9,1407,
emb_tf-sapiens,15,3,gingiva,oral_normal_multisite,oral_scc,adaptive_crc,0.9933847444485266,0.9950248756218906,0.9743589743589743,0.9852332406549273,0.0,1.1065109049524606,0.0,9,1407,0.25
emb_tf-sapiens,15,3,gingiva,oral_normal_multisite,oral_scc,adaptive_plugin,0.9525971068871202,0.9637526652452025,0.8795180722891566,0.9041087426629595,0.0,0.9585764940942677,0.031982942430703626,9,1407,
emb_tf-sapiens,15,6,gingiva,oral_normal_multisite,oral_scc,cell_pooled,0.9960007859627958,0.997131931166348,0.9879518072289156,0.9908113466524324,0.0,1.091897645592452,0.0,6,1046,
emb_tf-sapiens,15,6,gingiva,oral_normal_multisite,oral_scc,donor_weighted,0.993992753834282,0.9961759082217974,0.9759036144578314,0.9847872502668904,0.0,1.0798586650643267,0.0,6,1046,
emb_tf-sapiens,15,6,gingiva,oral_normal_multisite,oral_scc,donor_crc,0.9990636704119851,0.9990439770554493,0.9943820224719101,0.997191011235955,0.0,1.7224659348167923,0.0,6,1046,
emb_tf-sapiens,15,6,gingiva,oral_normal_multisite,oral_scc,target_only_k,0.9034281145811306,0.9244741873804971,0.7590361445783133,0.8289562745363477,0.16666666666666666,0.9074273286183349,0.07265774378585087,6,1046,
emb_tf-sapiens,15,6,gingiva,oral_normal_multisite,oral_scc,adaptive_crc,0.9960007859627958,0.997131931166348,0.9879518072289156,0.9908113466524324,0.0,1.0939056777209661,0.0,6,1046,0.25
emb_tf-sapiens,15,6,gingiva,oral_normal_multisite,oral_scc,adaptive_plugin,0.9361050731645754,0.9531548757170172,0.8313253012048193,0.8790772847487511,0.0,0.9401042872017794,0.04397705544933078,6,1046,
emb_tf-sapiens,16,3,gingiva,oral_normal_multisite,oral_scc,cell_pooled,1.0,1.0,1.0,1.0,0.0,1.2591289532380274,0.0,9,1173,
emb_tf-sapiens,16,3,gingiva,oral_normal_multisite,oral_scc,donor_weighted,0.9972037564630156,0.9982949701619779,0.9871794871794872,0.9875593542260208,0.0,1.182716016552091,0.0,9,1173,
emb_tf-sapiens,16,3,gingiva,oral_normal_multisite,oral_scc,donor_crc,1.0,1.0,1.0,1.0,0.0,2.335923831526014,0.0,9,1173,
emb_tf-sapiens,16,3,gingiva,oral_normal_multisite,oral_scc,target_only_k,0.8766258703630353,0.9045183290707587,0.7469879518072289,0.7916511114882063,0.1111111111111111,0.8780503717875368,0.09462915601023018,9,1173,
emb_tf-sapiens,16,3,gingiva,oral_normal_multisite,oral_scc,adaptive_crc,1.0,1.0,1.0,1.0,0.0,1.2978694021825696,0.0,9,1173,0.25
emb_tf-sapiens,16,3,gingiva,oral_normal_multisite,oral_scc,adaptive_plugin,0.9198364010663016,0.9394714407502132,0.8433734939759037,0.8558541859746679,0.0,0.9225995905764791,0.058823529411764705,9,1173,
emb_tf-sapiens,16,6,gingiva,oral_normal_multisite,oral_scc,cell_pooled,1.0,1.0,1.0,1.0,0.0,1.188933080305912,0.0,6,845,
emb_tf-sapiens,16,6,gingiva,oral_normal_multisite,oral_scc,donor_weighted,0.9979423868312757,0.9988165680473373,0.9876543209876543,0.9938271604938271,0.0,1.131098005905216,0.0,6,845,
emb_tf-sapiens,16,6,gingiva,oral_normal_multisite,oral_scc,donor_crc,1.0,1.0,1.0,1.0,0.0,2.3637330899839215,0.0,6,845,
emb_tf-sapiens,16,6,gingiva,oral_normal_multisite,oral_scc,target_only_k,0.9310427743349189,0.9502958579881656,0.8450704225352113,0.8798522844383374,0.0,0.9310427743349189,0.04970414201183432,6,845,
emb_tf-sapiens,16,6,gingiva,oral_normal_multisite,oral_scc,adaptive_crc,1.0,1.0,1.0,1.0,0.0,1.1868754671371875,0.0,6,845,0.25
emb_tf-sapiens,16,6,gingiva,oral_normal_multisite,oral_scc,adaptive_plugin,0.9583729151789196,0.9704142011834319,0.9014084507042254,0.9263139814496737,0.0,0.9593092447669346,0.028402366863905324,6,845,
emb_tf-sapiens,17,3,gingiva,oral_normal_multisite,oral_scc,cell_pooled,0.9921730189899477,0.9916123019571296,0.9743589743589743,0.979030210713379,0.0,1.0362164158950309,0.0,9,1073,
emb_tf-sapiens,17,3,gingiva,oral_normal_multisite,oral_scc,donor_weighted,0.9915076829952704,0.9906803355079217,0.9743589743589743,0.979030210713379,0.0,1.027754813099049,0.0,9,1073,
emb_tf-sapiens,17,3,gingiva,oral_normal_multisite,oral_scc,donor_crc,1.0,1.0,1.0,1.0,0.0,1.67837699651891,0.0,9,1073,
emb_tf-sapiens,17,3,gingiva,oral_normal_multisite,oral_scc,target_only_k,0.8726322992967153,0.8863000931966449,0.7228915662650602,0.8093670456473783,0.1111111111111111,0.8726322992967153,0.11369990680335508,9,1073,
emb_tf-sapiens,17,3,gingiva,oral_normal_multisite,oral_scc,adaptive_crc,0.9941475754199496,0.9934762348555451,0.9851485148514851,0.9867732927138868,0.0,1.051721974559256,0.0,9,1073,0.25
emb_tf-sapiens,17,3,gingiva,oral_normal_multisite,oral_scc,adaptive_plugin,0.9331416074578865,0.9412861136999068,0.8795180722891566,0.8835959221501389,0.0,0.9384439770324364,0.05312208760484623,9,1073,
emb_tf-sapiens,17,6,gingiva,oral_normal_multisite,oral_scc,cell_pooled,0.9904181335649783,0.98989898989899,0.9743589743589743,0.9772784970804773,0.0,1.042776347400987,0.0,6,693,
emb_tf-sapiens,17,6,gingiva,oral_normal_multisite,oral_scc,donor_weighted,0.9894201295729624,0.9884559884559885,0.9743589743589743,0.9772784970804773,0.0,1.0345899661274467,0.0,6,693,
emb_tf-sapiens,17,6,gingiva,oral_normal_multisite,oral_scc,donor_crc,1.0,1.0,1.0,1.0,0.0,1.673347140249594,0.0,6,693,
emb_tf-sapiens,17,6,gingiva,oral_normal_multisite,oral_scc,target_only_k,0.8639494915560854,0.8759018759018758,0.7228915662650602,0.7781124497991968,0.16666666666666666,0.8639494915560854,0.1240981240981241,6,693,
emb_tf-sapiens,17,6,gingiva,oral_normal_multisite,oral_scc,adaptive_crc,0.9904181335649783,0.98989898989899,0.9743589743589743,0.9772784970804773,0.0,1.0455974378932698,0.0,6,693,0.25
emb_tf-sapiens,17,6,gingiva,oral_normal_multisite,oral_scc,adaptive_plugin,0.8979934448740917,0.9062049062049062,0.8072289156626506,0.8266913809082483,0.0,0.8979934448740917,0.09379509379509379,6,693,
emb_tf-sapiens,18,3,gingiva,oral_normal_multisite,oral_scc,cell_pooled,0.9608068874146755,0.9719350073855244,0.9014084507042254,0.9084868183459732,0.0,1.0274471893455523,0.0,9,1354,
emb_tf-sapiens,18,3,gingiva,oral_normal_multisite,oral_scc,donor_weighted,0.9614311071400188,0.9726735598227474,0.9014084507042254,0.9084868183459732,0.0,1.0284829317046407,0.0,9,1354,
emb_tf-sapiens,18,3,gingiva,oral_normal_multisite,oral_scc,donor_crc,0.9952389758165722,0.9963072378138847,0.9859154929577465,0.9869266883351391,0.0,1.7936869948568726,0.0,9,1354,
emb_tf-sapiens,18,3,gingiva,oral_normal_multisite,oral_scc,target_only_k,0.8749864168950517,0.9025110782865583,0.8028169014084507,0.8063465128118107,0.0,0.8814024256070105,0.09231905465288036,9,1354,
emb_tf-sapiens,18,3,gingiva,oral_normal_multisite,oral_scc,adaptive_crc,0.9685474693177762,0.9771048744460856,0.9154929577464789,0.9318165402672445,0.0,1.056075795017077,0.0,9,1354,0.25
emb_tf-sapiens,18,3,gingiva,oral_normal_multisite,oral_scc,adaptive_plugin,0.9162265875330048,0.9372230428360414,0.8461538461538461,0.8678223185265438,0.0,0.9331955000238974,0.051698670605613,9,1354,
emb_tf-sapiens,18,6,gingiva,oral_normal_multisite,oral_scc,cell_pooled,0.9763448393139674,0.9805258033106135,0.9341317365269461,0.9547201892511274,0.0,1.0270460374596526,0.0,6,1027,
emb_tf-sapiens,18,6,gingiva,oral_normal_multisite,oral_scc,donor_weighted,0.9763448393139674,0.9805258033106135,0.9341317365269461,0.9547201892511274,0.0,1.0276633214102702,0.0,6,1027,
emb_tf-sapiens,18,6,gingiva,oral_normal_multisite,oral_scc,donor_crc,0.9982789632900008,0.9980525803310614,0.9933774834437086,0.9948368898700024,0.0,1.7972264154474453,0.0,6,1027,
emb_tf-sapiens,18,6,gingiva,oral_normal_multisite,oral_scc,target_only_k,0.9192398924960244,0.9386562804284323,0.8622754491017964,0.8648726643099344,0.0,0.9295170834245724,0.054527750730282376,6,1027,
emb_tf-sapiens,18,6,gingiva,oral_normal_multisite,oral_scc,adaptive_crc,0.9773428433059834,0.9814995131450828,0.9401197604790419,0.9577142012271753,0.0,1.0497473377363429,0.0,6,1027,0.25
emb_tf-sapiens,18,6,gingiva,oral_normal_multisite,oral_scc,adaptive_plugin,0.9356228306193558,0.9513145082765336,0.874251497005988,0.8829088810331145,0.0,0.9468980255399199,0.04089581304771178,6,1027,
emb_tf-sapiens,19,3,gingiva,oral_normal_multisite,oral_scc,cell_pooled,0.9946189761868999,0.9959623149394348,0.971830985915493,0.9895757780214219,0.0,1.1566179771888583,0.0,9,1486,
emb_tf-sapiens,19,3,gingiva,oral_normal_multisite,oral_scc,donor_weighted,0.9946189761868999,0.9959623149394348,0.971830985915493,0.9895757780214219,0.0,1.1159264396205173,0.0,9,1486,
emb_tf-sapiens,19,3,gingiva,oral_normal_multisite,oral_scc,donor_crc,1.0,1.0,1.0,1.0,0.0,2.322688124253851,0.0,9,1486,
emb_tf-sapiens,19,3,gingiva,oral_normal_multisite,oral_scc,target_only_k,0.9229540352771534,0.9427994616419919,0.8309859154929577,0.8601730867130494,0.0,0.9279646527258427,0.05383580080753701,9,1486,
emb_tf-sapiens,19,3,gingiva,oral_normal_multisite,oral_scc,adaptive_crc,0.9946189761868999,0.9959623149394348,0.971830985915493,0.9895757780214219,0.0,1.168127170880141,0.0,9,1486,0.25
emb_tf-sapiens,19,3,gingiva,oral_normal_multisite,oral_scc,adaptive_plugin,0.9559356308634462,0.968371467025572,0.9014084507042254,0.9119890072140159,0.0,0.970178522781191,0.02086137281292059,9,1486,
emb_tf-sapiens,19,6,gingiva,oral_normal_multisite,oral_scc,cell_pooled,0.9983847120573669,0.9980676328502416,0.9940119760479041,0.9951541361721002,0.0,1.1663932806375927,0.0,6,1035,
emb_tf-sapiens,19,6,gingiva,oral_normal_multisite,oral_scc,donor_weighted,0.9983847120573669,0.9980676328502416,0.9940119760479041,0.9951541361721002,0.0,1.1159078642580638,0.0,6,1035,
emb_tf-sapiens,19,6,gingiva,oral_normal_multisite,oral_scc,donor_crc,1.0,1.0,1.0,1.0,0.0,2.4128123804311987,0.0,6,1035,
emb_tf-sapiens,19,6,gingiva,oral_normal_multisite,oral_scc,target_only_k,0.9292778583748801,0.9478260869565217,0.8674698795180723,0.8738547002380781,0.0,0.9312738663589122,0.050241545893719805,6,1035,
emb_tf-sapiens,19,6,gingiva,oral_normal_multisite,oral_scc,adaptive_crc,0.9983847120573669,0.9980676328502416,0.9940119760479041,0.9951541361721002,0.0,1.1614905684810342,0.0,6,1035,0.25
emb_tf-sapiens,19,6,gingiva,oral_normal_multisite,oral_scc,adaptive_plugin,0.9535011323491576,0.966183574879227,0.9146341463414634,0.915400905506061,0.0,0.9575051724617035,0.030917874396135265,6,1035,
emb_tf-sapiens,20,3,gingiva,oral_normal_multisite,oral_scc,cell_pooled,0.967536403905512,0.9742558326629123,0.9295774647887324,0.9371350051528684,0.0,1.0643681735854373,0.0,9,1243,
emb_tf-sapiens,20,3,gingiva,oral_normal_multisite,oral_scc,donor_weighted,0.9623400062894019,0.9702333065164923,0.9014084507042254,0.9227966602007253,0.0,1.0422153002614478,0.0,9,1243,
emb_tf-sapiens,20,3,gingiva,oral_normal_multisite,oral_scc,donor_crc,0.9843697219428658,0.9887369267900241,0.9577464788732394,0.962281003091721,0.0,1.8471493556853207,0.0,9,1243,
emb_tf-sapiens,20,3,gingiva,oral_normal_multisite,oral_scc,target_only_k,0.8623849703156468,0.8889782783588094,0.7746478873239436,0.7824744876444294,0.2222222222222222,0.8803213273659212,0.09814963797264682,9,1243,
emb_tf-sapiens,20,3,gingiva,oral_normal_multisite,oral_scc,adaptive_crc,0.9682017399001892,0.9750603378921963,0.9295774647887324,0.9371350051528684,0.0,1.0650335095801147,0.0,9,1243,0.25
emb_tf-sapiens,20,3,gingiva,oral_normal_multisite,oral_scc,adaptive_plugin,0.9133377165886272,0.9316170555108608,0.8170731707317073,0.834073316781072,0.0,0.9377158844596128,0.0498793242156074,9,1243,
emb_tf-sapiens,20,6,gingiva,oral_normal_multisite,oral_scc,cell_pooled,0.9649143542361758,0.9652294853963839,0.9390243902439024,0.9395720753614721,0.0,1.0745023579674369,0.0,6,719,
emb_tf-sapiens,20,6,gingiva,oral_normal_multisite,oral_scc,donor_weighted,0.9618145934927619,0.96105702364395,0.9281437125748503,0.9335840514093763,0.0,1.0539464667713456,0.0,6,719,
emb_tf-sapiens,20,6,gingiva,oral_normal_multisite,oral_scc,donor_crc,0.9845331660234402,0.9860917941585535,0.9634146341463414,0.9688868042526579,0.0,1.8229020728226528,0.0,6,719,
emb_tf-sapiens,20,6,gingiva,oral_normal_multisite,oral_scc,target_only_k,0.8548223235709752,0.8636995827538247,0.7904191616766467,0.8037461662041769,0.16666666666666666,0.8714008581968692,0.12100139082058414,6,719,
emb_tf-sapiens,20,6,gingiva,oral_normal_multisite,oral_scc,adaptive_crc,0.9649143542361758,0.9652294853963839,0.9390243902439024,0.9395720753614721,0.0,1.0725063499834049,0.0,6,719,0.25
emb_tf-sapiens,20,6,gingiva,oral_normal_multisite,oral_scc,adaptive_plugin,0.884887352105287,0.8901251738525731,0.8083832335329342,0.8127282021323208,0.0,0.9065736796031089,0.0890125173852573,6,719,
emb_tf-sapiens,21,3,gingiva,oral_normal_multisite,oral_scc,cell_pooled,0.9924439189781366,0.9926253687315634,0.9801980198019802,0.9847719983265932,0.0,1.0239411378069974,0.0,9,1356,
emb_tf-sapiens,21,3,gingiva,oral_normal_multisite,oral_scc,donor_weighted,0.9872285017806909,0.9882005899705014,0.9615384615384616,0.9731460156609858,0.0,1.005071181548982,0.0014749262536873156,9,1356,
emb_tf-sapiens,21,3,gingiva,oral_normal_multisite,oral_scc,donor_crc,0.9985754985754985,0.9992625368731564,0.9871794871794872,0.9974358974358974,0.0,2.0648452065648457,0.0,9,1356,
emb_tf-sapiens,21,3,gingiva,oral_normal_multisite,oral_scc,target_only_k,0.9076805306231202,0.922566371681416,0.8169014084507042,0.8300469483568076,0.0,0.9108293617839658,0.07448377581120944,9,1356,
emb_tf-sapiens,21,3,gingiva,oral_normal_multisite,oral_scc,adaptive_crc,0.9931092549728139,0.9933628318584071,0.9801980198019802,0.9847719983265932,0.0,1.029062725569296,0.0,9,1356,0.25
emb_tf-sapiens,21,3,gingiva,oral_normal_multisite,oral_scc,adaptive_plugin,0.9448446253053384,0.9542772861356932,0.8846153846153846,0.8980498374864572,0.0,0.947993456466184,0.04277286135693215,9,1356,
emb_tf-sapiens,21,6,gingiva,oral_normal_multisite,oral_scc,cell_pooled,0.9906618864512368,0.991578947368421,0.9801980198019802,0.9830567563798633,0.0,1.0247536041002765,0.0,6,950,
emb_tf-sapiens,21,6,gingiva,oral_normal_multisite,oral_scc,donor_weighted,0.9848347686391001,0.9873684210526316,0.9615384615384616,0.9708682406702209,0.0,1.003491545986024,0.0010526315789473684,6,950,
emb_tf-sapiens,21,6,gingiva,oral_normal_multisite,oral_scc,donor_crc,0.9978632478632479,0.9989473684210526,0.9871794871794872,0.9935897435897436,0.0,2.079348031338963,0.0,6,950,
emb_tf-sapiens,21,6,gingiva,oral_normal_multisite,oral_scc,target_only_k,0.8909193674498995,0.911578947368421,0.8028169014084507,0.818075117370892,0.0,0.8956426141911682,0.08421052631578947,6,950,
emb_tf-sapiens,21,6,gingiva,oral_normal_multisite,oral_scc,adaptive_crc,0.9900446025006194,0.9905263157894737,0.9801980198019802,0.9830567563798633,0.0,1.015731669042921,0.0010526315789473684,6,950,0.25
emb_tf-sapiens,21,6,gingiva,oral_normal_multisite,oral_scc,adaptive_plugin,0.9207944828789797,0.9378947368421052,0.8589743589743589,0.8590646442759118,0.0,0.9255177296202484,0.05789473684210526,6,950,
emb_tf-sapiens,22,3,gingiva,oral_normal_multisite,oral_scc,cell_pooled,0.9839864426091263,0.9882005899705014,0.9436619718309859,0.9682195738533766,0.0,1.1855132438174374,0.0,9,1356,
emb_tf-sapiens,22,3,gingiva,oral_normal_multisite,oral_scc,donor_weighted,0.9833211066144489,0.9874631268436578,0.9436619718309859,0.9647802985578139,0.0,1.181523581376671,0.0,9,1356,
emb_tf-sapiens,22,3,gingiva,oral_normal_multisite,oral_scc,donor_crc,0.9993757802746567,0.9992625368731564,0.9943820224719101,0.998876404494382,0.0,2.5786091320980873,0.0,9,1356,
emb_tf-sapiens,22,3,gingiva,oral_normal_multisite,oral_scc,target_only_k,0.9054642472377394,0.9196165191740413,0.7948717948717948,0.8344234607707661,0.1111111111111111,0.9263937627979296,0.06489675516224189,9,1356,
emb_tf-sapiens,22,3,gingiva,oral_normal_multisite,oral_scc,adaptive_crc,0.9881385209487041,0.9911504424778761,0.9577464788732394,0.9710364752618273,0.0,1.3291493563125865,0.0,9,1356,0.25
emb_tf-sapiens,22,3,gingiva,oral_normal_multisite,oral_scc,adaptive_plugin,0.9356759206076711,0.9476401179941003,0.8333333333333334,0.8765258215962441,0.0,0.9647973182930212,0.029498525073746312,9,1356,
emb_tf-sapiens,22,6,gingiva,oral_normal_multisite,oral_scc,cell_pooled,0.9819033332036954,0.9869281045751634,0.9436619718309859,0.9598549380113013,0.0,1.1991125585640865,0.0,6,918,
emb_tf-sapiens,22,6,gingiva,oral_normal_multisite,oral_scc,donor_weighted,0.9809053292116793,0.985838779956427,0.9436619718309859,0.9568609260352534,0.0,1.1947782299194383,0.0,6,918,
emb_tf-sapiens,22,6,gingiva,oral_normal_multisite,oral_scc,donor_crc,0.9990636704119851,0.9989106753812637,0.9943820224719101,0.997191011235955,0.0,2.6684429721066594,0.0,6,918,
emb_tf-sapiens,22,6,gingiva,oral_normal_multisite,oral_scc,target_only_k,0.9003566557902437,0.9095860566448801,0.8383233532934131,0.8416968879143122,0.0,0.9156928204858281,0.07734204793028322,6,918,
emb_tf-sapiens,22,6,gingiva,oral_normal_multisite,oral_scc,adaptive_crc,0.9852487550360869,0.9891067538126361,0.9577464788732394,0.9698912035084759,0.0,1.2741238136514346,0.0,6,918,0.25
emb_tf-sapiens,22,6,gingiva,oral_normal_multisite,oral_scc,adaptive_plugin,0.9341721567500004,0.9422657952069716,0.8732394366197183,0.8857215147170447,0.0,0.9634456183217676,0.034858387799564274,6,918,
emb_tf-sapiens,23,3,gingiva,oral_normal_multisite,oral_scc,cell_pooled,0.9920933534475194,0.9935391241923905,0.971830985915493,0.9824850090642867,0.0,1.2864465434339034,0.0,9,1393,
emb_tf-sapiens,23,3,gingiva,oral_normal_multisite,oral_scc,donor_weighted,0.9858943080690357,0.9892318736539842,0.9436619718309859,0.9728908102077813,0.0,1.1350176133394194,0.0,9,1393,
emb_tf-sapiens,23,3,gingiva,oral_normal_multisite,oral_scc,donor_crc,1.0,1.0,1.0,1.0,0.0,2.5363556328432004,0.0,9,1393,
emb_tf-sapiens,23,3,gingiva,oral_normal_multisite,oral_scc,target_only_k,0.9381513411376046,0.9547738693467337,0.8873239436619719,0.8896599106836139,0.0,0.947849059199259,0.0366116295764537,9,1393,
emb_tf-sapiens,23,3,gingiva,oral_normal_multisite,oral_scc,adaptive_crc,0.9920933534475194,0.9935391241923905,0.971830985915493,0.9824850090642867,0.0,1.2705328208100903,0.0,9,1393,0.25
emb_tf-sapiens,23,3,gingiva,oral_normal_multisite,oral_scc,adaptive_plugin,0.9601087819165617,0.9698492462311558,0.8873239436619719,0.9286843009275163,0.0,0.9852992812011823,0.010768126346015794,9,1393,
emb_tf-sapiens,23,6,gingiva,oral_normal_multisite,oral_scc,cell_pooled,0.9928348658520302,0.9927536231884058,0.9851485148514851,0.9864766964501328,0.0,1.2874224062680784,0.0,6,966,
emb_tf-sapiens,23,6,gingiva,oral_normal_multisite,oral_scc,donor_weighted,0.9902887466337802,0.989648033126294,0.9801980198019802,0.9834764933446987,0.0,1.1372964468292341,0.0,6,966,
emb_tf-sapiens,23,6,gingiva,oral_normal_multisite,oral_scc,donor_crc,1.0,1.0,1.0,1.0,0.0,2.5105719247868445,0.0,6,966,
emb_tf-sapiens,23,6,gingiva,oral_normal_multisite,oral_scc,target_only_k,0.9075085165180341,0.9254658385093167,0.8192771084337349,0.8425653834851601,0.0,0.9157774034253858,0.06625258799171843,6,966,
emb_tf-sapiens,23,6,gingiva,oral_normal_multisite,oral_scc,adaptive_crc,0.9928348658520302,0.9927536231884058,0.9851485148514851,0.9864766964501328,0.0,1.213463628461974,0.0,6,966,0.25
emb_tf-sapiens,23,6,gingiva,oral_normal_multisite,oral_scc,adaptive_plugin,0.9544509531354706,0.9606625258799172,0.926829268292683,0.9332941522186307,0.0,0.9667633967081019,0.025879917184265012,6,966,
emb_tf-sapiens,24,3,gingiva,oral_normal_multisite,oral_scc,cell_pooled,0.9931590808565264,0.9930394431554525,0.9752475247524752,0.9847930946940848,0.0,1.0179818303410677,0.0,9,1293,
emb_tf-sapiens,24,3,gingiva,oral_normal_multisite,oral_scc,donor_weighted,0.9931590808565264,0.9930394431554525,0.9752475247524752,0.9847930946940848,0.0,1.020745019851245,0.0,9,1293,
emb_tf-sapiens,24,3,gingiva,oral_normal_multisite,oral_scc,donor_crc,0.9980254435699981,0.9984532095901005,0.9871794871794872,0.9934755013962935,0.0,1.8651899266504748,0.0,9,1293,
emb_tf-sapiens,24,3,gingiva,oral_normal_multisite,oral_scc,target_only_k,0.89780865167024,0.9187935034802784,0.7951807228915663,0.8350924826064823,0.1111111111111111,0.9003332631057427,0.07888631090487239,9,1293,
emb_tf-sapiens,24,3,gingiva,oral_normal_multisite,oral_scc,adaptive_crc,0.9931590808565264,0.9930394431554525,0.9752475247524752,0.9847930946940848,0.0,1.0241084595343493,0.0,9,1293,0.25
emb_tf-sapiens,24,3,gingiva,oral_normal_multisite,oral_scc,adaptive_plugin,0.9394203267917214,0.9535962877030162,0.8795180722891566,0.8835959221501389,0.0,0.9439078460382433,0.042536736272235115,9,1293,
emb_tf-sapiens,24,6,gingiva,oral_normal_multisite,oral_scc,cell_pooled,0.9926829830013187,0.991907514450867,0.9752475247524752,0.9812135059659812,0.0,1.0190263396905108,0.0,6,865,
emb_tf-sapiens,24,6,gingiva,oral_normal_multisite,oral_scc,donor_weighted,0.9926829830013187,0.991907514450867,0.9752475247524752,0.9812135059659812,0.0,1.021163091827263,0.0,6,865,
emb_tf-sapiens,24,6,gingiva,oral_normal_multisite,oral_scc,donor_crc,0.9970381653549971,0.9976878612716763,0.9871794871794872,0.9911144960649911,0.0,1.8082590006416144,0.0,6,865,
emb_tf-sapiens,24,6,gingiva,oral_normal_multisite,oral_scc,target_only_k,0.920437434289453,0.9445086705202312,0.8450704225352113,0.852022390754785,0.0,0.9242243514427068,0.05202312138728324,6,865,
emb_tf-sapiens,24,6,gingiva,oral_normal_multisite,oral_scc,adaptive_crc,0.9926829830013187,0.991907514450867,0.9752475247524752,0.9812135059659812,0.0,1.0243355921758892,0.0,6,865,0.25
emb_tf-sapiens,24,6,gingiva,oral_normal_multisite,oral_scc,adaptive_plugin,0.9382374794828553,0.9572254335260115,0.8589743589743589,0.8731491513181654,0.0,0.9420243966361093,0.03930635838150289,6,865,
emb_tf-sapiens,25,3,gingiva,oral_normal_multisite,oral_scc,cell_pooled,0.9892685675387004,0.9906407487401008,0.9743589743589743,0.9755946864380599,0.0,1.0562782648324536,0.0,9,1389,
emb_tf-sapiens,25,3,gingiva,oral_normal_multisite,oral_scc,donor_weighted,0.9892685675387004,0.9906407487401008,0.9743589743589743,0.9755946864380599,0.0,1.0583681022516322,0.0,9,1389,
emb_tf-sapiens,25,3,gingiva,oral_normal_multisite,oral_scc,donor_crc,1.0,1.0,1.0,1.0,0.0,1.6347333711483476,0.0,9,1389,
emb_tf-sapiens,25,3,gingiva,oral_normal_multisite,oral_scc,target_only_k,0.9047256058314743,0.9200863930885529,0.7590361445783133,0.8389867160951497,0.1111111111111111,0.9080388503471524,0.07775377969762419,9,1389,
emb_tf-sapiens,25,3,gingiva,oral_normal_multisite,oral_scc,adaptive_crc,0.9927595761254779,0.9935205183585313,0.9759036144578314,0.9832995347727543,0.0,1.080905835157188,0.0,9,1389,0.25
emb_tf-sapiens,25,3,gingiva,oral_normal_multisite,oral_scc,adaptive_plugin,0.9411246608186663,0.9568034557235421,0.8554216867469879,0.8890330552981156,0.0,0.9477278195931196,0.03815694744420446,9,1389,
emb_tf-sapiens,25,6,gingiva,oral_normal_multisite,oral_scc,cell_pooled,0.9880006160434807,0.990909090909091,0.9743589743589743,0.9751312944084028,0.0,1.0608996383914457,0.0,6,990,
emb_tf-sapiens,25,6,gingiva,oral_normal_multisite,oral_scc,donor_weighted,0.9880006160434807,0.990909090909091,0.9743589743589743,0.9751312944084028,0.0,1.0630363905281979,0.0,6,990,
emb_tf-sapiens,25,6,gingiva,oral_normal_multisite,oral_scc,donor_crc,1.0,1.0,1.0,1.0,0.0,1.670741426586832,0.0,6,990,
emb_tf-sapiens,25,6,gingiva,oral_normal_multisite,oral_scc,target_only_k,0.8808574115798472,0.9090909090909091,0.7228915662650602,0.7845227062094532,0.16666666666666666,0.8858272783533643,0.08787878787878788,6,990,
emb_tf-sapiens,25,6,gingiva,oral_normal_multisite,oral_scc,adaptive_crc,0.9880006160434807,0.990909090909091,0.9743589743589743,0.9751312944084028,0.0,1.0743600954653811,0.0,6,990,0.25
emb_tf-sapiens,25,6,gingiva,oral_normal_multisite,oral_scc,adaptive_plugin,0.90797776113926,0.9363636363636364,0.7951807228915663,0.8270775409329626,0.16666666666666666,0.9129476279127772,0.06060606060606061,6,990,
emb_tf-sapiens,26,3,gingiva,oral_normal_multisite,oral_scc,cell_pooled,0.9716055177305739,0.9801210025929127,0.9295774647887324,0.9371350051528684,0.0,1.0337816252804064,0.0,9,1157,
emb_tf-sapiens,26,3,gingiva,oral_normal_multisite,oral_scc,donor_weighted,0.9682712709049596,0.9775280898876404,0.9146341463414634,0.9265888010992785,0.0,1.0235278905093657,0.0,9,1157,
emb_tf-sapiens,26,3,gingiva,oral_normal_multisite,oral_scc,donor_crc,0.9985754985754985,0.9991356957649092,0.9871794871794872,0.9974358974358974,0.0,2.200115608225044,0.0,9,1157,
emb_tf-sapiens,26,3,gingiva,oral_normal_multisite,oral_scc,target_only_k,0.8922136923397797,0.9204840103716508,0.8076923076923077,0.8150595882990249,0.0,0.9070313462698967,0.06914433880726016,9,1157,
emb_tf-sapiens,26,3,gingiva,oral_normal_multisite,oral_scc,adaptive_crc,0.9745091510431672,0.9818496110630942,0.9390243902439024,0.9427344555135692,0.0,1.0476216661270548,0.0,9,1157,0.25
emb_tf-sapiens,26,3,gingiva,oral_normal_multisite,oral_scc,adaptive_plugin,0.9419922906779067,0.9593777009507347,0.8717948717948718,0.8842181292885518,0.0,0.9674831396347398,0.02247191011235955,9,1157,
emb_tf-sapiens,26,6,gingiva,oral_normal_multisite,oral_scc,cell_pooled,0.9724077236371779,0.9806949806949807,0.9390243902439024,0.9438711694809255,0.0,1.0368677555215797,0.0,6,777,
emb_tf-sapiens,26,6,gingiva,oral_normal_multisite,oral_scc,donor_weighted,0.9674063533987564,0.9768339768339769,0.9146341463414634,0.9316760475297061,0.0,1.0225909061244007,0.0,6,777,
emb_tf-sapiens,26,6,gingiva,oral_normal_multisite,oral_scc,donor_crc,0.9978632478632479,0.9987129987129987,0.9871794871794872,0.9935897435897436,0.0,2.2494717254790526,0.0,6,777,
emb_tf-sapiens,26,6,gingiva,oral_normal_multisite,oral_scc,target_only_k,0.877580911849122,0.9111969111969112,0.8076923076923077,0.8123827392120075,0.0,0.8888889113330828,0.08108108108108109,6,777,
emb_tf-sapiens,26,6,gingiva,oral_normal_multisite,oral_scc,adaptive_crc,0.9724077236371779,0.9806949806949807,0.9390243902439024,0.9438711694809255,0.0,1.0368677555215797,0.0,6,777,0.25
emb_tf-sapiens,26,6,gingiva,oral_normal_multisite,oral_scc,adaptive_plugin,0.9140999034997243,0.9395109395109396,0.8333333333333334,0.8373983739837398,0.0,0.9354106434605282,0.04504504504504504,6,777,
emb_tf-sapiens,27,3,gingiva,oral_normal_multisite,oral_scc,cell_pooled,0.9692303959766417,0.9771210676835081,0.9230769230769231,0.9358348968105066,0.0,1.0159860740255793,0.0,9,1049,
emb_tf-sapiens,27,3,gingiva,oral_normal_multisite,oral_scc,donor_weighted,0.9692303959766417,0.9771210676835081,0.9230769230769231,0.9358348968105066,0.0,1.0159860740255793,0.0,9,1049,
emb_tf-sapiens,27,3,gingiva,oral_normal_multisite,oral_scc,donor_crc,0.9978396634025773,0.998093422306959,0.9871794871794872,0.9921378841908643,0.0,2.158394804348515,0.0,9,1049,
emb_tf-sapiens,27,3,gingiva,oral_normal_multisite,oral_scc,target_only_k,0.8425723855998779,0.8579599618684461,0.6746987951807228,0.7659256745291023,0.2222222222222222,0.8486748632837987,0.1363203050524309,9,1049,
emb_tf-sapiens,27,3,gingiva,oral_normal_multisite,oral_scc,adaptive_crc,0.9788218156474032,0.9837940896091516,0.9487179487179487,0.9559407728421813,0.0,1.0543808234048198,0.0,9,1049,0.25
emb_tf-sapiens,27,3,gingiva,oral_normal_multisite,oral_scc,adaptive_plugin,0.9119113931062438,0.9246901811248809,0.8072289156626506,0.8383688600556071,0.0,0.9242070508434106,0.06482364156339371,9,1049,
emb_tf-sapiens,27,6,gingiva,oral_normal_multisite,oral_scc,cell_pooled,0.9740483562335491,0.9804741980474198,0.9230769230769231,0.9404117009750812,0.0,1.0109324743675436,0.0,6,717,
emb_tf-sapiens,27,6,gingiva,oral_normal_multisite,oral_scc,donor_weighted,0.9740483562335491,0.9804741980474198,0.9230769230769231,0.9404117009750812,0.0,1.0109324743675436,0.0,6,717,
emb_tf-sapiens,27,6,gingiva,oral_normal_multisite,oral_scc,donor_crc,0.996759495103866,0.99721059972106,0.9871794871794872,0.9902784853115979,0.0,2.0763953525082037,0.0,6,717,
emb_tf-sapiens,27,6,gingiva,oral_normal_multisite,oral_scc,target_only_k,0.9103082271759755,0.9191073919107392,0.8333333333333334,0.8532863849765258,0.0,0.9185338567375388,0.07252440725244072,6,717,
emb_tf-sapiens,27,6,gingiva,oral_normal_multisite,oral_scc,adaptive_crc,0.9783218605070534,0.9832635983263598,0.9487179487179487,0.953232213795594,0.0,1.0334189040417705,0.0,6,717,0.25
emb_tf-sapiens,27,6,gingiva,oral_normal_multisite,oral_scc,adaptive_plugin,0.9302452175501582,0.9414225941422594,0.8589743589743589,0.8731491513181654,0.0,0.9450917692256016,0.04602510460251046,6,717,
emb_tf-sapiens,28,3,gingiva,oral_normal_multisite,oral_scc,cell_pooled,0.9598909419384734,0.9666666666666667,0.9154929577464789,0.9208231424474994,0.0,1.0927016981431623,0.0,9,1260,
emb_tf-sapiens,28,3,gingiva,oral_normal_multisite,oral_scc,donor_weighted,0.9543922842996516,0.9626984126984127,0.9101796407185628,0.9144302943408956,0.0,1.0602461044447367,0.0,9,1260,
emb_tf-sapiens,28,3,gingiva,oral_normal_multisite,oral_scc,donor_crc,0.9816237401191807,0.9865079365079366,0.9295774647887324,0.9566472002748196,0.0,2.1313146404451513,0.0,9,1260,
emb_tf-sapiens,28,3,gingiva,oral_normal_multisite,oral_scc,target_only_k,0.8604111203729929,0.8682539682539683,0.7724550898203593,0.7742093278232267,0.2222222222222222,0.8804455360196984,0.11746031746031746,9,1260,
emb_tf-sapiens,28,3,gingiva,oral_normal_multisite,oral_scc,adaptive_crc,0.9598909419384734,0.9666666666666667,0.9154929577464789,0.9208231424474994,0.0,1.0912771967186612,0.0,9,1260,0.25
emb_tf-sapiens,28,3,gingiva,oral_normal_multisite,oral_scc,adaptive_plugin,0.9183431503461043,0.9293650793650794,0.8536585365853658,0.8557616474368336,0.0,0.9558097529247465,0.04126984126984127,9,1260,
emb_tf-sapiens,28,6,gingiva,oral_normal_multisite,oral_scc,cell_pooled,0.9673506098024176,0.966547192353644,0.9221556886227545,0.9412102946425032,0.0,1.0750458633294386,0.0,6,837,
emb_tf-sapiens,28,6,gingiva,oral_normal_multisite,oral_scc,donor_weighted,0.959102623344185,0.9605734767025089,0.9101796407185628,0.9294487947182557,0.0,1.0463388501668567,0.0,6,837,
emb_tf-sapiens,28,6,gingiva,oral_normal_multisite,oral_scc,donor_crc,0.9908875443068762,0.9904420549581839,0.9760479041916168,0.981613695685552,0.0,1.9598011186932665,0.0,6,837,
emb_tf-sapiens,28,6,gingiva,oral_normal_multisite,oral_scc,target_only_k,0.9189199617571563,0.9199522102747909,0.8502994011976048,0.8738676493167512,0.0,0.941493887654953,0.05854241338112306,6,837,
emb_tf-sapiens,28,6,gingiva,oral_normal_multisite,oral_scc,adaptive_crc,0.9652929966336933,0.965352449223417,0.9221556886227545,0.9412102946425032,0.0,1.0687986417112711,0.0,6,837,0.25
emb_tf-sapiens,28,6,gingiva,oral_normal_multisite,oral_scc,adaptive_plugin,0.9290737543492961,0.929510155316607,0.8562874251497006,0.8832719177030555,0.0,0.961824501972958,0.04062126642771804,6,837,
emb_tf-sapiens,29,3,gingiva,oral_normal_multisite,oral_scc,cell_pooled,0.9773777487565071,0.985209003215434,0.9154929577464789,0.9445443746818258,0.0,0.9921863827247006,0.0045016077170418,9,1555,
emb_tf-sapiens,29,3,gingiva,oral_normal_multisite,oral_scc,donor_weighted,0.9760176938582426,0.9839228295819936,0.9154929577464789,0.9445443746818258,0.0,0.990826327826436,0.005787781350482315,9,1555,
emb_tf-sapiens,29,3,gingiva,oral_normal_multisite,oral_scc,donor_crc,0.9988526421933339,0.9987138263665595,0.9933774834437086,0.9957125337257788,0.0,1.7099927464273224,0.0,9,1555,
emb_tf-sapiens,29,3,gingiva,oral_normal_multisite,oral_scc,target_only_k,0.9486186406968281,0.9614147909967846,0.8873239436619719,0.8907178007805872,0.0,0.953059578303868,0.03472668810289389,9,1555,
emb_tf-sapiens,29,3,gingiva,oral_normal_multisite,oral_scc,adaptive_crc,0.9816499529442275,0.9877813504823151,0.9295774647887324,0.9569998303071441,0.0,1.0043427033659644,0.0,9,1555,0.25
emb_tf-sapiens,29,3,gingiva,oral_normal_multisite,oral_scc,adaptive_plugin,0.9562702258892488,0.9684887459807074,0.8873239436619719,0.9003563549974546,0.0,0.9633031414679157,0.02572347266881029,9,1555,
emb_tf-sapiens,29,6,gingiva,oral_normal_multisite,oral_scc,cell_pooled,0.9681067054821574,0.9779179810725552,0.9154929577464789,0.9336500933310707,0.0,0.9882795740870508,0.007360672975814932,6,951,
emb_tf-sapiens,29,6,gingiva,oral_normal_multisite,oral_scc,donor_weighted,0.9681067054821574,0.9779179810725552,0.9154929577464789,0.9336500933310707,0.0,0.9882795740870508,0.007360672975814932,6,951,
emb_tf-sapiens,29,6,gingiva,oral_normal_multisite,oral_scc,donor_crc,0.9993827160493828,0.9989484752891693,0.9962962962962963,0.9981481481481482,0.0,1.8083693540108747,0.0,6,951,
emb_tf-sapiens,29,6,gingiva,oral_normal_multisite,oral_scc,target_only_k,0.865715906917908,0.8927444794952681,0.7349397590361446,0.7618360767011709,0.3333333333333333,0.8673311948605411,0.10515247108307045,6,951,
emb_tf-sapiens,29,6,gingiva,oral_normal_multisite,oral_scc,adaptive_crc,0.9701147376106715,0.9789695057833859,0.9154929577464789,0.939674189716613,0.0,0.9949824418963161,0.004206098843322818,6,951,0.25
emb_tf-sapiens,29,6,gingiva,oral_normal_multisite,oral_scc,adaptive_plugin,0.9076260518366861,0.9295478443743428,0.8169014084507042,0.8241133548277617,0.0,0.9112493719078335,0.06729758149316509,6,951,
emb_tf-exemplar-human,0,3,gingiva,oral_normal_multisite,oral_scc,cell_pooled,0.9815498147719612,0.9832402234636871,0.9602649006622517,0.9627846874495235,0.0,1.1021847549860126,0.0,9,1253,
emb_tf-exemplar-human,0,3,gingiva,oral_normal_multisite,oral_scc,donor_weighted,0.9793894781745384,0.9816440542697525,0.9536423841059603,0.9599592460519613,0.0,1.0649754164259757,0.0,9,1253,
emb_tf-exemplar-human,0,3,gingiva,oral_normal_multisite,oral_scc,donor_crc,1.0,1.0,1.0,1.0,0.0,2.7373876991589365,0.0,9,1253,
emb_tf-exemplar-human,0,3,gingiva,oral_normal_multisite,oral_scc,target_only_k,0.8581729316123426,0.8866719872306464,0.7435897435897436,0.7463083101637318,0.2222222222222222,0.8650737275511073,0.10694333599361533,9,1253,
emb_tf-exemplar-human,0,3,gingiva,oral_normal_multisite,oral_scc,adaptive_crc,0.9876279508951011,0.9888268156424581,0.9634146341463414,0.9661928606041028,0.0,1.1512707935665059,0.0,9,1253,0.25
emb_tf-exemplar-human,0,3,gingiva,oral_normal_multisite,oral_scc,adaptive_plugin,0.93568330737248,0.945730247406225,0.8589743589743589,0.9047290035313987,0.0,0.9550042734779208,0.03750997605746209,9,1253,
emb_tf-exemplar-human,0,6,gingiva,oral_normal_multisite,oral_scc,cell_pooled,0.9852718903395848,0.9879518072289156,0.9602649006622517,0.9618397674042966,0.0,1.0713446275666312,0.0,6,830,
emb_tf-exemplar-human,0,6,gingiva,oral_normal_multisite,oral_scc,donor_weighted,0.9841681375802028,0.9867469879518073,0.9536423841059603,0.9585285091261508,0.0,1.0465524136495337,0.0,6,830,
emb_tf-exemplar-human,0,6,gingiva,oral_normal_multisite,oral_scc,donor_crc,1.0,1.0,1.0,1.0,0.0,2.7635160315446154,0.0,6,830,
emb_tf-exemplar-human,0,6,gingiva,oral_normal_multisite,oral_scc,target_only_k,0.9326464798658022,0.9506024096385542,0.9012345679012346,0.9018367961457392,0.0,0.9484783422855992,0.03614457831325301,6,830,
emb_tf-exemplar-human,0,6,gingiva,oral_normal_multisite,oral_scc,adaptive_crc,0.9852718903395848,0.9879518072289156,0.9602649006622517,0.9618397674042966,0.0,1.0733526596951453,0.0,6,830,0.25
emb_tf-exemplar-human,0,6,gingiva,oral_normal_multisite,oral_scc,adaptive_plugin,0.9511410547702085,0.9626506024096385,0.9146341463414634,0.9208932321111291,0.0,0.9669729171900056,0.024096385542168676,6,830,
emb_tf-exemplar-human,1,3,gingiva,oral_normal_multisite,oral_scc,cell_pooled,0.979782619512345,0.9860041987403779,0.9436619718309859,0.9477067533405561,0.0,1.080836871300522,0.0,9,1429,
emb_tf-exemplar-human,1,3,gingiva,oral_normal_multisite,oral_scc,donor_weighted,0.9791172835176677,0.9853044086773968,0.9436619718309859,0.9477067533405561,0.0,1.0702588955793966,0.0,9,1429,
emb_tf-exemplar-human,1,3,gingiva,oral_normal_multisite,oral_scc,donor_crc,0.995650498450317,0.9972008397480756,0.9859154929577465,0.9869266883351391,0.0,2.065762654542657,0.0,9,1429,
emb_tf-exemplar-human,1,3,gingiva,oral_normal_multisite,oral_scc,target_only_k,0.9148176612762763,0.9349195241427571,0.8333333333333334,0.8427230046948356,0.0,0.9343697057692538,0.05178446466060182,9,1429,
emb_tf-exemplar-human,1,3,gingiva,oral_normal_multisite,oral_scc,adaptive_crc,0.979782619512345,0.9860041987403779,0.9436619718309859,0.9477067533405561,0.0,1.0929650458064704,0.0,9,1429,0.25
emb_tf-exemplar-human,1,3,gingiva,oral_normal_multisite,oral_scc,adaptive_plugin,0.9472205007682601,0.9594121763470959,0.8873239436619719,0.8954135066811123,0.0,0.973960594039607,0.02099370188943317,9,1429,
emb_tf-exemplar-human,1,6,gingiva,oral_normal_multisite,oral_scc,cell_pooled,0.9757756498779315,0.9832134292565947,0.9436619718309859,0.9461899602744672,0.0,1.085146418305196,0.0,6,834,
emb_tf-exemplar-human,1,6,gingiva,oral_normal_multisite,oral_scc,donor_weighted,0.9757756498779315,0.9832134292565947,0.9436619718309859,0.9461899602744672,0.0,1.0755040425848217,0.0,6,834,
emb_tf-exemplar-human,1,6,gingiva,oral_normal_multisite,oral_scc,donor_crc,0.9934757476754754,0.9952038369304557,0.9859154929577465,0.9865474900686169,0.0,1.9814847232097683,0.0,6,834,
emb_tf-exemplar-human,1,6,gingiva,oral_normal_multisite,oral_scc,target_only_k,0.8979327998326309,0.9280575539568345,0.8169014084507042,0.8251173708920188,0.0,0.9200203978179474,0.05635491606714628,6,834,
emb_tf-exemplar-human,1,6,gingiva,oral_normal_multisite,oral_scc,adaptive_crc,0.9757756498779315,0.9832134292565947,0.9436619718309859,0.9461899602744672,0.0,1.085146418305196,0.0,6,834,0.25
emb_tf-exemplar-human,1,6,gingiva,oral_normal_multisite,oral_scc,adaptive_plugin,0.9331736579046658,0.9520383693045563,0.8846153846153846,0.8859696641386783,0.0,0.9604710897515014,0.02877697841726619,6,834,
emb_tf-exemplar-human,2,3,gingiva,oral_normal_multisite,oral_scc,cell_pooled,0.9973717561943034,0.9972727272727273,0.9879518072289156,0.9927999422841064,0.0,2.0523587360598237,0.0,9,1100,
emb_tf-exemplar-human,2,3,gingiva,oral_normal_multisite,oral_scc,donor_weighted,0.9973717561943034,0.9972727272727273,0.9879518072289156,0.9927999422841064,0.0,1.9867964732954475,0.0,9,1100,
emb_tf-exemplar-human,2,3,gingiva,oral_normal_multisite,oral_scc,donor_crc,1.0,1.0,1.0,1.0,0.0,4.0,0.0,9,1100,
emb_tf-exemplar-human,2,3,gingiva,oral_normal_multisite,oral_scc,target_only_k,0.8135875532556958,0.84,0.6666666666666666,0.6730923694779116,0.3333333333333333,0.8209762124682045,0.15363636363636363,9,1100,
emb_tf-exemplar-human,2,3,gingiva,oral_normal_multisite,oral_scc,adaptive_crc,0.9973717561943034,0.9972727272727273,0.9879518072289156,0.9927999422841064,0.0,2.090907329054875,0.0,9,1100,0.25
emb_tf-exemplar-human,2,3,gingiva,oral_normal_multisite,oral_scc,adaptive_plugin,0.9280877814676433,0.9390909090909091,0.8589743589743589,0.8657707754093297,0.0,0.954508743609659,0.03909090909090909,9,1100,
emb_tf-exemplar-human,2,6,gingiva,oral_normal_multisite,oral_scc,cell_pooled,0.996057634291455,0.996547756041427,0.9879518072289156,0.9909818916384099,0.0,2.02728174374715,0.0,6,869,
emb_tf-exemplar-human,2,6,gingiva,oral_normal_multisite,oral_scc,donor_weighted,0.996057634291455,0.996547756041427,0.9879518072289156,0.9909818916384099,0.0,1.9679320575224974,0.0,6,869,
emb_tf-exemplar-human,2,6,gingiva,oral_normal_multisite,oral_scc,donor_crc,1.0,1.0,1.0,1.0,0.0,4.0,0.0,6,869,
emb_tf-exemplar-human,2,6,gingiva,oral_normal_multisite,oral_scc,target_only_k,0.9098362365775229,0.9228998849252014,0.8192771084337349,0.8497583146959093,0.0,0.9219172293883021,0.06789413118527042,6,869,
emb_tf-exemplar-human,2,6,gingiva,oral_normal_multisite,oral_scc,adaptive_crc,0.996057634291455,0.996547756041427,0.9879518072289156,0.9909818916384099,0.0,2.026226891426475,0.0,6,869,0.25
emb_tf-exemplar-human,2,6,gingiva,oral_normal_multisite,oral_scc,adaptive_plugin,0.9305460774767109,0.9413118527042578,0.8674698795180723,0.8843522237096535,0.0,0.9464340630435512,0.04487917146144994,6,869,
emb_tf-exemplar-human,3,3,gingiva,oral_normal_multisite,oral_scc,cell_pooled,0.9884201972159824,0.9913854989231874,0.971830985915493,0.9750890887493637,0.0,1.0415982929557968,0.0,9,1393,
emb_tf-exemplar-human,3,3,gingiva,oral_normal_multisite,oral_scc,donor_weighted,0.9863051969835648,0.9899497487437185,0.9577464788732394,0.9722721873409129,0.0,1.0289352218748935,0.0,9,1393,
emb_tf-exemplar-human,3,3,gingiva,oral_normal_multisite,oral_scc,donor_crc,0.9992641648270788,0.9992821249102656,0.9933774834437086,0.9986754966887417,0.0,1.577047516919992,0.0,9,1393,
emb_tf-exemplar-human,3,3,gingiva,oral_normal_multisite,oral_scc,target_only_k,0.9284358791561174,0.9490308686288585,0.8192771084337349,0.8399117597149159,0.0,0.9380527741291156,0.04379038047379756,9,1393,
emb_tf-exemplar-human,3,3,gingiva,oral_normal_multisite,oral_scc,adaptive_crc,0.9884201972159824,0.9913854989231874,0.971830985915493,0.9750890887493637,0.0,1.0435825675794046,0.0,9,1393,0.25
emb_tf-exemplar-human,3,3,gingiva,oral_normal_multisite,oral_scc,adaptive_plugin,0.9651616943391608,0.9741564967695621,0.9154929577464789,0.925267266248091,0.0,0.9788564973555958,0.015793251974156496,9,1393,
emb_tf-exemplar-human,3,6,gingiva,oral_normal_multisite,oral_scc,cell_pooled,0.9854878986574277,0.988009592326139,0.971830985915493,0.9738673001866622,0.0,1.0497595902829262,0.0,6,834,
emb_tf-exemplar-human,3,6,gingiva,oral_normal_multisite,oral_scc,donor_weighted,0.9831404808170521,0.986810551558753,0.9577464788732394,0.9668250466655354,0.0,1.032415148678073,0.0,6,834,
emb_tf-exemplar-human,3,6,gingiva,oral_normal_multisite,oral_scc,donor_crc,0.9988962472406181,0.9988009592326139,0.9933774834437086,0.9966887417218543,0.0,1.6736592793023313,0.0,6,834,
emb_tf-exemplar-human,3,6,gingiva,oral_normal_multisite,oral_scc,target_only_k,0.8718756842934888,0.8992805755395683,0.7469879518072289,0.7819446801289666,0.16666666666666666,0.8799922533197746,0.09352517985611511,6,834,
emb_tf-exemplar-human,3,6,gingiva,oral_normal_multisite,oral_scc,adaptive_crc,0.9854878986574277,0.988009592326139,0.971830985915493,0.9738673001866622,0.0,1.0497595902829262,0.0,6,834,0.25
emb_tf-exemplar-human,3,6,gingiva,oral_normal_multisite,oral_scc,adaptive_plugin,0.9338510913878402,0.9484412470023981,0.8732394366197183,0.8763787544544375,0.0,0.9454188310138835,0.04196642685851319,6,834,
emb_tf-exemplar-human,4,3,gingiva,oral_normal_multisite,oral_scc,cell_pooled,0.9834840058051717,0.9845201238390093,0.9719101123595506,0.9731899694917776,0.0,1.090209075081554,0.0,9,1292,
emb_tf-exemplar-human,4,3,gingiva,oral_normal_multisite,oral_scc,donor_weighted,0.9834840058051717,0.9845201238390093,0.9719101123595506,0.9731899694917776,0.0,1.090209075081554,0.0,9,1292,
emb_tf-exemplar-human,4,3,gingiva,oral_normal_multisite,oral_scc,donor_crc,0.9993757802746567,0.9992260061919505,0.9943820224719101,0.998876404494382,0.0,2.1826384305734177,0.0,9,1292,
emb_tf-exemplar-human,4,3,gingiva,oral_normal_multisite,oral_scc,target_only_k,0.7711643986265783,0.8010835913312694,0.6385542168674698,0.650787766450417,0.5555555555555556,0.7752181551606543,0.19582043343653252,9,1292,
emb_tf-exemplar-human,4,3,gingiva,oral_normal_multisite,oral_scc,adaptive_crc,0.987472310085431,0.9883900928792569,0.9719101123595506,0.9751049140381752,0.0,1.171428816973125,0.0,9,1292,0.25
emb_tf-exemplar-human,4,3,gingiva,oral_normal_multisite,oral_scc,adaptive_plugin,0.9347852609721661,0.9442724458204335,0.8589743589743589,0.9125356125356126,0.0,0.9524831428962717,0.039473684210526314,9,1292,
emb_tf-exemplar-human,4,6,gingiva,oral_normal_multisite,oral_scc,cell_pooled,0.9860364247526486,0.9884925201380897,0.9735099337748344,0.9747067741163329,0.0,1.0733316991804165,0.0,6,869,
emb_tf-exemplar-human,4,6,gingiva,oral_normal_multisite,oral_scc,donor_weighted,0.9860364247526486,0.9884925201380897,0.9735099337748344,0.9747067741163329,0.0,1.0733316991804165,0.0,6,869,
emb_tf-exemplar-human,4,6,gingiva,oral_normal_multisite,oral_scc,donor_crc,1.0,1.0,1.0,1.0,0.0,2.2420404948553085,0.0,6,869,
emb_tf-exemplar-human,4,6,gingiva,oral_normal_multisite,oral_scc,target_only_k,0.9042569999429091,0.9205983889528193,0.8674698795180723,0.870821032474268,0.0,0.9142341267539033,0.0713463751438435,6,869,
emb_tf-exemplar-human,4,6,gingiva,oral_normal_multisite,oral_scc,adaptive_crc,0.9900228731890056,0.9919447640966629,0.9759036144578314,0.9780180323944786,0.0,1.1075848178845675,0.0,6,869,0.25
emb_tf-exemplar-human,4,6,gingiva,oral_normal_multisite,oral_scc,adaptive_plugin,0.94094087394575,0.950517836593786,0.9146341463414634,0.9202800361336947,0.0,0.9577369591830344,0.03567318757192175,6,869,
emb_tf-exemplar-human,5,3,gingiva,oral_normal_multisite,oral_scc,cell_pooled,0.958955356447725,0.9706336939721792,0.9146341463414634,0.9213883677298312,0.0,1.0053499195249502,0.0,9,1294,
emb_tf-exemplar-human,5,3,gingiva,oral_normal_multisite,oral_scc,donor_weighted,0.9595795761730685,0.9714064914992272,0.9146341463414634,0.9213883677298312,0.0,1.007398640674795,0.0,9,1294,
emb_tf-exemplar-human,5,3,gingiva,oral_normal_multisite,oral_scc,donor_crc,0.9972368104898225,0.9984544049459042,0.9871794871794872,0.9877973432190299,0.0,2.3362978892774247,0.0,9,1294,
emb_tf-exemplar-human,5,3,gingiva,oral_normal_multisite,oral_scc,target_only_k,0.868924068651314,0.9049459041731066,0.7349397590361446,0.752116156935434,0.2222222222222222,0.8880271823422785,0.08114374034003091,9,1294,
emb_tf-exemplar-human,5,3,gingiva,oral_normal_multisite,oral_scc,adaptive_crc,0.962342765683246,0.972952086553323,0.9146341463414634,0.9316447779862415,0.0,1.0167090126637786,0.0,9,1294,0.25
emb_tf-exemplar-human,5,3,gingiva,oral_normal_multisite,oral_scc,adaptive_plugin,0.9001748516319721,0.9289026275115919,0.8076923076923077,0.8265987025023169,0.0,0.9208429105498536,0.05641421947449768,9,1294,
emb_tf-exemplar-human,5,6,gingiva,oral_normal_multisite,oral_scc,cell_pooled,0.9581879487973994,0.9712918660287081,0.9146341463414634,0.9271965912430209,0.0,1.0050630446424225,0.0,6,836,
emb_tf-exemplar-human,5,6,gingiva,oral_normal_multisite,oral_scc,donor_weighted,0.9581879487973994,0.9712918660287081,0.9146341463414634,0.9271965912430209,0.0,1.0050630446424225,0.0,6,836,
emb_tf-exemplar-human,5,6,gingiva,oral_normal_multisite,oral_scc,donor_crc,0.9979919678714859,0.9988038277511961,0.9879518072289156,0.9939759036144578,0.0,2.428384020201749,0.0,6,836,
emb_tf-exemplar-human,5,6,gingiva,oral_normal_multisite,oral_scc,target_only_k,0.8713501204493436,0.9078947368421053,0.7590361445783133,0.7880546576550103,0.16666666666666666,0.892530375303142,0.07775119617224881,6,836,
emb_tf-exemplar-human,5,6,gingiva,oral_normal_multisite,oral_scc,adaptive_crc,0.9601959809259134,0.972488038277512,0.9146341463414634,0.9291480590862247,0.0,1.010473346931987,0.0,6,836,0.25
emb_tf-exemplar-human,5,6,gingiva,oral_normal_multisite,oral_scc,adaptive_plugin,0.8943968241408524,0.9258373205741627,0.8192771084337349,0.8303702615339406,0.0,0.9155770789946508,0.05980861244019139,6,836,
emb_tf-exemplar-human,6,3,gingiva,oral_normal_multisite,oral_scc,cell_pooled,0.9898072963836724,0.9931926480599047,0.9577464788732394,0.9756552560395485,0.0,1.4873243417336346,0.0,9,1469,
emb_tf-exemplar-human,6,3,gingiva,oral_normal_multisite,oral_scc,donor_weighted,0.9878971864799071,0.9911504424778761,0.9577464788732394,0.9703572427945154,0.0,1.3494016234270496,0.0,9,1469,
emb_tf-exemplar-human,6,3,gingiva,oral_normal_multisite,oral_scc,donor_crc,1.0,1.0,1.0,1.0,0.0,4.0,0.0,9,1469,
emb_tf-exemplar-human,6,3,gingiva,oral_normal_multisite,oral_scc,target_only_k,0.946040251981255,0.9584751531654186,0.8732394366197183,0.9110717283835463,0.0,0.98582879448443,0.010211027910142955,9,1469,
emb_tf-exemplar-human,6,3,gingiva,oral_normal_multisite,oral_scc,adaptive_crc,0.9912463664370438,0.9945541184479237,0.9577464788732394,0.9809532692845817,0.0,1.541000701936599,0.0,9,1469,0.25
emb_tf-exemplar-human,6,3,gingiva,oral_normal_multisite,oral_scc,adaptive_plugin,0.9570815670429911,0.9673247106875426,0.8732394366197183,0.9216677548736125,0.0,1.0112345181761702,0.0,9,1469,
emb_tf-exemplar-human,6,6,gingiva,oral_normal_multisite,oral_scc,cell_pooled,0.9936258572726652,0.9947089947089947,0.9801324503311258,0.9840421287800207,0.0,1.5545598148586726,0.0,6,945,
emb_tf-exemplar-human,6,6,gingiva,oral_normal_multisite,oral_scc,donor_weighted,0.9916970220050323,0.9925925925925926,0.9735099337748344,0.980730870501875,0.0,1.3907807070190359,0.0,6,945,
emb_tf-exemplar-human,6,6,gingiva,oral_normal_multisite,oral_scc,donor_crc,1.0,1.0,1.0,1.0,0.0,4.0,0.0,6,945,
emb_tf-exemplar-human,6,6,gingiva,oral_normal_multisite,oral_scc,target_only_k,0.9419220383475867,0.9502645502645503,0.9072847682119205,0.9104325075627504,0.0,0.9726585205798952,0.022222222222222223,6,945,
emb_tf-exemplar-human,6,6,gingiva,oral_normal_multisite,oral_scc,adaptive_crc,0.9936258572726652,0.9947089947089947,0.9801324503311258,0.9840421287800207,0.0,1.5470417337332911,0.0,6,945,0.25
emb_tf-exemplar-human,6,6,gingiva,oral_normal_multisite,oral_scc,adaptive_plugin,0.951645587750971,0.9576719576719577,0.9205298013245033,0.9232278636252147,0.0,0.9834369223039547,0.013756613756613757,6,945,
emb_tf-exemplar-human,7,3,gingiva,oral_normal_multisite,oral_scc,cell_pooled,0.9703320095562087,0.9742857142857143,0.926829268292683,0.9535777741883379,0.0,1.0122508920943853,0.0,9,1400,
emb_tf-exemplar-human,7,3,gingiva,oral_normal_multisite,oral_scc,donor_weighted,0.9736712977299522,0.9771428571428571,0.9390243902439024,0.9600821057715527,0.0,1.0243712925528905,0.0,9,1400,
emb_tf-exemplar-human,7,3,gingiva,oral_normal_multisite,oral_scc,donor_crc,0.9978168998342457,0.9971428571428571,0.9925925925925926,0.9932205052734854,0.0,1.4710900345522404,0.0,9,1400,
emb_tf-exemplar-human,7,3,gingiva,oral_normal_multisite,oral_scc,target_only_k,0.9068532497068743,0.9314285714285714,0.7951807228915663,0.8224507787246547,0.1111111111111111,0.914281109699896,0.06142857142857143,9,1400,
emb_tf-exemplar-human,7,3,gingiva,oral_normal_multisite,oral_scc,adaptive_crc,0.9780674535260595,0.9814285714285714,0.9390243902439024,0.9640425018111567,0.0,1.043696975044224,0.0,9,1400,0.25
emb_tf-exemplar-human,7,3,gingiva,oral_normal_multisite,oral_scc,adaptive_plugin,0.9520466673951165,0.9621428571428572,0.9024390243902439,0.9292057535959976,0.0,0.9713808022163638,0.020714285714285713,9,1400,
emb_tf-exemplar-human,7,6,gingiva,oral_normal_multisite,oral_scc,cell_pooled,0.9692539675409529,0.9747416762342136,0.926829268292683,0.9435470844774674,0.0,1.0144668731210018,0.0,6,871,
emb_tf-exemplar-human,7,6,gingiva,oral_normal_multisite,oral_scc,donor_weighted,0.9723902406255384,0.9770378874856487,0.9390243902439024,0.9521854624486839,0.0,1.0259082126999604,0.0,6,871,
emb_tf-exemplar-human,7,6,gingiva,oral_normal_multisite,oral_scc,donor_crc,0.9988962472406181,0.9988518943742825,0.9933774834437086,0.9966887417218543,0.0,1.4759997348634555,0.0,6,871,
emb_tf-exemplar-human,7,6,gingiva,oral_normal_multisite,oral_scc,target_only_k,0.8690221456382666,0.904707233065442,0.7710843373493976,0.7940787540405525,0.16666666666666666,0.8740627657937954,0.09070034443168772,6,871,
emb_tf-exemplar-human,7,6,gingiva,oral_normal_multisite,oral_scc,adaptive_crc,0.976327108021685,0.9804822043628014,0.9390243902439024,0.9546607099734363,0.0,1.03805490501178,0.0,6,871,0.25
emb_tf-exemplar-human,7,6,gingiva,oral_normal_multisite,oral_scc,adaptive_plugin,0.9241414200122824,0.9460390355912744,0.8658536585365854,0.872685865412871,0.0,0.9358265601545188,0.04362801377726751,6,871,
emb_tf-exemplar-human,8,3,gingiva,oral_normal_multisite,oral_scc,cell_pooled,0.968661710801829,0.975705329153605,0.9436619718309859,0.9477067533405561,0.0,1.0171951840642717,0.0,9,1276,
emb_tf-exemplar-human,8,3,gingiva,oral_normal_multisite,oral_scc,donor_weighted,0.9699891654076224,0.9772727272727273,0.9436619718309859,0.9477067533405561,0.0,1.0254345211227702,0.0,9,1276,
emb_tf-exemplar-human,8,3,gingiva,oral_normal_multisite,oral_scc,donor_crc,0.9906576670140588,0.9937304075235109,0.9577464788732394,0.9710364752618273,0.0,1.416035183811342,0.0,9,1276,
emb_tf-exemplar-human,8,3,gingiva,oral_normal_multisite,oral_scc,target_only_k,0.9174314793131934,0.9357366771159875,0.8450704225352113,0.8616970113363105,0.0,0.9316222215464557,0.05329153605015674,9,1276,
emb_tf-exemplar-human,8,3,gingiva,oral_normal_multisite,oral_scc,adaptive_crc,0.9748762576676635,0.9804075235109718,0.9436619718309859,0.9579631635969664,0.0,1.046102629037586,0.0,9,1276,0.25
emb_tf-exemplar-human,8,3,gingiva,oral_normal_multisite,oral_scc,adaptive_plugin,0.9388551705331627,0.9537617554858934,0.8732394366197183,0.8868430092751631,0.0,0.9625783423981787,0.0274294670846395,9,1276,
emb_tf-exemplar-human,8,6,gingiva,oral_normal_multisite,oral_scc,cell_pooled,0.9677131213657576,0.9758507135016465,0.9436619718309859,0.9461899602744672,0.0,1.0200775704294998,0.0,6,911,
emb_tf-exemplar-human,8,6,gingiva,oral_normal_multisite,oral_scc,donor_weighted,0.9697043032744476,0.9780461031833151,0.9436619718309859,0.9461899602744672,0.0,1.026288829354595,0.0,6,911,
emb_tf-exemplar-human,8,6,gingiva,oral_normal_multisite,oral_scc,donor_crc,0.986811583029339,0.9923161361141603,0.9577464788732394,0.9660527266161069,0.0,1.3872213012416523,0.0,6,911,
emb_tf-exemplar-human,8,6,gingiva,oral_normal_multisite,oral_scc,target_only_k,0.9199265291501306,0.9407244785949506,0.8450704225352113,0.8584326471650415,0.0,0.9375299571583192,0.04720087815587267,6,911,
emb_tf-exemplar-human,8,6,gingiva,oral_normal_multisite,oral_scc,adaptive_crc,0.9708080560338296,0.9791437980241493,0.9436619718309859,0.9461899602744672,0.0,1.0429013694296119,0.0,6,911,0.25
emb_tf-exemplar-human,8,6,gingiva,oral_normal_multisite,oral_scc,adaptive_plugin,0.9273871110626702,0.9462129527991219,0.8591549295774648,0.8718851570964247,0.0,0.949118473116301,0.038419319429198684,6,911,
emb_tf-exemplar-human,9,3,gingiva,oral_normal_multisite,oral_scc,cell_pooled,0.9925062088218328,0.9932249322493225,0.9735099337748344,0.9812188406875512,0.0,1.3971462595227795,0.0,9,1476,
emb_tf-exemplar-human,9,3,gingiva,oral_normal_multisite,oral_scc,donor_weighted,0.9911675207361568,0.9925474254742548,0.9735099337748344,0.9812188406875512,0.0,1.3283304997471188,0.0,9,1476,
emb_tf-exemplar-human,9,3,gingiva,oral_normal_multisite,oral_scc,donor_crc,0.9993757802746567,0.9993224932249323,0.9943820224719101,0.998876404494382,0.0,2.4740217685836488,0.0,9,1476,
emb_tf-exemplar-human,9,3,gingiva,oral_normal_multisite,oral_scc,target_only_k,0.9514352103671199,0.9627371273712737,0.8717948717948718,0.9159320080668396,0.0,0.9793679562402622,0.014905149051490514,9,1476,
emb_tf-exemplar-human,9,3,gingiva,oral_normal_multisite,oral_scc,adaptive_crc,0.9925062088218328,0.9932249322493225,0.9735099337748344,0.9812188406875512,0.0,1.4491989904964977,0.0,9,1476,0.25
emb_tf-exemplar-human,9,3,gingiva,oral_normal_multisite,oral_scc,adaptive_plugin,0.9720342001000508,0.9776422764227642,0.9358974358974359,0.9582638245288848,0.0,1.021847429183618,0.0,9,1476,
emb_tf-exemplar-human,9,6,gingiva,oral_normal_multisite,oral_scc,cell_pooled,0.9919509176901765,0.9917098445595854,0.9735099337748344,0.9783280005952824,0.0,1.4273428291354573,0.0,6,965,
emb_tf-exemplar-human,9,6,gingiva,oral_normal_multisite,oral_scc,donor_weighted,0.9899428855616624,0.9906735751295337,0.9735099337748344,0.9783280005952824,0.0,1.351120556599916,0.0,6,965,
emb_tf-exemplar-human,9,6,gingiva,oral_normal_multisite,oral_scc,donor_crc,0.9990636704119851,0.9989637305699481,0.9943820224719101,0.997191011235955,0.0,2.459585070921562,0.0,6,965,
emb_tf-exemplar-human,9,6,gingiva,oral_normal_multisite,oral_scc,target_only_k,0.9382412738824236,0.9450777202072539,0.9036144578313253,0.9124813862190335,0.0,0.955796901384054,0.039378238341968914,6,965,
emb_tf-exemplar-human,9,6,gingiva,oral_normal_multisite,oral_scc,adaptive_crc,0.9919509176901765,0.9917098445595854,0.9735099337748344,0.9783280005952824,0.0,1.4243468491379572,0.0,6,965,0.25
emb_tf-exemplar-human,9,6,gingiva,oral_normal_multisite,oral_scc,adaptive_plugin,0.9527397462009014,0.9575129533678757,0.9269662921348315,0.9273385677541628,0.0,0.9797356950441539,0.017616580310880828,6,965,
emb_tf-exemplar-human,10,3,gingiva,oral_normal_multisite,oral_scc,cell_pooled,0.9808631706449502,0.987256371814093,0.9295774647887324,0.9551462621885157,0.0,1.0822975153537955,0.0,9,1334,
emb_tf-exemplar-human,10,3,gingiva,oral_normal_multisite,oral_scc,donor_weighted,0.9808631706449502,0.987256371814093,0.9295774647887324,0.9551462621885157,0.0,1.0809257732413124,0.0,9,1334,
emb_tf-exemplar-human,10,3,gingiva,oral_normal_multisite,oral_scc,donor_crc,0.9985754985754985,0.9992503748125937,0.9871794871794872,0.9974358974358974,0.0,2.32408713608629,0.0,9,1334,
emb_tf-exemplar-human,10,3,gingiva,oral_normal_multisite,oral_scc,target_only_k,0.8994094547134434,0.9257871064467766,0.8192771084337349,0.8202656780970033,0.0,0.9104738093594816,0.06671664167916042,9,1334,
emb_tf-exemplar-human,10,3,gingiva,oral_normal_multisite,oral_scc,adaptive_crc,0.9826758644462937,0.9895052473763118,0.9295774647887324,0.9551462621885157,0.0,1.1235233850288833,0.0,9,1334,0.25
emb_tf-exemplar-human,10,3,gingiva,oral_normal_multisite,oral_scc,adaptive_plugin,0.9436870398739923,0.9580209895052474,0.8974358974358975,0.9023787457522398,0.0,0.9708428466742878,0.022488755622188907,9,1334,
emb_tf-exemplar-human,10,6,gingiva,oral_normal_multisite,oral_scc,cell_pooled,0.9745253318526919,0.9840686274509803,0.9295774647887324,0.945557963163597,0.0,1.0738048152056023,0.0,6,816,
emb_tf-exemplar-human,10,6,gingiva,oral_normal_multisite,oral_scc,donor_weighted,0.9745253318526919,0.9840686274509803,0.9295774647887324,0.945557963163597,0.0,1.0738048152056023,0.0,6,816,
emb_tf-exemplar-human,10,6,gingiva,oral_normal_multisite,oral_scc,donor_crc,0.9978632478632479,0.9987745098039216,0.9871794871794872,0.9935897435897436,0.0,2.259347234032592,0.0,6,816,
emb_tf-exemplar-human,10,6,gingiva,oral_normal_multisite,oral_scc,target_only_k,0.8999902077964902,0.9350490196078431,0.8192771084337349,0.8198949644732777,0.0,0.9149714518229142,0.05514705882352941,6,816,
emb_tf-exemplar-human,10,6,gingiva,oral_normal_multisite,oral_scc,adaptive_crc,0.9756290846120738,0.9852941176470589,0.9295774647887324,0.945557963163597,0.0,1.0851424259435383,0.0,6,816,0.25
emb_tf-exemplar-human,10,6,gingiva,oral_normal_multisite,oral_scc,adaptive_plugin,0.9264856700675524,0.9522058823529411,0.8717948717948718,0.872517154207295,0.0,0.9425706668533582,0.03676470588235294,6,816,
emb_tf-exemplar-human,11,3,gingiva,oral_normal_multisite,oral_scc,cell_pooled,0.9789886726558323,0.982225656877898,0.9577464788732394,0.9675971999662646,0.0,1.0380890515328387,0.0,9,1294,
emb_tf-exemplar-human,11,3,gingiva,oral_normal_multisite,oral_scc,donor_weighted,0.9769399515059874,0.9806800618238022,0.9577464788732394,0.9607800650054171,0.0,1.0276267994867823,0.0,9,1294,
emb_tf-exemplar-human,11,3,gingiva,oral_normal_multisite,oral_scc,donor_crc,0.9944812650676023,0.9961360123647605,0.9859154929577465,0.9869266883351391,0.0,1.5995172154249548,0.0,9,1294,
emb_tf-exemplar-human,11,3,gingiva,oral_normal_multisite,oral_scc,target_only_k,0.854199320950483,0.8894899536321483,0.6987951807228916,0.7346308310163732,0.3333333333333333,0.8653940093262475,0.10200927357032458,9,1294,
emb_tf-exemplar-human,11,3,gingiva,oral_normal_multisite,oral_scc,adaptive_crc,0.9789886726558323,0.982225656877898,0.9577464788732394,0.9675971999662646,0.0,1.0465273732339246,0.0,9,1294,0.25
emb_tf-exemplar-human,11,3,gingiva,oral_normal_multisite,oral_scc,adaptive_plugin,0.9169208015828271,0.9381761978361669,0.8450704225352113,0.8459371614301192,0.0,0.9334215250747402,0.04868624420401855,9,1294,
emb_tf-exemplar-human,11,6,gingiva,oral_normal_multisite,oral_scc,cell_pooled,0.9827058837239284,0.984725050916497,0.9700598802395209,0.9722094272992476,0.0,1.0426729893600524,0.0,6,982,
emb_tf-exemplar-human,11,6,gingiva,oral_normal_multisite,oral_scc,donor_weighted,0.9796328019991614,0.9826883910386965,0.9615384615384616,0.9657991708889913,0.0,1.0293270291313434,0.0,6,982,
emb_tf-exemplar-human,11,6,gingiva,oral_normal_multisite,oral_scc,donor_crc,0.9940693154417789,0.9959266802443992,0.9871794871794872,0.9874921826141339,0.0,1.535342464457571,0.0,6,982,
emb_tf-exemplar-human,11,6,gingiva,oral_normal_multisite,oral_scc,target_only_k,0.9014266917815905,0.924643584521385,0.782051282051282,0.831145401504683,0.16666666666666666,0.9139358869123922,0.06415478615071284,6,982,
emb_tf-exemplar-human,11,6,gingiva,oral_normal_multisite,oral_scc,adaptive_crc,0.9827058837239284,0.984725050916497,0.9700598802395209,0.9722094272992476,0.0,1.0426729893600524,0.0,6,982,0.25
emb_tf-exemplar-human,11,6,gingiva,oral_normal_multisite,oral_scc,adaptive_plugin,0.9255025291862129,0.9439918533604889,0.8461538461538461,0.8721787194841086,0.0,0.9401484764537668,0.04378818737270876,6,982,
emb_tf-exemplar-human,12,3,gingiva,oral_normal_multisite,oral_scc,cell_pooled,0.963546264388274,0.9724310776942355,0.9146341463414634,0.9265888010992785,0.0,1.0082798462350693,0.0,9,1197,
emb_tf-exemplar-human,12,3,gingiva,oral_normal_multisite,oral_scc,donor_weighted,0.9676811960109346,0.974937343358396,0.9146341463414634,0.9265888010992785,0.0,1.0273420276431384,0.0,9,1197,
emb_tf-exemplar-human,12,3,gingiva,oral_normal_multisite,oral_scc,donor_crc,0.9877249635727041,0.9916457811194653,0.9436619718309859,0.969220199244246,0.0,1.686225551389591,0.0,9,1197,
emb_tf-exemplar-human,12,3,gingiva,oral_normal_multisite,oral_scc,target_only_k,0.8567687710518029,0.8897243107769424,0.7590361445783133,0.7761974728181017,0.3333333333333333,0.868337804459181,0.10192147034252297,9,1197,
emb_tf-exemplar-human,12,3,gingiva,oral_normal_multisite,oral_scc,adaptive_crc,0.9728435785328746,0.9799498746867168,0.926829268292683,0.9290278254895225,0.0,1.0415609746602472,0.0,9,1197,0.25
emb_tf-exemplar-human,12,3,gingiva,oral_normal_multisite,oral_scc,adaptive_plugin,0.9111401620250574,0.9323308270676691,0.8450704225352113,0.8519409137753349,0.0,0.9348509112704109,0.050960735171261484,9,1197,
emb_tf-exemplar-human,12,6,gingiva,oral_normal_multisite,oral_scc,cell_pooled,0.9645215945152206,0.9730337078651685,0.9146341463414634,0.9363589893383963,0.0,1.0060365604377492,0.0,6,890,
emb_tf-exemplar-human,12,6,gingiva,oral_normal_multisite,oral_scc,donor_weighted,0.968587239812459,0.9752808988764045,0.9146341463414634,0.9363589893383963,0.0,1.02117732261847,0.0,6,890,
emb_tf-exemplar-human,12,6,gingiva,oral_normal_multisite,oral_scc,donor_crc,0.9931138688573107,0.9943820224719101,0.975609756097561,0.9818168540966847,0.0,1.6949128082677107,0.0,6,890,
emb_tf-exemplar-human,12,6,gingiva,oral_normal_multisite,oral_scc,target_only_k,0.8931421644609077,0.9168539325842696,0.8192771084337349,0.8242727005583308,0.0,0.9081224692100704,0.07191011235955057,6,890,
emb_tf-exemplar-human,12,6,gingiva,oral_normal_multisite,oral_scc,adaptive_crc,0.9715932759329889,0.9775280898876404,0.9146341463414634,0.9393530013144443,0.0,1.028014477367781,0.0,6,890,0.25
emb_tf-exemplar-human,12,6,gingiva,oral_normal_multisite,oral_scc,adaptive_plugin,0.9229036910772092,0.9415730337078652,0.8536585365853658,0.8726124008228033,0.0,0.9458046433022486,0.04157303370786517,6,890,
emb_tf-exemplar-human,13,3,gingiva,oral_normal_multisite,oral_scc,cell_pooled,0.9597877405860691,0.9605704697986577,0.9154929577464789,0.9208231424474994,0.0,1.0120400204116666,0.0,9,1192,
emb_tf-exemplar-human,13,3,gingiva,oral_normal_multisite,oral_scc,donor_weighted,0.9597877405860691,0.9605704697986577,0.9154929577464789,0.9208231424474994,0.0,1.0120400204116666,0.0,9,1192,
emb_tf-exemplar-human,13,3,gingiva,oral_normal_multisite,oral_scc,donor_crc,0.9887693600146257,0.9890939597315436,0.9577464788732394,0.9675971999662646,0.0,1.6499578960455092,0.0,9,1192,
emb_tf-exemplar-human,13,3,gingiva,oral_normal_multisite,oral_scc,target_only_k,0.8450492598813488,0.8615771812080537,0.7469879518072289,0.7852950262588816,0.2222222222222222,0.8519223759536682,0.13003355704697986,9,1192,
emb_tf-exemplar-human,13,3,gingiva,oral_normal_multisite,oral_scc,adaptive_crc,0.9638419970006866,0.964765100671141,0.9154929577464789,0.9351943999325293,0.0,1.0268131589670797,0.0,9,1192,0.25
emb_tf-exemplar-human,13,3,gingiva,oral_normal_multisite,oral_scc,adaptive_plugin,0.9186959676692256,0.9286912751677853,0.8674698795180723,0.8776855926700816,0.0,0.9376530964673719,0.05201342281879195,9,1192,
emb_tf-exemplar-human,13,6,gingiva,oral_normal_multisite,oral_scc,cell_pooled,0.9629224962128763,0.9664739884393063,0.9154929577464789,0.9354692511504672,0.0,1.0066909613763697,0.0,6,865,
emb_tf-exemplar-human,13,6,gingiva,oral_normal_multisite,oral_scc,donor_weighted,0.9629224962128763,0.9664739884393063,0.9154929577464789,0.9354692511504672,0.0,1.0066909613763697,0.0,6,865,
emb_tf-exemplar-human,13,6,gingiva,oral_normal_multisite,oral_scc,donor_crc,0.9902808121187706,0.991907514450867,0.9577464788732394,0.9733176838810642,0.0,1.665643610647675,0.0,6,865,
emb_tf-exemplar-human,13,6,gingiva,oral_normal_multisite,oral_scc,target_only_k,0.9070959790328467,0.922543352601156,0.8192771084337349,0.8321737654844731,0.0,0.9202351776684119,0.06358381502890173,6,865,
emb_tf-exemplar-human,13,6,gingiva,oral_normal_multisite,oral_scc,adaptive_crc,0.9629224962128763,0.9664739884393063,0.9154929577464789,0.9354692511504672,0.0,1.0157789216333253,0.0,6,865,0.25
emb_tf-exemplar-human,13,6,gingiva,oral_normal_multisite,oral_scc,adaptive_plugin,0.937278075613794,0.9468208092485549,0.8873239436619719,0.8954692007466486,0.0,0.9573795588972293,0.03352601156069364,6,865,
emb_tf-exemplar-human,14,3,gingiva,oral_normal_multisite,oral_scc,cell_pooled,0.9732393012574333,0.9829234972677595,0.9230769230769231,0.9395449620801734,0.0,1.0021150002324175,0.001366120218579235,9,1464,
emb_tf-exemplar-human,14,3,gingiva,oral_normal_multisite,oral_scc,donor_weighted,0.9728277786236885,0.98224043715847,0.9230769230769231,0.9395449620801734,0.0,0.9995884773662552,0.001366120218579235,9,1464,
emb_tf-exemplar-human,14,3,gingiva,oral_normal_multisite,oral_scc,donor_crc,0.9982284224679905,0.9979508196721312,0.9933774834437086,0.9941811146662698,0.0,1.542141646946149,0.0,9,1464,
emb_tf-exemplar-human,14,3,gingiva,oral_normal_multisite,oral_scc,target_only_k,0.9478839648415234,0.9651639344262295,0.8461538461538461,0.8790899241603467,0.0,0.9570784631150703,0.028005464480874317,9,1464,
emb_tf-exemplar-human,14,3,gingiva,oral_normal_multisite,oral_scc,adaptive_crc,0.9768585900619073,0.985655737704918,0.9358974358974359,0.9421090646442759,0.0,1.0108595880583993,0.0,9,1464,0.25
emb_tf-exemplar-human,14,3,gingiva,oral_normal_multisite,oral_scc,adaptive_plugin,0.9539406549869311,0.9692622950819673,0.8717948717948718,0.8842181292885518,0.0,0.9661245999118966,0.022540983606557378,9,1464,
emb_tf-exemplar-human,14,6,gingiva,oral_normal_multisite,oral_scc,cell_pooled,0.964089499784885,0.9766584766584766,0.9230769230769231,0.9333694474539544,0.0,1.0023474178403757,0.0012285012285012285,6,814,
emb_tf-exemplar-human,14,6,gingiva,oral_normal_multisite,oral_scc,donor_weighted,0.964089499784885,0.9766584766584766,0.9230769230769231,0.9333694474539544,0.0,1.0,0.0012285012285012285,6,814,
emb_tf-exemplar-human,14,6,gingiva,oral_normal_multisite,oral_scc,donor_crc,0.9988962472406181,0.9987714987714987,0.9933774834437086,0.9966887417218543,0.0,1.5206174056693031,0.0,6,814,
emb_tf-exemplar-human,14,6,gingiva,oral_normal_multisite,oral_scc,target_only_k,0.9104176650642889,0.9398034398034398,0.8333333333333334,0.8392018779342723,0.0,0.9146827837517771,0.056511056511056514,6,814,
emb_tf-exemplar-human,14,6,gingiva,oral_normal_multisite,oral_scc,adaptive_crc,0.964089499784885,0.9766584766584766,0.9230769230769231,0.9333694474539544,0.0,1.0023474178403757,0.0012285012285012285,6,814,0.25
emb_tf-exemplar-human,14,6,gingiva,oral_normal_multisite,oral_scc,adaptive_plugin,0.9246975904406914,0.9508599508599509,0.8333333333333334,0.8532863849765258,0.0,0.9310994612649316,0.044226044226044224,6,814,
emb_tf-exemplar-human,15,3,gingiva,oral_normal_multisite,oral_scc,cell_pooled,0.9899843687126041,0.9914712153518124,0.9743589743589743,0.9750698146737751,0.0,1.0711680815538458,0.0,9,1407,
emb_tf-exemplar-human,15,3,gingiva,oral_normal_multisite,oral_scc,donor_weighted,0.9858331116254843,0.9893390191897654,0.9615384615384616,0.9725057121096725,0.0,1.0572173294905896,0.0,9,1407,
emb_tf-exemplar-human,15,3,gingiva,oral_normal_multisite,oral_scc,donor_crc,0.9960625357589787,0.9971570717839374,0.9871794871794872,0.9877973432190299,0.0,1.596208792076501,0.0,9,1407,
emb_tf-exemplar-human,15,3,gingiva,oral_normal_multisite,oral_scc,target_only_k,0.9232120883217702,0.9424307036247335,0.8072289156626506,0.8383688600556071,0.0,0.9303773988787439,0.051883439943141436,9,1407,
emb_tf-exemplar-human,15,3,gingiva,oral_normal_multisite,oral_scc,adaptive_crc,0.9899843687126041,0.9914712153518124,0.9743589743589743,0.9750698146737751,0.0,1.0874982831798945,0.0,9,1407,0.25
emb_tf-exemplar-human,15,3,gingiva,oral_normal_multisite,oral_scc,adaptive_plugin,0.9576863950958844,0.9680170575692963,0.9024390243902439,0.9189493433395873,0.0,0.9730534391843203,0.02061122956645345,9,1407,
emb_tf-exemplar-human,15,6,gingiva,oral_normal_multisite,oral_scc,cell_pooled,0.9933754698836647,0.9952198852772467,0.9759036144578314,0.9847872502668904,0.0,1.0609220407471118,0.0,6,1046,
emb_tf-exemplar-human,15,6,gingiva,oral_normal_multisite,oral_scc,donor_weighted,0.9913429495584613,0.994263862332696,0.9759036144578314,0.981854246253306,0.0,1.0501139472477095,0.0,6,1046,
emb_tf-exemplar-human,15,6,gingiva,oral_normal_multisite,oral_scc,donor_crc,0.997055638283471,0.9980879541108987,0.9879518072289156,0.9911669148504129,0.0,1.6161028884523068,0.0,6,1046,
emb_tf-exemplar-human,15,6,gingiva,oral_normal_multisite,oral_scc,target_only_k,0.9241839387081611,0.9474187380497132,0.7951807228915663,0.8427123126652953,0.16666666666666666,0.9281831527453651,0.0497131931166348,6,1046,
emb_tf-exemplar-human,15,6,gingiva,oral_normal_multisite,oral_scc,adaptive_crc,0.9933754698836647,0.9952198852772467,0.9759036144578314,0.9847872502668904,0.0,1.0671090024933894,0.0,6,1046,0.25
emb_tf-exemplar-human,15,6,gingiva,oral_normal_multisite,oral_scc,adaptive_plugin,0.9521472650514315,0.9674952198852772,0.891566265060241,0.8970026447252424,0.0,0.9608043154929703,0.02676864244741874,6,1046,
emb_tf-exemplar-human,16,3,gingiva,oral_normal_multisite,oral_scc,cell_pooled,0.9944736209796451,0.9965899403239556,0.9743589743589743,0.9755946864380599,0.0,1.403943114335245,0.0,9,1173,
emb_tf-exemplar-human,16,3,gingiva,oral_normal_multisite,oral_scc,donor_weighted,0.993134932893969,0.9957374254049446,0.963855421686747,0.9722582638245288,0.0,1.3437155132908396,0.0,9,1173,
emb_tf-exemplar-human,16,3,gingiva,oral_normal_multisite,oral_scc,donor_crc,1.0,1.0,1.0,1.0,0.0,2.7954433907958434,0.0,9,1173,
emb_tf-exemplar-human,16,3,gingiva,oral_normal_multisite,oral_scc,target_only_k,0.8431685694722003,0.8832054560954816,0.6867469879518072,0.721964782205746,0.3333333333333333,0.8514581380027327,0.11167945439045183,9,1173,
emb_tf-exemplar-human,16,3,gingiva,oral_normal_multisite,oral_scc,adaptive_crc,0.9958981224041464,0.9974424552429667,0.9759036144578314,0.984924312635156,0.0,1.425915800550047,0.0,9,1173,0.25
emb_tf-exemplar-human,16,3,gingiva,oral_normal_multisite,oral_scc,adaptive_plugin,0.9381257443314881,0.9556692242114238,0.8333333333333334,0.8765258215962441,0.0,0.9491293700065425,0.03665814151747655,9,1173,
emb_tf-exemplar-human,16,6,gingiva,oral_normal_multisite,oral_scc,cell_pooled,1.0,1.0,1.0,1.0,0.0,1.3170244260438315,0.0,6,845,
emb_tf-exemplar-human,16,6,gingiva,oral_normal_multisite,oral_scc,donor_weighted,1.0,1.0,1.0,1.0,0.0,1.2600068618195304,0.0,6,845,
emb_tf-exemplar-human,16,6,gingiva,oral_normal_multisite,oral_scc,donor_crc,1.0,1.0,1.0,1.0,0.0,2.7728339844183227,0.0,6,845,
emb_tf-exemplar-human,16,6,gingiva,oral_normal_multisite,oral_scc,target_only_k,0.9375024995151526,0.9573964497041421,0.8732394366197183,0.8878392305049811,0.0,0.9375024995151526,0.04260355029585799,6,845,
emb_tf-exemplar-human,16,6,gingiva,oral_normal_multisite,oral_scc,adaptive_crc,1.0,1.0,1.0,1.0,0.0,1.3081745861874718,0.0,6,845,0.25
emb_tf-exemplar-human,16,6,gingiva,oral_normal_multisite,oral_scc,adaptive_plugin,0.9657988875738637,0.9763313609467456,0.9154929577464789,0.9392279603547209,0.0,0.9667352171618786,0.022485207100591716,6,845,
emb_tf-exemplar-human,17,3,gingiva,oral_normal_multisite,oral_scc,cell_pooled,0.9844030455861686,0.9850885368126747,0.971830985915493,0.973853376670278,0.0,1.0366906550550106,0.0,9,1073,
emb_tf-exemplar-human,17,3,gingiva,oral_normal_multisite,oral_scc,donor_weighted,0.9838529905806682,0.9841565703634669,0.9702970297029703,0.9715241946729885,0.0,1.0312409587528852,0.0,9,1073,
emb_tf-exemplar-human,17,3,gingiva,oral_normal_multisite,oral_scc,donor_crc,0.9985754985754985,0.9990680335507922,0.9871794871794872,0.9974358974358974,0.0,1.7152236371629015,0.0,9,1073,
emb_tf-exemplar-human,17,3,gingiva,oral_normal_multisite,oral_scc,target_only_k,0.7932812125966926,0.8108108108108109,0.6506024096385542,0.7273035805192601,0.5555555555555556,0.7965416592051164,0.18546132339235788,9,1073,
emb_tf-exemplar-human,17,3,gingiva,oral_normal_multisite,oral_scc,adaptive_crc,0.9863542717592679,0.9878844361602982,0.971830985915493,0.973853376670278,0.0,1.051717693258874,0.0,9,1073,0.25
emb_tf-exemplar-human,17,3,gingiva,oral_normal_multisite,oral_scc,adaptive_plugin,0.8984782027785718,0.9105312208760484,0.7951807228915663,0.8359592215013901,0.1111111111111111,0.9028387593979966,0.08387698042870456,9,1073,
emb_tf-exemplar-human,17,6,gingiva,oral_normal_multisite,oral_scc,cell_pooled,0.9835069095787681,0.9826839826839827,0.9743589743589743,0.9748032495557248,0.0,1.037877930461142,0.0,6,693,
emb_tf-exemplar-human,17,6,gingiva,oral_normal_multisite,oral_scc,donor_weighted,0.9826818270705173,0.9812409812409812,0.9702970297029703,0.9723280020309724,0.0,1.0320508038483294,0.0,6,693,
emb_tf-exemplar-human,17,6,gingiva,oral_normal_multisite,oral_scc,donor_crc,0.9978632478632479,0.9985569985569985,0.9871794871794872,0.9935897435897436,0.0,1.7612915478731725,0.0,6,693,
emb_tf-exemplar-human,17,6,gingiva,oral_normal_multisite,oral_scc,target_only_k,0.8268095572786062,0.8383838383838383,0.7228915662650602,0.7652919369786839,0.16666666666666666,0.8314215569401108,0.15584415584415584,6,693,
emb_tf-exemplar-human,17,6,gingiva,oral_normal_multisite,oral_scc,adaptive_crc,0.9835069095787681,0.9826839826839827,0.9743589743589743,0.9748032495557248,0.0,1.038703012969393,0.0,6,693,0.25
emb_tf-exemplar-human,17,6,gingiva,oral_normal_multisite,oral_scc,adaptive_plugin,0.8633586258827372,0.873015873015873,0.7710843373493976,0.8022088353413654,0.16666666666666666,0.8679706255442419,0.12121212121212122,6,693,
emb_tf-exemplar-human,18,3,gingiva,oral_normal_multisite,oral_scc,cell_pooled,0.94278885938925,0.9542097488921714,0.8846153846153846,0.90931744312026,0.0,1.0229434008507476,0.0,9,1354,
emb_tf-exemplar-human,18,3,gingiva,oral_normal_multisite,oral_scc,donor_weighted,0.9475988066049577,0.9586410635155096,0.8974358974358975,0.9118815456843626,0.0,1.0292250184122982,0.0,9,1354,
emb_tf-exemplar-human,18,3,gingiva,oral_normal_multisite,oral_scc,donor_crc,0.9904032264921118,0.9918759231905465,0.9735099337748344,0.9834343811211641,0.0,1.8433851186381913,0.0,9,1354,
emb_tf-exemplar-human,18,3,gingiva,oral_normal_multisite,oral_scc,target_only_k,0.8181398559359286,0.8545051698670606,0.6746987951807228,0.6990423231387087,0.3333333333333333,0.8389039827408338,0.12998522895125553,9,1354,
emb_tf-exemplar-human,18,3,gingiva,oral_normal_multisite,oral_scc,adaptive_crc,0.9518778089763971,0.9615952732644018,0.9102564102564102,0.9242199567500772,0.0,1.0481985875610198,0.0,9,1354,0.25
emb_tf-exemplar-human,18,3,gingiva,oral_normal_multisite,oral_scc,adaptive_plugin,0.8887430487425951,0.9135893648449039,0.782051282051282,0.8270689390449869,0.1111111111111111,0.9214507507021819,0.060561299852289516,9,1354,
emb_tf-exemplar-human,18,6,gingiva,oral_normal_multisite,oral_scc,cell_pooled,0.9577981908250623,0.9649464459591042,0.9161676646706587,0.9219392540220763,0.0,1.0212266843054605,0.0,6,1027,
emb_tf-exemplar-human,18,6,gingiva,oral_normal_multisite,oral_scc,donor_weighted,0.9610037003358421,0.9678675754625121,0.9221556886227545,0.9249332659981242,0.0,1.026639699335004,0.0,6,1027,
emb_tf-exemplar-human,18,6,gingiva,oral_normal_multisite,oral_scc,donor_crc,0.991961668891325,0.9931840311587147,0.9735099337748344,0.980730870501875,0.0,1.855138111624304,0.0,6,1027,
emb_tf-exemplar-human,18,6,gingiva,oral_normal_multisite,oral_scc,target_only_k,0.9127735065472345,0.9318403115871471,0.844311377245509,0.8558906283817906,0.0,0.941435429470166,0.045764362220058426,6,1027,
emb_tf-exemplar-human,18,6,gingiva,oral_normal_multisite,oral_scc,adaptive_crc,0.9620017043278581,0.9688412852969815,0.927710843373494,0.9279272779741721,0.0,1.0353146445509234,0.0,6,1027,0.25
emb_tf-exemplar-human,18,6,gingiva,oral_normal_multisite,oral_scc,adaptive_plugin,0.918392834602414,0.9367088607594937,0.8622754491017964,0.8708967606954765,0.0,0.9501545182687591,0.0379746835443038,6,1027,
emb_tf-exemplar-human,19,3,gingiva,oral_normal_multisite,oral_scc,cell_pooled,0.9980370921889806,0.9986541049798116,0.9879518072289156,0.9930959794233112,0.0,1.6230139496082803,0.0,9,1486,
emb_tf-exemplar-human,19,3,gingiva,oral_normal_multisite,oral_scc,donor_weighted,0.9980370921889806,0.9986541049798116,0.9879518072289156,0.9930959794233112,0.0,1.5276651335284497,0.0,9,1486,
emb_tf-exemplar-human,19,3,gingiva,oral_normal_multisite,oral_scc,donor_crc,1.0,1.0,1.0,1.0,0.0,3.084648029945096,0.0,9,1486,
emb_tf-exemplar-human,19,3,gingiva,oral_normal_multisite,oral_scc,target_only_k,0.934469706579487,0.9468371467025573,0.8732394366197183,0.8879008993721365,0.0,0.947043478638719,0.04172274562584118,9,1486,
emb_tf-exemplar-human,19,3,gingiva,oral_normal_multisite,oral_scc,adaptive_crc,0.9980370921889806,0.9986541049798116,0.9879518072289156,0.9930959794233112,0.0,1.6673726227833094,0.0,9,1486,0.25
emb_tf-exemplar-human,19,3,gingiva,oral_normal_multisite,oral_scc,adaptive_plugin,0.9584049124170397,0.9663526244952894,0.9036144578313253,0.9178015432516583,0.0,0.9814019566622202,0.013458950201884253,9,1486,
emb_tf-exemplar-human,19,6,gingiva,oral_normal_multisite,oral_scc,cell_pooled,0.9979919678714859,0.9990338164251208,0.9879518072289156,0.9939759036144578,0.0,1.6246934984034798,0.0,6,1035,
emb_tf-exemplar-human,19,6,gingiva,oral_normal_multisite,oral_scc,donor_weighted,0.9979919678714859,0.9990338164251208,0.9879518072289156,0.9939759036144578,0.0,1.5134020674978708,0.0,6,1035,
emb_tf-exemplar-human,19,6,gingiva,oral_normal_multisite,oral_scc,donor_crc,1.0,1.0,1.0,1.0,0.0,3.1829819464300297,0.0,6,1035,
emb_tf-exemplar-human,19,6,gingiva,oral_normal_multisite,oral_scc,target_only_k,0.9417366523009041,0.9536231884057971,0.891566265060241,0.8918909169612582,0.0,0.9510929970845491,0.03864734299516908,6,1035,
emb_tf-exemplar-human,19,6,gingiva,oral_normal_multisite,oral_scc,adaptive_crc,0.9979919678714859,0.9990338164251208,0.9879518072289156,0.9939759036144578,0.0,1.6033724108073286,0.0,6,1035,0.25
emb_tf-exemplar-human,19,6,gingiva,oral_normal_multisite,oral_scc,adaptive_plugin,0.9576904330519813,0.9681159420289855,0.891566265060241,0.9188370247456894,0.0,0.9690996341483172,0.022222222222222223,6,1035,
emb_tf-exemplar-human,20,3,gingiva,oral_normal_multisite,oral_scc,cell_pooled,0.9756867860415047,0.9806918744971842,0.9436619718309859,0.9516463016509654,0.0,1.3095351790153138,0.0,9,1243,
emb_tf-exemplar-human,20,3,gingiva,oral_normal_multisite,oral_scc,donor_weighted,0.9750625663161612,0.9798873692679002,0.9436619718309859,0.9516463016509654,0.0,1.2105526136385176,0.0,9,1243,
emb_tf-exemplar-human,20,3,gingiva,oral_normal_multisite,oral_scc,donor_crc,0.9979041099288142,0.997586484312148,0.9867549668874173,0.9928566113550116,0.0,2.7914829835360297,0.0,9,1243,
emb_tf-exemplar-human,20,3,gingiva,oral_normal_multisite,oral_scc,target_only_k,0.8562722648819642,0.8857602574416734,0.7692307692307693,0.770713623725672,0.2222222222222222,0.8825930837209705,0.09332260659694289,9,1243,
emb_tf-exemplar-human,20,3,gingiva,oral_normal_multisite,oral_scc,adaptive_crc,0.9756867860415047,0.9806918744971842,0.9436619718309859,0.9516463016509654,0.0,1.295782081613426,0.0,9,1243,0.25
emb_tf-exemplar-human,20,3,gingiva,oral_normal_multisite,oral_scc,adaptive_plugin,0.9192174143254201,0.9356395816572808,0.8589743589743589,0.8657707754093297,0.0,0.9613259569384542,0.030571198712791632,9,1243,
emb_tf-exemplar-human,20,6,gingiva,oral_normal_multisite,oral_scc,cell_pooled,0.9747925095997892,0.9749652294853964,0.9536423841059603,0.957590422822211,0.0,1.369340725238408,0.0,6,719,
emb_tf-exemplar-human,20,6,gingiva,oral_normal_multisite,oral_scc,donor_weighted,0.9747925095997892,0.9749652294853964,0.9536423841059603,0.957590422822211,0.0,1.242717812543693,0.0,6,719,
emb_tf-exemplar-human,20,6,gingiva,oral_normal_multisite,oral_scc,donor_crc,0.9977924944812363,0.9972183588317107,0.9867549668874173,0.9933774834437086,0.0,2.708405281626487,0.0,6,719,
emb_tf-exemplar-human,20,6,gingiva,oral_normal_multisite,oral_scc,target_only_k,0.8339272126322349,0.8497913769123783,0.7692307692307693,0.7701575532900835,0.3333333333333333,0.8602734511771818,0.12517385257301808,6,719,
emb_tf-exemplar-human,20,6,gingiva,oral_normal_multisite,oral_scc,adaptive_crc,0.9747925095997892,0.9749652294853964,0.9536423841059603,0.957590422822211,0.0,1.3034319455645749,0.0,6,719,0.25
emb_tf-exemplar-human,20,6,gingiva,oral_normal_multisite,oral_scc,adaptive_plugin,0.89022409723973,0.8998609179415855,0.8433734939759037,0.8447636700648748,0.0,0.9332670072754725,0.0584144645340751,6,719,
emb_tf-exemplar-human,21,3,gingiva,oral_normal_multisite,oral_scc,cell_pooled,0.9789851862048283,0.9823008849557522,0.9295774647887324,0.9661135127597267,0.0,1.0036528712154358,0.0007374631268436578,9,1356,
emb_tf-exemplar-human,21,3,gingiva,oral_normal_multisite,oral_scc,donor_weighted,0.9770106297748264,0.9808259587020649,0.9295774647887324,0.9621531167201227,0.0,1.001678314785434,0.0007374631268436578,9,1356,
emb_tf-exemplar-human,21,3,gingiva,oral_normal_multisite,oral_scc,donor_crc,0.9955204968497995,0.995575221238938,0.9871794871794872,0.9878550591125441,0.0,1.4392162570144926,0.0,9,1356,
emb_tf-exemplar-human,21,3,gingiva,oral_normal_multisite,oral_scc,target_only_k,0.9075134395425086,0.9247787610619469,0.8169014084507042,0.8197905381003973,0.0,0.9141079429251268,0.06932153392330384,9,1356,
emb_tf-exemplar-human,21,3,gingiva,oral_normal_multisite,oral_scc,adaptive_crc,0.9832624344653286,0.9852507374631269,0.9577464788732394,0.9717473155766281,0.0,1.0120275617756254,0.0,9,1356,0.25
emb_tf-exemplar-human,21,3,gingiva,oral_normal_multisite,oral_scc,adaptive_plugin,0.9339416912199844,0.9491150442477876,0.8333333333333334,0.8539906103286384,0.0,0.9410862496081028,0.04424778761061947,9,1356,
emb_tf-exemplar-human,21,6,gingiva,oral_normal_multisite,oral_scc,cell_pooled,0.9755822607647056,0.9810526315789474,0.9295774647887324,0.9524124947706039,0.0,1.004481302831138,0.0010526315789473684,6,950,
emb_tf-exemplar-human,21,6,gingiva,oral_normal_multisite,oral_scc,donor_weighted,0.9726204261197026,0.9789473684210527,0.9295774647887324,0.9499372472458514,0.0,1.001519468186135,0.0010526315789473684,6,950,
emb_tf-exemplar-human,21,6,gingiva,oral_normal_multisite,oral_scc,donor_crc,0.9952767532587313,0.9957894736842106,0.9871794871794872,0.9886392485402387,0.0,1.449023094214683,0.0,6,950,
emb_tf-exemplar-human,21,6,gingiva,oral_normal_multisite,oral_scc,target_only_k,0.8967614670214178,0.92,0.8169014084507042,0.8187071144817624,0.0,0.9023097962709375,0.07473684210526316,6,950,
emb_tf-exemplar-human,21,6,gingiva,oral_normal_multisite,oral_scc,adaptive_crc,0.9790334313644631,0.9831578947368421,0.9436619718309859,0.9594547482917306,0.0,1.0100692255676476,0.0010526315789473684,6,950,0.25
emb_tf-exemplar-human,21,6,gingiva,oral_normal_multisite,oral_scc,adaptive_plugin,0.9160657880032183,0.9378947368421052,0.8333333333333334,0.8392018779342723,0.0,0.9239615350931135,0.05578947368421053,6,950,
emb_tf-exemplar-human,22,3,gingiva,oral_normal_multisite,oral_scc,cell_pooled,0.9939022511752105,0.9941002949852508,0.9801324503311258,0.9847588844324223,0.0,1.5431213225345886,0.0,9,1356,
emb_tf-exemplar-human,22,3,gingiva,oral_normal_multisite,oral_scc,donor_weighted,0.9939022511752105,0.9941002949852508,0.9801324503311258,0.9847588844324223,0.0,1.5431213225345886,0.0,9,1356,
emb_tf-exemplar-human,22,3,gingiva,oral_normal_multisite,oral_scc,donor_crc,1.0,1.0,1.0,1.0,0.0,4.0,0.0,9,1356,
emb_tf-exemplar-human,22,3,gingiva,oral_normal_multisite,oral_scc,target_only_k,0.8863159921134173,0.9004424778761062,0.782051282051282,0.8222785198833104,0.1111111111111111,0.8973284058819573,0.08775811209439528,9,1356,
emb_tf-exemplar-human,22,3,gingiva,oral_normal_multisite,oral_scc,adaptive_crc,0.9954671964021274,0.9948377581120944,0.9801324503311258,0.9870377260212814,0.0,1.7952933901117478,0.0,9,1356,0.25
emb_tf-exemplar-human,22,3,gingiva,oral_normal_multisite,oral_scc,adaptive_plugin,0.9219965415854552,0.9351032448377581,0.8461538461538461,0.856554712892741,0.0,0.9502978414670401,0.04056047197640118,9,1356,
emb_tf-exemplar-human,22,6,gingiva,oral_normal_multisite,oral_scc,cell_pooled,0.9908533767628155,0.9912854030501089,0.9801324503311258,0.9830239716444362,0.0,1.573824572841702,0.0,6,918,
emb_tf-exemplar-human,22,6,gingiva,oral_normal_multisite,oral_scc,donor_weighted,0.9908533767628155,0.9912854030501089,0.9801324503311258,0.9830239716444362,0.0,1.573824572841702,0.0,6,918,
emb_tf-exemplar-human,22,6,gingiva,oral_normal_multisite,oral_scc,donor_crc,1.0,1.0,1.0,1.0,0.0,4.0,0.0,6,918,
emb_tf-exemplar-human,22,6,gingiva,oral_normal_multisite,oral_scc,target_only_k,0.8862843875791713,0.8965141612200436,0.8450704225352113,0.847684911866408,0.0,0.8969063864373772,0.0915032679738562,6,918,
emb_tf-exemplar-human,22,6,gingiva,oral_normal_multisite,oral_scc,adaptive_crc,0.993200794603191,0.9923747276688453,0.9801324503311258,0.984448247637473,0.0,1.7319252945488817,0.0,6,918,0.25
emb_tf-exemplar-human,22,6,gingiva,oral_normal_multisite,oral_scc,adaptive_plugin,0.9069803265418664,0.9161220043572985,0.8591549295774648,0.8696972252677744,0.0,0.92911389729896,0.06318082788671024,6,918,
emb_tf-exemplar-human,23,3,gingiva,oral_normal_multisite,oral_scc,cell_pooled,0.9971866153223963,0.9978463747307968,0.9859154929577465,0.9881943345466054,0.0,1.693338688089628,0.0,9,1393,
emb_tf-exemplar-human,23,3,gingiva,oral_normal_multisite,oral_scc,donor_weighted,0.9964507801494751,0.9971284996410624,0.9859154929577465,0.9881943345466054,0.0,1.5280423174928182,0.0,9,1393,
emb_tf-exemplar-human,23,3,gingiva,oral_normal_multisite,oral_scc,donor_crc,0.9993757802746567,0.9992821249102656,0.9943820224719101,0.998876404494382,0.0,2.751628111644775,0.0,9,1393,
emb_tf-exemplar-human,23,3,gingiva,oral_normal_multisite,oral_scc,target_only_k,0.9364921428708003,0.9504666188083274,0.8450704225352113,0.9001399123216118,0.0,0.947781848039305,0.038765254845656856,9,1393,
emb_tf-exemplar-human,23,3,gingiva,oral_normal_multisite,oral_scc,adaptive_crc,0.9971866153223963,0.9978463747307968,0.9859154929577465,0.9881943345466054,0.0,1.6667976459247076,0.0,9,1393,0.25
emb_tf-exemplar-human,23,3,gingiva,oral_normal_multisite,oral_scc,adaptive_plugin,0.9678484449919524,0.9755922469490309,0.9014084507042254,0.930843487893654,0.0,0.9903925430760593,0.006460875807609476,9,1393,
emb_tf-exemplar-human,23,6,gingiva,oral_normal_multisite,oral_scc,cell_pooled,0.99812734082397,0.9979296066252588,0.9887640449438202,0.9943820224719101,0.0,1.7467514180014587,0.0,6,966,
emb_tf-exemplar-human,23,6,gingiva,oral_normal_multisite,oral_scc,donor_weighted,0.9970235880645881,0.9968944099378882,0.9887640449438202,0.9910707641937644,0.0,1.544365104941482,0.0,6,966,
emb_tf-exemplar-human,23,6,gingiva,oral_normal_multisite,oral_scc,donor_crc,0.9990636704119851,0.9989648033126294,0.9943820224719101,0.997191011235955,0.0,2.7285554389403717,0.0,6,966,
emb_tf-exemplar-human,23,6,gingiva,oral_normal_multisite,oral_scc,target_only_k,0.935992210231119,0.9399585921325052,0.9006622516556292,0.9025783168390505,0.0,0.9440412925409424,0.051759834368530024,6,966,
emb_tf-exemplar-human,23,6,gingiva,oral_normal_multisite,oral_scc,adaptive_crc,0.9970235880645881,0.9968944099378882,0.9887640449438202,0.9910707641937644,0.0,1.6384509997365706,0.0,6,966,0.25
emb_tf-exemplar-human,23,6,gingiva,oral_normal_multisite,oral_scc,adaptive_plugin,0.9588723629235721,0.9616977225672878,0.9269662921348315,0.9369930798422501,0.0,0.9753321620119837,0.021739130434782608,6,966,
emb_tf-exemplar-human,24,3,gingiva,oral_normal_multisite,oral_scc,cell_pooled,0.9962599975643196,0.9961330239752514,0.9851485148514851,0.9867732927138868,0.0,1.1389936263227691,0.0,9,1293,
emb_tf-exemplar-human,24,3,gingiva,oral_normal_multisite,oral_scc,donor_weighted,0.9909838452376223,0.9922660479505027,0.9743589743589743,0.9755946864380599,0.0,1.0979307800719438,0.0,9,1293,
emb_tf-exemplar-human,24,3,gingiva,oral_normal_multisite,oral_scc,donor_crc,0.9980254435699981,0.9984532095901005,0.9871794871794872,0.9934755013962935,0.0,1.98735531188797,0.0,9,1293,
emb_tf-exemplar-human,24,3,gingiva,oral_normal_multisite,oral_scc,target_only_k,0.8682417969810506,0.8994586233565351,0.7590361445783133,0.7715255387748176,0.3333333333333333,0.8702163534110525,0.09899458623356536,9,1293,
emb_tf-exemplar-human,24,3,gingiva,oral_normal_multisite,oral_scc,adaptive_crc,0.9962599975643196,0.9961330239752514,0.9851485148514851,0.9867732927138868,0.0,1.1471051946031032,0.0,9,1293,0.25
emb_tf-exemplar-human,24,3,gingiva,oral_normal_multisite,oral_scc,adaptive_plugin,0.921893041353949,0.94276875483372,0.8433734939759037,0.8455977757182577,0.0,0.9291437501106484,0.051817478731631866,9,1293,
emb_tf-exemplar-human,24,6,gingiva,oral_normal_multisite,oral_scc,cell_pooled,0.9953880003384953,0.9953757225433526,0.9851485148514851,0.9861640010154862,0.0,1.1301853601882983,0.0,6,865,
emb_tf-exemplar-human,24,6,gingiva,oral_normal_multisite,oral_scc,donor_weighted,0.9924261656934924,0.9930635838150289,0.9743589743589743,0.9772784970804773,0.0,1.099464432797374,0.0,6,865,
emb_tf-exemplar-human,24,6,gingiva,oral_normal_multisite,oral_scc,donor_crc,0.9970381653549971,0.9976878612716763,0.9871794871794872,0.9911144960649911,0.0,1.9218997113991054,0.0,6,865,
emb_tf-exemplar-human,24,6,gingiva,oral_normal_multisite,oral_scc,target_only_k,0.8928619597517531,0.9260115606936417,0.7948717948717948,0.7988443481401228,0.16666666666666666,0.8958237943967561,0.07167630057803469,6,865,
emb_tf-exemplar-human,24,6,gingiva,oral_normal_multisite,oral_scc,adaptive_crc,0.9924261656934924,0.9930635838150289,0.9743589743589743,0.9772784970804773,0.0,1.1173706644542059,0.0,6,865,0.25
emb_tf-exemplar-human,24,6,gingiva,oral_normal_multisite,oral_scc,adaptive_plugin,0.9256512482216359,0.9491329479768786,0.8461538461538461,0.8526543878656554,0.0,0.9315749175116418,0.046242774566473986,6,865,
emb_tf-exemplar-human,25,3,gingiva,oral_normal_multisite,oral_scc,cell_pooled,0.973653472206591,0.980561555075594,0.926829268292683,0.9468116367910667,0.0,1.0109224561627683,0.0,9,1389,
emb_tf-exemplar-human,25,3,gingiva,oral_normal_multisite,oral_scc,donor_weighted,0.9740649948403358,0.9812814974802015,0.926829268292683,0.9468116367910667,0.0,1.0143853938549374,0.0,9,1389,
emb_tf-exemplar-human,25,3,gingiva,oral_normal_multisite,oral_scc,donor_crc,0.9981639759417538,0.9985601151907847,0.9871794871794872,0.9944729344729345,0.0,1.8436027170131173,0.0,9,1389,
emb_tf-exemplar-human,25,3,gingiva,oral_normal_multisite,oral_scc,target_only_k,0.8587490719747328,0.8884089272858171,0.6987951807228916,0.7756564720420142,0.2222222222222222,0.8639785634968049,0.10727141828653708,9,1389,
emb_tf-exemplar-human,25,3,gingiva,oral_normal_multisite,oral_scc,adaptive_crc,0.9817162702684096,0.986321094312455,0.9634146341463414,0.9637672641786659,0.0,1.032644536676507,0.0,9,1389,0.25
emb_tf-exemplar-human,25,3,gingiva,oral_normal_multisite,oral_scc,adaptive_plugin,0.9231525145142181,0.9402447804175667,0.8461538461538461,0.8535681186283596,0.0,0.9316094372131428,0.05327573794096472,9,1389,
emb_tf-exemplar-human,25,6,gingiva,oral_normal_multisite,oral_scc,cell_pooled,0.9689046969174967,0.9787878787878788,0.926829268292683,0.9393182486041728,0.0,1.0132839235007385,0.0,6,990,
emb_tf-exemplar-human,25,6,gingiva,oral_normal_multisite,oral_scc,donor_weighted,0.969521980868114,0.9797979797979798,0.926829268292683,0.9393182486041728,0.0,1.0174803260469762,0.0,6,990,
emb_tf-exemplar-human,25,6,gingiva,oral_normal_multisite,oral_scc,donor_crc,0.9972459639126307,0.997979797979798,0.9871794871794872,0.9917378917378918,0.0,1.8761564894229628,0.0,6,990,
emb_tf-exemplar-human,25,6,gingiva,oral_normal_multisite,oral_scc,target_only_k,0.8834763364846121,0.9222222222222223,0.7710843373493976,0.7957985789311091,0.16666666666666666,0.8890634872087463,0.07373737373737374,6,990,
emb_tf-exemplar-human,25,6,gingiva,oral_normal_multisite,oral_scc,adaptive_crc,0.9735625333218314,0.9818181818181818,0.9390243902439024,0.9514399059653247,0.0,1.029834935227915,0.0,6,990,0.25
emb_tf-exemplar-human,25,6,gingiva,oral_normal_multisite,oral_scc,adaptive_plugin,0.9070775488754674,0.9373737373737374,0.8313253012048193,0.8323293172690763,0.0,0.9154978142363666,0.05656565656565657,6,990,
emb_tf-exemplar-human,26,3,gingiva,oral_normal_multisite,oral_scc,cell_pooled,0.9634279613725385,0.9714779602420052,0.9230769230769231,0.9282773564463705,0.0,1.0246816992791963,0.0,9,1157,
emb_tf-exemplar-human,26,3,gingiva,oral_normal_multisite,oral_scc,donor_weighted,0.9592402704378595,0.9688850475367329,0.8974358974358975,0.9231491513181654,0.0,1.0192455688938307,0.0,9,1157,
emb_tf-exemplar-human,26,3,gingiva,oral_normal_multisite,oral_scc,donor_crc,0.995650498450317,0.996542783059637,0.9859154929577465,0.9869266883351391,0.0,1.9641380591449495,0.0,9,1157,
emb_tf-exemplar-human,26,3,gingiva,oral_normal_multisite,oral_scc,target_only_k,0.8774594967838374,0.9049265341400173,0.7435897435897436,0.7909714698447093,0.1111111111111111,0.8979278003898948,0.07951598962834917,9,1157,
emb_tf-exemplar-human,26,3,gingiva,oral_normal_multisite,oral_scc,adaptive_crc,0.9682034381850015,0.9749351771823682,0.9295774647887324,0.9346334416756952,0.0,1.0463342356089553,0.0,9,1157,0.25
emb_tf-exemplar-human,26,3,gingiva,oral_normal_multisite,oral_scc,adaptive_plugin,0.9203858450159852,0.9386343993085566,0.8205128205128205,0.8514265077645359,0.0,0.9508273932808482,0.037165082108902334,9,1157,
emb_tf-exemplar-human,26,6,gingiva,oral_normal_multisite,oral_scc,cell_pooled,0.963501547816977,0.9716859716859717,0.9230769230769231,0.9374420759962929,0.0,1.0257119856762604,0.0,6,777,
emb_tf-exemplar-human,26,6,gingiva,oral_normal_multisite,oral_scc,donor_weighted,0.9572200114149587,0.9678249678249679,0.8974358974358975,0.9185974667902379,0.0,1.017557790098212,0.0,6,777,
emb_tf-exemplar-human,26,6,gingiva,oral_normal_multisite,oral_scc,donor_crc,0.9969269182752329,0.9974259974259975,0.9871794871794872,0.9907807548256986,0.0,2.0248931093315665,0.0,6,777,
emb_tf-exemplar-human,26,6,gingiva,oral_normal_multisite,oral_scc,target_only_k,0.8759536200174133,0.9086229086229086,0.7435897435897436,0.7995057151683658,0.16666666666666666,0.8963025636272274,0.07593307593307594,6,777,
emb_tf-exemplar-human,26,6,gingiva,oral_normal_multisite,oral_scc,adaptive_crc,0.9665746295417442,0.9742599742599742,0.9358974358974359,0.9438523324065493,0.0,1.03376194944276,0.0,6,777,0.25
emb_tf-exemplar-human,26,6,gingiva,oral_normal_multisite,oral_scc,adaptive_plugin,0.9041525616331278,0.9292149292149292,0.7948717948717948,0.8432190299660178,0.16666666666666666,0.9305189486842379,0.05019305019305019,6,777,
emb_tf-exemplar-human,27,3,gingiva,oral_normal_multisite,oral_scc,cell_pooled,0.9691885162086249,0.9733079122974261,0.9358974358974359,0.9486252703120173,0.0,1.020209969148211,0.0,9,1049,
emb_tf-exemplar-human,27,3,gingiva,oral_normal_multisite,oral_scc,donor_weighted,0.9691885162086249,0.9733079122974261,0.9358974358974359,0.9486252703120173,0.0,1.020209969148211,0.0,9,1049,
emb_tf-exemplar-human,27,3,gingiva,oral_normal_multisite,oral_scc,donor_crc,0.9978396634025773,0.998093422306959,0.9871794871794872,0.9921378841908643,0.0,2.136506425561417,0.0,9,1049,
emb_tf-exemplar-human,27,3,gingiva,oral_normal_multisite,oral_scc,target_only_k,0.7798011163601901,0.8036224976167778,0.6385542168674698,0.6713005869632376,0.5555555555555556,0.791518258255141,0.18589132507149667,9,1049,
emb_tf-exemplar-human,27,3,gingiva,oral_normal_multisite,oral_scc,adaptive_crc,0.9767570653207169,0.9799809342230696,0.9518072289156626,0.956558628881724,0.0,1.0506961645528812,0.0,9,1049,0.25
emb_tf-exemplar-human,27,3,gingiva,oral_normal_multisite,oral_scc,adaptive_plugin,0.8701740872550505,0.888465204957102,0.7692307692307693,0.7803521779425394,0.2222222222222222,0.8841215103715958,0.09914204003813155,9,1049,
emb_tf-exemplar-human,27,6,gingiva,oral_normal_multisite,oral_scc,cell_pooled,0.9688739554534481,0.9735006973500697,0.9358974358974359,0.9468219573853376,0.0,1.0242418809433957,0.0,6,717,
emb_tf-exemplar-human,27,6,gingiva,oral_normal_multisite,oral_scc,donor_weighted,0.9688739554534481,0.9735006973500697,0.9358974358974359,0.9468219573853376,0.0,1.0242418809433957,0.0,6,717,
emb_tf-exemplar-human,27,6,gingiva,oral_normal_multisite,oral_scc,donor_crc,0.996759495103866,0.99721059972106,0.9871794871794872,0.9902784853115979,0.0,2.0457431136483453,0.0,6,717,
emb_tf-exemplar-human,27,6,gingiva,oral_normal_multisite,oral_scc,target_only_k,0.8856883134682096,0.905160390516039,0.7564102564102564,0.8007403394727338,0.16666666666666666,0.89655682344825,0.08507670850767085,6,717,
emb_tf-exemplar-human,27,6,gingiva,oral_normal_multisite,oral_scc,adaptive_crc,0.9730018894988902,0.9776847977684798,0.9487179487179487,0.953232213795594,0.0,1.0454497885903888,0.0,6,717,0.25
emb_tf-exemplar-human,27,6,gingiva,oral_normal_multisite,oral_scc,adaptive_plugin,0.9038855071864308,0.9218967921896792,0.782051282051282,0.8206031058143735,0.16666666666666666,0.917101435006847,0.06694560669456066,6,717,
emb_tf-exemplar-human,28,3,gingiva,oral_normal_multisite,oral_scc,cell_pooled,0.9629041936712189,0.9682539682539683,0.926829268292683,0.9290278254895225,0.0,1.063255471818874,0.0,9,1260,
emb_tf-exemplar-human,28,3,gingiva,oral_normal_multisite,oral_scc,donor_weighted,0.9601938020682957,0.9658730158730159,0.926829268292683,0.9290278254895225,0.0,1.0381800079091623,0.0,9,1260,
emb_tf-exemplar-human,28,3,gingiva,oral_normal_multisite,oral_scc,donor_crc,0.9902725407624572,0.9928571428571429,0.9436619718309859,0.9743611368811672,0.0,2.255533838044366,0.0,9,1260,
emb_tf-exemplar-human,28,3,gingiva,oral_normal_multisite,oral_scc,target_only_k,0.8779676691155195,0.8936507936507937,0.8170731707317073,0.8198248905565978,0.0,0.8968192715233678,0.08888888888888889,9,1260,
emb_tf-exemplar-human,28,3,gingiva,oral_normal_multisite,oral_scc,adaptive_crc,0.9629041936712189,0.9682539682539683,0.926829268292683,0.9290278254895225,0.0,1.0625196366459528,0.0,9,1260,0.25
emb_tf-exemplar-human,28,3,gingiva,oral_normal_multisite,oral_scc,adaptive_plugin,0.9270968045707038,0.9388888888888889,0.8846153846153846,0.8867822318526544,0.0,0.9601500003791992,0.03253968253968254,9,1260,
emb_tf-exemplar-human,28,6,gingiva,oral_normal_multisite,oral_scc,cell_pooled,0.9707576374623951,0.970131421744325,0.9536423841059603,0.957590422822211,0.0,1.0586680850137034,0.0,6,837,
emb_tf-exemplar-human,28,6,gingiva,oral_normal_multisite,oral_scc,donor_weighted,0.9666920500580102,0.966547192353644,0.9470198675496688,0.9478689081338088,0.0,1.030734435866356,0.0,6,837,
emb_tf-exemplar-human,28,6,gingiva,oral_normal_multisite,oral_scc,donor_crc,0.9947984825051884,0.994026284348865,0.9820359281437125,0.984395447515565,0.0,2.082997734474508,0.0,6,837,
emb_tf-exemplar-human,28,6,gingiva,oral_normal_multisite,oral_scc,target_only_k,0.9029484073962774,0.910394265232975,0.8205128205128205,0.8443881467833563,0.0,0.9220187050640501,0.06929510155316607,6,837,
emb_tf-exemplar-human,28,6,gingiva,oral_normal_multisite,oral_scc,adaptive_crc,0.9699325549541441,0.9689366786140979,0.9536423841059603,0.957590422822211,0.0,1.046332658207781,0.0,6,837,0.25
emb_tf-exemplar-human,28,6,gingiva,oral_normal_multisite,oral_scc,adaptive_plugin,0.9264531645696907,0.9330943847072879,0.8589743589743589,0.881582987870413,0.0,0.9524669884627904,0.03942652329749104,6,837,
emb_tf-exemplar-human,29,3,gingiva,oral_normal_multisite,oral_scc,cell_pooled,0.9841292670098937,0.9884244372990354,0.9518072289156626,0.967826234515527,0.0,1.004108430128402,0.0,9,1555,
emb_tf-exemplar-human,29,3,gingiva,oral_normal_multisite,oral_scc,donor_weighted,0.9821252429295401,0.9871382636655949,0.9397590361445783,0.96541659596131,0.0,1.0002917122467052,0.0006430868167202572,9,1555,
emb_tf-exemplar-human,29,3,gingiva,oral_normal_multisite,oral_scc,donor_crc,0.9992641648270788,0.9993569131832798,0.9933774834437086,0.9986754966887417,0.0,2.5644904543335074,0.0,9,1555,
emb_tf-exemplar-human,29,3,gingiva,oral_normal_multisite,oral_scc,target_only_k,0.9481327959553144,0.9646302250803859,0.8450704225352113,0.8726285423383675,0.0,0.9576928884900329,0.028938906752411574,9,1555,
emb_tf-exemplar-human,29,3,gingiva,oral_normal_multisite,oral_scc,adaptive_crc,0.986429532734815,0.9903536977491961,0.963855421686747,0.9702358730697438,0.0,1.018166732873084,0.0,9,1555,0.25
emb_tf-exemplar-human,29,3,gingiva,oral_normal_multisite,oral_scc,adaptive_plugin,0.9677551731398663,0.9781350482315112,0.9014084507042254,0.9224503648396403,0.0,0.9806603044103738,0.012861736334405145,9,1555,
emb_tf-exemplar-human,29,6,gingiva,oral_normal_multisite,oral_scc,cell_pooled,0.9815452411403829,0.9863301787592008,0.9518072289156626,0.9618191074155777,0.0,1.005058892433221,0.0,6,951,
emb_tf-exemplar-human,29,6,gingiva,oral_normal_multisite,oral_scc,donor_weighted,0.978539205019853,0.9842271293375394,0.9397590361445783,0.9557950110300357,0.0,1.000437568370058,0.0010515247108307045,6,951,
emb_tf-exemplar-human,29,6,gingiva,oral_normal_multisite,oral_scc,donor_crc,1.0,1.0,1.0,1.0,0.0,2.6016134343994444,0.0,6,951,
emb_tf-exemplar-human,29,6,gingiva,oral_normal_multisite,oral_scc,target_only_k,0.9022685034303003,0.9284963196635121,0.7710843373493976,0.8080773799423044,0.16666666666666666,0.9089098837664596,0.06729758149316509,6,951,
emb_tf-exemplar-human,29,6,gingiva,oral_normal_multisite,oral_scc,adaptive_crc,0.9815452411403829,0.9863301787592008,0.9518072289156626,0.9618191074155777,0.0,1.0117617602424864,0.0,6,951,0.25
emb_tf-exemplar-human,29,6,gingiva,oral_normal_multisite,oral_scc,adaptive_plugin,0.9262772674839655,0.9463722397476341,0.8450704225352113,0.8562701510266417,0.0,0.9352660656605006,0.048370136698212406,6,951,
emb_scvi,0,3,gingiva,oral_normal_multisite,oral_scc,cell_pooled,0.9634553244358887,0.9720670391061452,0.927710843373494,0.9342601173926475,0.0,1.0228663218193577,0.0,9,1253,
emb_scvi,0,3,gingiva,oral_normal_multisite,oral_scc,donor_weighted,0.9587736770585725,0.9680766161213089,0.926829268292683,0.9275345283573317,0.0,1.0154001181192756,0.0,9,1253,
emb_scvi,0,3,gingiva,oral_normal_multisite,oral_scc,donor_crc,0.9937490192866064,0.9952114924181963,0.9743589743589743,0.9852332406549273,0.0,1.2944487515989764,0.0,9,1253,
emb_scvi,0,3,gingiva,oral_normal_multisite,oral_scc,target_only_k,0.862846722743192,0.8858739026336792,0.7926829268292683,0.7946811636791067,0.2222222222222222,0.872489795113881,0.10694333599361533,9,1253,
emb_scvi,0,3,gingiva,oral_normal_multisite,oral_scc,adaptive_crc,0.9710248803616166,0.9784517158818835,0.9390243902439024,0.9467792370231394,0.0,1.0488961834679473,0.0,9,1253,0.25
emb_scvi,0,3,gingiva,oral_normal_multisite,oral_scc,adaptive_plugin,0.9069879274285965,0.922585794094174,0.8170731707317073,0.8484445742661019,0.0,0.9234890621128733,0.06544293695131684,9,1253,
emb_scvi,0,6,gingiva,oral_normal_multisite,oral_scc,cell_pooled,0.9637891048697206,0.9734939759036144,0.927710843373494,0.9333676168086982,0.0,1.0184199769753468,0.0,6,830,
emb_scvi,0,6,gingiva,oral_normal_multisite,oral_scc,donor_weighted,0.959698971375793,0.9710843373493976,0.926829268292683,0.9272700558330884,0.0,1.0132260907220374,0.0,6,830,
emb_scvi,0,6,gingiva,oral_normal_multisite,oral_scc,donor_crc,0.995833362791429,0.9963855421686747,0.9879518072289156,0.9906646453363122,0.0,1.2887605716399155,0.0,6,830,
emb_scvi,0,6,gingiva,oral_normal_multisite,oral_scc,target_only_k,0.8976781176870413,0.9240963855421687,0.8072289156626506,0.812151043197179,0.0,0.9119834729717713,0.06626506024096386,6,830,
emb_scvi,0,6,gingiva,oral_normal_multisite,oral_scc,adaptive_crc,0.9700126746455124,0.9783132530120482,0.9390243902439024,0.9454158095797824,0.0,1.0338779854581654,0.0,6,830,0.25
emb_scvi,0,6,gingiva,oral_normal_multisite,oral_scc,adaptive_plugin,0.916101133786964,0.9373493975903614,0.8170731707317073,0.8482956215104319,0.0,0.9315102418310759,0.051807228915662654,6,830,
emb_scvi,1,3,gingiva,oral_normal_multisite,oral_scc,cell_pooled,0.9867429664095739,0.9888033589923023,0.971830985915493,0.973853376670278,0.0,0.9965990307148367,0.002099370188943317,9,1429,
emb_scvi,1,3,gingiva,oral_normal_multisite,oral_scc,donor_weighted,0.9867429664095739,0.9888033589923023,0.971830985915493,0.973853376670278,0.0,0.9970105533485815,0.0013995801259622112,9,1429,
emb_scvi,1,3,gingiva,oral_normal_multisite,oral_scc,donor_crc,0.9985754985754985,0.9993002099370188,0.9871794871794872,0.9974358974358974,0.0,1.7769028864952137,0.0,9,1429,
emb_scvi,1,3,gingiva,oral_normal_multisite,oral_scc,target_only_k,0.945097250155091,0.9531140657802659,0.8974358974358975,0.9118815456843626,0.0,0.9489965639920519,0.04338698390482855,9,1429,
emb_scvi,1,3,gingiva,oral_normal_multisite,oral_scc,adaptive_crc,0.9893436539955793,0.9909027291812457,0.9743589743589743,0.9805005373867649,0.0,1.0034162506237907,0.0006997900629811056,9,1429,0.25
emb_scvi,1,3,gingiva,oral_normal_multisite,oral_scc,adaptive_plugin,0.9673084439949954,0.9734079776067179,0.9154929577464789,0.9318165402672445,0.0,0.9729088361857219,0.02099370188943317,9,1429,
emb_scvi,1,6,gingiva,oral_normal_multisite,oral_scc,cell_pooled,0.9860151657629358,0.9892086330935251,0.971830985915493,0.9730949801372337,0.0,0.9955158300228723,0.002398081534772182,6,834,
emb_scvi,1,6,gingiva,oral_normal_multisite,oral_scc,donor_weighted,0.9860151657629358,0.9892086330935251,0.971830985915493,0.9730949801372337,0.0,0.9955158300228723,0.002398081534772182,6,834,
emb_scvi,1,6,gingiva,oral_normal_multisite,oral_scc,donor_crc,0.9978632478632479,0.9988009592326139,0.9871794871794872,0.9935897435897436,0.0,1.70398297961607,0.0,6,834,
emb_scvi,1,6,gingiva,oral_normal_multisite,oral_scc,target_only_k,0.9352141697423578,0.9484412470023981,0.8974358974358975,0.8994221740700614,0.0,0.9393910042265068,0.047961630695443645,6,834,
emb_scvi,1,6,gingiva,oral_normal_multisite,oral_scc,adaptive_crc,0.9860151657629358,0.9892086330935251,0.971830985915493,0.9730949801372337,0.0,0.9955158300228723,0.002398081534772182,6,834,0.25
emb_scvi,1,6,gingiva,oral_normal_multisite,oral_scc,adaptive_plugin,0.9383580048491366,0.9520383693045563,0.8974358974358975,0.8994221740700614,0.0,0.9425348393332856,0.04436450839328537,6,834,
emb_scvi,2,3,gingiva,oral_normal_multisite,oral_scc,cell_pooled,0.9823955069317178,0.9818181818181818,0.9518072289156626,0.967889535670773,0.0,1.0216506982329052,0.0,9,1100,
emb_scvi,2,3,gingiva,oral_normal_multisite,oral_scc,donor_weighted,0.9823955069317178,0.9818181818181818,0.9518072289156626,0.967889535670773,0.0,1.0271402403078131,0.0,9,1100,
emb_scvi,2,3,gingiva,oral_normal_multisite,oral_scc,donor_crc,0.9985754985754985,0.9990909090909091,0.9871794871794872,0.9974358974358974,0.0,1.9902766912063201,0.0,9,1100,
emb_scvi,2,3,gingiva,oral_normal_multisite,oral_scc,target_only_k,0.8412448108836941,0.8536363636363636,0.7349397590361446,0.7601616045018398,0.3333333333333333,0.8438435870390394,0.14363636363636365,9,1100,
emb_scvi,2,3,gingiva,oral_normal_multisite,oral_scc,adaptive_crc,0.986871377559257,0.9863636363636363,0.9759036144578314,0.9793391387331504,0.0,1.0400915699594817,0.0,9,1100,0.25
emb_scvi,2,3,gingiva,oral_normal_multisite,oral_scc,adaptive_plugin,0.8975027750669768,0.9090909090909091,0.8170731707317073,0.8477519835439318,0.0,0.9021434741884481,0.08636363636363636,9,1100,
emb_scvi,2,6,gingiva,oral_normal_multisite,oral_scc,cell_pooled,0.9801099506999077,0.9804372842347526,0.9518072289156626,0.9618586706376067,0.0,1.005987954732787,0.0,6,869,
emb_scvi,2,6,gingiva,oral_normal_multisite,oral_scc,donor_weighted,0.9801099506999077,0.9804372842347526,0.9518072289156626,0.9618586706376067,0.0,1.005987954732787,0.0,6,869,
emb_scvi,2,6,gingiva,oral_normal_multisite,oral_scc,donor_crc,1.0,1.0,1.0,1.0,0.0,1.9686315130695842,0.0,6,869,
emb_scvi,2,6,gingiva,oral_normal_multisite,oral_scc,target_only_k,0.9147633627203043,0.9182968929804373,0.8433734939759037,0.8468364475867542,0.0,0.9195876592657592,0.07710011507479862,6,869,
emb_scvi,2,6,gingiva,oral_normal_multisite,oral_scc,adaptive_crc,0.9819826098759377,0.9827387802071347,0.9518072289156626,0.9635273768340689,0.0,1.014574428214573,0.0,6,869,0.25
emb_scvi,2,6,gingiva,oral_normal_multisite,oral_scc,adaptive_plugin,0.9490522242226679,0.9516685845799769,0.891566265060241,0.9148842561256261,0.0,0.9576339408484206,0.039125431530494824,6,869,
emb_scvi,3,3,gingiva,oral_normal_multisite,oral_scc,cell_pooled,0.976123414500464,0.9820531227566404,0.9397590361445783,0.9428813846937044,0.0,0.9963200545406653,0.0021536252692031586,9,1393,
emb_scvi,3,3,gingiva,oral_normal_multisite,oral_scc,donor_weighted,0.9782384147328815,0.9834888729361091,0.9397590361445783,0.9541489903275072,0.0,1.0,0.0,9,1393,
emb_scvi,3,3,gingiva,oral_normal_multisite,oral_scc,donor_crc,1.0,1.0,1.0,1.0,0.0,1.7481676337181282,0.0,9,1393,
emb_scvi,3,3,gingiva,oral_normal_multisite,oral_scc,target_only_k,0.9046921929271414,0.9246231155778895,0.7831325301204819,0.8493094328533647,0.1111111111111111,0.9082139811785718,0.07178750897343862,9,1393,
emb_scvi,3,3,gingiva,oral_normal_multisite,oral_scc,adaptive_crc,0.9807677030138608,0.9856424982053122,0.9397590361445783,0.9541489903275072,0.0,1.003884301831115,0.0,9,1393,0.25
emb_scvi,3,3,gingiva,oral_normal_multisite,oral_scc,adaptive_plugin,0.9272824508394518,0.9425699928212491,0.8554216867469879,0.8809434922789751,0.0,0.9337078724034753,0.0524048815506102,9,1393,
emb_scvi,3,6,gingiva,oral_normal_multisite,oral_scc,cell_pooled,0.9707254099258549,0.9760191846522782,0.9397590361445783,0.9417105039877821,0.0,0.9953051643192489,0.002398081534772182,6,834,
emb_scvi,3,6,gingiva,oral_normal_multisite,oral_scc,donor_weighted,0.9730728277662304,0.9772182254196643,0.9397590361445783,0.9487527575089089,0.0,1.0,0.0,6,834,
emb_scvi,3,6,gingiva,oral_normal_multisite,oral_scc,donor_crc,1.0,1.0,1.0,1.0,0.0,1.6770157806687385,0.0,6,834,
emb_scvi,3,6,gingiva,oral_normal_multisite,oral_scc,target_only_k,0.8624398358925013,0.8776978417266187,0.7469879518072289,0.7960291871712201,0.16666666666666666,0.867722518269647,0.11630695443645084,6,834,
emb_scvi,3,6,gingiva,oral_normal_multisite,oral_scc,adaptive_crc,0.9730728277662304,0.9772182254196643,0.9397590361445783,0.9487527575089089,0.0,1.0,0.0,6,834,0.25
emb_scvi,3,6,gingiva,oral_normal_multisite,oral_scc,adaptive_plugin,0.9003264967713512,0.9136690647482014,0.8072289156626506,0.8472764296623112,0.0,0.9079565969888722,0.07913669064748201,6,834,
emb_scvi,4,3,gingiva,oral_normal_multisite,oral_scc,cell_pooled,0.9400761354021443,0.9496904024767802,0.8658536585365854,0.9013758599124453,0.0,0.9627906737189582,0.03018575851393189,9,1292,
emb_scvi,4,3,gingiva,oral_normal_multisite,oral_scc,donor_weighted,0.942769837037956,0.9512383900928792,0.8780487804878049,0.9038148843026892,0.0,0.9654843753547697,0.02863777089783282,9,1292,
emb_scvi,4,3,gingiva,oral_normal_multisite,oral_scc,donor_crc,1.0,1.0,1.0,1.0,0.0,1.8898403586281702,0.0,9,1292,
emb_scvi,4,3,gingiva,oral_normal_multisite,oral_scc,target_only_k,0.8147108640839833,0.8343653250773994,0.6867469879518072,0.7201308545440038,0.5555555555555556,0.81709694314773,0.163312693498452,9,1292,
emb_scvi,4,3,gingiva,oral_normal_multisite,oral_scc,adaptive_crc,0.9562948608657091,0.9628482972136223,0.926829268292683,0.9275345283573317,0.0,0.9829646494359753,0.013157894736842105,9,1292,0.25
emb_scvi,4,3,gingiva,oral_normal_multisite,oral_scc,adaptive_plugin,0.8826161330039584,0.8993808049535603,0.8170731707317073,0.8188363208933294,0.0,0.8896308144121564,0.09442724458204334,9,1292,
emb_scvi,4,6,gingiva,oral_normal_multisite,oral_scc,cell_pooled,0.9446615014767951,0.956271576524741,0.8658536585365854,0.8907581545694975,0.0,0.9634469700768991,0.026467203682393557,6,869,
emb_scvi,4,6,gingiva,oral_normal_multisite,oral_scc,donor_weighted,0.9487020539305123,0.9585730724971231,0.8780487804878049,0.9028798119306494,0.0,0.9674875225306163,0.024165707710011506,6,869,
emb_scvi,4,6,gingiva,oral_normal_multisite,oral_scc,donor_crc,1.0,1.0,1.0,1.0,0.0,1.8944339022479282,0.0,6,869,
emb_scvi,4,6,gingiva,oral_normal_multisite,oral_scc,target_only_k,0.8564316098710226,0.8791714614499425,0.7926829268292683,0.7936924567921175,0.3333333333333333,0.8607070909666557,0.11622554660529344,6,869,
emb_scvi,4,6,gingiva,oral_normal_multisite,oral_scc,adaptive_crc,0.959787739842559,0.9677790563866513,0.926829268292683,0.9272700558330884,0.0,0.98251007583881,0.011507479861910242,6,869,0.25
emb_scvi,4,6,gingiva,oral_normal_multisite,oral_scc,adaptive_plugin,0.8892844561174181,0.9102416570771001,0.8170731707317073,0.8302233323538055,0.0,0.8966717221009469,0.08285385500575373,6,869,
emb_scvi,5,3,gingiva,oral_normal_multisite,oral_scc,cell_pooled,0.9484681367546357,0.9605873261205564,0.9036144578313253,0.9089280197713933,0.0,0.9700028019759102,0.02241112828438949,9,1294,
emb_scvi,5,3,gingiva,oral_normal_multisite,oral_scc,donor_weighted,0.9531658624708006,0.9636785162287481,0.9102564102564102,0.9144456482484652,0.0,0.9788024052879286,0.017001545595054096,9,1294,
emb_scvi,5,3,gingiva,oral_normal_multisite,oral_scc,donor_crc,0.9906044082214317,0.9922720247295209,0.9743589743589743,0.982990606752983,0.0,1.1532732939444088,0.0,9,1294,
emb_scvi,5,3,gingiva,oral_normal_multisite,oral_scc,target_only_k,0.8841427746923939,0.9072642967542504,0.7590361445783133,0.8287303058387395,0.1111111111111111,0.8922371621319589,0.0865533230293663,9,1294,
emb_scvi,5,3,gingiva,oral_normal_multisite,oral_scc,adaptive_crc,0.9588526888023536,0.9698608964451314,0.9154929577464789,0.9215601300108343,0.0,0.9916132067956727,0.006955177743431221,9,1294,0.25
emb_scvi,5,3,gingiva,oral_normal_multisite,oral_scc,adaptive_plugin,0.9079374115890957,0.9273570324574961,0.8192771084337349,0.8612913191226444,0.0,0.9194111921678603,0.0633693972179289,9,1294,
emb_scvi,5,6,gingiva,oral_normal_multisite,oral_scc,cell_pooled,0.953623426035375,0.9688995215311005,0.9036144578313253,0.9095537077889021,0.0,0.9737811887004683,0.017942583732057416,6,836,
emb_scvi,5,6,gingiva,oral_normal_multisite,oral_scc,donor_weighted,0.9606700146096223,0.9736842105263158,0.9154929577464789,0.9216019005599865,0.0,0.9848438415317436,0.01076555023923445,6,836,
emb_scvi,5,6,gingiva,oral_normal_multisite,oral_scc,donor_crc,0.9935916937184192,0.9952153110047847,0.9859154929577465,0.986933650093331,0.0,1.1552094285144656,0.0,6,836,
emb_scvi,5,6,gingiva,oral_normal_multisite,oral_scc,target_only_k,0.8867964113453551,0.916267942583732,0.7710843373493976,0.8151196334634312,0.16666666666666666,0.894214745763434,0.07894736842105263,6,836,
emb_scvi,5,6,gingiva,oral_normal_multisite,oral_scc,adaptive_crc,0.9606700146096223,0.9736842105263158,0.9154929577464789,0.9216019005599865,0.0,0.9889088821821502,0.008373205741626795,6,836,0.25
emb_scvi,5,6,gingiva,oral_normal_multisite,oral_scc,adaptive_plugin,0.9068372173616979,0.9330143540669856,0.8192771084337349,0.8425653834851601,0.0,0.9162515597638086,0.05980861244019139,6,836,
emb_scvi,6,3,gingiva,oral_normal_multisite,oral_scc,cell_pooled,0.9736687148630122,0.9802586793737236,0.9295774647887324,0.9473612760902765,0.0,0.9923012798979448,0.005445881552076242,9,1469,
emb_scvi,6,3,gingiva,oral_normal_multisite,oral_scc,donor_weighted,0.9736687148630122,0.9802586793737236,0.9295774647887324,0.9473612760902765,0.0,0.9923012798979448,0.005445881552076242,9,1469,
emb_scvi,6,3,gingiva,oral_normal_multisite,oral_scc,donor_crc,0.998661311914324,0.9993192648059904,0.9879518072289156,0.9975903614457832,0.0,1.1562135355401242,0.0,9,1469,
emb_scvi,6,3,gingiva,oral_normal_multisite,oral_scc,target_only_k,0.9577409100473697,0.9673247106875426,0.9036144578313253,0.9131172577634482,0.0,0.9687088964606053,0.023825731790333562,9,1469,
emb_scvi,6,3,gingiva,oral_normal_multisite,oral_scc,adaptive_crc,0.9756316226740316,0.9816201497617427,0.9295774647887324,0.9569998303071441,0.0,0.9969959847197116,0.0020422055820285907,9,1469,0.25
emb_scvi,6,3,gingiva,oral_normal_multisite,oral_scc,adaptive_plugin,0.9626227531970647,0.9720898570456092,0.9154929577464789,0.9156287120312234,0.0,0.9749294276959763,0.018379850238257316,9,1469,
emb_scvi,6,6,gingiva,oral_normal_multisite,oral_scc,cell_pooled,0.976921809436471,0.9798941798941799,0.9518072289156626,0.9593473230671028,0.0,0.9926719968633227,0.005291005291005291,6,945,
emb_scvi,6,6,gingiva,oral_normal_multisite,oral_scc,donor_weighted,0.976921809436471,0.9798941798941799,0.9518072289156626,0.9593473230671028,0.0,0.9926719968633227,0.005291005291005291,6,945,
emb_scvi,6,6,gingiva,oral_normal_multisite,oral_scc,donor_crc,0.9979919678714859,0.9989417989417989,0.9879518072289156,0.9939759036144578,0.0,1.166971662606584,0.0,6,945,
emb_scvi,6,6,gingiva,oral_normal_multisite,oral_scc,target_only_k,0.9360238303802815,0.9439153439153439,0.8554216867469879,0.8780419692013086,0.0,0.9413541637965895,0.050793650793650794,6,945,
emb_scvi,6,6,gingiva,oral_normal_multisite,oral_scc,adaptive_crc,0.976921809436471,0.9798941798941799,0.9518072289156626,0.9593473230671028,0.0,0.9937757496227047,0.004232804232804233,6,945,0.25
emb_scvi,6,6,gingiva,oral_normal_multisite,oral_scc,adaptive_plugin,0.9516839541409428,0.9566137566137566,0.891566265060241,0.9126705497486636,0.0,0.9589431228248836,0.03597883597883598,6,945,
emb_scvi,7,3,gingiva,oral_normal_multisite,oral_scc,cell_pooled,0.9813523252301918,0.9864285714285714,0.9390243902439024,0.9588892153981781,0.0,1.048289582571239,0.0,9,1400,
emb_scvi,7,3,gingiva,oral_normal_multisite,oral_scc,donor_weighted,0.9813523252301918,0.9864285714285714,0.9390243902439024,0.9588892153981781,0.0,1.0468650811467375,0.0,9,1400,
emb_scvi,7,3,gingiva,oral_normal_multisite,oral_scc,donor_crc,1.0,1.0,1.0,1.0,0.0,1.6996989967876153,0.0,9,1400,
emb_scvi,7,3,gingiva,oral_normal_multisite,oral_scc,target_only_k,0.8999993499041261,0.925,0.7926829268292683,0.8043197178959742,0.1111111111111111,0.9071699793267413,0.07,9,1400,
emb_scvi,7,3,gingiva,oral_normal_multisite,oral_scc,adaptive_crc,0.9827768266546931,0.9871428571428571,0.9390243902439024,0.9588892153981781,0.0,1.0578255688922131,0.0,9,1400,0.25
emb_scvi,7,3,gingiva,oral_normal_multisite,oral_scc,adaptive_plugin,0.9557509600940176,0.9692857142857143,0.8780487804878049,0.9081398765794887,0.0,0.9794911722974111,0.014285714285714285,9,1400,
emb_scvi,7,6,gingiva,oral_normal_multisite,oral_scc,cell_pooled,0.9751357149225521,0.9827784156142365,0.9390243902439024,0.9514399059653247,0.0,1.056826568798367,0.0,6,871,
emb_scvi,7,6,gingiva,oral_normal_multisite,oral_scc,donor_weighted,0.9751357149225521,0.9827784156142365,0.9390243902439024,0.9514399059653247,0.0,1.0546898166616148,0.0,6,871,
emb_scvi,7,6,gingiva,oral_normal_multisite,oral_scc,donor_crc,1.0,1.0,1.0,1.0,0.0,1.7514188424325445,0.0,6,871,
emb_scvi,7,6,gingiva,oral_normal_multisite,oral_scc,target_only_k,0.8475185675062128,0.8851894374282434,0.7590361445783133,0.7758595357037907,0.3333333333333333,0.8524884342797298,0.1113662456946039,6,871,
emb_scvi,7,6,gingiva,oral_normal_multisite,oral_scc,adaptive_crc,0.9751357149225521,0.9827784156142365,0.9390243902439024,0.9514399059653247,0.0,1.060971353063633,0.0,6,871,0.25
emb_scvi,7,6,gingiva,oral_normal_multisite,oral_scc,adaptive_plugin,0.899484681837904,0.928817451205511,0.8292682926829268,0.8363208933294153,0.0,0.9116313741497232,0.06314580941446613,6,871,
emb_scvi,8,3,gingiva,oral_normal_multisite,oral_scc,cell_pooled,0.9855138345229802,0.9882445141065831,0.9615384615384616,0.9711156393275598,0.0,1.0665440455451294,0.0,9,1276,
emb_scvi,8,3,gingiva,oral_normal_multisite,oral_scc,donor_weighted,0.9822202952925139,0.9858934169278997,0.9615384615384616,0.9626780626780627,0.0,1.0484690344665293,0.0,9,1276,
emb_scvi,8,3,gingiva,oral_normal_multisite,oral_scc,donor_crc,1.0,1.0,1.0,1.0,0.0,1.6548014819522487,0.0,9,1276,
emb_scvi,8,3,gingiva,oral_normal_multisite,oral_scc,target_only_k,0.9169431150036398,0.932601880877743,0.8292682926829268,0.8598933936359231,0.0,0.9258754764194107,0.0603448275862069,9,1276,
emb_scvi,8,3,gingiva,oral_normal_multisite,oral_scc,adaptive_crc,0.9903318034113077,0.9921630094043887,0.9743589743589743,0.9836041892379921,0.0,1.0863635914827148,0.0,9,1276,0.25
emb_scvi,8,3,gingiva,oral_normal_multisite,oral_scc,adaptive_plugin,0.9483499466584261,0.9600313479623824,0.8902439024390244,0.9104431466849879,0.0,0.9673730494684695,0.025078369905956112,9,1276,
emb_scvi,8,6,gingiva,oral_normal_multisite,oral_scc,cell_pooled,0.9848361328031503,0.9890230515916575,0.9615384615384616,0.967524197656648,0.0,1.0609770669830527,0.0,6,911,
emb_scvi,8,6,gingiva,oral_normal_multisite,oral_scc,donor_weighted,0.9848361328031503,0.9890230515916575,0.9615384615384616,0.967524197656648,0.0,1.0433126270608077,0.0,6,911,
emb_scvi,8,6,gingiva,oral_normal_multisite,oral_scc,donor_crc,1.0,1.0,1.0,1.0,0.0,1.6940143933053025,0.0,6,911,
emb_scvi,8,6,gingiva,oral_normal_multisite,oral_scc,target_only_k,0.9252915436614098,0.9396267837541163,0.8675496688741722,0.8824927831550349,0.0,0.9350074004433617,0.05378704720087816,6,911,
emb_scvi,8,6,gingiva,oral_normal_multisite,oral_scc,adaptive_crc,0.9848361328031503,0.9890230515916575,0.9615384615384616,0.967524197656648,0.0,1.0609770669830527,0.0,6,911,0.25
emb_scvi,8,6,gingiva,oral_normal_multisite,oral_scc,adaptive_plugin,0.9526723037199599,0.9637760702524698,0.9154929577464789,0.9213226378136368,0.0,0.9665649949860607,0.026344676180021953,6,911,
emb_scvi,9,3,gingiva,oral_normal_multisite,oral_scc,cell_pooled,0.99081156733594,0.991869918699187,0.9759036144578314,0.9793391387331504,0.0,1.0195704187337207,0.0,9,1476,
emb_scvi,9,3,gingiva,oral_normal_multisite,oral_scc,donor_weighted,0.99081156733594,0.991869918699187,0.9759036144578314,0.9793391387331504,0.0,1.0185346763746326,0.0,9,1476,
emb_scvi,9,3,gingiva,oral_normal_multisite,oral_scc,donor_crc,0.9980254435699981,0.9986449864498645,0.9871794871794872,0.9934755013962935,0.0,1.5486665983521881,0.0,9,1476,
emb_scvi,9,3,gingiva,oral_normal_multisite,oral_scc,target_only_k,0.9674252147353246,0.9722222222222222,0.927710843373494,0.9342601173926475,0.0,0.9751020147546389,0.02168021680216802,9,1476,
emb_scvi,9,3,gingiva,oral_normal_multisite,oral_scc,adaptive_crc,0.99081156733594,0.991869918699187,0.9759036144578314,0.9793391387331504,0.0,1.0213206294531414,0.0,9,1476,0.25
emb_scvi,9,3,gingiva,oral_normal_multisite,oral_scc,adaptive_plugin,0.9796963909212306,0.9823848238482384,0.9518072289156626,0.9633951536483011,0.0,0.9917748968482412,0.008130081300813009,9,1476,
emb_scvi,9,6,gingiva,oral_normal_multisite,oral_scc,cell_pooled,0.9894089554613371,0.9896373056994818,0.9759036144578314,0.9780508171299058,0.0,1.0250821238270769,0.0,6,965,
emb_scvi,9,6,gingiva,oral_normal_multisite,oral_scc,donor_weighted,0.9894089554613371,0.9896373056994818,0.9759036144578314,0.9780508171299058,0.0,1.0235285102884444,0.0,6,965,
emb_scvi,9,6,gingiva,oral_normal_multisite,oral_scc,donor_crc,0.9991749174917492,0.9989637305699481,0.995049504950495,0.9975247524752475,0.0,1.5460480027282866,0.0,6,965,
emb_scvi,9,6,gingiva,oral_normal_multisite,oral_scc,target_only_k,0.9348787944807572,0.9398963730569948,0.8795180722891566,0.903242182211994,0.0,0.9372574905276404,0.05699481865284974,6,965,
emb_scvi,9,6,gingiva,oral_normal_multisite,oral_scc,adaptive_crc,0.9894089554613371,0.9896373056994818,0.9759036144578314,0.9780508171299058,0.0,1.027090155955591,0.0,6,965,0.25
emb_scvi,9,6,gingiva,oral_normal_multisite,oral_scc,adaptive_plugin,0.9507329533344769,0.9544041450777202,0.9156626506024096,0.9297414376607553,0.0,0.9579527961466391,0.039378238341968914,6,965,
emb_scvi,10,3,gingiva,oral_normal_multisite,oral_scc,cell_pooled,0.9636416202583121,0.974512743628186,0.9154929577464789,0.9156287120312234,0.0,0.9863405360241351,0.008245877061469266,9,1334,
emb_scvi,10,3,gingiva,oral_normal_multisite,oral_scc,donor_weighted,0.9643069562529895,0.9752623688155923,0.9154929577464789,0.9156287120312234,0.0,0.9870058720188124,0.0074962518740629685,9,1334,
emb_scvi,10,3,gingiva,oral_normal_multisite,oral_scc,donor_crc,0.9985754985754985,0.9992503748125937,0.9871794871794872,0.9974358974358974,0.0,1.7732902595083038,0.0,9,1334,
emb_scvi,10,3,gingiva,oral_normal_multisite,oral_scc,target_only_k,0.9069785722933577,0.9242878560719641,0.8072289156626506,0.8368948849289373,0.0,0.9135963785710045,0.0704647676161919,9,1334,
emb_scvi,10,3,gingiva,oral_normal_multisite,oral_scc,adaptive_crc,0.9705863557584189,0.9790104947526237,0.9295774647887324,0.9377227218734091,0.0,0.9975606469493178,0.0029985007496251873,9,1334,0.25
emb_scvi,10,3,gingiva,oral_normal_multisite,oral_scc,adaptive_plugin,0.9476818386120764,0.9610194902548725,0.8795180722891566,0.8970303750212116,0.0,0.9574743570336458,0.031484257871064465,9,1334,
emb_scvi,10,6,gingiva,oral_normal_multisite,oral_scc,cell_pooled,0.956738643393555,0.9718137254901961,0.9154929577464789,0.9155778041744442,0.0,0.9835644251889589,0.00980392156862745,6,816,
emb_scvi,10,6,gingiva,oral_normal_multisite,oral_scc,donor_weighted,0.956738643393555,0.9718137254901961,0.9154929577464789,0.9155778041744442,0.0,0.9835644251889589,0.00980392156862745,6,816,
emb_scvi,10,6,gingiva,oral_normal_multisite,oral_scc,donor_crc,0.9978632478632479,0.9987745098039216,0.9871794871794872,0.9935897435897436,0.0,1.7957292336724011,0.0,6,816,
emb_scvi,10,6,gingiva,oral_normal_multisite,oral_scc,target_only_k,0.889528277725752,0.9191176470588235,0.7951807228915663,0.8206672845227062,0.16666666666666666,0.8978396991995892,0.07475490196078431,6,816,
emb_scvi,10,6,gingiva,oral_normal_multisite,oral_scc,adaptive_crc,0.9631021254909586,0.9754901960784313,0.9295774647887324,0.9346682504666554,0.0,0.9919359394148767,0.006127450980392157,6,816,0.25
emb_scvi,10,6,gingiva,oral_normal_multisite,oral_scc,adaptive_plugin,0.9210885175270122,0.9448529411764706,0.8554216867469879,0.8636082792709299,0.0,0.9293999390008493,0.049019607843137254,6,816,
emb_scvi,11,3,gingiva,oral_normal_multisite,oral_scc,cell_pooled,0.9550419126201789,0.9659969088098919,0.9154929577464789,0.9215601300108343,0.0,0.9766798040982896,0.017001545595054096,9,1294,
emb_scvi,11,3,gingiva,oral_normal_multisite,oral_scc,donor_weighted,0.95775193972045,0.9675425038639877,0.9154929577464789,0.9215601300108343,0.0,0.9812785742897372,0.013910355486862442,9,1294,
emb_scvi,11,3,gingiva,oral_normal_multisite,oral_scc,donor_crc,0.9974012238446548,0.9976816074188563,0.9871794871794872,0.9929415154134256,0.0,1.3169591619465142,0.0,9,1294,
emb_scvi,11,3,gingiva,oral_normal_multisite,oral_scc,target_only_k,0.8648409153724507,0.8863987635239567,0.7710843373493976,0.8105042926195801,0.1111111111111111,0.8674396915277959,0.11128284389489954,9,1294,
emb_scvi,11,3,gingiva,oral_normal_multisite,oral_scc,adaptive_crc,0.9658825929940851,0.973724884080371,0.9295774647887324,0.9346334416756952,0.0,0.9922226122409759,0.005409582689335394,9,1294,0.25
emb_scvi,11,3,gingiva,oral_normal_multisite,oral_scc,adaptive_plugin,0.9020646674904741,0.9219474497681608,0.8072289156626506,0.8541287099617985,0.0,0.9080508528813402,0.07341576506955177,9,1294,
emb_scvi,11,6,gingiva,oral_normal_multisite,oral_scc,cell_pooled,0.9608052733849566,0.9694501018329938,0.9230769230769231,0.9306395851339672,0.0,0.9804334738944788,0.015274949083503055,6,982,
emb_scvi,11,6,gingiva,oral_normal_multisite,oral_scc,donor_weighted,0.964870314035363,0.9714867617107943,0.9230769230769231,0.9306395851339672,0.0,0.9853235970531361,0.012219959266802444,6,982,
emb_scvi,11,6,gingiva,oral_normal_multisite,oral_scc,donor_crc,0.9961018357669822,0.9969450101832994,0.9871794871794872,0.9907807548256986,0.0,1.2948187768726627,0.0,6,982,
emb_scvi,11,6,gingiva,oral_normal_multisite,oral_scc,target_only_k,0.9099374836032311,0.9266802443991853,0.8536585365853658,0.8669490287717249,0.0,0.9147719774242642,0.06924643584521385,6,982,
emb_scvi,11,6,gingiva,oral_normal_multisite,oral_scc,adaptive_crc,0.969704807856396,0.9755600814663951,0.9358974358974359,0.9426678190723135,0.0,0.991094420462184,0.007128309572301426,6,982,0.25
emb_scvi,11,6,gingiva,oral_normal_multisite,oral_scc,adaptive_plugin,0.9184276793439969,0.9338085539714868,0.8780487804878049,0.8813320825515947,0.0,0.9253989253017821,0.06109979633401222,6,982,
emb_scvi,12,3,gingiva,oral_normal_multisite,oral_scc,cell_pooled,0.9725573641603896,0.9799498746867168,0.9156626506024096,0.9318504788384306,0.0,1.027976693772409,0.0,9,1197,
emb_scvi,12,3,gingiva,oral_normal_multisite,oral_scc,donor_weighted,0.9725573641603896,0.9799498746867168,0.9156626506024096,0.9318504788384306,0.0,1.0286420297670864,0.0,9,1197,
emb_scvi,12,3,gingiva,oral_normal_multisite,oral_scc,donor_crc,0.9985754985754985,0.9991645781119465,0.9871794871794872,0.9974358974358974,0.0,2.187592440532842,0.0,9,1197,
emb_scvi,12,3,gingiva,oral_normal_multisite,oral_scc,target_only_k,0.887507687706443,0.9131161236424394,0.8076923076923077,0.8151969981238274,0.0,0.8942873566127485,0.08187134502923976,9,1197,
emb_scvi,12,3,gingiva,oral_normal_multisite,oral_scc,adaptive_crc,0.983698224846067,0.9874686716791979,0.9487179487179487,0.9511893728761198,0.0,1.063154053404444,0.0,9,1197,0.25
emb_scvi,12,3,gingiva,oral_normal_multisite,oral_scc,adaptive_plugin,0.9248428385283661,0.9423558897243107,0.8536585365853658,0.864707610931531,0.0,0.9361806106008788,0.04845446950710108,9,1197,
emb_scvi,12,6,gingiva,oral_normal_multisite,oral_scc,cell_pooled,0.977616912766147,0.9831460674157303,0.9156626506024096,0.9479303352021948,0.0,1.0306492828639826,0.0,6,890,
emb_scvi,12,6,gingiva,oral_normal_multisite,oral_scc,donor_weighted,0.977616912766147,0.9831460674157303,0.9156626506024096,0.9479303352021948,0.0,1.0316472868559987,0.0,6,890,
emb_scvi,12,6,gingiva,oral_normal_multisite,oral_scc,donor_crc,1.0,1.0,1.0,1.0,0.0,2.174013151658734,0.0,6,890,
emb_scvi,12,6,gingiva,oral_normal_multisite,oral_scc,target_only_k,0.9030349363709588,0.9247191011235955,0.8292682926829268,0.8363208933294153,0.0,0.9078760831362377,0.07191011235955057,6,890,
emb_scvi,12,6,gingiva,oral_normal_multisite,oral_scc,adaptive_crc,0.9854885838486455,0.9887640449438202,0.9397590361445783,0.9624537754980318,0.0,1.0555217548763647,0.0,6,890,0.25
emb_scvi,12,6,gingiva,oral_normal_multisite,oral_scc,adaptive_plugin,0.9113773034714804,0.9325842696629213,0.8414634146341463,0.842418454305025,0.0,0.9180415367370264,0.06179775280898876,6,890,
emb_scvi,13,3,gingiva,oral_normal_multisite,oral_scc,cell_pooled,0.9579363002450418,0.9672818791946308,0.9146341463414634,0.9250955039670878,0.0,1.0037247671494227,0.0016778523489932886,9,1192,
emb_scvi,13,3,gingiva,oral_normal_multisite,oral_scc,donor_weighted,0.9593608016695432,0.9681208053691275,0.9146341463414634,0.9250955039670878,0.0,1.0071696181187368,0.0008389261744966443,9,1192,
emb_scvi,13,3,gingiva,oral_normal_multisite,oral_scc,donor_crc,0.9974459209141462,0.99748322147651,0.9879518072289156,0.9927999422841064,0.0,1.6332722625708185,0.0,9,1192,
emb_scvi,13,3,gingiva,oral_normal_multisite,oral_scc,target_only_k,0.8554092727530386,0.8682885906040269,0.7710843373493976,0.7883632089332941,0.3333333333333333,0.8607644402348426,0.12751677852348994,9,1192,
emb_scvi,13,3,gingiva,oral_normal_multisite,oral_scc,adaptive_crc,0.9634546631690755,0.9714765100671141,0.9146341463414634,0.9265888010992785,0.0,1.0210595475526087,0.0,9,1192,0.25
emb_scvi,13,3,gingiva,oral_normal_multisite,oral_scc,adaptive_plugin,0.894967490306915,0.9110738255033557,0.8048780487804879,0.8268438732291514,0.0,0.9034278820582755,0.08221476510067115,9,1192,
emb_scvi,13,6,gingiva,oral_normal_multisite,oral_scc,cell_pooled,0.9697998852638738,0.9780346820809248,0.927710843373494,0.9286441540811132,0.0,1.0034503985873822,0.0,6,865,
emb_scvi,13,6,gingiva,oral_normal_multisite,oral_scc,donor_weighted,0.9697998852638738,0.9780346820809248,0.927710843373494,0.9286441540811132,0.0,1.0034503985873822,0.0,6,865,
emb_scvi,13,6,gingiva,oral_normal_multisite,oral_scc,donor_crc,0.9971668853632352,0.9976878612716763,0.9879518072289156,0.9915006560897053,0.0,1.6042229667117673,0.0,6,865,
emb_scvi,13,6,gingiva,oral_normal_multisite,oral_scc,target_only_k,0.9390294399514771,0.9514450867052023,0.8795180722891566,0.8834210079755642,0.0,0.9475507551165624,0.04161849710982659,6,865,
emb_scvi,13,6,gingiva,oral_normal_multisite,oral_scc,adaptive_crc,0.9697998852638738,0.9780346820809248,0.927710843373494,0.9286441540811132,0.0,1.0131179681876403,0.0,6,865,0.25
emb_scvi,13,6,gingiva,oral_normal_multisite,oral_scc,adaptive_plugin,0.9459798181664517,0.9583815028901734,0.8873239436619719,0.8894451043611065,0.0,0.9545011333315371,0.03468208092485549,6,865,
emb_scvi,14,3,gingiva,oral_normal_multisite,oral_scc,cell_pooled,0.9860532068659877,0.9904371584699454,0.9436619718309859,0.9682195738533766,0.0,1.016223900955175,0.0,9,1464,
emb_scvi,14,3,gingiva,oral_normal_multisite,oral_scc,donor_weighted,0.9860532068659877,0.9904371584699454,0.9436619718309859,0.9682195738533766,0.0,1.0136232133691696,0.0,9,1464,
emb_scvi,14,3,gingiva,oral_normal_multisite,oral_scc,donor_crc,0.9962845548997998,0.9965846994535519,0.9859154929577465,0.9912571726656234,0.0,1.1663455349159415,0.0,9,1464,
emb_scvi,14,3,gingiva,oral_normal_multisite,oral_scc,target_only_k,0.9608035965266544,0.9699453551912568,0.9014084507042254,0.9187432286023836,0.0,0.9657386527227035,0.025273224043715847,9,1464,
emb_scvi,14,3,gingiva,oral_normal_multisite,oral_scc,adaptive_crc,0.9874777082904891,0.9911202185792349,0.9436619718309859,0.9752492482987815,0.0,1.0196443642175028,0.0,9,1464,0.25
emb_scvi,14,3,gingiva,oral_normal_multisite,oral_scc,adaptive_plugin,0.9651395510601269,0.9740437158469946,0.9014084507042254,0.9289996388587938,0.0,0.9723427873635432,0.01980874316939891,9,1464,
emb_scvi,14,6,gingiva,oral_normal_multisite,oral_scc,cell_pooled,0.9831233669642613,0.9889434889434889,0.9436619718309859,0.9590104730949801,0.0,1.0179282943224948,0.0,6,814,
emb_scvi,14,6,gingiva,oral_normal_multisite,oral_scc,donor_weighted,0.9831233669642613,0.9889434889434889,0.9436619718309859,0.9590104730949801,0.0,1.015580876482119,0.0,6,814,
emb_scvi,14,6,gingiva,oral_normal_multisite,oral_scc,donor_crc,0.9965977298389492,0.9975429975429976,0.9859154929577465,0.9897931895168479,0.0,1.1795362667171627,0.0,6,814,
emb_scvi,14,6,gingiva,oral_normal_multisite,oral_scc,target_only_k,0.9323085151522393,0.952088452088452,0.8717948717948718,0.872517154207295,0.0,0.9355490200483733,0.045454545454545456,6,814,
emb_scvi,14,6,gingiva,oral_normal_multisite,oral_scc,adaptive_crc,0.9852601191010134,0.9901719901719902,0.9436619718309859,0.9654207295052366,0.0,1.020065046459247,0.0,6,814,0.25
emb_scvi,14,6,gingiva,oral_normal_multisite,oral_scc,adaptive_plugin,0.9453229225043431,0.961916461916462,0.8846153846153846,0.8859696641386783,0.0,0.9496182797211524,0.0343980343980344,6,814,
emb_scvi,15,3,gingiva,oral_normal_multisite,oral_scc,cell_pooled,0.9655437910709542,0.9737029140014215,0.9156626506024096,0.9245959447546283,0.0,0.9775645366169053,0.017057569296375266,9,1407,
emb_scvi,15,3,gingiva,oral_normal_multisite,oral_scc,donor_weighted,0.9655437910709542,0.9737029140014215,0.9156626506024096,0.9245959447546283,0.0,0.9770144816114047,0.017768301350390904,9,1407,
emb_scvi,15,3,gingiva,oral_normal_multisite,oral_scc,donor_crc,0.9972023983025083,0.9971570717839374,0.9871794871794872,0.9915099715099716,0.0,1.155990200409244,0.0,9,1407,
emb_scvi,15,3,gingiva,oral_normal_multisite,oral_scc,target_only_k,0.9272195090104832,0.9459843638948117,0.8313253012048193,0.8394357919482809,0.0,0.931355798793651,0.05046197583511016,9,1407,
emb_scvi,15,3,gingiva,oral_normal_multisite,oral_scc,adaptive_crc,0.9707403177979028,0.9772565742714996,0.9156626506024096,0.9441081398765795,0.0,0.9840997514295301,0.01279317697228145,9,1407,0.25
emb_scvi,15,3,gingiva,oral_normal_multisite,oral_scc,adaptive_plugin,0.9377205326679281,0.9545131485429993,0.8433734939759037,0.8613576256244491,0.0,0.9424810421764391,0.0412224591329069,9,1407,
emb_scvi,15,6,gingiva,oral_normal_multisite,oral_scc,cell_pooled,0.9629665818953903,0.9741873804971319,0.9156626506024096,0.9212459594475463,0.0,0.9742489484160605,0.018164435946462717,6,1046,
emb_scvi,15,6,gingiva,oral_normal_multisite,oral_scc,donor_weighted,0.9629665818953903,0.9741873804971319,0.9156626506024096,0.9212459594475463,0.0,0.9742489484160605,0.018164435946462717,6,1046,
emb_scvi,15,6,gingiva,oral_normal_multisite,oral_scc,donor_crc,0.9987654320987653,0.9980879541108987,0.9925925925925926,0.9962962962962962,0.0,1.1616671713650433,0.0,6,1046,
emb_scvi,15,6,gingiva,oral_normal_multisite,oral_scc,target_only_k,0.9116470945672228,0.9378585086042065,0.8192771084337349,0.8242727005583308,0.0,0.9148896945969714,0.05927342256214149,6,1046,
emb_scvi,15,6,gingiva,oral_normal_multisite,oral_scc,adaptive_crc,0.9646387181666828,0.9760994263862333,0.9156626506024096,0.9212459594475463,0.0,0.9759210846873528,0.016252390057361378,6,1046,0.25
emb_scvi,15,6,gingiva,oral_normal_multisite,oral_scc,adaptive_plugin,0.9189133968308649,0.9435946462715105,0.8313253012048193,0.8363943579194828,0.0,0.9221559968606136,0.05353728489483748,6,1046,
emb_scvi,16,3,gingiva,oral_normal_multisite,oral_scc,cell_pooled,0.9680105237587051,0.9769820971867008,0.927710843373494,0.9342601173926475,0.0,0.9940211066971629,0.0034100596760443308,9,1173,
emb_scvi,16,3,gingiva,oral_normal_multisite,oral_scc,donor_weighted,0.970859526607708,0.9786871270247229,0.927710843373494,0.9404717461394875,0.0,0.9998595561975843,0.0008525149190110827,9,1173,
emb_scvi,16,3,gingiva,oral_normal_multisite,oral_scc,donor_crc,0.9970105533485815,0.9982949701619779,0.9859154929577465,0.9869266883351391,0.0,1.219334060731465,0.0,9,1173,
emb_scvi,16,3,gingiva,oral_normal_multisite,oral_scc,target_only_k,0.8804994233412275,0.9036658141517476,0.7590361445783133,0.8287303058387395,0.1111111111111111,0.8834888699926461,0.09462915601023018,9,1173,
emb_scvi,16,3,gingiva,oral_normal_multisite,oral_scc,adaptive_crc,0.9737794853847606,0.9803921568627451,0.927710843373494,0.9517393517732903,0.0,1.0076543654663874,0.0,9,1173,0.25
emb_scvi,16,3,gingiva,oral_normal_multisite,oral_scc,adaptive_plugin,0.9156619234604803,0.9335038363171355,0.8072289156626506,0.8638848075227741,0.0,0.9213586290727022,0.06223358908780904,9,1173,
emb_scvi,16,6,gingiva,oral_normal_multisite,oral_scc,cell_pooled,0.9767437470769346,0.9834319526627219,0.9436619718309859,0.947440742013054,0.0,0.9953051643192489,0.002366863905325444,6,845,
emb_scvi,16,6,gingiva,oral_normal_multisite,oral_scc,donor_weighted,0.9767437470769346,0.9834319526627219,0.9436619718309859,0.947440742013054,0.0,0.9976525821596244,0.001183431952662722,6,845,
emb_scvi,16,6,gingiva,oral_normal_multisite,oral_scc,donor_crc,0.9976525821596244,0.9988165680473373,0.9859154929577465,0.9929577464788732,0.0,1.180821392416092,0.0,6,845,
emb_scvi,16,6,gingiva,oral_normal_multisite,oral_scc,target_only_k,0.9334911109157256,0.9514792899408284,0.8780487804878049,0.8826863620748884,0.0,0.9368933810767763,0.046153846153846156,6,845,
emb_scvi,16,6,gingiva,oral_normal_multisite,oral_scc,adaptive_crc,0.9811236852425135,0.9857988165680474,0.9577464788732394,0.9605805565097905,0.0,1.0020325203252032,0.0,6,845,0.25
emb_scvi,16,6,gingiva,oral_normal_multisite,oral_scc,adaptive_plugin,0.9460350704961673,0.9597633136094674,0.8902439024390244,0.8958261765716249,0.0,0.949437340657218,0.0378698224852071,6,845,
emb_scvi,17,3,gingiva,oral_normal_multisite,oral_scc,cell_pooled,0.9590826053491259,0.9636533084808947,0.9230769230769231,0.9267840593141798,0.0,0.9857368498177104,0.012115563839701771,9,1073,
emb_scvi,17,3,gingiva,oral_normal_multisite,oral_scc,donor_weighted,0.9590826053491259,0.9636533084808947,0.9230769230769231,0.9267840593141798,0.0,0.9857368498177104,0.012115563839701771,9,1073,
emb_scvi,17,3,gingiva,oral_normal_multisite,oral_scc,donor_crc,0.9992641648270788,0.9990680335507922,0.9933774834437086,0.9986754966887417,0.0,1.5614311113364099,0.0,9,1073,
emb_scvi,17,3,gingiva,oral_normal_multisite,oral_scc,target_only_k,0.8110729694346579,0.8145386766076421,0.7108433734939759,0.7505519082317293,0.5555555555555556,0.8164607372089332,0.18080149114631874,9,1073,
emb_scvi,17,3,gingiva,oral_normal_multisite,oral_scc,adaptive_crc,0.9645028340009001,0.9692451071761417,0.927710843373494,0.9342601173926475,0.0,0.9961109441163418,0.003727865796831314,9,1073,0.25
emb_scvi,17,3,gingiva,oral_normal_multisite,oral_scc,adaptive_plugin,0.8836016500747363,0.8937558247903076,0.8076923076923077,0.8265987025023169,0.0,0.8896926527294617,0.10065237651444547,9,1073,
emb_scvi,17,6,gingiva,oral_normal_multisite,oral_scc,cell_pooled,0.9590932184232083,0.9624819624819625,0.9230769230769231,0.9253938832252085,0.0,0.9890497984087429,0.011544011544011544,6,693,
emb_scvi,17,6,gingiva,oral_normal_multisite,oral_scc,donor_weighted,0.9590932184232083,0.9624819624819625,0.9230769230769231,0.9253938832252085,0.0,0.9890497984087429,0.011544011544011544,6,693,
emb_scvi,17,6,gingiva,oral_normal_multisite,oral_scc,donor_crc,1.0,1.0,1.0,1.0,0.0,1.564420610213987,0.0,6,693,
emb_scvi,17,6,gingiva,oral_normal_multisite,oral_scc,target_only_k,0.8446582903767971,0.8542568542568543,0.7831325301204819,0.7954124189063948,0.16666666666666666,0.8516361892788281,0.13997113997113997,6,693,
emb_scvi,17,6,gingiva,oral_normal_multisite,oral_scc,adaptive_crc,0.9630530570602271,0.9668109668109668,0.927710843373494,0.9318041396354649,0.0,0.9950056450297938,0.004329004329004329,6,693,0.25
emb_scvi,17,6,gingiva,oral_normal_multisite,oral_scc,adaptive_plugin,0.8694332495101472,0.8816738816738817,0.8076923076923077,0.8134847080630213,0.0,0.8764111484121785,0.11255411255411256,6,693,
emb_scvi,18,3,gingiva,oral_normal_multisite,oral_scc,cell_pooled,0.9900602395922964,0.9926144756277696,0.9743589743589743,0.9755946864380599,0.0,1.1166280743320867,0.0,9,1354,
emb_scvi,18,3,gingiva,oral_normal_multisite,oral_scc,donor_weighted,0.9900602395922964,0.9926144756277696,0.9743589743589743,0.9755946864380599,0.0,1.110692136122301,0.0,9,1354,
emb_scvi,18,3,gingiva,oral_normal_multisite,oral_scc,donor_crc,0.9981639759417538,0.9985228951255539,0.9871794871794872,0.9944729344729345,0.0,1.4372725456967241,0.0,9,1354,
emb_scvi,18,3,gingiva,oral_normal_multisite,oral_scc,target_only_k,0.9001432261799506,0.9187592319054653,0.8072289156626506,0.8464757232522906,0.0,0.9107072063129975,0.07311669128508123,9,1354,
emb_scvi,18,3,gingiva,oral_normal_multisite,oral_scc,adaptive_crc,0.9913989276779724,0.9933530280649926,0.9743589743589743,0.9836041892379921,0.0,1.1288905809686425,0.0,9,1354,0.25
emb_scvi,18,3,gingiva,oral_normal_multisite,oral_scc,adaptive_plugin,0.9422772028472947,0.9564254062038404,0.891566265060241,0.8994400135754285,0.0,0.9682200200210889,0.024372230428360415,9,1354,
emb_scvi,18,6,gingiva,oral_normal_multisite,oral_scc,cell_pooled,0.9926476110903394,0.994157740993184,0.9759036144578314,0.984248103525212,0.0,1.109752066010569,0.0,6,1027,
emb_scvi,18,6,gingiva,oral_normal_multisite,oral_scc,donor_weighted,0.9926476110903394,0.994157740993184,0.9759036144578314,0.984248103525212,0.0,1.103921240420658,0.0,6,1027,
emb_scvi,18,6,gingiva,oral_normal_multisite,oral_scc,donor_crc,0.9993827160493828,0.9990262901655307,0.9962962962962963,0.9981481481481482,0.0,1.4454984160552407,0.0,6,1027,
emb_scvi,18,6,gingiva,oral_normal_multisite,oral_scc,target_only_k,0.9053079813833372,0.9269717624148004,0.8072289156626506,0.8347521823822235,0.0,0.9126603702929977,0.06718597857838364,6,1027,
emb_scvi,18,6,gingiva,oral_normal_multisite,oral_scc,adaptive_crc,0.9946556432188535,0.9951314508276533,0.9879518072289156,0.9902721999107541,0.0,1.116879915155493,0.0,6,1027,0.25
emb_scvi,18,6,gingiva,oral_normal_multisite,oral_scc,adaptive_plugin,0.9302617315613902,0.9483933787731256,0.8433734939759037,0.8827645912993292,0.0,0.943638216856593,0.042843232716650435,6,1027,
emb_scvi,19,3,gingiva,oral_normal_multisite,oral_scc,cell_pooled,0.9741840470763938,0.9825033647375505,0.926829268292683,0.9468116367910667,0.0,1.0263932732236472,0.0,9,1486,
emb_scvi,19,3,gingiva,oral_normal_multisite,oral_scc,donor_weighted,0.9755390606265293,0.9831763122476447,0.9390243902439024,0.9492506611813105,0.0,1.029103300323918,0.0,9,1486,
emb_scvi,19,3,gingiva,oral_normal_multisite,oral_scc,donor_crc,1.0,1.0,1.0,1.0,0.0,1.7301941282772626,0.0,9,1486,
emb_scvi,19,3,gingiva,oral_normal_multisite,oral_scc,target_only_k,0.9047689180108774,0.9286675639300135,0.8170731707317073,0.8284748751101969,0.0,0.9087159095326397,0.06864064602960969,9,1486,
emb_scvi,19,3,gingiva,oral_normal_multisite,oral_scc,adaptive_crc,0.9801302122432453,0.9865410497981157,0.9390243902439024,0.954002061147372,0.0,1.0494791133254604,0.0,9,1486,0.25
emb_scvi,19,3,gingiva,oral_normal_multisite,oral_scc,adaptive_plugin,0.9395899859035202,0.9582772543741588,0.8414634146341463,0.8781518378564067,0.0,0.9578085184655714,0.029609690444145357,9,1486,
emb_scvi,19,6,gingiva,oral_normal_multisite,oral_scc,cell_pooled,0.9734913133447507,0.9835748792270531,0.926829268292683,0.9393182486041728,0.0,1.0256298376136572,0.0,6,1035,
emb_scvi,19,6,gingiva,oral_normal_multisite,oral_scc,donor_weighted,0.9755238336699539,0.9845410628019323,0.9390243902439024,0.9454158095797824,0.0,1.0296948782640636,0.0,6,1035,
emb_scvi,19,6,gingiva,oral_normal_multisite,oral_scc,donor_crc,1.0,1.0,1.0,1.0,0.0,1.7743088963701794,0.0,6,1035,
emb_scvi,19,6,gingiva,oral_normal_multisite,oral_scc,target_only_k,0.9032868359073866,0.9304347826086956,0.8170731707317073,0.8241992359682633,0.0,0.908382240681779,0.06666666666666667,6,1035,
emb_scvi,19,6,gingiva,oral_normal_multisite,oral_scc,adaptive_crc,0.9755238336699539,0.9845410628019323,0.9390243902439024,0.9454158095797824,0.0,1.0353507186604143,0.0,6,1035,0.25
emb_scvi,19,6,gingiva,oral_normal_multisite,oral_scc,adaptive_plugin,0.9178149577392466,0.9439613526570049,0.8292682926829268,0.8363208933294153,0.0,0.9285906911066788,0.04927536231884058,6,1035,
emb_scvi,20,3,gingiva,oral_normal_multisite,oral_scc,cell_pooled,0.9680612489299549,0.9750603378921963,0.9358974358974359,0.9421090646442759,0.0,1.0743395983017396,0.0,9,1243,
emb_scvi,20,3,gingiva,oral_normal_multisite,oral_scc,donor_weighted,0.9694857503544563,0.9758648431214803,0.9436619718309859,0.9463482884059322,0.0,1.0799457971723545,0.0,9,1243,
emb_scvi,20,3,gingiva,oral_normal_multisite,oral_scc,donor_crc,1.0,1.0,1.0,1.0,0.0,2.394770257676566,0.0,9,1243,
emb_scvi,20,3,gingiva,oral_normal_multisite,oral_scc,target_only_k,0.8387062527120306,0.8648431214802896,0.7417218543046358,0.7459347323067103,0.3333333333333333,0.8506632090732144,0.1255028157683025,9,1243,
emb_scvi,20,3,gingiva,oral_normal_multisite,oral_scc,adaptive_crc,0.9802462192679692,0.9839098954143202,0.9602649006622517,0.9631373174818479,0.0,1.1369992898491683,0.0,9,1243,0.25
emb_scvi,20,3,gingiva,oral_normal_multisite,oral_scc,adaptive_plugin,0.8897646289007068,0.911504424778761,0.8192771084337349,0.8272700558330884,0.0,0.9044777699796247,0.07642799678197908,9,1243,
emb_scvi,20,6,gingiva,oral_normal_multisite,oral_scc,cell_pooled,0.9633542039324645,0.9652294853963839,0.9358974358974359,0.9414586517235524,0.0,1.084171786495755,0.0,6,719,
emb_scvi,20,6,gingiva,oral_normal_multisite,oral_scc,donor_weighted,0.9654909560692166,0.9666203059805285,0.9470198675496688,0.9478689081338088,0.0,1.092581084801677,0.0,6,719,
emb_scvi,20,6,gingiva,oral_normal_multisite,oral_scc,donor_crc,1.0,1.0,1.0,1.0,0.0,2.4399959539233858,0.0,6,719,
emb_scvi,20,6,gingiva,oral_normal_multisite,oral_scc,target_only_k,0.7741073707481165,0.7858136300417247,0.6987951807228916,0.7037022261230352,0.6666666666666666,0.7876553051021199,0.20166898470097358,6,719,
emb_scvi,20,6,gingiva,oral_normal_multisite,oral_scc,adaptive_crc,0.9664889600612326,0.9680111265646731,0.9470198675496688,0.9478689081338088,0.0,1.112966067058738,0.0,6,719,0.25
emb_scvi,20,6,gingiva,oral_normal_multisite,oral_scc,adaptive_plugin,0.8347543076852199,0.8484005563282336,0.7692307692307693,0.7761816496756255,0.3333333333333333,0.8494059947986051,0.1376912378303199,6,719,
emb_scvi,21,3,gingiva,oral_normal_multisite,oral_scc,cell_pooled,0.966664933608403,0.9697640117994101,0.9154929577464789,0.9291660072796328,0.0,0.9830130046259532,0.01327433628318584,9,1356,
emb_scvi,21,3,gingiva,oral_normal_multisite,oral_scc,donor_weighted,0.971708599507601,0.9734513274336283,0.9436619718309859,0.9437885741414781,0.0,0.9918173731160328,0.005162241887905605,9,1356,
emb_scvi,21,3,gingiva,oral_normal_multisite,oral_scc,donor_crc,0.9941352002639723,0.9948377581120944,0.9859154929577465,0.9869266883351391,0.0,1.2298621407523573,0.0,9,1356,
emb_scvi,21,3,gingiva,oral_normal_multisite,oral_scc,target_only_k,0.9292865726963928,0.9358407079646017,0.8732394366197183,0.8980011807371173,0.0,0.9375520201250376,0.05604719764011799,9,1356,
emb_scvi,21,3,gingiva,oral_normal_multisite,oral_scc,adaptive_crc,0.9758206104361604,0.9771386430678466,0.9436619718309859,0.9527773381864219,0.0,1.0041120109285595,0.0,9,1356,0.25
emb_scvi,21,3,gingiva,oral_normal_multisite,oral_scc,adaptive_plugin,0.9383769707617867,0.9446902654867256,0.8873239436619719,0.9055546763728438,0.0,0.9466424181904315,0.0471976401179941,9,1356,
emb_scvi,21,6,gingiva,oral_normal_multisite,oral_scc,cell_pooled,0.9561559693506777,0.9631578947368421,0.9154929577464789,0.9240386137047001,0.0,0.977627215572296,0.015789473684210527,6,950,
emb_scvi,21,6,gingiva,oral_normal_multisite,oral_scc,donor_weighted,0.9627234642074587,0.9673684210526315,0.9436619718309859,0.9437410982750435,0.0,0.9887809119947244,0.00631578947368421,6,950,
emb_scvi,21,6,gingiva,oral_normal_multisite,oral_scc,donor_crc,0.9922008043879743,0.9936842105263158,0.9859154929577465,0.9865474900686169,0.0,1.2363374394401576,0.0,6,950,
emb_scvi,21,6,gingiva,oral_normal_multisite,oral_scc,target_only_k,0.901176738643095,0.9157894736842105,0.8450704225352113,0.8584326471650415,0.0,0.9104183007139889,0.07578947368421053,6,950,
emb_scvi,21,6,gingiva,oral_normal_multisite,oral_scc,adaptive_crc,0.9657965459322259,0.9694736842105263,0.9436619718309859,0.9465500870390884,0.0,0.9953051643192489,0.002105263157894737,6,950,0.25
emb_scvi,21,6,gingiva,oral_normal_multisite,oral_scc,adaptive_plugin,0.9219602707362493,0.9326315789473684,0.8732394366197183,0.89167589808514,0.0,0.9323055855665251,0.05789473684210526,6,950,
emb_scvi,22,3,gingiva,oral_normal_multisite,oral_scc,cell_pooled,0.9758842493885181,0.9793510324483776,0.9577464788732394,0.9619196661450182,0.0,1.0243738675769578,0.0,9,1356,
emb_scvi,22,3,gingiva,oral_normal_multisite,oral_scc,donor_weighted,0.9758842493885181,0.9793510324483776,0.9577464788732394,0.9619196661450182,0.0,1.0243738675769578,0.0,9,1356,
emb_scvi,22,3,gingiva,oral_normal_multisite,oral_scc,donor_crc,1.0,1.0,1.0,1.0,0.0,1.9582305022901099,0.0,9,1356,
emb_scvi,22,3,gingiva,oral_normal_multisite,oral_scc,target_only_k,0.9259929431599451,0.9321533923303835,0.8410596026490066,0.875904228222109,0.0,0.9414157901613572,0.05457227138643068,9,1356,
emb_scvi,22,3,gingiva,oral_normal_multisite,oral_scc,adaptive_crc,0.9766200845614394,0.9800884955752213,0.9577464788732394,0.9619196661450182,0.0,1.0358446761321807,0.0,9,1356,0.25
emb_scvi,22,3,gingiva,oral_normal_multisite,oral_scc,adaptive_plugin,0.9469130861010147,0.9520648967551623,0.9102564102564102,0.9131771098658515,0.0,0.9667063309613151,0.030973451327433628,9,1356,
emb_scvi,22,6,gingiva,oral_normal_multisite,oral_scc,cell_pooled,0.9741052257264614,0.9793028322440087,0.9577464788732394,0.9603547209181011,0.0,1.0263636278019266,0.0,6,918,
emb_scvi,22,6,gingiva,oral_normal_multisite,oral_scc,donor_weighted,0.9741052257264614,0.9793028322440087,0.9577464788732394,0.9603547209181011,0.0,1.0263636278019266,0.0,6,918,
emb_scvi,22,6,gingiva,oral_normal_multisite,oral_scc,donor_crc,1.0,1.0,1.0,1.0,0.0,1.9397583364656195,0.0,6,918,
emb_scvi,22,6,gingiva,oral_normal_multisite,oral_scc,target_only_k,0.8917735182188063,0.900871459694989,0.7947019867549668,0.8339707116873425,0.16666666666666666,0.9008319235099522,0.0915032679738562,6,918,
emb_scvi,22,6,gingiva,oral_normal_multisite,oral_scc,adaptive_crc,0.9741052257264614,0.9793028322440087,0.9577464788732394,0.9603547209181011,0.0,1.031643383214349,0.0,6,918,0.25
emb_scvi,22,6,gingiva,oral_normal_multisite,oral_scc,adaptive_plugin,0.9204606485234712,0.9248366013071896,0.8410596026490066,0.871234026676616,0.0,0.9349662323984066,0.06318082788671024,6,918,
emb_scvi,23,3,gingiva,oral_normal_multisite,oral_scc,cell_pooled,0.9825189505503853,0.9870782483847811,0.9436619718309859,0.9594641016832703,0.0,1.025762387153505,0.0,9,1393,
emb_scvi,23,3,gingiva,oral_normal_multisite,oral_scc,donor_weighted,0.9825189505503853,0.9870782483847811,0.9436619718309859,0.9594641016832703,0.0,1.025762387153505,0.0,9,1393,
emb_scvi,23,3,gingiva,oral_normal_multisite,oral_scc,donor_crc,1.0,1.0,1.0,1.0,0.0,1.5740713686369807,0.0,9,1393,
emb_scvi,23,3,gingiva,oral_normal_multisite,oral_scc,target_only_k,0.9208272010847129,0.9404163675520459,0.7926829268292683,0.8683957402954312,0.1111111111111111,0.9278217685335132,0.05384063173007897,9,1393,
emb_scvi,23,3,gingiva,oral_normal_multisite,oral_scc,adaptive_crc,0.9840838957773023,0.9877961234745154,0.9577464788732394,0.962281003091721,0.0,1.030013239756012,0.0,9,1393,0.25
emb_scvi,23,3,gingiva,oral_normal_multisite,oral_scc,adaptive_plugin,0.9432196096343703,0.9576453697056713,0.8414634146341463,0.9006870491240123,0.0,0.9540957134994686,0.03374012921751615,9,1393,
emb_scvi,23,6,gingiva,oral_normal_multisite,oral_scc,cell_pooled,0.9831680971870805,0.9855072463768116,0.9634146341463414,0.9732803507810359,0.0,1.0295437140404067,0.0,6,966,
emb_scvi,23,6,gingiva,oral_normal_multisite,oral_scc,donor_weighted,0.9831680971870805,0.9855072463768116,0.9634146341463414,0.9732803507810359,0.0,1.0295437140404067,0.0,6,966,
emb_scvi,23,6,gingiva,oral_normal_multisite,oral_scc,donor_crc,1.0,1.0,1.0,1.0,0.0,1.6065938457662077,0.0,6,966,
emb_scvi,23,6,gingiva,oral_normal_multisite,oral_scc,target_only_k,0.8835910571861115,0.906832298136646,0.7804878048780488,0.805906553041434,0.16666666666666666,0.8893930217360947,0.08902691511387163,6,966,
emb_scvi,23,6,gingiva,oral_normal_multisite,oral_scc,adaptive_crc,0.9831680971870805,0.9855072463768116,0.9634146341463414,0.9732803507810359,0.0,1.03192241008729,0.0,6,966,0.25
emb_scvi,23,6,gingiva,oral_normal_multisite,oral_scc,adaptive_plugin,0.9213369924208058,0.937888198757764,0.8170731707317073,0.8603438142815163,0.0,0.9318288435940064,0.053830227743271224,6,966,
emb_scvi,24,3,gingiva,oral_normal_multisite,oral_scc,cell_pooled,0.978547939325758,0.982985305491106,0.9397590361445783,0.957182576459685,0.0,1.0170766106096336,0.0,9,1293,
emb_scvi,24,3,gingiva,oral_normal_multisite,oral_scc,donor_weighted,0.978547939325758,0.982985305491106,0.9397590361445783,0.957182576459685,0.0,1.022202462901294,0.0,9,1293,
emb_scvi,24,3,gingiva,oral_normal_multisite,oral_scc,donor_crc,0.9980254435699981,0.9984532095901005,0.9871794871794872,0.9934755013962935,0.0,1.270873382291075,0.0,9,1293,
emb_scvi,24,3,gingiva,oral_normal_multisite,oral_scc,target_only_k,0.8987669849862707,0.9180201082753287,0.7469879518072289,0.8367215340234175,0.1111111111111111,0.9054436691850528,0.0765661252900232,9,1293,
emb_scvi,24,3,gingiva,oral_normal_multisite,oral_scc,adaptive_crc,0.9818611838414361,0.9853054911059551,0.9518072289156626,0.967826234515527,0.0,1.0352509260922815,0.0,9,1293,0.25
emb_scvi,24,3,gingiva,oral_normal_multisite,oral_scc,adaptive_plugin,0.9326165856824371,0.9450889404485692,0.8072289156626506,0.8938401493297132,0.0,0.9439634366530422,0.04563031709203403,9,1293,
emb_scvi,24,6,gingiva,oral_normal_multisite,oral_scc,cell_pooled,0.984539725555314,0.9884393063583815,0.9615384615384616,0.9666847237269773,0.0,1.0147858227808315,0.0,6,865,
emb_scvi,24,6,gingiva,oral_normal_multisite,oral_scc,donor_weighted,0.984539725555314,0.9884393063583815,0.9615384615384616,0.9666847237269773,0.0,1.021538271630307,0.0,6,865,
emb_scvi,24,6,gingiva,oral_normal_multisite,oral_scc,donor_crc,0.9970381653549971,0.9976878612716763,0.9871794871794872,0.9911144960649911,0.0,1.2458665770531778,0.0,6,865,
emb_scvi,24,6,gingiva,oral_normal_multisite,oral_scc,target_only_k,0.9417050053569097,0.9583815028901734,0.8732394366197183,0.8853376670278079,0.0,0.9478393403505391,0.03699421965317919,6,865,
emb_scvi,24,6,gingiva,oral_normal_multisite,oral_scc,adaptive_crc,0.9853648080635647,0.9895953757225433,0.9615384615384616,0.9666847237269773,0.0,1.022363354138558,0.0,6,865,0.25
emb_scvi,24,6,gingiva,oral_normal_multisite,oral_scc,adaptive_plugin,0.9567285413367667,0.9676300578034682,0.9154929577464789,0.919284940411701,0.0,0.9639177286510711,0.026589595375722544,6,865,
emb_scvi,25,3,gingiva,oral_normal_multisite,oral_scc,cell_pooled,0.9562677344773811,0.9676025917926566,0.891566265060241,0.910020570085219,0.0,0.96559900707496,0.024478041756659467,9,1389,
emb_scvi,25,3,gingiva,oral_normal_multisite,oral_scc,donor_weighted,0.9623909729219255,0.9712023038156947,0.9156626506024096,0.9343520423156039,0.0,0.9730609336051804,0.020158387329013677,9,1389,
emb_scvi,25,3,gingiva,oral_normal_multisite,oral_scc,donor_crc,1.0,1.0,1.0,1.0,0.0,1.8721819466932057,0.0,9,1389,
emb_scvi,25,3,gingiva,oral_normal_multisite,oral_scc,target_only_k,0.8722595243339402,0.8934485241180705,0.7926829268292683,0.7946811636791067,0.2222222222222222,0.8750571260314319,0.10367170626349892,9,1389,
emb_scvi,25,3,gingiva,oral_normal_multisite,oral_scc,adaptive_crc,0.9655217689885842,0.9733621310295176,0.9156626506024096,0.9421068890948409,0.0,0.980720365187695,0.014398848092152628,9,1389,0.25
emb_scvi,25,3,gingiva,oral_normal_multisite,oral_scc,adaptive_plugin,0.912794323067567,0.9308855291576674,0.8313253012048193,0.8491918895092565,0.0,0.9190051361093321,0.06407487401007919,9,1389,
emb_scvi,25,6,gingiva,oral_normal_multisite,oral_scc,cell_pooled,0.9511273685619074,0.9686868686868687,0.891566265060241,0.9031002057008521,0.0,0.9630225207068781,0.022222222222222223,6,990,
emb_scvi,25,6,gingiva,oral_normal_multisite,oral_scc,donor_weighted,0.9592084734693422,0.9727272727272728,0.9156626506024096,0.9273435204231559,0.0,0.9731116577428267,0.01717171717171717,6,990,
emb_scvi,25,6,gingiva,oral_normal_multisite,oral_scc,donor_crc,1.0,1.0,1.0,1.0,0.0,1.9155386436820505,0.0,6,990,
emb_scvi,25,6,gingiva,oral_normal_multisite,oral_scc,target_only_k,0.8807525191237097,0.9151515151515152,0.7951807228915663,0.800029385836027,0.16666666666666666,0.8849489216699472,0.08080808080808081,6,990,
emb_scvi,25,6,gingiva,oral_normal_multisite,oral_scc,adaptive_crc,0.961847054400606,0.9747474747474747,0.9156626506024096,0.9321902996601792,0.0,0.9807201054476075,0.012121212121212121,6,990,0.25
emb_scvi,25,6,gingiva,oral_normal_multisite,oral_scc,adaptive_plugin,0.8981628965732682,0.9292929292929293,0.8072289156626506,0.8182486041727888,0.0,0.906375363376534,0.06464646464646465,6,990,
emb_scvi,26,3,gingiva,oral_normal_multisite,oral_scc,cell_pooled,0.9638614210935389,0.9714779602420052,0.927710843373494,0.9367616808698207,0.0,0.9810478681815583,0.01296456352636128,9,1157,
emb_scvi,26,3,gingiva,oral_normal_multisite,oral_scc,donor_weighted,0.9652859225180404,0.9723422644770959,0.927710843373494,0.9367616808698207,0.0,0.9838110576917357,0.011235955056179775,9,1157,
emb_scvi,26,3,gingiva,oral_normal_multisite,oral_scc,donor_crc,0.9972368104898225,0.9982713915298185,0.9871794871794872,0.9877973432190299,0.0,1.4502764659791514,0.0,9,1157,
emb_scvi,26,3,gingiva,oral_normal_multisite,oral_scc,target_only_k,0.8901391909972107,0.9127052722558341,0.8048780487804879,0.8067587422862181,0.0,0.8943414505607596,0.08383751080380294,9,1157,
emb_scvi,26,3,gingiva,oral_normal_multisite,oral_scc,adaptive_crc,0.9778190708763308,0.9809853068280034,0.9518072289156626,0.9610931531002057,0.0,1.0010175440592044,0.0025929127052722557,9,1157,0.25
emb_scvi,26,3,gingiva,oral_normal_multisite,oral_scc,adaptive_plugin,0.914078487263692,0.9334485738980121,0.8170731707317073,0.8381134293270643,0.0,0.9195291862779276,0.06136560069144339,9,1157,
emb_scvi,26,6,gingiva,oral_normal_multisite,oral_scc,cell_pooled,0.9615666063590766,0.9716859716859717,0.927710843373494,0.9333676168086982,0.0,0.9784741434718525,0.014157014157014158,6,777,
emb_scvi,26,6,gingiva,oral_normal_multisite,oral_scc,donor_weighted,0.9637033584958288,0.972972972972973,0.927710843373494,0.9333676168086982,0.0,0.9826189277371187,0.011583011583011582,6,777,
emb_scvi,26,6,gingiva,oral_normal_multisite,oral_scc,donor_crc,0.9958552157347338,0.9974259974259975,0.9871794871794872,0.9875656472042014,0.0,1.435222631426693,0.0,6,777,
emb_scvi,26,6,gingiva,oral_normal_multisite,oral_scc,target_only_k,0.903138652367529,0.9292149292149292,0.8170731707317073,0.8241992359682633,0.0,0.9072834366327952,0.0682110682110682,6,777,
emb_scvi,26,6,gingiva,oral_normal_multisite,oral_scc,adaptive_crc,0.9749862651362685,0.9806949806949807,0.9397590361445783,0.9515868351454599,0.0,0.9999755118033109,0.001287001287001287,6,777,0.25
emb_scvi,26,6,gingiva,oral_normal_multisite,oral_scc,adaptive_plugin,0.9103565183575625,0.9343629343629344,0.8170731707317073,0.8302233323538055,0.0,0.9163739617988585,0.06048906048906049,6,777,
emb_scvi,27,3,gingiva,oral_normal_multisite,oral_scc,cell_pooled,0.9820366606331672,0.9837940896091516,0.9487179487179487,0.9511893728761198,0.0,1.022643261371041,0.0,9,1049,
emb_scvi,27,3,gingiva,oral_normal_multisite,oral_scc,donor_weighted,0.9820366606331672,0.9837940896091516,0.9487179487179487,0.9511893728761198,0.0,1.022643261371041,0.0,9,1049,
emb_scvi,27,3,gingiva,oral_normal_multisite,oral_scc,donor_crc,0.9984350547730829,0.9990467111534795,0.9859154929577465,0.9971830985915493,0.0,1.3063515232063874,0.0,9,1049,
emb_scvi,27,3,gingiva,oral_normal_multisite,oral_scc,target_only_k,0.8407264174205484,0.8531935176358436,0.7108433734939759,0.7844221958255557,0.1111111111111111,0.842086472318813,0.14489990467111535,9,1049,
emb_scvi,27,3,gingiva,oral_normal_multisite,oral_scc,adaptive_crc,0.9847140368045191,0.9857006673021925,0.9487179487179487,0.9704664813098548,0.0,1.033445010031877,0.0,9,1049,0.25
emb_scvi,27,3,gingiva,oral_normal_multisite,oral_scc,adaptive_plugin,0.9005460547550295,0.9103908484270734,0.7951807228915663,0.8463600882402851,0.1111111111111111,0.9075729324760646,0.08388941849380362,9,1049,
emb_scvi,27,6,gingiva,oral_normal_multisite,oral_scc,cell_pooled,0.9830831274478388,0.9846582984658299,0.9487179487179487,0.9659320080668394,0.0,1.0269183034823142,0.0,6,717,
emb_scvi,27,6,gingiva,oral_normal_multisite,oral_scc,donor_weighted,0.9830831274478388,0.9846582984658299,0.9487179487179487,0.9659320080668394,0.0,1.0269183034823142,0.0,6,717,
emb_scvi,27,6,gingiva,oral_normal_multisite,oral_scc,donor_crc,0.9976525821596244,0.99860529986053,0.9859154929577465,0.9929577464788732,0.0,1.2773968351593663,0.0,6,717,
emb_scvi,27,6,gingiva,oral_normal_multisite,oral_scc,target_only_k,0.9001142184655032,0.9079497907949791,0.8450704225352113,0.8456121343445286,0.0,0.9066384707900278,0.08647140864714087,6,717,
emb_scvi,27,6,gingiva,oral_normal_multisite,oral_scc,adaptive_crc,0.9830831274478388,0.9846582984658299,0.9487179487179487,0.9659320080668394,0.0,1.0303694740820717,0.0,6,717,0.25
emb_scvi,27,6,gingiva,oral_normal_multisite,oral_scc,adaptive_plugin,0.9236743294292021,0.9316596931659693,0.8591549295774648,0.8782954135066812,0.0,0.9301985817537268,0.06276150627615062,6,717,
emb_scvi,28,3,gingiva,oral_normal_multisite,oral_scc,cell_pooled,0.9521718478599204,0.9611111111111111,0.9146341463414634,0.9153211954654757,0.0,0.9700057161861382,0.022222222222222223,9,1260,
emb_scvi,28,3,gingiva,oral_normal_multisite,oral_scc,donor_weighted,0.9567280258862295,0.9650793650793651,0.9146341463414634,0.9153211954654757,0.0,0.9766517316316262,0.016666666666666666,9,1260,
emb_scvi,28,3,gingiva,oral_normal_multisite,oral_scc,donor_crc,0.9967395533915762,0.9968253968253968,0.9871794871794872,0.9895151053566895,0.0,1.4090470587630364,0.0,9,1260,
emb_scvi,28,3,gingiva,oral_normal_multisite,oral_scc,target_only_k,0.8523036862761062,0.8650793650793651,0.7804878048780488,0.7817385866166354,0.2222222222222222,0.8557173127594795,0.13174603174603175,9,1260,
emb_scvi,28,3,gingiva,oral_normal_multisite,oral_scc,adaptive_crc,0.9591831494473664,0.9674603174603175,0.9154929577464789,0.9215601300108343,0.0,0.9843265830657756,0.011111111111111112,9,1260,0.25
emb_scvi,28,3,gingiva,oral_normal_multisite,oral_scc,adaptive_plugin,0.9093789672865138,0.9230158730158731,0.8170731707317073,0.8505941213258286,0.0,0.9139399515765534,0.07222222222222222,9,1260,
emb_scvi,28,6,gingiva,oral_normal_multisite,oral_scc,cell_pooled,0.9584217729604089,0.9605734767025089,0.9230769230769231,0.9345923537540304,0.0,0.9795580693829221,0.019115890083632018,6,837,
emb_scvi,28,6,gingiva,oral_normal_multisite,oral_scc,donor_weighted,0.9646387560492552,0.965352449223417,0.9230769230769231,0.9375863657300783,0.0,0.9889098086005367,0.011947431302270013,6,837,
emb_scvi,28,6,gingiva,oral_normal_multisite,oral_scc,donor_crc,0.9951093300873644,0.995221027479092,0.9871794871794872,0.9886392485402387,0.0,1.3895910893511314,0.0,6,837,
emb_scvi,28,6,gingiva,oral_normal_multisite,oral_scc,target_only_k,0.8895926859589703,0.8984468339307049,0.7948717948717948,0.8195915860586519,0.16666666666666666,0.8947131256840302,0.0967741935483871,6,837,
emb_scvi,28,6,gingiva,oral_normal_multisite,oral_scc,adaptive_crc,0.9654638385575062,0.966547192353644,0.9230769230769231,0.9375863657300783,0.0,0.9928696472375554,0.008363201911589008,6,837,0.25
emb_scvi,28,6,gingiva,oral_normal_multisite,oral_scc,adaptive_plugin,0.9338180198836464,0.9354838709677419,0.8846153846153846,0.8944035006909259,0.0,0.9400422123680885,0.05854241338112306,6,837,
emb_scvi,29,3,gingiva,oral_normal_multisite,oral_scc,cell_pooled,0.970155484567707,0.9794212218649517,0.9014084507042254,0.9417274732733751,0.0,1.0079646104284607,0.0,9,1555,
emb_scvi,29,3,gingiva,oral_normal_multisite,oral_scc,donor_weighted,0.9687954296694422,0.9781350482315112,0.9014084507042254,0.9417274732733751,0.0,1.004304289805275,0.0,9,1555,
emb_scvi,29,3,gingiva,oral_normal_multisite,oral_scc,donor_crc,0.9995884773662552,0.9993569131832798,0.9962962962962963,0.9992592592592593,0.0,1.5876621409384133,0.0,9,1555,
emb_scvi,29,3,gingiva,oral_normal_multisite,oral_scc,target_only_k,0.9359703666908863,0.9517684887459807,0.8433734939759037,0.8672662480909553,0.0,0.9486491014051808,0.03858520900321544,9,1555,
emb_scvi,29,3,gingiva,oral_normal_multisite,oral_scc,adaptive_crc,0.9759099532856388,0.9826366559485531,0.9295774647887324,0.9569998303071441,0.0,1.0195936679902304,0.0,9,1555,0.25
emb_scvi,29,3,gingiva,oral_normal_multisite,oral_scc,adaptive_plugin,0.9483199384307404,0.9614147909967846,0.8674698795180723,0.8946207364669948,0.0,0.9609986731450348,0.028938906752411574,9,1555,
emb_scvi,29,6,gingiva,oral_normal_multisite,oral_scc,cell_pooled,0.9637284025838816,0.9747634069400631,0.9014084507042254,0.926607839809944,0.0,1.0099068332952943,0.0,6,951,
emb_scvi,29,6,gingiva,oral_normal_multisite,oral_scc,donor_weighted,0.9637284025838816,0.9747634069400631,0.9014084507042254,0.926607839809944,0.0,1.0064564347079121,0.0,6,951,
emb_scvi,29,6,gingiva,oral_normal_multisite,oral_scc,donor_crc,0.9993827160493828,0.9989484752891693,0.9962962962962963,0.9981481481481482,0.0,1.6368985107737792,0.0,6,951,
emb_scvi,29,6,gingiva,oral_normal_multisite,oral_scc,target_only_k,0.8848501195757591,0.9085173501577287,0.7590361445783133,0.8020532835567622,0.16666666666666666,0.8946519761160627,0.08412197686645637,6,951,
emb_scvi,29,6,gingiva,oral_normal_multisite,oral_scc,adaptive_crc,0.9637284025838816,0.9747634069400631,0.9014084507042254,0.926607839809944,0.0,1.012727923787577,0.0,6,951,0.25
emb_scvi,29,6,gingiva,oral_normal_multisite,oral_scc,adaptive_plugin,0.9012388486883962,0.9232386961093586,0.7951807228915663,0.8271678262345155,0.16666666666666666,0.9140054070196929,0.06729758149316509,6,951,
