embedding,triple,rep,reference,calibration,target,n_classes,method,donor_mean_coverage,cell_pooled_coverage,donor_min_coverage,donor_q10_coverage,frac_donors_poorly_covered,mean_set_size,frac_empty_sets,n_donors,n_cells,reported_random_split_coverage
emb_tf-sapiens,0,0,blood_B,blood_C,blood_D,6,cell_pooled,0.8975560215760832,0.8974616737873837,0.5362318840579711,0.832560618172129,0.06666666666666667,1.0005948110576584,0.0030158331239004774,30,3979,0.9083029197080292
emb_tf-sapiens,0,0,blood_B,blood_C,blood_D,6,classwise,0.8888533827111217,0.888665493842674,0.4855072463768116,0.8307407407407408,0.06666666666666667,0.9963717466527083,0.023372706710228702,30,3979,
emb_tf-sapiens,0,0,blood_B,blood_C,blood_D,6,donor_weighted,0.8975560215760832,0.8974616737873837,0.5362318840579711,0.832560618172129,0.06666666666666667,1.0005948110576584,0.0030158331239004774,30,3979,
emb_tf-sapiens,0,0,blood_B,blood_C,blood_D,6,donor_crc,0.9078585193764475,0.9077657702940437,0.5579710144927537,0.8521652421652421,0.06666666666666667,1.027014764695729,0.0,30,3979,
emb_tf-sapiens,0,1,blood_B,blood_C,blood_D,6,cell_pooled,0.9697674923559857,0.9687743950039032,0.9206349206349206,0.9390977443609022,0.0,1.7709075749178171,0.0,30,3843,0.9042407660738714
emb_tf-sapiens,0,1,blood_B,blood_C,blood_D,6,classwise,0.8988581066148185,0.8969555035128806,0.6551724137931034,0.80859375,0.1,1.0942957203979502,0.038771792870153525,30,3843,
emb_tf-sapiens,0,1,blood_B,blood_C,blood_D,6,donor_weighted,0.9695168657895696,0.9685141816289358,0.9206349206349206,0.9388334116541354,0.0,1.7701576563028134,0.0,30,3843,
emb_tf-sapiens,0,1,blood_B,blood_C,blood_D,6,donor_crc,0.9720773526693007,0.9711163153786104,0.9285714285714286,0.9406516290726817,0.0,1.9685274004953934,0.0,30,3843,
emb_tf-sapiens,1,0,blood_C,blood_B,blood_A,6,cell_pooled,0.9013443110215125,0.9016318087795909,0.7338129496402878,0.8441250241173066,0.03333333333333333,0.94391240696478,0.0558492300620547,30,4351,0.8916122004357299
emb_tf-sapiens,1,0,blood_C,blood_B,blood_A,6,classwise,0.80515956393431,0.8053321075614801,0.5774647887323944,0.670078551585401,0.3333333333333333,1.0015873695772641,0.08067111008963457,30,4351,
emb_tf-sapiens,1,0,blood_C,blood_B,blood_A,6,donor_weighted,0.9105263449410681,0.9108250976786946,0.7482014388489209,0.8518329153000193,0.03333333333333333,0.959611548131491,0.04022063893357849,30,4351,
emb_tf-sapiens,1,0,blood_C,blood_B,blood_A,6,donor_crc,0.9678099033532234,0.9678234888531372,0.8972602739726028,0.9342436255077571,0.0,1.1126208267505515,0.0,30,4351,
emb_tf-sapiens,1,1,blood_C,blood_B,blood_A,6,cell_pooled,0.6778137515754601,0.6773894931728767,0.3904109589041096,0.49859154929577465,0.9333333333333333,0.6966306812899474,0.30386484610043973,30,4321,0.8865284974093264
emb_tf-sapiens,1,1,blood_C,blood_B,blood_A,6,classwise,0.6001633990514992,0.5991668595232585,0.2808219178082192,0.42799902865468675,0.9666666666666667,0.741257377556399,0.3121962508678547,30,4321,
emb_tf-sapiens,1,1,blood_C,blood_B,blood_A,6,donor_weighted,0.7566509663313064,0.7565378384633187,0.5342465753424658,0.5898393613876023,0.5333333333333333,0.7809994188695195,0.21916223096505438,30,4321,
emb_tf-sapiens,1,1,blood_C,blood_B,blood_A,6,donor_crc,0.9538797763528378,0.9539458458690118,0.910958904109589,0.9275053196879116,0.0,1.041243068957502,0.0,30,4321,
emb_tf-sapiens,2,0,blood_B,blood_D,blood_E,5,cell_pooled,0.859650756498352,0.8574240719910011,0.35766423357664234,0.7200923076923077,0.16666666666666666,0.9341678761549391,0.0672103487064117,30,3556,0.8822303282959875
emb_tf-sapiens,2,0,blood_B,blood_D,blood_E,5,classwise,0.8753677064071741,0.8742969628796401,0.5912408759124088,0.7345153846153846,0.16666666666666666,0.9388358937100402,0.07339707536557931,30,3556,
emb_tf-sapiens,2,0,blood_B,blood_D,blood_E,5,donor_weighted,0.859650756498352,0.8574240719910011,0.35766423357664234,0.7200923076923077,0.16666666666666666,0.9341678761549391,0.0672103487064117,30,3556,
emb_tf-sapiens,2,0,blood_B,blood_D,blood_E,5,donor_crc,0.8898826351591741,0.8883577052868391,0.5109489051094891,0.743,0.13333333333333333,0.9980211507803445,0.003093363329583802,30,3556,
emb_tf-sapiens,2,1,blood_B,blood_D,blood_E,5,cell_pooled,0.8339794149718875,0.8307515777395296,0.5547445255474452,0.692914979757085,0.36666666666666664,0.902838551138658,0.09982788296041308,30,3486,0.9092365189535504
emb_tf-sapiens,2,1,blood_B,blood_D,blood_E,5,classwise,0.8526118362143796,0.8496844520940906,0.5547445255474452,0.7537062937062937,0.26666666666666666,0.9147244191244835,0.09982788296041308,30,3486,
emb_tf-sapiens,2,1,blood_B,blood_D,blood_E,5,donor_weighted,0.8307668667730446,0.827596098680436,0.5474452554744526,0.6914102564102564,0.36666666666666664,0.8980547143860901,0.10470453241537579,30,3486,
emb_tf-sapiens,2,1,blood_B,blood_D,blood_E,5,donor_crc,0.8619578912289093,0.8591508892713712,0.6496350364963503,0.7412666666666666,0.3,0.9555188389334416,0.04589787722317843,30,3486,
emb_tf-sapiens,3,0,blood_A,blood_D,blood_E,5,cell_pooled,0.8833224585271006,0.8840538219295734,0.6972477064220184,0.7822054054054054,0.13333333333333333,0.9859949133173239,0.014028056112224449,30,3493,0.9086589229144667
emb_tf-sapiens,3,0,blood_A,blood_D,blood_E,5,classwise,0.8849528056206243,0.8860578299456054,0.6146788990825688,0.7798625954198474,0.13333333333333333,0.9821155761270651,0.02719725164614944,30,3493,
emb_tf-sapiens,3,0,blood_A,blood_D,blood_E,5,donor_weighted,0.8839224585271005,0.8846263956484397,0.6972477064220184,0.7830054054054054,0.13333333333333333,0.9869612136836242,0.013169195533924993,30,3493,
emb_tf-sapiens,3,0,blood_A,blood_D,blood_E,5,donor_crc,0.9068671658769808,0.9075293444030919,0.7431192660550459,0.8234181818181818,0.06666666666666667,1.040619354618768,0.0,30,3493,
emb_tf-sapiens,3,1,blood_A,blood_D,blood_E,5,cell_pooled,0.8488606876241351,0.8492957746478873,0.6106870229007634,0.7307964601769911,0.2,0.9803549409458757,0.02028169014084507,30,3550,0.9021681649920676
emb_tf-sapiens,3,1,blood_A,blood_D,blood_E,5,classwise,0.8317255428243474,0.8309859154929577,0.6259541984732825,0.6789914772727272,0.3333333333333333,0.9106937672619521,0.11014084507042253,30,3550,
emb_tf-sapiens,3,1,blood_A,blood_D,blood_E,5,donor_weighted,0.8502447155026592,0.8507042253521127,0.6106870229007634,0.7325663716814159,0.2,0.9834311452107017,0.017183098591549296,30,3550,
emb_tf-sapiens,3,1,blood_A,blood_D,blood_E,5,donor_crc,0.882346510225925,0.8836619718309859,0.648854961832061,0.7708622908622909,0.2,1.062310643736823,0.0,30,3550,
emb_tf-sapiens,4,0,blood_D,blood_C,blood_A,6,cell_pooled,0.9245892423086969,0.9246967269398032,0.8333333333333334,0.8790302698260511,0.0,1.1196294434418375,0.0,30,4369,0.9028859367842419
emb_tf-sapiens,4,0,blood_D,blood_C,blood_A,6,classwise,0.9275839380045203,0.927672236209659,0.8611111111111112,0.8905009499050095,0.0,1.0733587367849318,0.011902037079423208,30,4369,
emb_tf-sapiens,4,0,blood_D,blood_C,blood_A,6,donor_weighted,0.9243655286621646,0.9244678416113528,0.8333333333333334,0.877044240514998,0.0,1.1177995317605356,0.0,30,4369,
emb_tf-sapiens,4,0,blood_D,blood_C,blood_A,6,donor_crc,0.9401273692799328,0.9402609292744335,0.8759124087591241,0.915795019157088,0.0,1.203586364694877,0.0,30,4369,
emb_tf-sapiens,4,1,blood_D,blood_C,blood_A,6,cell_pooled,0.9395849637441448,0.9396591432519577,0.8551724137931035,0.9037223340040241,0.0,1.0372008377516109,0.0006909258406264394,30,4342,0.9075091575091575
emb_tf-sapiens,4,1,blood_D,blood_C,blood_A,6,classwise,0.9172939244935228,0.9173192077383694,0.7887323943661971,0.8696874554017411,0.03333333333333333,1.0178000178871383,0.026485490557346846,30,4342,
emb_tf-sapiens,4,1,blood_D,blood_C,blood_A,6,donor_weighted,0.9395849637441448,0.9396591432519577,0.8551724137931035,0.9037223340040241,0.0,1.0372008377516109,0.0006909258406264394,30,4342,
emb_tf-sapiens,4,1,blood_D,blood_C,blood_A,6,donor_crc,0.9550937979231757,0.9550898203592815,0.8827586206896552,0.9319727891156463,0.0,1.1001725243176212,0.0,30,4342,
emb_tf-sapiens,5,0,blood_C,blood_E,blood_B,5,cell_pooled,0.8883209689475494,0.9052453468697124,0.5925925925925926,0.6909340659340659,0.13333333333333333,0.9910161689618234,0.009306260575296108,30,3546,0.9039226833428085
emb_tf-sapiens,5,0,blood_C,blood_E,blood_B,5,classwise,0.8993353360933044,0.9173716864072194,0.5925925925925926,0.7286963036963037,0.13333333333333333,1.0338493142560867,0.0019740552735476595,30,3546,
emb_tf-sapiens,5,0,blood_C,blood_E,blood_B,5,donor_weighted,0.8893236905239728,0.9063733784545968,0.5925925925925926,0.6972277722277722,0.13333333333333333,0.9930368775263828,0.007332205301748449,30,3546,
emb_tf-sapiens,5,0,blood_C,blood_E,blood_B,5,donor_crc,0.9060545687837274,0.9247038917089678,0.5925925925925926,0.7601648351648352,0.13333333333333333,1.0304917033268481,0.0,30,3546,
emb_tf-sapiens,5,1,blood_C,blood_E,blood_B,5,cell_pooled,0.9093738168582209,0.9088888888888889,0.7213114754098361,0.8197001729771286,0.06666666666666667,1.0062287528189517,0.0,30,3600,0.912739965095986
emb_tf-sapiens,5,1,blood_C,blood_E,blood_B,5,classwise,0.9209908908788428,0.9222222222222223,0.7384615384615385,0.8564285714285714,0.03333333333333333,1.122512409464155,0.006111111111111111,30,3600,
emb_tf-sapiens,5,1,blood_C,blood_E,blood_B,5,donor_weighted,0.9090960390804432,0.9086111111111111,0.7213114754098361,0.8151652892561984,0.06666666666666667,1.0053701669603659,0.0,30,3600,
emb_tf-sapiens,5,1,blood_C,blood_E,blood_B,5,donor_crc,0.9232166711525557,0.9233333333333333,0.7622950819672131,0.8430047988187522,0.03333333333333333,1.0478593844815722,0.0,30,3600,
emb_tf-sapiens,6,0,blood_E,blood_B,blood_A,5,cell_pooled,0.6600322758478215,0.6599162011173184,0.2986111111111111,0.49005030181086523,0.9333333333333333,0.6769944626021069,0.3230912476722533,30,4296,0.9050772626931567
emb_tf-sapiens,6,0,blood_E,blood_B,blood_A,5,classwise,0.7240954652333306,0.7246275605214153,0.4861111111111111,0.583882503192848,0.7666666666666667,0.8014957740180072,0.19832402234636873,30,4296,
emb_tf-sapiens,6,0,blood_E,blood_B,blood_A,5,donor_weighted,0.6488991902774346,0.6487430167597765,0.2916666666666667,0.4700603621730382,0.9666666666666667,0.6646917085047456,0.33542830540037244,30,4296,
emb_tf-sapiens,6,0,blood_E,blood_B,blood_A,5,donor_crc,0.8335684184539842,0.8337988826815642,0.4930555555555556,0.7443661971830986,0.23333333333333334,0.8726981410984533,0.1270949720670391,30,4296,
emb_tf-sapiens,6,1,blood_E,blood_B,blood_A,5,cell_pooled,0.8432362578156037,0.8431143324760346,0.6442953020134228,0.7711557013312753,0.23333333333333334,0.875244160011028,0.1248538695347206,30,4277,0.9136522753792299
emb_tf-sapiens,6,1,blood_E,blood_B,blood_A,5,classwise,0.7170595395507809,0.7173252279635258,0.5104895104895105,0.5810268973102689,0.7333333333333333,0.8156302667364069,0.19125555295768062,30,4277,
emb_tf-sapiens,6,1,blood_E,blood_B,blood_A,5,donor_weighted,0.8763783176303211,0.8763151741875146,0.7410071942446043,0.8114062063181438,0.1,0.9353170979669461,0.06476502221183073,30,4277,
emb_tf-sapiens,6,1,blood_E,blood_B,blood_A,5,donor_crc,0.9522785806310883,0.9523030161328033,0.8928571428571429,0.9175766930349218,0.0,1.0920531507129125,0.0,30,4277,
emb_tf-sapiens,7,0,blood_A,blood_C,blood_D,6,cell_pooled,0.8998515920875989,0.900201106083459,0.7391304347826086,0.8189958592132505,0.1,0.9840871873487805,0.01608848667672197,30,3978,0.9159817351598174
emb_tf-sapiens,7,0,blood_A,blood_C,blood_D,6,classwise,0.8511173803572523,0.850930115635998,0.6466165413533834,0.7413962033067973,0.23333333333333334,0.9099975692200284,0.09904474610356963,30,3978,
emb_tf-sapiens,7,0,blood_A,blood_C,blood_D,6,donor_weighted,0.8998515920875989,0.900201106083459,0.7391304347826086,0.8189958592132505,0.1,0.9840871873487805,0.01608848667672197,30,3978,
emb_tf-sapiens,7,0,blood_A,blood_C,blood_D,6,donor_crc,0.9165270120168245,0.9167923579688285,0.7608695652173914,0.836516563146998,0.06666666666666667,1.0259482058448117,0.00025138260432378077,30,3978,
emb_tf-sapiens,7,1,blood_A,blood_C,blood_D,6,cell_pooled,0.920150423939806,0.920959595959596,0.7819548872180451,0.8419856459330143,0.03333333333333333,0.9785340038463679,0.021464646464646464,30,3960,0.9133425034387895
emb_tf-sapiens,7,1,blood_A,blood_C,blood_D,6,classwise,0.8760132317101933,0.8767676767676768,0.6592592592592592,0.7864661654135339,0.13333333333333333,0.9252652494691549,0.07929292929292929,30,3960,
emb_tf-sapiens,7,1,blood_A,blood_C,blood_D,6,donor_weighted,0.9199156821557685,0.9207070707070707,0.7819548872180451,0.8419856459330143,0.03333333333333333,0.9782992620623304,0.021717171717171718,30,3960,
emb_tf-sapiens,7,1,blood_A,blood_C,blood_D,6,donor_crc,0.9331034442162901,0.9338383838383838,0.7819548872180451,0.8727777777777779,0.03333333333333333,0.9992435141957539,0.0012626262626262627,30,3960,
emb_tf-sapiens,8,0,blood_E,blood_B,blood_C,5,cell_pooled,0.5523618836205676,0.5506072874493927,0.2905405405405405,0.3464914733016494,0.9,0.5554142231478486,0.44629673731840913,30,4199,0.9028475711892797
emb_tf-sapiens,8,0,blood_E,blood_B,blood_C,5,classwise,0.3979770492558348,0.39723743748511553,0.17006802721088435,0.2598522167487685,1.0,0.4415329377485009,0.5591807573231722,30,4199,
emb_tf-sapiens,8,0,blood_E,blood_B,blood_C,5,donor_weighted,0.5343814206982381,0.5327458918790188,0.28378378378378377,0.32606933184232595,0.9333333333333333,0.537200659992419,0.46439628482972134,30,4199,
emb_tf-sapiens,8,0,blood_E,blood_B,blood_C,5,donor_crc,0.7539341856202292,0.752560133365087,0.5306122448979592,0.6147476011681269,0.6,0.7643590838127906,0.23696118123362706,30,4199,
emb_tf-sapiens,8,1,blood_E,blood_B,blood_C,5,cell_pooled,0.5972680312810346,0.5959475566150179,0.25874125874125875,0.42037593984962407,0.8666666666666667,0.6168889507669016,0.3842669845053635,30,4195,0.8921832884097035
emb_tf-sapiens,8,1,blood_E,blood_B,blood_C,5,classwise,0.404547536398429,0.4035756853396901,0.027972027972027972,0.22538207971231644,1.0,0.42397053803146084,0.5771156138259833,30,4195,
emb_tf-sapiens,8,1,blood_E,blood_B,blood_C,5,donor_weighted,0.589862919481155,0.5885578069129916,0.25874125874125875,0.39540082219938333,0.8666666666666667,0.6083050646896563,0.39284862932061976,30,4195,
emb_tf-sapiens,8,1,blood_E,blood_B,blood_C,5,donor_crc,0.7134076814255219,0.7120381406436234,0.2727272727272727,0.5584260809612923,0.7,0.7492848813602792,0.2519666269368296,30,4195,
emb_tf-sapiens,9,0,blood_E,blood_D,blood_A,5,cell_pooled,0.7907940918472137,0.790915476469211,0.6830985915492958,0.7011800699300699,0.5,0.8462174976541955,0.1538281432919691,30,4271,0.9043715846994536
emb_tf-sapiens,9,0,blood_E,blood_D,blood_A,5,classwise,0.5746426616771069,0.5748068368063686,0.31654676258992803,0.363143898355166,1.0,0.7471024841496157,0.2528681807539218,30,4271,
emb_tf-sapiens,9,0,blood_E,blood_D,blood_A,5,donor_weighted,0.7821689200498488,0.7822523999063451,0.6549295774647887,0.6918269230769231,0.5333333333333333,0.8347713543236662,0.16530086630765628,30,4271,
emb_tf-sapiens,9,0,blood_E,blood_D,blood_A,5,donor_crc,0.8634325120857148,0.8637321470381644,0.7816901408450704,0.8071175399942523,0.1,0.9360019206359927,0.06391945680168579,30,4271,
emb_tf-sapiens,9,1,blood_E,blood_D,blood_A,5,cell_pooled,0.6938126034464788,0.693733865289838,0.48322147651006714,0.5571428571428572,0.9,0.732999697122271,0.2670734569349918,30,4261,0.9076327433628318
emb_tf-sapiens,9,1,blood_E,blood_D,blood_A,5,classwise,0.7481428454709577,0.7484158648204646,0.5454545454545454,0.6859662954567853,0.7666666666666667,0.813254933112572,0.18657592114527105,30,4261,
emb_tf-sapiens,9,1,blood_E,blood_D,blood_A,5,donor_weighted,0.689638386833773,0.6895095048110772,0.47651006711409394,0.5564285714285715,0.9,0.7283559037899885,0.2717671908002816,30,4261,
emb_tf-sapiens,9,1,blood_E,blood_D,blood_A,5,donor_crc,0.8013886000329827,0.8014550574982399,0.6714285714285714,0.7178076062639821,0.4666666666666667,0.858958381742934,0.14104670265195962,30,4261,
emb_tf-sapiens,10,0,blood_A,blood_E,blood_C,5,cell_pooled,0.9249299878819947,0.9244561319627062,0.8378378378378378,0.8595273339798887,0.0,0.9974043267824242,0.005259383217786278,30,4183,0.9066590779738191
emb_tf-sapiens,10,0,blood_A,blood_E,blood_C,5,classwise,0.8666323218472924,0.8658857279464499,0.5625,0.7769528343996429,0.16666666666666666,1.1791676903793458,0.0815204398756873,30,4183,
emb_tf-sapiens,10,0,blood_A,blood_E,blood_C,5,donor_weighted,0.9249299878819947,0.9244561319627062,0.8378378378378378,0.8595273339798887,0.0,0.9971695849983866,0.005259383217786278,30,4183,
emb_tf-sapiens,10,0,blood_A,blood_E,blood_C,5,donor_crc,0.975528406191448,0.9756155868993546,0.9197080291970803,0.9594246031746032,0.0,1.169406772818994,0.0,30,4183,
emb_tf-sapiens,10,1,blood_A,blood_E,blood_C,5,cell_pooled,0.9327379095143387,0.932726837443141,0.8356164383561644,0.8994494866835292,0.0,1.0049318497169488,0.0023940627244433805,30,4177,0.9038238702201622
emb_tf-sapiens,10,1,blood_A,blood_E,blood_C,5,classwise,0.8882167058831045,0.8874790519511612,0.6433566433566433,0.7813837221804106,0.13333333333333333,1.0675431276959777,0.04333253531242519,30,4177,
emb_tf-sapiens,10,1,blood_A,blood_E,blood_C,5,donor_weighted,0.9257509083912638,0.9255446492698108,0.815068493150685,0.8787196865402944,0.0,0.9904235582879919,0.009815657170217859,30,4177,
emb_tf-sapiens,10,1,blood_A,blood_E,blood_C,5,donor_crc,0.9750938385385656,0.9753411539382332,0.924812030075188,0.9613289382373352,0.0,1.1389353425091298,0.0,30,4177,
emb_tf-sapiens,11,0,blood_A,blood_B,blood_E,5,cell_pooled,0.7072687657843344,0.7025352112676057,0.2824427480916031,0.4898638529611981,0.7,0.8412004597214344,0.16,30,3550,0.9089874857792947
emb_tf-sapiens,11,0,blood_A,blood_B,blood_E,5,classwise,0.6998688167496198,0.6971830985915493,0.32061068702290074,0.5323619163869392,0.6666666666666666,0.8684868807499825,0.1636619718309859,30,3550,
emb_tf-sapiens,11,0,blood_A,blood_B,blood_E,5,donor_weighted,0.7187946107020587,0.7138028169014085,0.2900763358778626,0.4953846153846154,0.6333333333333333,0.8586934071980837,0.1428169014084507,30,3550,
emb_tf-sapiens,11,0,blood_A,blood_B,blood_E,5,donor_crc,0.8120883045428146,0.8078873239436619,0.3816793893129771,0.5989283738938053,0.36666666666666664,1.0368639240423478,0.0008450704225352113,30,3550,
emb_tf-sapiens,11,1,blood_A,blood_B,blood_E,5,cell_pooled,0.7365713504139872,0.7335235378031384,0.5147058823529411,0.5808319981010028,0.6666666666666666,0.7751623270589868,0.22853067047075606,30,3505,0.8931090613130765
emb_tf-sapiens,11,1,blood_A,blood_B,blood_E,5,classwise,0.6507169978750758,0.6439372325249644,0.29411764705882354,0.45844403669724776,0.8,0.6863536345618755,0.32125534950071327,30,3505,
emb_tf-sapiens,11,1,blood_A,blood_B,blood_E,5,donor_weighted,0.7346375924522656,0.7315263908701855,0.5073529411764706,0.5742626550353095,0.7,0.7723975314480458,0.23138373751783167,30,3505,
emb_tf-sapiens,11,1,blood_A,blood_B,blood_E,5,donor_crc,0.8003337145153626,0.7977175463623395,0.5916666666666667,0.6530769230769231,0.5,0.8529584475669124,0.1500713266761769,30,3505,
emb_tf-sapiens,12,0,blood_D,blood_C,blood_E,5,cell_pooled,0.9291889287222477,0.9290700921530298,0.6166666666666667,0.8637618063754428,0.06666666666666667,1.1141278395427452,0.0,30,3581,0.9024038461538462
emb_tf-sapiens,12,0,blood_D,blood_C,blood_E,5,classwise,0.9141470415278737,0.9139905054454063,0.65,0.8464728453364818,0.06666666666666667,1.1102258011041295,0.007819044959508517,30,3581,
emb_tf-sapiens,12,0,blood_D,blood_C,blood_E,5,donor_weighted,0.9291889287222477,0.9290700921530298,0.6166666666666667,0.8637618063754428,0.06666666666666667,1.1141278395427452,0.0,30,3581,
emb_tf-sapiens,12,0,blood_D,blood_C,blood_E,5,donor_crc,0.9361339767180111,0.9360513822954482,0.625,0.8814861275088548,0.06666666666666667,1.1576714411763291,0.0,30,3581,
emb_tf-sapiens,12,1,blood_D,blood_C,blood_E,5,cell_pooled,0.922071247081956,0.924204001127078,0.6083333333333333,0.8053230769230769,0.1,1.0406456288236974,0.0,30,3549,0.9221902017291066
emb_tf-sapiens,12,1,blood_D,blood_C,blood_E,5,classwise,0.9197210581840343,0.9216680755142294,0.6166666666666667,0.8104989604989605,0.06666666666666667,1.0218359439656537,0.0084530853761623,30,3549,
emb_tf-sapiens,12,1,blood_D,blood_C,blood_E,5,donor_weighted,0.922071247081956,0.924204001127078,0.6083333333333333,0.8053230769230769,0.1,1.0404005307844817,0.0,30,3549,
emb_tf-sapiens,12,1,blood_D,blood_C,blood_E,5,donor_crc,0.9320390946930538,0.9340659340659341,0.6166666666666667,0.8157571032571033,0.03333333333333333,1.07313687363548,0.0,30,3549,
emb_tf-sapiens,13,0,blood_B,blood_E,blood_D,5,cell_pooled,0.91309804862974,0.9127320954907162,0.7557251908396947,0.8636138272965157,0.06666666666666667,1.0182544212322349,0.0015915119363395225,30,3770,0.9032805429864253
emb_tf-sapiens,13,0,blood_B,blood_E,blood_D,5,classwise,0.9269310507641485,0.926790450928382,0.8396946564885496,0.8805050872093023,0.0,0.9792131663455829,0.053315649867374006,30,3770,
emb_tf-sapiens,13,0,blood_B,blood_E,blood_D,5,donor_weighted,0.9133584652964066,0.9129973474801061,0.7557251908396947,0.8636138272965157,0.03333333333333333,1.01876929082511,0.0015915119363395225,30,3770,
emb_tf-sapiens,13,0,blood_B,blood_E,blood_D,5,donor_crc,0.9448417813454086,0.9442970822281167,0.8396946564885496,0.906060091665252,0.0,1.1353439647066983,0.0,30,3770,
emb_tf-sapiens,13,1,blood_B,blood_E,blood_D,5,cell_pooled,0.9595751380765782,0.9578460701658961,0.7883211678832117,0.9289943577829406,0.03333333333333333,1.2146487824440373,0.0,30,3677,0.9070165430690246
emb_tf-sapiens,13,1,blood_B,blood_E,blood_D,5,classwise,0.8942839778524903,0.8914876257818874,0.7478991596638656,0.820042860365441,0.1,1.2126408587994182,0.03698667391895567,30,3677,
emb_tf-sapiens,13,1,blood_B,blood_E,blood_D,5,donor_weighted,0.9593084714099116,0.9575741093282567,0.7883211678832117,0.9289943577829406,0.03333333333333333,1.2127724892408869,0.0,30,3677,
emb_tf-sapiens,13,1,blood_B,blood_E,blood_D,5,donor_crc,0.9805215562862147,0.9796029371770465,0.9197080291970803,0.9648788582807832,0.0,1.611185810074854,0.0,30,3677,
emb_tf-sapiens,14,0,blood_C,blood_A,blood_B,6,cell_pooled,0.9201039743849169,0.9199183881662841,0.8507462686567164,0.859258395522388,0.0,0.9857643720151464,0.014537107880642693,30,3921,0.8988040478380864
emb_tf-sapiens,14,0,blood_C,blood_A,blood_B,6,classwise,0.9220527926776403,0.9209385360877327,0.8244274809160306,0.87484302624807,0.0,0.9894254607099356,0.016577403723539913,30,3921,
emb_tf-sapiens,14,0,blood_C,blood_A,blood_B,6,donor_weighted,0.9201039743849169,0.9199183881662841,0.8507462686567164,0.859258395522388,0.0,0.9857643720151464,0.014537107880642693,30,3921,
emb_tf-sapiens,14,0,blood_C,blood_A,blood_B,6,donor_crc,0.9295590602674664,0.9296097934200459,0.8656716417910447,0.8913581730769231,0.0,1.0052904841369705,0.0,30,3921,
emb_tf-sapiens,14,1,blood_C,blood_A,blood_B,6,cell_pooled,0.8856797876487053,0.9068560502594919,0.5675675675675675,0.6909340659340659,0.13333333333333333,0.9770953479567073,0.018027861240098333,30,3661,0.9058337161231051
emb_tf-sapiens,14,1,blood_C,blood_A,blood_B,6,classwise,0.8787403667877756,0.9024856596558317,0.5135135135135135,0.6737912087912088,0.16666666666666666,0.9795844779824995,0.014203769461895657,30,3661,
emb_tf-sapiens,14,1,blood_C,blood_A,blood_B,6,donor_weighted,0.8856797876487053,0.9068560502594919,0.5675675675675675,0.6909340659340659,0.13333333333333333,0.9770953479567073,0.018027861240098333,30,3661,
emb_tf-sapiens,14,1,blood_C,blood_A,blood_B,6,donor_crc,0.8919839151410937,0.9131384867522535,0.581081081081081,0.7047802197802199,0.13333333333333333,0.9947470127560955,0.004370390603660202,30,3661,
emb_tf-sapiens,15,0,blood_D,blood_C,blood_B,6,cell_pooled,0.9618690861947771,0.9690880989180835,0.6875,0.9290335114133074,0.03333333333333333,1.0009405893006513,0.0005151983513652757,30,3882,0.8928080622995878
emb_tf-sapiens,15,0,blood_D,blood_C,blood_B,6,classwise,0.9612035907068814,0.9696032972694487,0.6875,0.9284072249589491,0.03333333333333333,0.9976302472102088,0.005409582689335394,30,3882,
emb_tf-sapiens,15,0,blood_D,blood_C,blood_B,6,donor_weighted,0.9618690861947771,0.9690880989180835,0.6875,0.9290335114133074,0.03333333333333333,1.0009405893006513,0.0005151983513652757,30,3882,
emb_tf-sapiens,15,0,blood_D,blood_C,blood_B,6,donor_crc,0.9659241698398673,0.9719216898505925,0.71875,0.9290335114133074,0.03333333333333333,1.0140246261733656,0.0,30,3882,
emb_tf-sapiens,15,1,blood_D,blood_C,blood_B,6,cell_pooled,0.9544685766344234,0.9539654741055792,0.9007633587786259,0.9090268886043533,0.0,1.014216798131068,0.0,30,3997,0.8956521739130435
emb_tf-sapiens,15,1,blood_D,blood_C,blood_B,6,classwise,0.9293435088759167,0.9286965223917939,0.823943661971831,0.8838102851052492,0.0,0.9890202730436548,0.020265198899174382,30,3997,
emb_tf-sapiens,15,1,blood_D,blood_C,blood_B,6,donor_weighted,0.9544685766344234,0.9539654741055792,0.9007633587786259,0.9090268886043533,0.0,1.014216798131068,0.0,30,3997,
emb_tf-sapiens,15,1,blood_D,blood_C,blood_B,6,donor_crc,0.9601854425083446,0.9597197898423818,0.9083969465648855,0.9308898847631242,0.0,1.0330685122826884,0.0,30,3997,
emb_tf-sapiens,16,0,blood_A,blood_E,blood_D,5,cell_pooled,0.9552741168412108,0.9531416400425985,0.8613138686131386,0.9185834502103787,0.0,1.0272680456980823,0.0,30,3756,0.8914858096828047
emb_tf-sapiens,16,0,blood_A,blood_E,blood_D,5,classwise,0.9169273848162913,0.9140042598509052,0.7596899224806202,0.8412337662337662,0.03333333333333333,1.2666905916223443,0.0362087326943557,30,3756,
emb_tf-sapiens,16,0,blood_A,blood_E,blood_D,5,donor_weighted,0.9552741168412108,0.9531416400425985,0.8613138686131386,0.9185834502103787,0.0,1.025977773688393,0.0,30,3756,
emb_tf-sapiens,16,0,blood_A,blood_E,blood_D,5,donor_crc,0.981338377073733,0.9805644302449414,0.9124087591240876,0.9580099173553719,0.0,1.1434343127660462,0.0,30,3756,
emb_tf-sapiens,16,1,blood_A,blood_E,blood_D,5,cell_pooled,0.973960961505433,0.9730245231607629,0.8914728682170543,0.9354945866141733,0.0,1.0636979508808215,0.0,30,3670,0.9018932874354562
emb_tf-sapiens,16,1,blood_A,blood_E,blood_D,5,classwise,0.9167709733031323,0.9147138964577657,0.7280701754385965,0.862082988695892,0.06666666666666667,1.49551408425352,0.008719346049046322,30,3670,
emb_tf-sapiens,16,1,blood_A,blood_E,blood_D,5,donor_weighted,0.973960961505433,0.9730245231607629,0.8914728682170543,0.9354945866141733,0.0,1.061363575717967,0.0,30,3670,
emb_tf-sapiens,16,1,blood_A,blood_E,blood_D,5,donor_crc,0.9891726108375024,0.9888283378746594,0.9457364341085271,0.9647894021739131,0.0,1.3400636229440082,0.0,30,3670,
emb_tf-sapiens,17,0,blood_C,blood_E,blood_D,5,cell_pooled,0.8481460522880957,0.8457300275482094,0.5566037735849056,0.7689994216310007,0.2,0.9075504268751031,0.09476584022038567,30,3630,0.8967136150234741
emb_tf-sapiens,17,0,blood_C,blood_E,blood_D,5,classwise,0.8309895005284288,0.8294765840220386,0.5566037735849056,0.6928430890309887,0.26666666666666666,0.9660334451389262,0.08512396694214876,30,3630,
emb_tf-sapiens,17,0,blood_C,blood_E,blood_D,5,donor_weighted,0.8467993600738274,0.8443526170798898,0.5566037735849056,0.7689994216310007,0.2,0.9062037346608348,0.09614325068870523,30,3630,
emb_tf-sapiens,17,0,blood_C,blood_E,blood_D,5,donor_crc,0.8963231528968791,0.8950413223140495,0.6792452830188679,0.8390541571319603,0.06666666666666667,0.9853513045439721,0.015151515151515152,30,3630,
emb_tf-sapiens,17,1,blood_C,blood_E,blood_D,5,cell_pooled,0.9305279921753106,0.9279132791327913,0.859504132231405,0.8755720930232558,0.0,0.9658895460928604,0.03550135501355014,30,3690,0.9001148105625718
emb_tf-sapiens,17,1,blood_C,blood_E,blood_D,5,classwise,0.8483371138585226,0.8439024390243902,0.6356589147286822,0.7730945510100153,0.16666666666666666,0.9630049017791589,0.08536585365853659,30,3690,
emb_tf-sapiens,17,1,blood_C,blood_E,blood_D,5,donor_weighted,0.93129011820191,0.9287262872628727,0.8608695652173913,0.8755720930232558,0.0,0.9666516721194598,0.034688346883468835,30,3690,
emb_tf-sapiens,17,1,blood_C,blood_E,blood_D,5,donor_crc,0.9521991208273157,0.9504065040650407,0.8782608695652174,0.9036826446280992,0.0,0.9981715355092476,0.001897018970189702,30,3690,
emb_tf-sapiens,18,0,blood_C,blood_D,blood_A,6,cell_pooled,0.9112248030522768,0.9113458888378503,0.823943661971831,0.856338028169014,0.0,0.9581061148258907,0.04180064308681672,30,4354,0.8903836571998007
emb_tf-sapiens,18,0,blood_C,blood_D,blood_A,6,classwise,0.8701480501912809,0.8702342673403767,0.6971830985915493,0.8083012225869368,0.1,1.6912843830079465,0.0036747818098300414,30,4354,
emb_tf-sapiens,18,0,blood_C,blood_D,blood_A,6,donor_weighted,0.9112248030522768,0.9113458888378503,0.823943661971831,0.856338028169014,0.0,0.9578778043236077,0.0420303169499311,30,4354,
emb_tf-sapiens,18,0,blood_C,blood_D,blood_A,6,donor_crc,0.9344582585793133,0.9345429490124024,0.8309859154929577,0.8897260273972603,0.0,0.9949107645372928,0.005052824988516307,30,4354,
emb_tf-sapiens,18,1,blood_C,blood_D,blood_A,6,cell_pooled,0.9629725592064106,0.9630655586334257,0.8768115942028986,0.9227419434927255,0.0,1.222362558102343,0.0,30,4332,0.8993993993993994
emb_tf-sapiens,18,1,blood_C,blood_D,blood_A,6,classwise,0.8911140460945944,0.8912742382271468,0.6971830985915493,0.8146805249544976,0.03333333333333333,2.0950806775697206,0.001615881809787627,30,4332,
emb_tf-sapiens,18,1,blood_C,blood_D,blood_A,6,donor_weighted,0.9634424156024136,0.9635272391505079,0.8835616438356164,0.9227419434927255,0.0,1.2295380985439441,0.0,30,4332,
emb_tf-sapiens,18,1,blood_C,blood_D,blood_A,6,donor_crc,0.9787042340584605,0.9787626962142197,0.9115646258503401,0.9457954204579542,0.0,1.637018407902917,0.0,30,4332,
emb_tf-sapiens,19,0,blood_B,blood_D,blood_A,6,cell_pooled,0.6442252822908883,0.644423920572616,0.3076923076923077,0.4090184563758389,0.7333333333333333,0.8846505818037131,0.11544677903486493,30,4331,0.892245720040282
emb_tf-sapiens,19,0,blood_B,blood_D,blood_A,6,classwise,0.6354046952620113,0.6354190718078966,0.32867132867132864,0.39484750227986626,0.9333333333333333,1.0595284271197967,0.11590856615100438,30,4331,
emb_tf-sapiens,19,0,blood_B,blood_D,blood_A,6,donor_weighted,0.6463137012108368,0.6465019625952436,0.3076923076923077,0.40968959731543625,0.7333333333333333,0.8916030666664848,0.10851997229277303,30,4331,
emb_tf-sapiens,19,0,blood_B,blood_D,blood_A,6,donor_crc,0.7855471619899098,0.7857307781112907,0.5034965034965035,0.6194914453161924,0.5,1.281202665650954,0.0,30,4331,
emb_tf-sapiens,19,1,blood_B,blood_D,blood_A,6,cell_pooled,0.44244540950391603,0.4421269768507907,0.1610738255033557,0.3,1.0,1.015206660346449,0.029108411643364657,30,4363,0.8803634528016153
emb_tf-sapiens,19,1,blood_B,blood_D,blood_A,6,classwise,0.40105296287082975,0.4006417602567041,0.08904109589041095,0.19421540428251838,1.0,0.8989663617905544,0.1806096722438689,30,4363,
emb_tf-sapiens,19,1,blood_B,blood_D,blood_A,6,donor_weighted,0.4417601349953731,0.4414393765757506,0.1610738255033557,0.3,1.0,1.0124770152912905,0.03025441210176484,30,4363,
emb_tf-sapiens,19,1,blood_B,blood_D,blood_A,6,donor_crc,0.5926640465384663,0.5924822369928948,0.2684563758389262,0.4417091836734694,0.9333333333333333,1.5468520332006255,0.0,30,4363,
emb_tf-sapiens,20,0,blood_E,blood_C,blood_A,5,cell_pooled,0.896387878671367,0.8963414634146342,0.7847222222222222,0.8356462585034014,0.03333333333333333,0.9602482968469671,0.039868667917448405,30,4264,0.8966842864007689
emb_tf-sapiens,20,0,blood_E,blood_C,blood_A,5,classwise,0.8997492831012234,0.899624765478424,0.8263888888888888,0.8416795366795367,0.0,1.003662087168839,0.018058161350844277,30,4264,
emb_tf-sapiens,20,0,blood_E,blood_C,blood_A,5,donor_weighted,0.8959343639321381,0.8958724202626641,0.7847222222222222,0.8349659863945578,0.03333333333333333,0.959794782107738,0.040337711069418386,30,4264,
emb_tf-sapiens,20,0,blood_E,blood_C,blood_A,5,donor_crc,0.9172046158161716,0.9172138836772983,0.8299319727891157,0.8590476190476191,0.0,0.9957417253173213,0.005628517823639775,30,4264,
emb_tf-sapiens,20,1,blood_E,blood_C,blood_A,5,cell_pooled,0.8709869591528581,0.8717707844058243,0.6592592592592592,0.764080919080919,0.2,0.9646359079943791,0.035227806481916396,30,4258,0.8964862298195632
emb_tf-sapiens,20,1,blood_E,blood_C,blood_A,5,classwise,0.8755421739481327,0.8762329732268671,0.6714285714285714,0.7548551448551448,0.2,0.9451952240612888,0.06505401596993894,30,4258,
emb_tf-sapiens,20,1,blood_E,blood_C,blood_A,5,donor_weighted,0.8705132882029966,0.8713010803193988,0.6592592592592592,0.764080919080919,0.2,0.96392749526048,0.03593236261155472,30,4258,
emb_tf-sapiens,20,1,blood_E,blood_C,blood_A,5,donor_crc,0.8966662832334618,0.8973696571160169,0.6888888888888889,0.8023476523476524,0.1,1.0120303924042726,0.008924377642085486,30,4258,
emb_tf-sapiens,21,0,blood_A,blood_C,blood_B,6,cell_pooled,0.9166521251314538,0.9416180150125104,0.6296296296296297,0.725974025974026,0.13333333333333333,0.9980154125625046,0.0022240756185710315,30,3597,0.9094650205761317
emb_tf-sapiens,21,0,blood_A,blood_C,blood_B,6,classwise,0.9035014957467032,0.9329997219905477,0.5925925925925926,0.6866071428571429,0.13333333333333333,0.9660994583327581,0.030303030303030304,30,3597,
emb_tf-sapiens,21,0,blood_A,blood_C,blood_B,6,donor_weighted,0.9166521251314538,0.9416180150125104,0.6296296296296297,0.725974025974026,0.13333333333333333,0.9980154125625046,0.0022240756185710315,30,3597,
emb_tf-sapiens,21,0,blood_A,blood_C,blood_B,6,donor_crc,0.9205817670289164,0.9455101473450097,0.6296296296296297,0.7464285714285714,0.13333333333333333,1.007779005378599,0.0,30,3597,
emb_tf-sapiens,21,1,blood_A,blood_C,blood_B,6,cell_pooled,0.9143505909314331,0.9200774336283186,0.7142857142857143,0.8330985915492958,0.06666666666666667,0.9784919750254625,0.021847345132743362,30,3616,0.8980338363054412
emb_tf-sapiens,21,1,blood_A,blood_C,blood_B,6,classwise,0.9038761992957571,0.9137168141592921,0.6428571428571429,0.8043478260869565,0.06666666666666667,0.9531935662940493,0.0420353982300885,30,3616,
emb_tf-sapiens,21,1,blood_A,blood_C,blood_B,6,donor_weighted,0.9143505909314331,0.9200774336283186,0.7142857142857143,0.8330985915492958,0.06666666666666667,0.9784919750254625,0.021847345132743362,30,3616,
emb_tf-sapiens,21,1,blood_A,blood_C,blood_B,6,donor_crc,0.9181287124400374,0.9242256637168141,0.7142857142857143,0.8408761528326746,0.06666666666666667,0.9857520749807133,0.014380530973451327,30,3616,
emb_tf-sapiens,22,0,blood_A,blood_B,blood_D,6,cell_pooled,0.6944322684145317,0.6931309109009457,0.47101449275362317,0.5078470824949698,0.7333333333333333,0.7257093637278361,0.27526132404181186,30,4018,0.8913276231263383
emb_tf-sapiens,22,0,blood_A,blood_B,blood_D,6,classwise,0.6962009880177363,0.6951219512195121,0.48412698412698413,0.4996240601503759,0.7666666666666667,0.7405009081940411,0.2603285216525635,30,4018,
emb_tf-sapiens,22,0,blood_A,blood_B,blood_D,6,donor_weighted,0.7124630094900908,0.7110502737680438,0.5072463768115942,0.5501082251082251,0.7,0.7462548124388115,0.2548531607765057,30,4018,
emb_tf-sapiens,22,0,blood_A,blood_B,blood_D,6,donor_crc,0.8249576659734011,0.8242906918865107,0.5845070422535211,0.6884615384615385,0.3,0.8832557782424265,0.11697361871577899,30,4018,
emb_tf-sapiens,22,1,blood_A,blood_B,blood_D,6,cell_pooled,0.7071234691839117,0.70827142149579,0.5035971223021583,0.58420523138833,0.8,0.7379907658402356,0.2607726597325409,30,4038,0.9027277406073083
emb_tf-sapiens,22,1,blood_A,blood_B,blood_D,6,classwise,0.5144261582947939,0.5148588410104011,0.28368794326241137,0.41809681619126526,1.0,0.5559103040228205,0.44403169886082217,30,4038,
emb_tf-sapiens,22,1,blood_A,blood_B,blood_D,6,donor_weighted,0.7227412694533428,0.7238732045567112,0.5107913669064749,0.5957457983193277,0.7666666666666667,0.7548759975426715,0.24393263992075284,30,4038,
emb_tf-sapiens,22,1,blood_A,blood_B,blood_D,6,donor_crc,0.841624354662189,0.842248637939574,0.6338028169014085,0.7318602261048304,0.26666666666666666,0.890614233715806,0.10871718672610203,30,4038,
emb_tf-sapiens,23,0,blood_E,blood_C,blood_B,5,cell_pooled,0.9185785441865922,0.922184493491794,0.813953488372093,0.8640926640926642,0.0,0.9775059012809417,0.022071307300509338,30,3534,0.9013474494706448
emb_tf-sapiens,23,0,blood_E,blood_C,blood_B,5,classwise,0.9265068666906492,0.9315223542727787,0.8243243243243243,0.8559246954595792,0.0,0.9900826162017093,0.01245048104131296,30,3534,
emb_tf-sapiens,23,0,blood_E,blood_C,blood_B,5,donor_weighted,0.9178693243284362,0.9213355970571591,0.813953488372093,0.8640926640926642,0.0,0.9765402711663753,0.02320316921335597,30,3534,
emb_tf-sapiens,23,0,blood_E,blood_C,blood_B,5,donor_crc,0.928625439434455,0.9323712507074137,0.84375,0.8778644842025124,0.0,0.9962007857054914,0.003395585738539898,30,3534,
emb_tf-sapiens,23,1,blood_E,blood_C,blood_B,5,cell_pooled,0.9343948343089157,0.9367977528089888,0.7972027972027972,0.8587179487179488,0.03333333333333333,0.9968546288787794,0.0028089887640449437,30,3560,0.9231508165225745
emb_tf-sapiens,23,1,blood_E,blood_C,blood_B,5,classwise,0.9123058340757951,0.9199438202247191,0.6851851851851852,0.8115628557489023,0.1,0.9880649614515337,0.020786516853932586,30,3560,
emb_tf-sapiens,23,1,blood_E,blood_C,blood_B,5,donor_weighted,0.9343948343089157,0.9367977528089888,0.7972027972027972,0.8587179487179488,0.03333333333333333,0.9968546288787794,0.0028089887640449437,30,3560,
emb_tf-sapiens,23,1,blood_E,blood_C,blood_B,5,donor_crc,0.9398186224645805,0.9424157303370787,0.8111888111888111,0.8717054263565892,0.0,1.0119914420702334,0.0002808988764044944,30,3560,
emb_tf-exemplar-human,0,0,blood_B,blood_C,blood_D,6,cell_pooled,0.9365384003292724,0.9359135461171149,0.5797101449275363,0.8832689686506134,0.03333333333333333,1.1688512123034485,0.0,30,3979,0.8941605839416058
emb_tf-exemplar-human,0,0,blood_B,blood_C,blood_D,6,classwise,0.9154641408383954,0.9148027142498115,0.6159420289855072,0.8664140189182634,0.06666666666666667,1.0409152538507698,0.0311636089469716,30,3979,
emb_tf-exemplar-human,0,0,blood_B,blood_C,blood_D,6,donor_weighted,0.9365384003292724,0.9359135461171149,0.5797101449275363,0.8832689686506134,0.03333333333333333,1.1686114041499713,0.0,30,3979,
emb_tf-exemplar-human,0,0,blood_B,blood_C,blood_D,6,donor_crc,0.9497204664171558,0.9489821563206836,0.6376811594202898,0.9142662426169923,0.03333333333333333,1.2639817516892187,0.0,30,3979,
emb_tf-exemplar-human,0,1,blood_B,blood_C,blood_D,6,cell_pooled,0.899973801571804,0.8979963570127505,0.75,0.8009120022277917,0.1,1.636362440565867,0.0,30,3843,0.9042407660738714
emb_tf-exemplar-human,0,1,blood_B,blood_C,blood_D,6,classwise,0.8577042199971917,0.8542805100182149,0.4782608695652174,0.7407231509625127,0.2,1.0353439618903688,0.04709862086911267,30,3843,
emb_tf-exemplar-human,0,1,blood_B,blood_C,blood_D,6,donor_weighted,0.899973801571804,0.8979963570127505,0.75,0.8009120022277917,0.1,1.636362440565867,0.0,30,3843,
emb_tf-exemplar-human,0,1,blood_B,blood_C,blood_D,6,donor_crc,0.9100795166425542,0.9084048920114494,0.75,0.8095307713728767,0.1,1.7419770883873757,0.0,30,3843,
emb_tf-exemplar-human,1,0,blood_C,blood_B,blood_A,6,cell_pooled,0.8728393823419373,0.8733624454148472,0.7338129496402878,0.8127760693318423,0.1,0.9147231967636792,0.08480809009423121,30,4351,0.9155773420479303
emb_tf-exemplar-human,1,0,blood_C,blood_B,blood_A,6,classwise,0.828861173771606,0.8292346586991496,0.593103448275862,0.7374149659863947,0.2,0.9843616356628844,0.10480349344978165,30,4351,
emb_tf-exemplar-human,1,0,blood_C,blood_B,blood_A,6,donor_weighted,0.9094891198529519,0.9099057687887842,0.823943661971831,0.8428873771730915,0.0,0.9677468012536218,0.0319466789243852,30,4351,
emb_tf-exemplar-human,1,0,blood_C,blood_B,blood_A,6,donor_crc,0.9613362217212528,0.9613881866237647,0.9084507042253521,0.9264082611461851,0.0,1.1287394816861542,0.0,30,4351,
emb_tf-exemplar-human,1,1,blood_C,blood_B,blood_A,6,cell_pooled,0.9620460248927307,0.9620458227262207,0.9183673469387755,0.935293542074364,0.0,1.1207694971929674,0.0,30,4321,0.9010362694300518
emb_tf-exemplar-human,1,1,blood_C,blood_B,blood_A,6,classwise,0.4664822438265355,0.4654015274242074,0.18493150684931506,0.272972972972973,1.0,1.3598611387269126,0.18861374681786625,30,4321,
emb_tf-exemplar-human,1,1,blood_C,blood_B,blood_A,6,donor_weighted,0.9682643518828055,0.968294376301782,0.9315068493150684,0.9446374294398611,0.0,1.206363952352802,0.0,30,4321,
emb_tf-exemplar-human,1,1,blood_C,blood_B,blood_A,6,donor_crc,0.9883966689268457,0.9884286044897015,0.9452054794520548,0.9783857585464475,0.0,1.7227230034946492,0.0,30,4321,
emb_tf-exemplar-human,2,0,blood_B,blood_D,blood_E,5,cell_pooled,0.8851101030964597,0.8849831271091113,0.6730769230769231,0.7146,0.16666666666666666,0.9095618297142075,0.09167604049493813,30,3556,0.8957790515893694
emb_tf-exemplar-human,2,0,blood_B,blood_D,blood_E,5,classwise,0.8784440838519162,0.8790776152980877,0.5766423357664233,0.8140583554376658,0.1,0.9299697247711406,0.07255343082114736,30,3556,
emb_tf-exemplar-human,2,0,blood_B,blood_D,blood_E,5,donor_weighted,0.8848667940940266,0.8847019122609674,0.6730769230769231,0.7146,0.16666666666666666,0.9093185207117745,0.09195725534308212,30,3556,
emb_tf-exemplar-human,2,0,blood_B,blood_D,blood_E,5,donor_crc,0.9169223806008695,0.9173228346456693,0.7211538461538461,0.8215024330900244,0.1,0.9492021078630157,0.051462317210348704,30,3556,
emb_tf-exemplar-human,2,1,blood_B,blood_D,blood_E,5,cell_pooled,0.863160921200886,0.861732644865175,0.7,0.7210384615384615,0.2,0.9735102662354683,0.02667814113597246,30,3486,0.9188467698878804
emb_tf-exemplar-human,2,1,blood_B,blood_D,blood_E,5,classwise,0.8426871273745001,0.8402180149168101,0.46715328467153283,0.7165390749601276,0.23333333333333334,0.934908930343997,0.10527825588066551,30,3486,
emb_tf-exemplar-human,2,1,blood_B,blood_D,blood_E,5,donor_weighted,0.8598487843452107,0.8582903040734366,0.6909090909090909,0.7210384615384615,0.2,0.9642052788107314,0.03614457831325301,30,3486,
emb_tf-exemplar-human,2,1,blood_B,blood_D,blood_E,5,donor_crc,0.891190531504848,0.8901319563970166,0.7363636363636363,0.7856153846153846,0.16666666666666666,1.0505893321507456,0.0,30,3486,
emb_tf-exemplar-human,3,0,blood_A,blood_D,blood_E,5,cell_pooled,0.8988423187968875,0.8997995991983968,0.744,0.8159317126138625,0.06666666666666667,0.9438721094657834,0.05582593758946464,30,3493,0.8996832101372756
emb_tf-exemplar-human,3,0,blood_A,blood_D,blood_E,5,classwise,0.9147886310060099,0.9146865158889207,0.664,0.8611156618610748,0.06666666666666667,1.0856650206004408,0.029201259662181504,30,3493,
emb_tf-exemplar-human,3,0,blood_A,blood_D,blood_E,5,donor_weighted,0.898027480804953,0.8989407386200974,0.744,0.8159317126138625,0.06666666666666667,0.9424759789826316,0.0572573718866304,30,3493,
emb_tf-exemplar-human,3,0,blood_A,blood_D,blood_E,5,donor_crc,0.9220297802005303,0.9229888348124821,0.808,0.8315497375882246,0.0,0.9786861656715746,0.020898940738620097,30,3493,
emb_tf-exemplar-human,3,1,blood_A,blood_D,blood_E,5,cell_pooled,0.9128274324373251,0.9171830985915493,0.6727272727272727,0.8164248458985301,0.1,1.0257730488038859,0.0,30,3550,0.8989952406134321
emb_tf-exemplar-human,3,1,blood_A,blood_D,blood_E,5,classwise,0.8863684041424046,0.8859154929577465,0.5766423357664233,0.8152148664343787,0.1,1.0642441307424246,0.06619718309859154,30,3550,
emb_tf-exemplar-human,3,1,blood_A,blood_D,blood_E,5,donor_weighted,0.9128274324373251,0.9171830985915493,0.6727272727272727,0.8164248458985301,0.1,1.0257730488038859,0.0,30,3550,
emb_tf-exemplar-human,3,1,blood_A,blood_D,blood_E,5,donor_crc,0.9331283566742655,0.9366197183098591,0.6818181818181818,0.846295882659519,0.06666666666666667,1.1103701543729625,0.0,30,3550,
emb_tf-exemplar-human,4,0,blood_D,blood_C,blood_A,6,cell_pooled,0.9317854533355343,0.931792172121767,0.87248322147651,0.8972143601966334,0.0,1.0497844893273258,0.0,30,4369,0.9042601923957856
emb_tf-exemplar-human,4,0,blood_D,blood_C,blood_A,6,classwise,0.9167130449799903,0.916914625772488,0.8321167883211679,0.8768707482993197,0.0,1.0049040907654376,0.018310826276035707,30,4369,
emb_tf-exemplar-human,4,0,blood_D,blood_C,blood_A,6,donor_weighted,0.9317854533355343,0.931792172121767,0.87248322147651,0.8972143601966334,0.0,1.0497844893273258,0.0,30,4369,
emb_tf-exemplar-human,4,0,blood_D,blood_C,blood_A,6,donor_crc,0.9457248419358303,0.9457541771572442,0.9060402684563759,0.9230867346938776,0.0,1.1159248174075123,0.0,30,4369,
emb_tf-exemplar-human,4,1,blood_D,blood_C,blood_A,6,cell_pooled,0.9575305484642022,0.957623215108245,0.9178082191780822,0.9417036379769299,0.0,1.2169172695924073,0.0,30,4342,0.9075091575091575
emb_tf-exemplar-human,4,1,blood_D,blood_C,blood_A,6,classwise,0.9179624743099469,0.9180101335789959,0.7887323943661971,0.8758099043813329,0.03333333333333333,1.0837757212615395,0.025564256103178258,30,4342,
emb_tf-exemplar-human,4,1,blood_D,blood_C,blood_A,6,donor_weighted,0.9575305484642022,0.957623215108245,0.9178082191780822,0.9417036379769299,0.0,1.2169172695924073,0.0,30,4342,
emb_tf-exemplar-human,4,1,blood_D,blood_C,blood_A,6,donor_crc,0.972306169888497,0.9723629663749425,0.9315068493150684,0.9567066346922463,0.0,1.431045140719938,0.0,30,4342,
emb_tf-exemplar-human,5,0,blood_C,blood_E,blood_B,5,cell_pooled,0.8323353609720352,0.8525098702763677,0.4772727272727273,0.6396825396825397,0.23333333333333334,0.9894828934312326,0.01015228426395939,30,3546,0.8914155770324048
emb_tf-exemplar-human,5,0,blood_C,blood_E,blood_B,5,classwise,0.8579578655658331,0.877326565143824,0.5227272727272727,0.6718253968253969,0.23333333333333334,1.0221676757046823,0.0019740552735476595,30,3546,
emb_tf-exemplar-human,5,0,blood_C,blood_E,blood_B,5,donor_weighted,0.8323353609720352,0.8525098702763677,0.4772727272727273,0.6396825396825397,0.23333333333333334,0.9894828934312326,0.01015228426395939,30,3546,
emb_tf-exemplar-human,5,0,blood_C,blood_E,blood_B,5,donor_crc,0.8486880456307647,0.8694303440496334,0.5,0.6396825396825397,0.23333333333333334,1.0322693794591649,0.0,30,3546,
emb_tf-exemplar-human,5,1,blood_C,blood_E,blood_B,5,cell_pooled,0.9017573032321177,0.9016666666666666,0.676923076923077,0.8283858764186633,0.1,1.0113156721217622,0.0,30,3600,0.910413030831879
emb_tf-exemplar-human,5,1,blood_C,blood_E,blood_B,5,classwise,0.9112979848196235,0.9116666666666666,0.7076923076923077,0.841046658259773,0.1,1.0266848467464476,0.0030555555555555557,30,3600,
emb_tf-exemplar-human,5,1,blood_C,blood_E,blood_B,5,donor_weighted,0.9007319631574817,0.9008333333333334,0.6615384615384615,0.8283858764186633,0.1,1.0082319596487845,0.0,30,3600,
emb_tf-exemplar-human,5,1,blood_C,blood_E,blood_B,5,donor_crc,0.9169186490463458,0.9169444444444445,0.7230769230769231,0.8516141235813368,0.1,1.0615066741975798,0.0,30,3600,
emb_tf-exemplar-human,6,0,blood_E,blood_B,blood_A,5,cell_pooled,0.9230990464440326,0.9231843575418994,0.6433566433566433,0.859265601217656,0.1,1.4014656281960933,0.0,30,4296,0.891832229580574
emb_tf-exemplar-human,6,0,blood_E,blood_B,blood_A,5,classwise,0.4729318815548043,0.47323091247672255,0.2206896551724138,0.312354124748491,1.0,1.2862812699724857,0.11987895716945997,30,4296,
emb_tf-exemplar-human,6,0,blood_E,blood_B,blood_A,5,donor_weighted,0.9214733431109485,0.9215549348230913,0.6433566433566433,0.859265601217656,0.1,1.3900184306262322,0.0,30,4296,
emb_tf-exemplar-human,6,0,blood_E,blood_B,blood_A,5,donor_crc,0.9576344155734755,0.957635009310987,0.7762237762237763,0.9223839421613395,0.03333333333333333,1.6697340619498038,0.0,30,4296,
emb_tf-exemplar-human,6,1,blood_E,blood_B,blood_A,5,cell_pooled,0.970029451374707,0.9700724807107786,0.891156462585034,0.9384510010537408,0.0,1.1816959609999103,0.0,30,4277,0.9253208868144691
emb_tf-exemplar-human,6,1,blood_E,blood_B,blood_A,5,classwise,0.7103906991040744,0.7107785831190087,0.4125874125874126,0.572841776225062,0.7333333333333333,1.399145536609126,0.04769698386719663,30,4277,
emb_tf-exemplar-human,6,1,blood_E,blood_B,blood_A,5,donor_weighted,0.9826235585864022,0.9826981529109189,0.9455782312925171,0.9641140549591254,0.0,1.328786259968997,0.0,30,4277,
emb_tf-exemplar-human,6,1,blood_E,blood_B,blood_A,5,donor_crc,0.9936072584247536,0.9936871638999298,0.9615384615384616,0.9794520547945206,0.0,1.7915718870096098,0.0,30,4277,
emb_tf-exemplar-human,7,0,blood_A,blood_C,blood_D,6,cell_pooled,0.8571581781065312,0.8572146807440925,0.6376811594202898,0.7777030604680716,0.16666666666666666,0.9430573246933562,0.05681246857717446,30,3978,0.9091324200913242
emb_tf-exemplar-human,7,0,blood_A,blood_C,blood_D,6,classwise,0.8217840912271086,0.8212669683257918,0.5,0.6781083142639207,0.23333333333333334,0.8881529583146877,0.11236802413273002,30,3978,
emb_tf-exemplar-human,7,0,blood_A,blood_C,blood_D,6,donor_weighted,0.8571581781065312,0.8572146807440925,0.6376811594202898,0.7777030604680716,0.16666666666666666,0.9430573246933562,0.05681246857717446,30,3978,
emb_tf-exemplar-human,7,0,blood_A,blood_C,blood_D,6,donor_crc,0.8770217957645895,0.8770739064856712,0.6666666666666666,0.7926453457587631,0.13333333333333333,0.9769171747020001,0.02287581699346405,30,3978,
emb_tf-exemplar-human,7,1,blood_A,blood_C,blood_D,6,cell_pooled,0.7481203473677013,0.7474747474747475,0.5714285714285714,0.5928708439897699,0.6666666666666666,0.907094929862772,0.09343434343434344,30,3960,0.9046309032553874
emb_tf-exemplar-human,7,1,blood_A,blood_C,blood_D,6,classwise,0.7441307091098271,0.7434343434343434,0.5588235294117647,0.6098540145985402,0.6,0.8865497913399367,0.11515151515151516,30,3960,
emb_tf-exemplar-human,7,1,blood_A,blood_C,blood_D,6,donor_weighted,0.7476228349298905,0.746969696969697,0.5714285714285714,0.5928708439897699,0.6666666666666666,0.9062887754496523,0.09419191919191919,30,3960,
emb_tf-exemplar-human,7,1,blood_A,blood_C,blood_D,6,donor_crc,0.7794662043760634,0.7790404040404041,0.6014492753623188,0.6521650326797386,0.6,0.9632915738480686,0.03686868686868687,30,3960,
emb_tf-exemplar-human,8,0,blood_E,blood_B,blood_C,5,cell_pooled,0.9863727921115958,0.9864253393665159,0.9523809523809523,0.971019809244314,0.0,1.3199759063902603,0.0,30,4199,0.9022892238972641
emb_tf-exemplar-human,8,0,blood_E,blood_B,blood_C,5,classwise,0.6255065616562739,0.6246725410812098,0.3722627737226277,0.452162123590695,0.9,0.8257298431485858,0.18528221005001191,30,4199,
emb_tf-exemplar-human,8,0,blood_E,blood_B,blood_C,5,donor_weighted,0.9849367597735822,0.9849964277208859,0.9444444444444444,0.9708374384236453,0.0,1.3047745597547438,0.0,30,4199,
emb_tf-exemplar-human,8,0,blood_E,blood_B,blood_C,5,donor_crc,0.9942944767120567,0.9942843534174803,0.9782608695652174,0.9862919225318847,0.0,1.521528351584142,0.0,30,4199,
emb_tf-exemplar-human,8,1,blood_E,blood_B,blood_C,5,cell_pooled,0.9153378138839259,0.9144219308700834,0.44755244755244755,0.8288153579008297,0.1,1.251439126630121,0.0,30,4195,0.8975741239892183
emb_tf-exemplar-human,8,1,blood_E,blood_B,blood_C,5,classwise,0.362136874031384,0.36209773539928486,0.20567375886524822,0.2365262076053443,1.0,0.6677063387483909,0.34469606674612635,30,4195,
emb_tf-exemplar-human,8,1,blood_E,blood_B,blood_C,5,donor_weighted,0.9063610158064375,0.9053635280095351,0.3916083916083916,0.800636696893691,0.1,1.206936473036423,0.0,30,4195,
emb_tf-exemplar-human,8,1,blood_E,blood_B,blood_C,5,donor_crc,0.9511554091767095,0.9506555423122766,0.6923076923076923,0.8966197183098592,0.03333333333333333,1.5443286997200265,0.0,30,4195,
emb_tf-exemplar-human,9,0,blood_E,blood_D,blood_A,5,cell_pooled,0.8344600945539894,0.8346991336923437,0.684931506849315,0.7524052004333694,0.3333333333333333,0.8588012540078083,0.14095059704987123,30,4271,0.9158469945355191
emb_tf-exemplar-human,9,0,blood_E,blood_D,blood_A,5,classwise,0.8000953198147632,0.8002809646452821,0.4755244755244755,0.6918712493180578,0.4,0.8472299116263297,0.1526574572699602,30,4271,
emb_tf-exemplar-human,9,0,blood_E,blood_D,blood_A,5,donor_weighted,0.8257553373409149,0.8260360571294779,0.678082191780822,0.7295232936078007,0.36666666666666664,0.849395349270318,0.1503160852259424,30,4271,
emb_tf-exemplar-human,9,0,blood_E,blood_D,blood_A,5,donor_crc,0.8828435729812837,0.8829313977991102,0.7762237762237763,0.8230561450897164,0.03333333333333333,0.9212737320106128,0.07867010067899789,30,4271,
emb_tf-exemplar-human,9,1,blood_E,blood_D,blood_A,5,cell_pooled,0.658117247906888,0.6582961746068998,0.5172413793103449,0.5493624161073826,0.9666666666666667,0.7472068711672978,0.2527575686458578,30,4261,0.9004424778761062
emb_tf-exemplar-human,9,1,blood_E,blood_D,blood_A,5,classwise,0.6249687355835593,0.6252053508566064,0.39285714285714285,0.44012765757732203,1.0,0.8685249107436511,0.16850504576390518,30,4261,
emb_tf-exemplar-human,9,1,blood_E,blood_D,blood_A,5,donor_weighted,0.6438659372075204,0.6439802863177658,0.4896551724137931,0.5232837967401726,0.9666666666666667,0.7284918171503134,0.2715325041070171,30,4261,
emb_tf-exemplar-human,9,1,blood_E,blood_D,blood_A,5,donor_crc,0.7771447370137328,0.7775170147852617,0.6785714285714286,0.7100000000000001,0.7333333333333333,0.9446912179814103,0.0579676132363295,30,4261,
emb_tf-exemplar-human,10,0,blood_A,blood_E,blood_C,5,cell_pooled,0.9627997572586828,0.9627061917284245,0.9051094890510949,0.9432807370539024,0.0,1.0650910890287313,0.0,30,4183,0.9026750142287991
emb_tf-exemplar-human,10,0,blood_A,blood_E,blood_C,5,classwise,0.8912047478904012,0.8909873296677026,0.5763888888888888,0.7917505030181086,0.16666666666666666,1.3961298750659055,0.004303131723643318,30,4183,
emb_tf-exemplar-human,10,0,blood_A,blood_E,blood_C,5,donor_weighted,0.9627997572586828,0.9627061917284245,0.9051094890510949,0.9432807370539024,0.0,1.0650910890287313,0.0,30,4183,
emb_tf-exemplar-human,10,0,blood_A,blood_E,blood_C,5,donor_crc,0.9903796069767385,0.9904374850585704,0.9647887323943662,0.9757936507936508,0.0,1.3257233059309617,0.0,30,4183,
emb_tf-exemplar-human,10,1,blood_A,blood_E,blood_C,5,cell_pooled,0.9698321396580961,0.9698348096720134,0.8947368421052632,0.9485251798561151,0.0,1.1153097092224162,0.0,30,4177,0.9113557358053302
emb_tf-exemplar-human,10,1,blood_A,blood_E,blood_C,5,classwise,0.8437792921955835,0.8429494852765143,0.6554054054054054,0.677184647413655,0.3333333333333333,1.282807887824863,0.02801053387598755,30,4177,
emb_tf-exemplar-human,10,1,blood_A,blood_E,blood_C,5,donor_weighted,0.9667296517867326,0.966722528130237,0.8947368421052632,0.9478057553956835,0.0,1.100635610295637,0.0,30,4177,
emb_tf-exemplar-human,10,1,blood_A,blood_E,blood_C,5,donor_crc,0.9815114207354959,0.981565717021786,0.924812030075188,0.9625544634714764,0.0,1.2786433610703456,0.0,30,4177,
emb_tf-exemplar-human,11,0,blood_A,blood_B,blood_E,5,cell_pooled,0.7810963446709368,0.7816901408450704,0.5,0.6598076923076923,0.5333333333333333,0.8262463353522048,0.1735211267605634,30,3550,0.9141069397042093
emb_tf-exemplar-human,11,0,blood_A,blood_B,blood_E,5,classwise,0.7332716809391123,0.7323943661971831,0.5087719298245614,0.5767032967032968,0.7333333333333333,0.8567866107298788,0.14535211267605633,30,3550,
emb_tf-exemplar-human,11,0,blood_A,blood_B,blood_E,5,donor_weighted,0.7834299315917923,0.783943661971831,0.5,0.6598076923076923,0.5333333333333333,0.8291287027608654,0.1707042253521127,30,3550,
emb_tf-exemplar-human,11,0,blood_A,blood_B,blood_E,5,donor_crc,0.878476099104129,0.8791549295774648,0.5416666666666666,0.7585142857142857,0.2,0.9843822825684696,0.015774647887323943,30,3550,
emb_tf-exemplar-human,11,1,blood_A,blood_B,blood_E,5,cell_pooled,0.7870071296059208,0.7831669044222539,0.6,0.6415723981900453,0.6,0.8461682056727414,0.15720399429386592,30,3505,0.9007053716766142
emb_tf-exemplar-human,11,1,blood_A,blood_B,blood_E,5,classwise,0.6828374807672494,0.68188302425107,0.45384615384615384,0.526781210592686,0.8333333333333334,0.764295827820772,0.2362339514978602,30,3505,
emb_tf-exemplar-human,11,1,blood_A,blood_B,blood_E,5,donor_weighted,0.7872849073836985,0.7834522111269615,0.6,0.6423076923076924,0.6,0.8464459834505191,0.15691868758915833,30,3505,
emb_tf-exemplar-human,11,1,blood_A,blood_B,blood_E,5,donor_crc,0.851919340234533,0.8496433666191155,0.6384615384615384,0.7573333333333333,0.3,0.9380107416768148,0.06362339514978602,30,3505,
emb_tf-exemplar-human,12,0,blood_D,blood_C,blood_E,5,cell_pooled,0.9103323375288735,0.9095224797542586,0.7166666666666667,0.8414901859504132,0.06666666666666667,1.0102360021499373,0.0005585032113934655,30,3581,0.9076923076923077
emb_tf-exemplar-human,12,0,blood_D,blood_C,blood_E,5,classwise,0.9179967810837565,0.9170622731080704,0.72,0.8899922520661158,0.06666666666666667,1.0399249943040165,0.012566322256352975,30,3581,
emb_tf-exemplar-human,12,0,blood_D,blood_C,blood_E,5,donor_weighted,0.9097539061563246,0.9089639765428651,0.7166666666666667,0.8414901859504132,0.06666666666666667,1.0091244067024912,0.0005585032113934655,30,3581,
emb_tf-exemplar-human,12,0,blood_D,blood_C,blood_E,5,donor_crc,0.9247619279100664,0.9240435632504886,0.752,0.8734504132231405,0.06666666666666667,1.045587754274291,0.0,30,3581,
emb_tf-exemplar-human,12,1,blood_D,blood_C,blood_E,5,cell_pooled,0.9248348793604516,0.9258946182023106,0.625,0.7968216216216216,0.1,0.9837594986788326,0.016342631727247113,30,3549,0.9159462055715658
emb_tf-exemplar-human,12,1,blood_D,blood_C,blood_E,5,classwise,0.9231428081667805,0.9239222316145393,0.6333333333333333,0.8276767151767151,0.06666666666666667,0.9929366842832382,0.016342631727247113,30,3549,
emb_tf-exemplar-human,12,1,blood_D,blood_C,blood_E,5,donor_weighted,0.9248348793604516,0.9258946182023106,0.625,0.7968216216216216,0.1,0.9837594986788326,0.016342631727247113,30,3549,
emb_tf-exemplar-human,12,1,blood_D,blood_C,blood_E,5,donor_crc,0.9347649872459729,0.9357565511411665,0.625,0.8166839916839916,0.1,1.0039300607888586,0.0002817695125387433,30,3549,
emb_tf-exemplar-human,13,0,blood_B,blood_E,blood_D,5,cell_pooled,0.9445038304958465,0.9442970822281167,0.8161764705882353,0.8984228719573671,0.0,1.1951285105991438,0.0,30,3770,0.8914027149321267
emb_tf-exemplar-human,13,0,blood_B,blood_E,blood_D,5,classwise,0.9280367204727131,0.9281167108753315,0.8095238095238095,0.8763873473917869,0.0,1.0644873283004457,0.04270557029177719,30,3770,
emb_tf-exemplar-human,13,0,blood_B,blood_E,blood_D,5,donor_weighted,0.9447726477001476,0.9445623342175067,0.8161764705882353,0.8984228719573671,0.0,1.2037187805412932,0.0,30,3770,
emb_tf-exemplar-human,13,0,blood_B,blood_E,blood_D,5,donor_crc,0.9682712936390748,0.9681697612732095,0.8823529411764706,0.9356631679389313,0.0,1.4849248101402812,0.0,30,3770,
emb_tf-exemplar-human,13,1,blood_B,blood_E,blood_D,5,cell_pooled,0.9153989214660309,0.9107968452542834,0.635036496350365,0.8596802308108433,0.06666666666666667,1.845698860937425,0.0,30,3677,0.8956075299486594
emb_tf-exemplar-human,13,1,blood_B,blood_E,blood_D,5,classwise,0.887196920437099,0.9175958661952679,0.0,0.8334433670311533,0.1,1.0331864876576413,0.04324177318466141,30,3677,
emb_tf-exemplar-human,13,1,blood_B,blood_E,blood_D,5,donor_weighted,0.9146133417879355,0.9099809627413652,0.635036496350365,0.8596802308108433,0.06666666666666667,1.8410699513271638,0.0,30,3677,
emb_tf-exemplar-human,13,1,blood_B,blood_E,blood_D,5,donor_crc,0.9542201049253973,0.9518629317378298,0.7862595419847328,0.9218356115746493,0.06666666666666667,2.26664977103911,0.0,30,3677,
emb_tf-exemplar-human,14,0,blood_C,blood_A,blood_B,6,cell_pooled,0.9281798951929631,0.9268043866360622,0.8432835820895522,0.8726508620689655,0.0,0.9928765279272256,0.007396072430502423,30,3921,0.891444342226311
emb_tf-exemplar-human,14,0,blood_C,blood_A,blood_B,6,classwise,0.9244480820599836,0.9229788319306299,0.8359375,0.8645442997777072,0.0,0.9906257775791713,0.012751849018107626,30,3921,
emb_tf-exemplar-human,14,0,blood_C,blood_A,blood_B,6,donor_weighted,0.9281798951929631,0.9268043866360622,0.8432835820895522,0.8726508620689655,0.0,0.9928765279272256,0.007396072430502423,30,3921,
emb_tf-exemplar-human,14,0,blood_C,blood_A,blood_B,6,donor_crc,0.9348071488558499,0.9336903851058403,0.84375,0.8733504889346372,0.0,1.0059279921042281,0.0,30,3921,
emb_tf-exemplar-human,14,1,blood_C,blood_A,blood_B,6,cell_pooled,0.8666135649721155,0.892925430210325,0.43243243243243246,0.6691758241758242,0.16666666666666666,0.9894989828601439,0.0076481835564053535,30,3661,0.9168580615525953
emb_tf-exemplar-human,14,1,blood_C,blood_A,blood_B,6,classwise,0.8647124448178898,0.8874624419557497,0.4864864864864865,0.6909340659340659,0.16666666666666666,0.9919766212564535,0.01666211417645452,30,3661,
emb_tf-exemplar-human,14,1,blood_C,blood_A,blood_B,6,donor_weighted,0.8666135649721155,0.892925430210325,0.43243243243243246,0.6691758241758242,0.16666666666666666,0.9894989828601439,0.0076481835564053535,30,3661,
emb_tf-exemplar-human,14,1,blood_C,blood_A,blood_B,6,donor_crc,0.8726379917225071,0.8981152690521715,0.43243243243243246,0.6737912087912088,0.16666666666666666,1.0047735804965476,0.0,30,3661,
emb_tf-exemplar-human,15,0,blood_D,blood_C,blood_B,6,cell_pooled,0.9645687639954723,0.9719216898505925,0.6875,0.9171256329877019,0.03333333333333333,1.2181746940665479,0.0,30,3882,0.8960146587265231
emb_tf-exemplar-human,15,0,blood_D,blood_C,blood_B,6,classwise,0.9366657482969453,0.9435857805255023,0.6875,0.8733330050231459,0.03333333333333333,1.0280513751714806,0.010819165378670788,30,3882,
emb_tf-exemplar-human,15,0,blood_D,blood_C,blood_B,6,donor_weighted,0.9645687639954723,0.9719216898505925,0.6875,0.9171256329877019,0.03333333333333333,1.2179221688140227,0.0,30,3882,
emb_tf-exemplar-human,15,0,blood_D,blood_C,blood_B,6,donor_crc,0.9684746971436624,0.9755280783101494,0.6875,0.9309380274897516,0.03333333333333333,1.2624345931626104,0.0,30,3882,
emb_tf-exemplar-human,15,1,blood_D,blood_C,blood_B,6,cell_pooled,0.966092489219769,0.9654741055791843,0.9084507042253521,0.9287060492451109,0.0,1.0354143693567637,0.0,30,3997,0.9020594965675057
emb_tf-exemplar-human,15,1,blood_D,blood_C,blood_B,6,classwise,0.9511050653069737,0.9504628471353516,0.8661971830985915,0.9025419664268585,0.0,1.0082134951523705,0.0070052539404553416,30,3997,
emb_tf-exemplar-human,15,1,blood_D,blood_C,blood_B,6,donor_weighted,0.966092489219769,0.9654741055791843,0.9084507042253521,0.9287060492451109,0.0,1.0354143693567637,0.0,30,3997,
emb_tf-exemplar-human,15,1,blood_D,blood_C,blood_B,6,donor_crc,0.9690384623837947,0.968476357267951,0.9154929577464789,0.9346843651839092,0.0,1.0487530230926199,0.0,30,3997,
emb_tf-exemplar-human,16,0,blood_A,blood_E,blood_D,5,cell_pooled,0.877115702954765,0.8730031948881789,0.7132867132867133,0.7610423116615067,0.23333333333333334,1.080357182621224,0.0,30,3756,0.9031719532554258
emb_tf-exemplar-human,16,0,blood_A,blood_E,blood_D,5,classwise,0.8982610482680797,0.8948349307774228,0.6929824561403509,0.7410824469647999,0.13333333333333333,1.4521372427710098,0.0026624068157614484,30,3756,
emb_tf-exemplar-human,16,0,blood_A,blood_E,blood_D,5,donor_weighted,0.8741299207533924,0.8698083067092651,0.6993006993006993,0.7560186963759764,0.23333333333333334,1.0678137760862192,0.0,30,3756,
emb_tf-exemplar-human,16,0,blood_A,blood_E,blood_D,5,donor_crc,0.9100656790624043,0.9068157614483493,0.7692307692307693,0.8166824538920154,0.06666666666666667,1.2086634285112752,0.0,30,3756,
emb_tf-exemplar-human,16,1,blood_A,blood_E,blood_D,5,cell_pooled,0.9662870351108772,0.964850136239782,0.8203125,0.9220735785953178,0.0,1.1031363459764012,0.0,30,3670,0.9053356282271945
emb_tf-exemplar-human,16,1,blood_A,blood_E,blood_D,5,classwise,0.9468941272117224,0.9457765667574932,0.865546218487395,0.8976744186046512,0.0,1.4275985933288038,0.012534059945504087,30,3670,
emb_tf-exemplar-human,16,1,blood_A,blood_E,blood_D,5,donor_weighted,0.9613242680082814,0.9596730245231607,0.8125,0.9194202898550725,0.0,1.0757305422057588,0.0,30,3670,
emb_tf-exemplar-human,16,1,blood_A,blood_E,blood_D,5,donor_crc,0.9807992278750853,0.9801089918256131,0.875968992248062,0.963278073193619,0.0,1.3111387885196921,0.0,30,3670,
emb_tf-exemplar-human,17,0,blood_C,blood_E,blood_D,5,cell_pooled,0.8738262194183711,0.8707988980716254,0.7435897435897436,0.8035206786850477,0.1,0.9255643097876395,0.07630853994490358,30,3630,0.897887323943662
emb_tf-exemplar-human,17,0,blood_C,blood_E,blood_D,5,classwise,0.8136105335059177,0.8107438016528926,0.6052631578947368,0.6446595460614152,0.3,0.9027794236705604,0.10798898071625344,30,3630,
emb_tf-exemplar-human,17,0,blood_C,blood_E,blood_D,5,donor_weighted,0.8665732962992031,0.8633608815426997,0.7435897435897436,0.8007060333761233,0.1,0.917007236621217,0.08512396694214876,30,3630,
emb_tf-exemplar-human,17,0,blood_C,blood_E,blood_D,5,donor_crc,0.919213534490855,0.9170798898071625,0.7692307692307693,0.8590500641848524,0.03333333333333333,0.985529976152169,0.01487603305785124,30,3630,
emb_tf-exemplar-human,17,1,blood_C,blood_E,blood_D,5,cell_pooled,0.8839039782557527,0.8804878048780488,0.7476635514018691,0.8237705426356589,0.06666666666666667,0.9311748448320151,0.07127371273712738,30,3690,0.9064293915040184
emb_tf-exemplar-human,17,1,blood_C,blood_E,blood_D,5,classwise,0.8764290496290453,0.8747967479674796,0.6074766355140186,0.7974664397806769,0.13333333333333333,0.9478299087694142,0.05745257452574526,30,3690,
emb_tf-exemplar-human,17,1,blood_C,blood_E,blood_D,5,donor_weighted,0.8849164987270176,0.8815718157181572,0.7476635514018691,0.8237705426356589,0.06666666666666667,0.9324418182294886,0.06991869918699187,30,3690,
emb_tf-exemplar-human,17,1,blood_C,blood_E,blood_D,5,donor_crc,0.9183089464492462,0.916260162601626,0.794392523364486,0.8592186046511627,0.03333333333333333,0.9744915857052246,0.026287262872628725,30,3690,
emb_tf-exemplar-human,18,0,blood_C,blood_D,blood_A,6,cell_pooled,0.9240500339072836,0.9242076251722554,0.8571428571428571,0.8893980320277831,0.0,0.9792323273116904,0.02067064768029398,30,4354,0.8973592426507224
emb_tf-exemplar-human,18,0,blood_C,blood_D,blood_A,6,classwise,0.8473880067995125,0.8474965548920533,0.6758620689655173,0.7776981679666244,0.26666666666666666,1.9653125141034251,0.007349563619660083,30,4354,
emb_tf-exemplar-human,18,0,blood_C,blood_D,blood_A,6,donor_weighted,0.9238169336741834,0.9239779513091411,0.8571428571428571,0.8893980320277831,0.0,0.9787677455971087,0.021129995406522738,30,4354,
emb_tf-exemplar-human,18,0,blood_C,blood_D,blood_A,6,donor_crc,0.95359549658879,0.9536058796508957,0.8775510204081632,0.9198728688282252,0.0,1.0586914993942684,0.0,30,4354,
emb_tf-exemplar-human,18,1,blood_C,blood_D,blood_A,6,cell_pooled,0.9078522557984157,0.9081255771006463,0.8333333333333334,0.8503401360544217,0.0,0.9727386802451137,0.02723915050784857,30,4332,0.9014014014014013
emb_tf-exemplar-human,18,1,blood_C,blood_D,blood_A,6,classwise,0.7651179547566657,0.7652354570637119,0.5594405594405595,0.5888782450426286,0.5666666666666667,1.9766358044886188,0.0,30,4332,
emb_tf-exemplar-human,18,1,blood_C,blood_D,blood_A,6,donor_weighted,0.9078522557984157,0.9081255771006463,0.8333333333333334,0.8503401360544217,0.0,0.9727386802451137,0.02723915050784857,30,4332,
emb_tf-exemplar-human,18,1,blood_C,blood_D,blood_A,6,donor_crc,0.9465389221797745,0.9466759002770083,0.8768115942028986,0.8842745317305004,0.0,1.0681029594131135,0.0,30,4332,
emb_tf-exemplar-human,19,0,blood_B,blood_D,blood_A,6,cell_pooled,0.5773977592113771,0.5776956822904641,0.21678321678321677,0.2874453618261292,0.8333333333333334,1.1925539261822526,0.0,30,4331,0.8942598187311178
emb_tf-exemplar-human,19,0,blood_B,blood_D,blood_A,6,classwise,0.6629899286558885,0.6631262987762642,0.26573426573426573,0.3796684871131551,0.7666666666666667,1.328255353128659,0.06118679288847841,30,4331,
emb_tf-exemplar-human,19,0,blood_B,blood_D,blood_A,6,donor_weighted,0.5781007158404802,0.5783883629646733,0.22377622377622378,0.2874453618261292,0.8333333333333334,1.194397012522914,0.0,30,4331,
emb_tf-exemplar-human,19,0,blood_B,blood_D,blood_A,6,donor_crc,0.6946910118664975,0.6949896097898869,0.32867132867132864,0.41255463817387084,0.6333333333333333,1.5079683011606957,0.0,30,4331,
emb_tf-exemplar-human,19,1,blood_B,blood_D,blood_A,6,cell_pooled,0.7749211970312856,0.774925509970204,0.4966442953020134,0.6273972602739726,0.5666666666666667,2.551703323288065,0.0,30,4363,0.8828874305906108
emb_tf-exemplar-human,19,1,blood_B,blood_D,blood_A,6,classwise,0.729967386556799,0.7302314920925969,0.4246575342465753,0.5263582145186841,0.6333333333333333,1.4246542076983493,0.0456108182443273,30,4363,
emb_tf-exemplar-human,19,1,blood_B,blood_D,blood_A,6,donor_weighted,0.7728607854926017,0.7728627091450837,0.4966442953020134,0.6273972602739726,0.5666666666666667,2.539567269629294,0.0,30,4363,
emb_tf-exemplar-human,19,1,blood_B,blood_D,blood_A,6,donor_crc,0.8565246742327991,0.856520742608297,0.6510067114093959,0.7567022826614861,0.23333333333333334,3.1151939569329143,0.0,30,4363,
emb_tf-exemplar-human,20,0,blood_E,blood_C,blood_A,5,cell_pooled,0.8916746727891184,0.8914165103189493,0.7162162162162162,0.8381133414436334,0.03333333333333333,1.02291665544791,0.0021106941838649157,30,4264,0.8947621335896204
emb_tf-exemplar-human,20,0,blood_E,blood_C,blood_A,5,classwise,0.8953729295535715,0.8954033771106942,0.7659574468085106,0.7998611111111111,0.1,0.9709802005757352,0.05042213883677298,30,4264,
emb_tf-exemplar-human,20,0,blood_E,blood_C,blood_A,5,donor_weighted,0.8914431913076369,0.8911819887429644,0.7162162162162162,0.8374188969991889,0.03333333333333333,1.0224568634641455,0.0021106941838649157,30,4264,
emb_tf-exemplar-human,20,0,blood_E,blood_C,blood_A,5,donor_crc,0.9145329856653162,0.9143996247654784,0.8040540540540541,0.8642517006802721,0.0,1.0875976650875903,0.00023452157598499062,30,4264,
emb_tf-exemplar-human,20,1,blood_E,blood_C,blood_A,5,cell_pooled,0.9196300637243471,0.9199154532644434,0.8222222222222222,0.8821428571428571,0.0,1.4450243832771403,0.0,30,4258,0.896011396011396
emb_tf-exemplar-human,20,1,blood_E,blood_C,blood_A,5,classwise,0.878142654614125,0.8788163457022076,0.65,0.7600315177779966,0.13333333333333333,0.9797898328332189,0.06270549553781118,30,4258,
emb_tf-exemplar-human,20,1,blood_E,blood_C,blood_A,5,donor_weighted,0.9191484083600626,0.9194457491780178,0.8222222222222222,0.8772535211267606,0.0,1.4417261732224587,0.0,30,4258,
emb_tf-exemplar-human,20,1,blood_E,blood_C,blood_A,5,donor_crc,0.931662129763441,0.931892907468295,0.837037037037037,0.8985714285714286,0.0,1.5172694440927237,0.0,30,4258,
emb_tf-exemplar-human,21,0,blood_A,blood_C,blood_B,6,cell_pooled,0.8736168018709235,0.886294134000556,0.6875,0.741974921630094,0.2,0.9661637290512245,0.03141506811231582,30,3597,0.9076360310928212
emb_tf-exemplar-human,21,0,blood_A,blood_C,blood_B,6,classwise,0.8672802659417639,0.8865721434528774,0.6666666666666666,0.74375,0.23333333333333334,0.9572240616595582,0.03502919099249374,30,3597,
emb_tf-exemplar-human,21,0,blood_A,blood_C,blood_B,6,donor_weighted,0.8736168018709235,0.886294134000556,0.6875,0.741974921630094,0.2,0.9661637290512245,0.03141506811231582,30,3597,
emb_tf-exemplar-human,21,0,blood_A,blood_C,blood_B,6,donor_crc,0.8869211267703669,0.9007506255212677,0.6875,0.7494827586206897,0.16666666666666666,0.9941602023046241,0.0061162079510703364,30,3597,
emb_tf-exemplar-human,21,1,blood_A,blood_C,blood_B,6,cell_pooled,0.8943488980005573,0.8974004424778761,0.7142857142857143,0.8107164727495407,0.06666666666666667,0.9666910543329591,0.03346238938053098,30,3616,0.8939186099679927
emb_tf-exemplar-human,21,1,blood_A,blood_C,blood_B,6,classwise,0.8635213869850363,0.8678097345132744,0.6785714285714286,0.8013023345552769,0.1,0.9423738123207085,0.053373893805309734,30,3616,
emb_tf-exemplar-human,21,1,blood_A,blood_C,blood_B,6,donor_weighted,0.8943488980005573,0.8974004424778761,0.7142857142857143,0.8107164727495407,0.06666666666666667,0.9666910543329591,0.03346238938053098,30,3616,
emb_tf-exemplar-human,21,1,blood_A,blood_C,blood_B,6,donor_crc,0.9030349941568568,0.9068030973451328,0.7142857142857143,0.824464176362523,0.03333333333333333,0.9836184942455465,0.016039823008849558,30,3616,
emb_tf-exemplar-human,22,0,blood_A,blood_B,blood_D,6,cell_pooled,0.7981531341748946,0.7976605276256844,0.5158730158730159,0.5609401709401709,0.3,0.8787017935382806,0.1214534594325535,30,4018,0.8988222698072805
emb_tf-exemplar-human,22,0,blood_A,blood_B,blood_D,6,classwise,0.5966895401807206,0.5955699352911896,0.3916083916083916,0.46670575692963756,0.9666666666666667,0.7448063376487931,0.25684420109507217,30,4018,
emb_tf-exemplar-human,22,0,blood_A,blood_B,blood_D,6,donor_weighted,0.8255476158141346,0.8250373320059731,0.5211267605633803,0.6291737891737892,0.26666666666666666,0.91109390639782,0.08909905425584869,30,4018,
emb_tf-exemplar-human,22,0,blood_A,blood_B,blood_D,6,donor_crc,0.8979359352496311,0.8974614235938277,0.5915492957746479,0.747948717948718,0.16666666666666666,1.0416968232581927,0.0,30,4018,
emb_tf-exemplar-human,22,1,blood_A,blood_B,blood_D,6,cell_pooled,0.89146422833697,0.8917781079742447,0.7132352941176471,0.8291313389857623,0.1,1.0510941458689813,0.0,30,4038,0.8980957282552754
emb_tf-exemplar-human,22,1,blood_A,blood_B,blood_D,6,classwise,0.5259091864295747,0.5267459138187222,0.2695035460992908,0.40832898852971844,1.0,0.9273701269476328,0.1342248637939574,30,4038,
emb_tf-exemplar-human,22,1,blood_A,blood_B,blood_D,6,donor_weighted,0.8895087258087885,0.8897969291728578,0.7132352941176471,0.8291313389857623,0.1,1.0441189837351768,0.0,30,4038,
emb_tf-exemplar-human,22,1,blood_A,blood_B,blood_D,6,donor_crc,0.925708807705391,0.9259534422981675,0.7744360902255639,0.8793538219070134,0.03333333333333333,1.2298532110062756,0.0,30,4038,
emb_tf-exemplar-human,23,0,blood_E,blood_C,blood_B,5,cell_pooled,0.8845881135519226,0.8902093944538766,0.7432432432432432,0.779990671641791,0.23333333333333334,0.9968810639885217,0.003395585738539898,30,3534,0.9056785370548605
emb_tf-exemplar-human,23,0,blood_E,blood_C,blood_B,5,classwise,0.8846905570112535,0.8941709111488398,0.6756756756756757,0.7703824626865672,0.13333333333333333,1.0159982353405925,0.013865308432371251,30,3534,
emb_tf-exemplar-human,23,0,blood_E,blood_C,blood_B,5,donor_weighted,0.8845881135519226,0.8902093944538766,0.7432432432432432,0.779990671641791,0.23333333333333334,0.9968810639885217,0.003395585738539898,30,3534,
emb_tf-exemplar-human,23,0,blood_E,blood_C,blood_B,5,donor_crc,0.8939896254379122,0.900679117147708,0.7432432432432432,0.7967817164179104,0.13333333333333333,1.022951240836782,0.0,30,3534,
emb_tf-exemplar-human,23,1,blood_E,blood_C,blood_B,5,cell_pooled,0.897862614574031,0.9044943820224719,0.7142857142857143,0.7716135045567523,0.16666666666666666,1.0006008944972118,0.0028089887640449437,30,3560,0.9188280499519692
emb_tf-exemplar-human,23,1,blood_E,blood_C,blood_B,5,classwise,0.8952142562890961,0.9070224719101123,0.6481481481481481,0.7916289592760181,0.13333333333333333,0.9749981231469567,0.042134831460674156,30,3560,
emb_tf-exemplar-human,23,1,blood_E,blood_C,blood_B,5,donor_weighted,0.8973396663766644,0.9039325842696629,0.7142857142857143,0.7716135045567523,0.16666666666666666,1.0000779462998453,0.0028089887640449437,30,3560,
emb_tf-exemplar-human,23,1,blood_E,blood_C,blood_B,5,donor_crc,0.9086161353308884,0.9157303370786517,0.7142857142857143,0.7885356255178128,0.13333333333333333,1.0265198830369449,0.0002808988764044944,30,3560,
emb_scvi,0,0,blood_B,blood_C,blood_D,6,cell_pooled,0.8989403159084303,0.8994722292033174,0.7890625,0.832962962962963,0.03333333333333333,0.9725195595894953,0.027393817542096004,30,3979,0.9251824817518248
emb_scvi,0,0,blood_B,blood_C,blood_D,6,classwise,0.8508501766038818,0.8519728575018849,0.4927536231884058,0.7533582089552239,0.2,0.976000994860802,0.06810756471475245,30,3979,
emb_scvi,0,0,blood_B,blood_C,blood_D,6,donor_weighted,0.8986714987041292,0.8992209097763257,0.7890625,0.832962962962963,0.03333333333333333,0.971998217132669,0.027896456396079416,30,3979,
emb_scvi,0,0,blood_B,blood_C,blood_D,6,donor_crc,0.922443224503316,0.9228449359135461,0.8125,0.8686384225952571,0.0,1.0229141939250765,0.0012565971349585323,30,3979,
emb_scvi,0,1,blood_B,blood_C,blood_D,6,cell_pooled,0.9345173782845949,0.9326047358834244,0.8478260869565217,0.89674688057041,0.0,1.0227389030158744,0.0010408534998698933,30,3843,0.8946648426812586
emb_scvi,0,1,blood_B,blood_C,blood_D,6,classwise,0.8699553785804446,0.8688524590163934,0.5,0.755654761904762,0.16666666666666666,1.0133906529596584,0.06401249024199844,30,3843,
emb_scvi,0,1,blood_B,blood_C,blood_D,6,donor_weighted,0.9345173782845949,0.9326047358834244,0.8478260869565217,0.89674688057041,0.0,1.0227389030158744,0.0010408534998698933,30,3843,
emb_scvi,0,1,blood_B,blood_C,blood_D,6,donor_crc,0.9523262262557888,0.9508196721311475,0.8695652173913043,0.9154411764705882,0.0,1.075203663175095,0.0,30,3843,
emb_scvi,1,0,blood_C,blood_B,blood_A,6,cell_pooled,0.8569227238927898,0.8570443576189382,0.7364864864864865,0.7878733393267405,0.16666666666666666,0.9384859709036122,0.06159503562399449,30,4351,0.9215686274509803
emb_scvi,1,0,blood_C,blood_B,blood_A,6,classwise,0.8728381106267001,0.8729027809698919,0.7746478873239436,0.8269172417168306,0.06666666666666667,0.9490336418861364,0.0530912433923236,30,4351,
emb_scvi,1,0,blood_C,blood_B,blood_A,6,donor_weighted,0.8805750388264781,0.8807170765341301,0.7972972972972973,0.809724303266407,0.03333333333333333,0.9772886437446054,0.022753390025281546,30,4351,
emb_scvi,1,0,blood_C,blood_B,blood_A,6,donor_crc,0.9241999450314367,0.9243851988048725,0.8633093525179856,0.8857101782633697,0.0,1.0859059426839233,0.0,30,4351,
emb_scvi,1,1,blood_C,blood_B,blood_A,6,cell_pooled,0.8559734823414366,0.8560518398518862,0.7702702702702703,0.8,0.1,0.9364104254629548,0.06364267530664199,30,4321,0.8979274611398964
emb_scvi,1,1,blood_C,blood_B,blood_A,6,classwise,0.866152619680566,0.8664660958111549,0.7943262411347518,0.8222348074460751,0.1,0.9943215301601703,0.02522564221245082,30,4321,
emb_scvi,1,1,blood_C,blood_B,blood_A,6,donor_weighted,0.8681548380592384,0.8683175190928026,0.7887323943661971,0.8151614343103705,0.03333333333333333,0.9562760112649363,0.04373987502892849,30,4321,
emb_scvi,1,1,blood_C,blood_B,blood_A,6,donor_crc,0.920487852712092,0.920620226799352,0.823943661971831,0.8954100652376514,0.0,1.0686806764486172,0.0,30,4321,
emb_scvi,2,0,blood_B,blood_D,blood_E,5,cell_pooled,0.85578861143776,0.858830146231721,0.5916666666666667,0.7383809523809524,0.23333333333333334,0.8962763251223917,0.1015185601799775,30,3556,0.9129755080771235
emb_scvi,2,0,blood_B,blood_D,blood_E,5,classwise,0.8800031223837753,0.8818897637795275,0.568,0.785095613048369,0.13333333333333333,0.9781462053064552,0.05989876265466817,30,3556,
emb_scvi,2,0,blood_B,blood_D,blood_E,5,donor_weighted,0.85578861143776,0.858830146231721,0.5916666666666667,0.7383809523809524,0.23333333333333334,0.8962763251223917,0.1015185601799775,30,3556,
emb_scvi,2,0,blood_B,blood_D,blood_E,5,donor_crc,0.8916717381722227,0.8939820022497188,0.6730769230769231,0.798,0.1,0.9568097656181026,0.04246344206974128,30,3556,
emb_scvi,2,1,blood_B,blood_D,blood_E,5,cell_pooled,0.847833265733941,0.8499713138267355,0.5961538461538461,0.7107033639143732,0.23333333333333334,0.8994192146075194,0.09954102122776821,30,3486,0.9060331019754405
emb_scvi,2,1,blood_B,blood_D,blood_E,5,classwise,0.8549160299336162,0.8565691336775674,0.544,0.7201236263736264,0.2,0.9842216182508084,0.06970740103270223,30,3486,
emb_scvi,2,1,blood_B,blood_D,blood_E,5,donor_weighted,0.843815426669687,0.8459552495697074,0.5961538461538461,0.709491242702252,0.23333333333333334,0.8919703731856983,0.1069994262765347,30,3486,
emb_scvi,2,1,blood_B,blood_D,blood_E,5,donor_crc,0.8811352021534841,0.8826735513482501,0.6923076923076923,0.7785015290519878,0.13333333333333333,0.9520669699545029,0.047619047619047616,30,3486,
emb_scvi,3,0,blood_A,blood_D,blood_E,5,cell_pooled,0.8796125295764157,0.8809046664758088,0.672,0.768454481298518,0.16666666666666666,0.954894175090421,0.045805897509304326,30,3493,0.9065469904963042
emb_scvi,3,0,blood_A,blood_D,blood_E,5,classwise,0.9208098863913309,0.9206985399370169,0.64,0.8554864253393665,0.03333333333333333,1.10903359951756,0.009733753220727169,30,3493,
emb_scvi,3,0,blood_A,blood_D,blood_E,5,donor_weighted,0.8796125295764157,0.8809046664758088,0.672,0.768454481298518,0.16666666666666666,0.954894175090421,0.045805897509304326,30,3493,
emb_scvi,3,0,blood_A,blood_D,blood_E,5,donor_crc,0.910147471271148,0.9118236472945892,0.696,0.818822461941728,0.1,1.0118623400362556,0.0031491554537646724,30,3493,
emb_scvi,3,1,blood_A,blood_D,blood_E,5,cell_pooled,0.911924740961165,0.9152112676056338,0.7252747252747253,0.8225691699604744,0.1,0.97293338315809,0.02563380281690141,30,3550,0.9000528820729773
emb_scvi,3,1,blood_A,blood_D,blood_E,5,classwise,0.8882325036559565,0.892112676056338,0.6521739130434783,0.7840659340659341,0.16666666666666666,0.979145720840769,0.055492957746478874,30,3550,
emb_scvi,3,1,blood_A,blood_D,blood_E,5,donor_weighted,0.9145822518128796,0.9177464788732395,0.7362637362637363,0.8225691699604744,0.1,0.976863654124308,0.021971830985915493,30,3550,
emb_scvi,3,1,blood_A,blood_D,blood_E,5,donor_crc,0.9383953696150794,0.9402816901408451,0.8165137614678899,0.855064935064935,0.0,1.0243053203211616,0.0,30,3550,
emb_scvi,4,0,blood_D,blood_C,blood_A,6,cell_pooled,0.9460727419860433,0.9459830624856946,0.891156462585034,0.9074015521701638,0.0,1.0599697867461,0.0,30,4369,0.8992212551534585
emb_scvi,4,0,blood_D,blood_C,blood_A,6,classwise,0.9033743708229962,0.9034103913939117,0.7891156462585034,0.8550549874590005,0.03333333333333333,1.0620386501471586,0.01441977569237812,30,4369,
emb_scvi,4,0,blood_D,blood_C,blood_A,6,donor_weighted,0.9460727419860433,0.9459830624856946,0.891156462585034,0.9074015521701638,0.0,1.0599697867461,0.0,30,4369,
emb_scvi,4,0,blood_D,blood_C,blood_A,6,donor_crc,0.9638901175715661,0.9638361181048295,0.9115646258503401,0.9373637126083311,0.0,1.1209040401593275,0.0,30,4369,
emb_scvi,4,1,blood_D,blood_C,blood_A,6,cell_pooled,0.9095729726329516,0.9097190234914786,0.8013698630136986,0.853918958887903,0.0,0.9891346391757376,0.010824504836480885,30,4342,0.9061355311355311
emb_scvi,4,1,blood_D,blood_C,blood_A,6,classwise,0.8675462540787601,0.8678028558268079,0.7278911564625851,0.7931034482758621,0.13333333333333333,1.011206743984768,0.0228005527406725,30,4342,
emb_scvi,4,1,blood_D,blood_C,blood_A,6,donor_weighted,0.9093260590527047,0.9094887148779365,0.8013698630136986,0.853918958887903,0.0,0.9886578405380195,0.011285122063565177,30,4342,
emb_scvi,4,1,blood_D,blood_C,blood_A,6,donor_crc,0.9411789867663302,0.9412713035467527,0.8620689655172413,0.9040117416829746,0.0,1.0643137018272042,0.00023030861354214648,30,4342,
emb_scvi,5,0,blood_C,blood_E,blood_B,5,cell_pooled,0.8753197208337195,0.88917089678511,0.6111111111111112,0.7230769230769231,0.16666666666666666,0.9513496486846467,0.045403271291596166,30,3546,0.8965321205230244
emb_scvi,5,0,blood_C,blood_E,blood_B,5,classwise,0.8950379400984231,0.9117315284827975,0.6071428571428571,0.7772727272727273,0.13333333333333333,0.9783962932560029,0.027354765933446136,30,3546,
emb_scvi,5,0,blood_C,blood_E,blood_B,5,donor_weighted,0.8766319774512005,0.8905809362662155,0.6111111111111112,0.7230769230769231,0.13333333333333333,0.9543581576866381,0.04314720812182741,30,3546,
emb_scvi,5,0,blood_C,blood_E,blood_B,5,donor_crc,0.9146633207699317,0.9297800338409475,0.6785714285714286,0.8136363636363637,0.1,1.0377524414953347,0.0,30,3546,
emb_scvi,5,1,blood_C,blood_E,blood_B,5,cell_pooled,0.9200593910181971,0.9177777777777778,0.7762237762237763,0.8724789915966387,0.03333333333333333,0.9730095583345856,0.028333333333333332,30,3600,0.8941244909831297
emb_scvi,5,1,blood_C,blood_E,blood_B,5,classwise,0.8988421472118235,0.8980555555555556,0.7619047619047619,0.8353442332315572,0.06666666666666667,0.9630366247844668,0.03944444444444444,30,3600,
emb_scvi,5,1,blood_C,blood_E,blood_B,5,donor_weighted,0.9192140326728386,0.9169444444444445,0.7762237762237763,0.8724789915966387,0.03333333333333333,0.9711165651711007,0.03027777777777778,30,3600,
emb_scvi,5,1,blood_C,blood_E,blood_B,5,donor_crc,0.9393053884693128,0.9377777777777778,0.8111888111888111,0.8888888888888888,0.0,1.0053034535533303,0.0,30,3600,
emb_scvi,6,0,blood_E,blood_B,blood_A,5,cell_pooled,0.8721046327332947,0.8722067039106145,0.6180555555555556,0.8345372233400403,0.03333333333333333,0.9468386341548207,0.05307262569832402,30,4296,0.9183222958057395
emb_scvi,6,0,blood_E,blood_B,blood_A,5,classwise,0.8930271393865491,0.8931564245810056,0.6875,0.8440559440559441,0.03333333333333333,1.026281781764636,0.03095903165735568,30,4296,
emb_scvi,6,0,blood_E,blood_B,blood_A,5,donor_weighted,0.8658306888718368,0.8659217877094972,0.6180555555555556,0.8204045954045954,0.03333333333333333,0.9384744989377499,0.061452513966480445,30,4296,
emb_scvi,6,0,blood_E,blood_B,blood_A,5,donor_crc,0.911065977001363,0.9110800744878957,0.6875,0.8670392987294395,0.03333333333333333,1.0219238078502983,0.00023277467411545624,30,4296,
emb_scvi,6,1,blood_E,blood_B,blood_A,5,cell_pooled,0.8863738268573788,0.8863689501987374,0.7619047619047619,0.8370097508125678,0.03333333333333333,0.9472720055392808,0.052840776245031564,30,4277,0.9037339556592765
emb_scvi,6,1,blood_E,blood_B,blood_A,5,classwise,0.9029142709155435,0.9032031797989245,0.8384615384615385,0.8555819588109216,0.0,1.0043840190459978,0.03133037175590367,30,4277,
emb_scvi,6,1,blood_E,blood_B,blood_A,5,donor_weighted,0.9012935950823334,0.9013327098433481,0.782312925170068,0.8515167930660889,0.03333333333333333,0.9687152952794383,0.03133037175590367,30,4277,
emb_scvi,6,1,blood_E,blood_B,blood_A,5,donor_crc,0.9372191968644195,0.9373392564881926,0.8843537414965986,0.8999280575539569,0.0,1.0489796119694788,0.0,30,4277,
emb_scvi,7,0,blood_A,blood_C,blood_D,6,cell_pooled,0.9199176487754628,0.9205630970336852,0.7878787878787878,0.8615942028985508,0.03333333333333333,0.9796542864344527,0.020361990950226245,30,3978,0.9146118721461187
emb_scvi,7,0,blood_A,blood_C,blood_D,6,classwise,0.8643365836841291,0.864756158873806,0.6304347826086957,0.8157868071739791,0.06666666666666667,0.9580017248064562,0.05027652086475616,30,3978,
emb_scvi,7,0,blood_A,blood_C,blood_D,6,donor_weighted,0.9199176487754628,0.9205630970336852,0.7878787878787878,0.8615942028985508,0.03333333333333333,0.9796542864344527,0.020361990950226245,30,3978,
emb_scvi,7,0,blood_A,blood_C,blood_D,6,donor_crc,0.9392404834401437,0.9399195575666164,0.8257575757575758,0.8796325491147223,0.0,1.0198221194902606,0.0,30,3978,
emb_scvi,7,1,blood_A,blood_C,blood_D,6,cell_pooled,0.9384675674190134,0.9386363636363636,0.8636363636363636,0.8805513784461153,0.0,1.016817573566787,0.0015151515151515152,30,3960,0.8936267767079321
emb_scvi,7,1,blood_A,blood_C,blood_D,6,classwise,0.8885658745884283,0.8888888888888888,0.8174603174603174,0.8482473993668024,0.0,0.9882732334831253,0.03636363636363636,30,3960,
emb_scvi,7,1,blood_A,blood_C,blood_D,6,donor_weighted,0.9384675674190134,0.9386363636363636,0.8636363636363636,0.8805513784461153,0.0,1.0165650483142619,0.0015151515151515152,30,3960,
emb_scvi,7,1,blood_A,blood_C,blood_D,6,donor_crc,0.9558727139953297,0.956060606060606,0.8939393939393939,0.9115656789031402,0.0,1.0637130280959404,0.0,30,3960,
emb_scvi,8,0,blood_E,blood_B,blood_C,5,cell_pooled,0.8821070636424311,0.8821147892355322,0.6090225563909775,0.7888915138915139,0.13333333333333333,0.9358676405339696,0.06430102405334603,30,4199,0.9028475711892797
emb_scvi,8,0,blood_E,blood_B,blood_C,5,classwise,0.8717510766187151,0.8713979518933079,0.7464788732394366,0.7975003719684571,0.1,0.9464176134736337,0.07096927839961896,30,4199,
emb_scvi,8,0,blood_E,blood_B,blood_C,5,donor_weighted,0.8823595888949562,0.8823529411764706,0.6090225563909775,0.7888915138915139,0.13333333333333333,0.9361201657864949,0.06406287211240771,30,4199,
emb_scvi,8,0,blood_E,blood_B,blood_C,5,donor_crc,0.925827933404327,0.9259347463681828,0.7142857142857143,0.8729451707712578,0.03333333333333333,1.013657624636931,0.0019052155275065491,30,4199,
emb_scvi,8,1,blood_E,blood_B,blood_C,5,cell_pooled,0.8742088249995054,0.8741358760429082,0.5864661654135338,0.8041958041958042,0.06666666666666667,0.943034742182372,0.057210965435041714,30,4195,0.9008086253369272
emb_scvi,8,1,blood_E,blood_B,blood_C,5,classwise,0.8489333908035234,0.8486293206197855,0.706766917293233,0.7797500371968458,0.2,0.9458508684176608,0.08724672228843862,30,4195,
emb_scvi,8,1,blood_E,blood_B,blood_C,5,donor_weighted,0.8749180686410235,0.8748510131108462,0.5864661654135338,0.8041958041958042,0.06666666666666667,0.9444634483666211,0.05578069129916567,30,4195,
emb_scvi,8,1,blood_E,blood_B,blood_C,5,donor_crc,0.9156070069589948,0.9156138259833134,0.6691729323308271,0.8590573809751891,0.03333333333333333,1.0191034020391414,0.0028605482717520858,30,4195,
emb_scvi,9,0,blood_E,blood_D,blood_A,5,cell_pooled,0.8609883239615381,0.860922500585343,0.781021897810219,0.8217551462621885,0.06666666666666667,0.9232189303893786,0.07703114024818544,30,4271,0.8994535519125683
emb_scvi,9,0,blood_E,blood_D,blood_A,5,classwise,0.8665099402716814,0.8670100678997893,0.7246376811594203,0.8270532387320709,0.1,0.9967879736330284,0.05385155701240927,30,4271,
emb_scvi,9,0,blood_E,blood_D,blood_A,5,donor_weighted,0.8549003852464201,0.8548349332708968,0.781021897810219,0.8135664335664335,0.1,0.9135933658180037,0.08663076562865839,30,4271,
emb_scvi,9,0,blood_E,blood_D,blood_A,5,donor_crc,0.8965802468365242,0.8967454928588152,0.8175182481751825,0.8460455037919826,0.0,0.9756320368799798,0.02435026925778506,30,4271,
emb_scvi,9,1,blood_E,blood_D,blood_A,5,cell_pooled,0.8609358622571983,0.8610654775874208,0.8,0.8129893326717935,0.0,0.9423600894797352,0.05773292654306501,30,4261,0.9048672566371682
emb_scvi,9,1,blood_E,blood_D,blood_A,5,classwise,0.8826025568696196,0.883126026754283,0.7928571428571428,0.8482167832167832,0.03333333333333333,1.0708006114129047,0.03402957052335132,30,4261,
emb_scvi,9,1,blood_E,blood_D,blood_A,5,donor_weighted,0.8548198425335964,0.854963623562544,0.7928571428571428,0.8024838523341911,0.1,0.9334395835855961,0.0666510208871157,30,4261,
emb_scvi,9,1,blood_E,blood_D,blood_A,5,donor_crc,0.9052881149493286,0.9054212626144098,0.8248175182481752,0.8738561438561439,0.0,1.0308202924346077,0.0,30,4261,
emb_scvi,10,0,blood_A,blood_E,blood_C,5,cell_pooled,0.8609715158103318,0.8608654076021994,0.6240601503759399,0.7732734418865806,0.16666666666666666,0.9283884641654221,0.07147979918718624,30,4183,0.8810472396129767
emb_scvi,10,0,blood_A,blood_E,blood_C,5,classwise,0.8947302304585741,0.8945732727707387,0.7605633802816901,0.8422812350023996,0.03333333333333333,0.9704595912354714,0.06024384413100645,30,4183,
emb_scvi,10,0,blood_A,blood_E,blood_C,5,donor_weighted,0.8614746676292729,0.8613435333492708,0.631578947368421,0.7732734418865806,0.16666666666666666,0.9298549368479221,0.0700454219459718,30,4183,
emb_scvi,10,0,blood_A,blood_E,blood_C,5,donor_crc,0.9017248725481507,0.9015060961032751,0.7218045112781954,0.8314328007758665,0.03333333333333333,1.0060212665220625,0.0019125029882859192,30,4183,
emb_scvi,10,1,blood_A,blood_E,blood_C,5,cell_pooled,0.8645541069309554,0.8642566435240603,0.631578947368421,0.8073578595317726,0.1,0.9360528842145587,0.06416088101508259,30,4177,0.9049826187717266
emb_scvi,10,1,blood_A,blood_E,blood_C,5,classwise,0.8960609470153449,0.8960976777591573,0.777027027027027,0.8167886158348893,0.1,0.9801432445442556,0.06583672492219296,30,4177,
emb_scvi,10,1,blood_A,blood_E,blood_C,5,donor_weighted,0.8633875400835737,0.8630596121618387,0.631578947368421,0.8008361204013378,0.1,0.9341786671965621,0.0660761311946373,30,4177,
emb_scvi,10,1,blood_A,blood_E,blood_C,5,donor_crc,0.9143731055505534,0.914292554464927,0.7218045112781954,0.8614016418364245,0.03333333333333333,1.032081418769272,0.0016758439071103662,30,4177,
emb_scvi,11,0,blood_A,blood_B,blood_E,5,cell_pooled,0.9009163883564817,0.9005633802816901,0.688,0.8164464882943143,0.06666666666666667,0.9569853451094299,0.04338028169014085,30,3550,0.9118316268486917
emb_scvi,11,0,blood_A,blood_B,blood_E,5,classwise,0.8713945511441703,0.872112676056338,0.616,0.7667236024844721,0.13333333333333333,0.9448551381091597,0.059154929577464786,30,3550,
emb_scvi,11,0,blood_A,blood_B,blood_E,5,donor_weighted,0.9038757153274102,0.903661971830986,0.688,0.8164464882943143,0.06666666666666667,0.9641539179574524,0.036056338028169016,30,3550,
emb_scvi,11,0,blood_A,blood_B,blood_E,5,donor_crc,0.9403827786649864,0.9402816901408451,0.712,0.8908946488294315,0.03333333333333333,1.0423161559936098,0.0,30,3550,
emb_scvi,11,1,blood_A,blood_B,blood_E,5,cell_pooled,0.883378927639767,0.8850213980028531,0.7142857142857143,0.7702446483180428,0.13333333333333333,0.9285308605282779,0.07075606276747504,30,3505,0.9028757460661965
emb_scvi,11,1,blood_A,blood_B,blood_E,5,classwise,0.8593914826928649,0.8596291012838801,0.7211538461538461,0.7493119266055046,0.2,0.9222444498350711,0.07874465049928674,30,3505,
emb_scvi,11,1,blood_A,blood_B,blood_E,5,donor_weighted,0.880840124590307,0.882453637660485,0.7032967032967034,0.7611544342507646,0.13333333333333333,0.9254578694446297,0.0738944365192582,30,3505,
emb_scvi,11,1,blood_A,blood_B,blood_E,5,donor_crc,0.9195999420597336,0.9206847360912982,0.7798165137614679,0.8476923076923076,0.03333333333333333,0.9820468191706786,0.01768901569186876,30,3505,
emb_scvi,12,0,blood_D,blood_C,blood_E,5,cell_pooled,0.9182352634520086,0.9187377827422508,0.728,0.8479565217391304,0.06666666666666667,0.9975505168074741,0.003351019268360793,30,3581,0.8884615384615384
emb_scvi,12,0,blood_D,blood_C,blood_E,5,classwise,0.907564091882236,0.9078469701200782,0.608,0.8370014199044792,0.1,0.9962424903054331,0.022898631667132085,30,3581,
emb_scvi,12,0,blood_D,blood_C,blood_E,5,donor_weighted,0.9182352634520086,0.9187377827422508,0.728,0.8479565217391304,0.06666666666666667,0.9975505168074741,0.003351019268360793,30,3581,
emb_scvi,12,0,blood_D,blood_C,blood_E,5,donor_crc,0.9373314687050186,0.9377268919296285,0.736,0.8885000000000001,0.03333333333333333,1.0429087250158042,0.0,30,3581,
emb_scvi,12,1,blood_D,blood_C,blood_E,5,cell_pooled,0.9175009448486368,0.9185686108763031,0.704,0.8556159420289855,0.06666666666666667,1.009266300637838,0.0022541561003099463,30,3549,0.909702209414025
emb_scvi,12,1,blood_D,blood_C,blood_E,5,classwise,0.8835535554617279,0.8833474218089603,0.584,0.7601648351648352,0.13333333333333333,1.0079989343779618,0.03240349394195548,30,3549,
emb_scvi,12,1,blood_D,blood_C,blood_E,5,donor_weighted,0.9175009448486368,0.9185686108763031,0.704,0.8556159420289855,0.06666666666666667,1.009266300637838,0.0022541561003099463,30,3549,
emb_scvi,12,1,blood_D,blood_C,blood_E,5,donor_crc,0.9424670298587964,0.9433643279797126,0.728,0.8984615384615385,0.03333333333333333,1.0719032400378175,0.0002817695125387433,30,3549,
emb_scvi,13,0,blood_B,blood_E,blood_D,5,cell_pooled,0.8982827293855707,0.8994694960212202,0.7523809523809524,0.8441722458916616,0.03333333333333333,0.9333741443918838,0.06578249336870026,30,3770,0.9032805429864253
emb_scvi,13,0,blood_B,blood_E,blood_D,5,classwise,0.8749272910543318,0.8774535809018568,0.6698113207547169,0.7378627671541058,0.16666666666666666,0.9848091065700092,0.06180371352785146,30,3770,
emb_scvi,13,0,blood_B,blood_E,blood_D,5,donor_weighted,0.8987897075643047,0.9,0.7523809523809524,0.8441722458916616,0.03333333333333333,0.9338811225706177,0.06525198938992043,30,3770,
emb_scvi,13,0,blood_B,blood_E,blood_D,5,donor_crc,0.933194468871554,0.9339522546419098,0.8380952380952381,0.8779507376844211,0.0,0.9847693398616155,0.014854111405835544,30,3770,
emb_scvi,13,1,blood_B,blood_E,blood_D,5,cell_pooled,0.9279871707196262,0.9243948871362524,0.8175182481751825,0.8621626495161387,0.0,0.9724208669801928,0.029099809627413653,30,3677,0.903593839132915
emb_scvi,13,1,blood_B,blood_E,blood_D,5,classwise,0.8702709018508968,0.8659233070437857,0.5748031496062992,0.7918476260581524,0.13333333333333333,0.9477478359463896,0.09192276312211041,30,3677,
emb_scvi,13,1,blood_B,blood_E,blood_D,5,donor_weighted,0.9282455686524427,0.9246668479738918,0.8175182481751825,0.8621626495161387,0.0,0.9732275179182895,0.028283927114495514,30,3677,
emb_scvi,13,1,blood_B,blood_E,blood_D,5,donor_crc,0.9464276107084143,0.9439760674462877,0.8702290076335878,0.8977929766078511,0.0,1.012135450689653,0.0005439216752787598,30,3677,
emb_scvi,14,0,blood_C,blood_A,blood_B,6,cell_pooled,0.9448281435568148,0.9441469013006886,0.8656716417910447,0.9077340569877883,0.0,1.007562662399823,0.0002550369803621525,30,3921,0.8974241030358786
emb_scvi,14,0,blood_C,blood_A,blood_B,6,classwise,0.9278680671579161,0.9265493496557001,0.8507462686567164,0.8732804508923913,0.0,0.9732507556136203,0.02754399387911247,30,3921,
emb_scvi,14,0,blood_C,blood_A,blood_B,6,donor_weighted,0.9445756183042895,0.9438918643203265,0.8656716417910447,0.9077340569877883,0.0,1.007310137147298,0.0002550369803621525,30,3921,
emb_scvi,14,0,blood_C,blood_A,blood_B,6,donor_crc,0.9602887190838671,0.959959194083142,0.8880597014925373,0.9245599588265568,0.0,1.0474197129607923,0.0,30,3921,
emb_scvi,14,1,blood_C,blood_A,blood_B,6,cell_pooled,0.9024238908728645,0.9145042338158973,0.6785714285714286,0.8561718434852763,0.06666666666666667,0.9838320844476413,0.015023217700081944,30,3661,0.9104271933853928
emb_scvi,14,1,blood_C,blood_A,blood_B,6,classwise,0.8782116346076368,0.8951106255121551,0.6136363636363636,0.7529317697228145,0.16666666666666666,0.9627176904359444,0.03523627424201038,30,3661,
emb_scvi,14,1,blood_C,blood_A,blood_B,6,donor_weighted,0.9024238908728645,0.9145042338158973,0.6785714285714286,0.8561718434852763,0.06666666666666667,0.9838320844476413,0.015023217700081944,30,3661,
emb_scvi,14,1,blood_C,blood_A,blood_B,6,donor_crc,0.920025946485064,0.9325320950559957,0.6785714285714286,0.8683412420053641,0.06666666666666667,1.0237772093594342,0.0002731494127287626,30,3661,
emb_scvi,15,0,blood_D,blood_C,blood_B,6,cell_pooled,0.9256012096579705,0.9312210200927357,0.6875,0.8804099348926936,0.1,1.0499138277774929,0.00025759917568263783,30,3882,0.8946404031149794
emb_scvi,15,0,blood_D,blood_C,blood_B,6,classwise,0.9123017426814297,0.9234930448222566,0.59375,0.8737458193979933,0.06666666666666667,1.02300979020343,0.01648634724368882,30,3882,
emb_scvi,15,0,blood_D,blood_C,blood_B,6,donor_weighted,0.9256012096579705,0.9312210200927357,0.6875,0.8804099348926936,0.1,1.0499138277774929,0.00025759917568263783,30,3882,
emb_scvi,15,0,blood_D,blood_C,blood_B,6,donor_crc,0.9475539599414053,0.9531169500257599,0.71875,0.9152137938397481,0.03333333333333333,1.120944987157949,0.0,30,3882,
emb_scvi,15,1,blood_D,blood_C,blood_B,6,cell_pooled,0.916967633450114,0.9166875156367276,0.7971014492753623,0.8589333333333333,0.03333333333333333,1.0065691713623217,0.0012509382036527395,30,3997,0.9084668192219679
emb_scvi,15,1,blood_D,blood_C,blood_B,6,classwise,0.9061522267530484,0.905929447085314,0.816793893129771,0.8589448441247003,0.0,0.9872043949303718,0.024768576432324243,30,3997,
emb_scvi,15,1,blood_D,blood_C,blood_B,6,donor_weighted,0.916967633450114,0.9166875156367276,0.7971014492753623,0.8589333333333333,0.03333333333333333,1.0065691713623217,0.0012509382036527395,30,3997,
emb_scvi,15,1,blood_D,blood_C,blood_B,6,donor_crc,0.9418048128668591,0.9417062797097824,0.8623188405797102,0.9029939393939395,0.0,1.0643802225681862,0.0,30,3997,
emb_scvi,16,0,blood_A,blood_E,blood_D,5,cell_pooled,0.920905022317021,0.9179978700745474,0.728,0.8548671087089764,0.03333333333333333,0.9543768019364396,0.04739084132055378,30,3756,0.9115191986644408
emb_scvi,16,0,blood_A,blood_E,blood_D,5,classwise,0.8922632505514297,0.8887113951011715,0.7903225806451613,0.821353065539112,0.03333333333333333,0.9708507322776686,0.04286474973375932,30,3756,
emb_scvi,16,0,blood_A,blood_E,blood_D,5,donor_weighted,0.9211614325734312,0.9182641107561236,0.728,0.8548671087089764,0.03333333333333333,0.9546332121928498,0.04712460063897764,30,3756,
emb_scvi,16,0,blood_A,blood_E,blood_D,5,donor_crc,0.9471489223676068,0.9451544195953142,0.8,0.9006870229007633,0.0,0.9982115663357111,0.003194888178913738,30,3756,
emb_scvi,16,1,blood_A,blood_E,blood_D,5,cell_pooled,0.9048180166563509,0.9010899182561308,0.7954545454545454,0.851499831479609,0.03333333333333333,0.940039536829985,0.06212534059945504,30,3670,0.8967297762478486
emb_scvi,16,1,blood_A,blood_E,blood_D,5,classwise,0.8484008105883148,0.844141689373297,0.7310924369747899,0.7752454417952315,0.2,0.9795930383259909,0.05667574931880109,30,3670,
emb_scvi,16,1,blood_A,blood_E,blood_D,5,donor_weighted,0.9021172694289543,0.8983651226158038,0.7878787878787878,0.8502898550724638,0.03333333333333333,0.9373387896025885,0.06485013623978202,30,3670,
emb_scvi,16,1,blood_A,blood_E,blood_D,5,donor_crc,0.9303032817353643,0.9275204359673025,0.8181818181818182,0.8824456114028507,0.0,0.9816419897850911,0.01907356948228883,30,3670,
emb_scvi,17,0,blood_C,blood_E,blood_D,5,cell_pooled,0.8553034619320645,0.8504132231404958,0.7350427350427351,0.7864575908766928,0.13333333333333333,0.9152471418748875,0.08787878787878788,30,3630,0.9014084507042254
emb_scvi,17,0,blood_C,blood_E,blood_D,5,classwise,0.8272662596703763,0.8223140495867769,0.6837606837606838,0.7425674418604651,0.4,0.9568620845201103,0.07272727272727272,30,3630,
emb_scvi,17,0,blood_C,blood_E,blood_D,5,donor_weighted,0.854121705561629,0.8493112947658402,0.7350427350427351,0.7829778506972929,0.16666666666666666,0.9140653855044518,0.08898071625344353,30,3630,
emb_scvi,17,0,blood_C,blood_E,blood_D,5,donor_crc,0.8994260750356893,0.8961432506887053,0.7606837606837606,0.8487037889246818,0.03333333333333333,0.9775892918525436,0.023140495867768594,30,3630,
emb_scvi,17,1,blood_C,blood_E,blood_D,5,cell_pooled,0.8763029128991889,0.8715447154471545,0.7368421052631579,0.8079905992949472,0.1,0.9330523397368857,0.06964769647696477,30,3690,0.9058553386911596
emb_scvi,17,1,blood_C,blood_E,blood_D,5,classwise,0.8470212777576094,0.843360433604336,0.6771653543307087,0.7512360902255639,0.26666666666666666,0.9289172681190598,0.07615176151761517,30,3690,
emb_scvi,17,1,blood_C,blood_E,blood_D,5,donor_weighted,0.8781484463799573,0.8734417344173442,0.7443609022556391,0.8087152369761066,0.1,0.9367067905536044,0.06585365853658537,30,3690,
emb_scvi,17,1,blood_C,blood_E,blood_D,5,donor_crc,0.9111173495237377,0.907859078590786,0.7933884297520661,0.8559246954595792,0.03333333333333333,0.98589306474178,0.014634146341463415,30,3690,
emb_scvi,18,0,blood_C,blood_D,blood_A,6,cell_pooled,0.8830488635393439,0.8830960036747818,0.75,0.8163607889198845,0.1,0.9563824312796547,0.04363803399173174,30,4354,0.8943697060288989
emb_scvi,18,0,blood_C,blood_D,blood_A,6,classwise,0.8701532886174742,0.8702342673403767,0.8163265306122449,0.8302816901408451,0.0,0.9704858621921465,0.055351401010564995,30,4354,
emb_scvi,18,0,blood_C,blood_D,blood_A,6,donor_weighted,0.8830488635393439,0.8830960036747818,0.75,0.8163607889198845,0.1,0.9563824312796547,0.04363803399173174,30,4354,
emb_scvi,18,0,blood_C,blood_D,blood_A,6,donor_crc,0.9278097566548537,0.9278824069820855,0.8309859154929577,0.8953720844131804,0.0,1.0479447062890854,0.0,30,4354,
emb_scvi,18,1,blood_C,blood_D,blood_A,6,cell_pooled,0.8777784877388581,0.8778855032317636,0.7482993197278912,0.827036748979195,0.06666666666666667,0.9578952972457387,0.04224376731301939,30,4332,0.8973973973973974
emb_scvi,18,1,blood_C,blood_D,blood_A,6,classwise,0.8888369157754218,0.8889658356417359,0.7891156462585034,0.8367346938775511,0.03333333333333333,0.9776921219566442,0.03647276084949215,30,4332,
emb_scvi,18,1,blood_C,blood_D,blood_A,6,donor_weighted,0.8787003267297007,0.878808864265928,0.7482993197278912,0.827036748979195,0.06666666666666667,0.9594943440566462,0.040627885503231764,30,4332,
emb_scvi,18,1,blood_C,blood_D,blood_A,6,donor_crc,0.9251806179454607,0.9254385964912281,0.8435374149659864,0.8679837088754894,0.0,1.0593471918077517,0.0,30,4332,
emb_scvi,19,0,blood_B,blood_D,blood_A,6,cell_pooled,0.8191721477898941,0.8194412375894713,0.6620689655172414,0.7360520094562647,0.36666666666666664,0.8808585611609566,0.1191410759639806,30,4331,0.8912386706948641
emb_scvi,19,0,blood_B,blood_D,blood_A,6,classwise,0.8550861613913979,0.8554606326483492,0.7142857142857143,0.7857142857142857,0.2,1.0077957219611577,0.024474717155391363,30,4331,
emb_scvi,19,0,blood_B,blood_D,blood_A,6,donor_weighted,0.8207919211889355,0.8210574924959594,0.6689655172413793,0.7360520094562647,0.36666666666666664,0.8831699445373224,0.11683214038328331,30,4331,
emb_scvi,19,0,blood_B,blood_D,blood_A,6,donor_crc,0.8831708642734866,0.8833987531747864,0.7687074829931972,0.8205357142857143,0.06666666666666667,0.981974443303521,0.01800969752943893,30,4331,
emb_scvi,19,1,blood_B,blood_D,blood_A,6,cell_pooled,0.8508287723333787,0.8507907403162961,0.7397260273972602,0.7736536281179138,0.2,0.921198562318928,0.07884483153793262,30,4363,0.8970217062089854
emb_scvi,19,1,blood_B,blood_D,blood_A,6,classwise,0.8633804435986737,0.8633967453586981,0.7777777777777778,0.8063088248998229,0.1,1.0895726783358484,0.015356406142562456,30,4363,
emb_scvi,19,1,blood_B,blood_D,blood_A,6,donor_weighted,0.8510635141174163,0.8510199404079761,0.7397260273972602,0.7736536281179138,0.2,0.9214333041029656,0.07861563144625258,30,4363,
emb_scvi,19,1,blood_B,blood_D,blood_A,6,donor_crc,0.905856878289148,0.905798762319505,0.8095238095238095,0.8493339002267574,0.0,1.0172192722121671,0.00045840018336007336,30,4363,
emb_scvi,20,0,blood_E,blood_C,blood_A,5,cell_pooled,0.870408133591757,0.8703095684803002,0.6597222222222222,0.7951586474005661,0.13333333333333333,0.9363903036096407,0.06378986866791744,30,4264,0.9024507448342143
emb_scvi,20,0,blood_E,blood_C,blood_A,5,classwise,0.8652783794476859,0.8651500938086304,0.7569444444444444,0.8144040224785567,0.1,1.0348339691969695,0.03283302063789869,30,4264,
emb_scvi,20,0,blood_E,blood_C,blood_A,5,donor_weighted,0.8701813762221424,0.8700750469043153,0.6597222222222222,0.7951586474005661,0.13333333333333333,0.935215918733979,0.0649624765478424,30,4264,
emb_scvi,20,0,blood_E,blood_C,blood_A,5,donor_crc,0.9090234155003845,0.9090056285178236,0.7152777777777778,0.8627362055933484,0.03333333333333333,1.0013711059700472,0.0016416510318949344,30,4264,
emb_scvi,20,1,blood_E,blood_C,blood_A,5,cell_pooled,0.8800334011518852,0.8799906059182715,0.7687074829931972,0.8491742300252939,0.06666666666666667,0.9423466745510883,0.05777360263034288,30,4258,0.9017094017094017
emb_scvi,20,1,blood_E,blood_C,blood_A,5,classwise,0.8430465992339372,0.8428839830906529,0.6802721088435374,0.7882182660298162,0.13333333333333333,1.0420907619513002,0.023954908407703146,30,4258,
emb_scvi,20,1,blood_E,blood_C,blood_A,5,donor_weighted,0.8797969945324998,0.8797557538750587,0.7687074829931972,0.8427912513018896,0.06666666666666667,0.9418787864502216,0.05824330671676844,30,4258,
emb_scvi,20,1,blood_E,blood_C,blood_A,5,donor_crc,0.9166103486549281,0.9166275246594645,0.8444444444444444,0.8864435564435564,0.0,1.0135927220689587,0.0004697040864255519,30,4258,
emb_scvi,21,0,blood_A,blood_C,blood_B,6,cell_pooled,0.8905140772608421,0.9129830414234084,0.6296296296296297,0.7232954545454546,0.13333333333333333,0.9851703313930523,0.011954406449819294,30,3597,0.9071787837219936
emb_scvi,21,0,blood_A,blood_C,blood_B,6,classwise,0.8746232457326353,0.9007506255212677,0.5740740740740741,0.6866071428571429,0.16666666666666666,0.9687363704395415,0.027522935779816515,30,3597,
emb_scvi,21,0,blood_A,blood_C,blood_B,6,donor_weighted,0.8902671636805952,0.912705031971087,0.6296296296296297,0.7232954545454546,0.13333333333333333,0.98440634229573,0.012788434806783431,30,3597,
emb_scvi,21,0,blood_A,blood_C,blood_B,6,donor_crc,0.9173192880783285,0.9410619961078677,0.6296296296296297,0.7668831168831168,0.13333333333333333,1.0536129175981646,0.0,30,3597,
emb_scvi,21,1,blood_A,blood_C,blood_B,6,cell_pooled,0.9131515627048101,0.9247787610619469,0.6785714285714286,0.854248257550614,0.06666666666666667,0.9775422588579268,0.022123893805309734,30,3616,0.8939186099679927
emb_scvi,21,1,blood_A,blood_C,blood_B,6,classwise,0.8694034468968674,0.8844026548672567,0.5681818181818182,0.7322015915119364,0.16666666666666666,0.9519684243319789,0.04452433628318584,30,3616,
emb_scvi,21,1,blood_A,blood_C,blood_B,6,donor_weighted,0.9131515627048101,0.9247787610619469,0.6785714285714286,0.854248257550614,0.06666666666666667,0.9770423150313905,0.02267699115044248,30,3616,
emb_scvi,21,1,blood_A,blood_C,blood_B,6,donor_crc,0.9301544504505656,0.9430309734513275,0.6785714285714286,0.8905797101449275,0.06666666666666667,1.013548826421972,0.0005530973451327434,30,3616,
emb_scvi,22,0,blood_A,blood_B,blood_D,6,cell_pooled,0.926495812821674,0.926829268292683,0.8461538461538461,0.8716290726817042,0.0,0.9773717721726344,0.02264808362369338,30,4018,0.8966809421841542
emb_scvi,22,0,blood_A,blood_B,blood_D,6,classwise,0.8746728671096087,0.8748133399701344,0.7593984962406015,0.8046441418293936,0.1,0.9641747011788324,0.05226480836236934,30,4018,
emb_scvi,22,0,blood_A,blood_B,blood_D,6,donor_weighted,0.9349716843766066,0.9352911896465903,0.8615384615384616,0.8794104827285606,0.0,0.9898529210503237,0.01020408163265306,30,4018,
emb_scvi,22,0,blood_A,blood_B,blood_D,6,donor_crc,0.9586121682354205,0.958934793429567,0.8968253968253969,0.9171023713128976,0.0,1.0546938918111552,0.0,30,4018,
emb_scvi,22,1,blood_A,blood_B,blood_D,6,cell_pooled,0.9222110552275191,0.9224863793957405,0.8489208633093526,0.8756423432682425,0.0,0.9683306333233511,0.03145121347201585,30,4038,0.9181677817807514
emb_scvi,22,1,blood_A,blood_B,blood_D,6,classwise,0.8517114166948784,0.8524021792966815,0.6971830985915493,0.7686922802183784,0.16666666666666666,0.905911051324362,0.09336305101535414,30,4038,
emb_scvi,22,1,blood_A,blood_B,blood_D,6,donor_weighted,0.9256588408058899,0.9259534422981675,0.8489208633093526,0.8765352004110997,0.0,0.9738678522391501,0.02600297176820208,30,4038,
emb_scvi,22,1,blood_A,blood_B,blood_D,6,donor_crc,0.9422111397721944,0.942545814759782,0.8705035971223022,0.9085581601061478,0.0,1.006382350581818,0.0,30,4038,
emb_scvi,23,0,blood_E,blood_C,blood_B,5,cell_pooled,0.902920332372736,0.9066213921901528,0.6875,0.8630784708249497,0.03333333333333333,0.960033286166495,0.03480475382003396,30,3534,0.9003849855630414
emb_scvi,23,0,blood_E,blood_C,blood_B,5,classwise,0.8584716277027381,0.8706847764572722,0.5945945945945946,0.6870535714285715,0.16666666666666666,0.9580106235998866,0.06027164685908319,30,3534,
emb_scvi,23,0,blood_E,blood_C,blood_B,5,donor_weighted,0.9026872321396358,0.9063384267119411,0.6875,0.8630784708249497,0.03333333333333333,0.9595356356688445,0.03537068477645727,30,3534,
emb_scvi,23,0,blood_E,blood_C,blood_B,5,donor_crc,0.9254524313154243,0.9284097340124505,0.75,0.8951710261569417,0.03333333333333333,1.0053315590786684,0.0014148273910582908,30,3534,
emb_scvi,23,1,blood_E,blood_C,blood_B,5,cell_pooled,0.8965892406200564,0.9042134831460674,0.6666666666666666,0.8380252100840336,0.06666666666666667,0.966668568136216,0.030056179775280897,30,3560,0.909702209414025
emb_scvi,23,1,blood_E,blood_C,blood_B,5,classwise,0.8608711984832144,0.8719101123595505,0.5555555555555556,0.7413586413586414,0.16666666666666666,0.984246953241689,0.04887640449438202,30,3560,
emb_scvi,23,1,blood_E,blood_C,blood_B,5,donor_weighted,0.8955596468405926,0.9030898876404494,0.6666666666666666,0.8372899159663866,0.06666666666666667,0.965063877061197,0.031741573033707865,30,3560,
emb_scvi,23,1,blood_E,blood_C,blood_B,5,donor_crc,0.918467011523011,0.926123595505618,0.7222222222222222,0.867390289449113,0.06666666666666667,1.007901240826536,0.0022471910112359553,30,3560,
