embedding,triple,rep,reference,calibration,target,n_classes,method,donor_mean_coverage,cell_pooled_coverage,donor_min_coverage,donor_q10_coverage,frac_donors_poorly_covered,mean_set_size,frac_empty_sets,n_donors,n_cells,reported_random_split_coverage
emb_tf-sapiens,0,0,lung_I,lung_C,lung_F,3,cell_pooled,0.4214608558226386,0.5226006191950464,0.0,0.02195121951219513,0.8,0.4221636269390788,0.4761609907120743,30,1615,0.8913043478260869
emb_tf-sapiens,0,0,lung_I,lung_C,lung_F,3,classwise,0.4201121231551422,0.5238390092879257,0.0,0.02195121951219513,0.8,0.4203519313086194,0.47554179566563465,30,1615,
emb_tf-sapiens,0,0,lung_I,lung_C,lung_F,3,donor_weighted,0.47471693881349036,0.5882352941176471,0.0,0.04390243902439026,0.7,0.4754197099299306,0.4105263157894737,30,1615,
emb_tf-sapiens,0,0,lung_I,lung_C,lung_F,3,donor_crc,0.681333922863614,0.7739938080495357,0.0,0.3158885017421604,0.5666666666666667,0.6826016657314665,0.2241486068111455,30,1615,
emb_tf-sapiens,0,0,lung_I,lung_C,lung_F,3,tcp_standard_thr,0.4268966556688433,0.5287925696594428,0.0,0.04390243902439026,0.8,0.4275994267852835,0.469969040247678,30,1615,
emb_tf-sapiens,0,0,lung_I,lung_C,lung_F,3,tcp_standard_aps,0.8857315957256303,0.8848297213622291,0.6666666666666666,0.8257004830917875,0.06666666666666667,0.9312316438402612,0.09845201238390093,30,1615,
emb_tf-sapiens,0,0,lung_I,lung_C,lung_F,3,tcp_classwise_thr,0.42842752115430216,0.534984520123839,0.0,0.02195121951219513,0.8,0.42866732930777934,0.46439628482972134,30,1615,
emb_tf-sapiens,0,0,lung_I,lung_C,lung_F,3,tcp_cluster_thr,0.42889951504687635,0.5356037151702786,0.0,0.02195121951219513,0.8,0.4291393232003536,0.46377708978328175,30,1615,
emb_tf-sapiens,0,1,lung_I,lung_C,lung_F,3,cell_pooled,0.45361362815878814,0.5401785714285714,0.0,0.06585365853658538,0.8333333333333334,0.4538534363122654,0.45918367346938777,30,1568,0.9140316205533597
emb_tf-sapiens,0,1,lung_I,lung_C,lung_F,3,classwise,0.44730490056467015,0.5242346938775511,0.0,0.08181818181818185,0.8,0.4475447087181474,0.47512755102040816,30,1568,
emb_tf-sapiens,0,1,lung_I,lung_C,lung_F,3,donor_weighted,0.582975388541208,0.6823979591836735,0.0,0.1421052631578948,0.6666666666666666,0.5832151966946852,0.3169642857142857,30,1568,
emb_tf-sapiens,0,1,lung_I,lung_C,lung_F,3,donor_crc,0.7272596098628572,0.7959183673469388,0.0,0.40151515151515155,0.5333333333333333,0.7274994180163344,0.20344387755102042,30,1568,
emb_tf-sapiens,0,1,lung_I,lung_C,lung_F,3,tcp_standard_thr,0.46602709911083234,0.5593112244897959,0.0,0.06585365853658538,0.8,0.46626690726430964,0.44005102040816324,30,1568,
emb_tf-sapiens,0,1,lung_I,lung_C,lung_F,3,tcp_standard_aps,0.9030768923914422,0.9011479591836735,0.6,0.8329268292682928,0.03333333333333333,0.9135248874835431,0.09375,30,1568,
emb_tf-sapiens,0,1,lung_I,lung_C,lung_F,3,tcp_classwise_thr,0.45629727470041204,0.5389030612244898,0.0,0.08181818181818185,0.7666666666666667,0.4565370828538893,0.4604591836734694,30,1568,
emb_tf-sapiens,0,1,lung_I,lung_C,lung_F,3,tcp_cluster_thr,0.4720732218586307,0.5650510204081632,0.0,0.06585365853658538,0.8333333333333334,0.47231303001210795,0.4343112244897959,30,1568,
emb_tf-sapiens,1,0,lung_G,lung_E,lung_I,6,cell_pooled,0.9181238456643269,0.9228418640183346,0.4235294117647059,0.8333333333333334,0.03333333333333333,1.6934565992870978,0.0,30,2618,0.8867775138558986
emb_tf-sapiens,1,0,lung_G,lung_E,lung_I,6,classwise,0.9260774047722445,0.9430863254392666,0.4117647058823529,0.8183783783783783,0.1,1.757769885008968,0.0,30,2618,
emb_tf-sapiens,1,0,lung_G,lung_E,lung_I,6,donor_weighted,0.9208926971617636,0.9258976317799847,0.4235294117647059,0.8333333333333334,0.03333333333333333,1.7125382275315917,0.0,30,2618,
emb_tf-sapiens,1,0,lung_G,lung_E,lung_I,6,donor_crc,0.9584950476271695,0.9549274255156608,0.5764705882352941,0.9120362381363244,0.03333333333333333,2.0192598981957235,0.0,30,2618,
emb_tf-sapiens,1,0,lung_G,lung_E,lung_I,6,tcp_standard_thr,0.9181238456643269,0.9228418640183346,0.4235294117647059,0.8333333333333334,0.03333333333333333,1.6934565992870978,0.0,30,2618,
emb_tf-sapiens,1,0,lung_G,lung_E,lung_I,6,tcp_standard_aps,0.9247970644383037,0.9278074866310161,0.5647058823529412,0.8579234972677595,0.03333333333333333,1.8490409702733588,0.013368983957219251,30,2618,
emb_tf-sapiens,1,0,lung_G,lung_E,lung_I,6,tcp_classwise_thr,0.9260774047722445,0.9430863254392666,0.4117647058823529,0.8183783783783783,0.1,1.7599784942609966,0.0,30,2618,
emb_tf-sapiens,1,0,lung_G,lung_E,lung_I,6,tcp_cluster_thr,0.9296943284119766,0.9446142093200917,0.4117647058823529,0.8699324324324325,0.06666666666666667,2.1298654663565397,0.0,30,2618,
emb_tf-sapiens,1,1,lung_G,lung_E,lung_I,6,cell_pooled,0.9255821892419023,0.9216710182767625,0.712,0.8228478172174623,0.1,1.4141135148750859,0.0,30,2681,0.9057798891528107
emb_tf-sapiens,1,1,lung_G,lung_E,lung_I,6,classwise,0.9207000595216147,0.9433047370384186,0.6666666666666666,0.8365906362545018,0.06666666666666667,1.7191295890697882,0.001864975755315181,30,2681,
emb_tf-sapiens,1,1,lung_G,lung_E,lung_I,6,donor_weighted,0.9259743461046474,0.9220440134278255,0.712,0.8228478172174623,0.1,1.416709554505944,0.0,30,2681,
emb_tf-sapiens,1,1,lung_G,lung_E,lung_I,6,donor_crc,0.9444772095085018,0.9433047370384186,0.8,0.8694943240454076,0.0,1.5712896502322284,0.0,30,2681,
emb_tf-sapiens,1,1,lung_G,lung_E,lung_I,6,tcp_standard_thr,0.9255821892419023,0.9216710182767625,0.712,0.8228478172174623,0.1,1.4141135148750859,0.0,30,2681,
emb_tf-sapiens,1,1,lung_G,lung_E,lung_I,6,tcp_standard_aps,0.9071845243291751,0.9041402461767997,0.712,0.8307017543859649,0.03333333333333333,1.5348727185314581,0.029839612085042894,30,2681,
emb_tf-sapiens,1,1,lung_G,lung_E,lung_I,6,tcp_classwise_thr,0.9207000595216147,0.9433047370384186,0.6666666666666666,0.8365906362545018,0.06666666666666667,1.7285155048514587,0.001864975755315181,30,2681,
emb_tf-sapiens,1,1,lung_G,lung_E,lung_I,6,tcp_cluster_thr,0.9202984237680603,0.9403207758299142,0.6666666666666666,0.8719262295081968,0.06666666666666667,1.5766437063917076,0.0,30,2681,
emb_tf-sapiens,2,0,lung_E,lung_I,lung_C,3,cell_pooled,0.913704678368256,0.900197628458498,0.6842105263157895,0.7863247863247863,0.14285714285714285,0.9316438407115983,0.08102766798418973,21,2024,0.9166666666666666
emb_tf-sapiens,2,0,lung_E,lung_I,lung_C,3,classwise,0.8919595179573134,0.8769762845849802,0.6165413533834586,0.7521367521367521,0.14285714285714285,0.9252192299376018,0.08596837944664032,21,2024,
emb_tf-sapiens,2,0,lung_E,lung_I,lung_C,3,donor_weighted,0.8721661816736315,0.8517786561264822,0.5338345864661654,0.717948717948718,0.23809523809523808,0.8841745727985904,0.13389328063241107,21,2024,
emb_tf-sapiens,2,0,lung_E,lung_I,lung_C,3,donor_crc,0.9176628545939772,0.9051383399209486,0.706766917293233,0.7948717948717948,0.14285714285714285,0.9364223757400131,0.07509881422924901,21,2024,
emb_tf-sapiens,2,0,lung_E,lung_I,lung_C,3,tcp_standard_thr,0.913704678368256,0.900197628458498,0.6842105263157895,0.7863247863247863,0.14285714285714285,0.9316438407115983,0.08102766798418973,21,2024,
emb_tf-sapiens,2,0,lung_E,lung_I,lung_C,3,tcp_standard_aps,0.9014703050236487,0.9016798418972332,0.7184466019417476,0.8557692307692307,0.047619047619047616,0.9876334334642016,0.07509881422924901,21,2024,
emb_tf-sapiens,2,0,lung_E,lung_I,lung_C,3,tcp_classwise_thr,0.8919595179573134,0.8769762845849802,0.6165413533834586,0.7521367521367521,0.14285714285714285,0.9252192299376018,0.08596837944664032,21,2024,
emb_tf-sapiens,2,0,lung_E,lung_I,lung_C,3,tcp_cluster_thr,1.0,1.0,1.0,1.0,0.0,3.0,0.0,21,2024,
emb_tf-sapiens,2,1,lung_E,lung_I,lung_C,3,cell_pooled,0.8850465558589513,0.8685770750988142,0.6165413533834586,0.717948717948718,0.14285714285714285,0.9029857182022936,0.11264822134387352,21,2024,0.9313304721030042
emb_tf-sapiens,2,1,lung_E,lung_I,lung_C,3,classwise,0.8504383044627308,0.8270750988142292,0.49624060150375937,0.6893203883495146,0.3333333333333333,0.8836898771654053,0.1358695652173913,21,2024,
emb_tf-sapiens,2,1,lung_E,lung_I,lung_C,3,donor_weighted,0.8823979904655731,0.8651185770750988,0.5939849624060151,0.717948717948718,0.19047619047619047,0.8999403274120903,0.116600790513834,21,2024,
emb_tf-sapiens,2,1,lung_E,lung_I,lung_C,3,donor_crc,0.9264551776820233,0.9115612648221344,0.7184466019417476,0.8034188034188035,0.09523809523809523,0.94900690599095,0.06422924901185771,21,2024,
emb_tf-sapiens,2,1,lung_E,lung_I,lung_C,3,tcp_standard_thr,0.8850465558589513,0.8685770750988142,0.6165413533834586,0.717948717948718,0.14285714285714285,0.9029857182022936,0.11264822134387352,21,2024,
emb_tf-sapiens,2,1,lung_E,lung_I,lung_C,3,tcp_standard_aps,0.9262402301173795,0.9229249011857708,0.7475728155339806,0.8796992481203008,0.047619047619047616,1.0275702948979866,0.05533596837944664,21,2024,
emb_tf-sapiens,2,1,lung_E,lung_I,lung_C,3,tcp_classwise_thr,0.8504383044627308,0.8270750988142292,0.49624060150375937,0.6893203883495146,0.3333333333333333,0.8836898771654053,0.1358695652173913,21,2024,
emb_tf-sapiens,2,1,lung_E,lung_I,lung_C,3,tcp_cluster_thr,1.0,1.0,1.0,1.0,0.0,3.0,0.0,21,2024,
emb_tf-sapiens,3,0,lung_I,lung_G,lung_F,6,cell_pooled,0.9044605821695978,0.9221388367729831,0.5769230769230769,0.7809133489461358,0.13333333333333333,0.9612166510240595,0.03424015009380863,30,2132,0.9062710721510452
emb_tf-sapiens,3,0,lung_I,lung_G,lung_F,6,classwise,0.8777013524880561,0.9085365853658537,0.0,0.7074290060851928,0.13333333333333333,1.0120713798970284,0.04596622889305816,30,2132,
emb_tf-sapiens,3,0,lung_I,lung_G,lung_F,6,donor_weighted,0.9031965035690706,0.9207317073170732,0.5576923076923077,0.7809133489461358,0.16666666666666666,0.9599525724235323,0.03564727954971857,30,2132,
emb_tf-sapiens,3,0,lung_I,lung_G,lung_F,6,donor_crc,0.9534822089948609,0.9652908067542214,0.6551724137931034,0.8929166666666667,0.03333333333333333,1.0795848240331878,0.0,30,2132,
emb_tf-sapiens,3,0,lung_I,lung_G,lung_F,6,tcp_standard_thr,0.9044605821695978,0.9221388367729831,0.5769230769230769,0.7809133489461358,0.13333333333333333,0.9612166510240595,0.03424015009380863,30,2132,
emb_tf-sapiens,3,0,lung_I,lung_G,lung_F,6,tcp_standard_aps,0.9317189445527375,0.9394934333958724,0.6551724137931034,0.8898442466624286,0.03333333333333333,1.1137699943893067,0.025797373358348967,30,2132,
emb_tf-sapiens,3,0,lung_I,lung_G,lung_F,6,tcp_classwise_thr,0.8777013524880561,0.9085365853658537,0.0,0.7074290060851928,0.13333333333333333,1.0120713798970284,0.04596622889305816,30,2132,
emb_tf-sapiens,3,0,lung_I,lung_G,lung_F,6,tcp_cluster_thr,0.9110368338151911,0.9132270168855535,0.5576923076923077,0.819420243941074,0.1,1.9952355699658402,0.0,30,2132,
emb_tf-sapiens,3,1,lung_I,lung_G,lung_F,6,cell_pooled,0.919404244646262,0.9285419248244527,0.7115384615384616,0.8009169213670464,0.1,0.971442977831823,0.0214787277984304,30,2421,0.8894658753709199
emb_tf-sapiens,3,1,lung_I,lung_G,lung_F,6,classwise,0.8932027650982468,0.909541511771995,0.0,0.7993720565149137,0.1,1.0725715793901327,0.058240396530359353,30,2421,
emb_tf-sapiens,3,1,lung_I,lung_G,lung_F,6,donor_weighted,0.8967784337241544,0.9070631970260223,0.6730769230769231,0.777104751319811,0.13333333333333333,0.9407530621858713,0.05080545229244114,30,2421,
emb_tf-sapiens,3,1,lung_I,lung_G,lung_F,6,donor_crc,0.9674008910221061,0.9669558033870301,0.8571428571428571,0.9086243763364219,0.0,1.1288332140594208,0.0,30,2421,
emb_tf-sapiens,3,1,lung_I,lung_G,lung_F,6,tcp_standard_thr,0.919404244646262,0.9285419248244527,0.7115384615384616,0.8009169213670464,0.1,0.971442977831823,0.0214787277984304,30,2421,
emb_tf-sapiens,3,1,lung_I,lung_G,lung_F,6,tcp_standard_aps,0.9458999736401087,0.9450640231309376,0.7777777777777778,0.8831619894415115,0.03333333333333333,1.1357559315708046,0.01982651796778191,30,2421,
emb_tf-sapiens,3,1,lung_I,lung_G,lung_F,6,tcp_classwise_thr,0.8934326501557182,0.9099545642296571,0.0,0.7993720565149137,0.1,1.072801464447604,0.05782734407269723,30,2421,
emb_tf-sapiens,3,1,lung_I,lung_G,lung_F,6,tcp_cluster_thr,0.9009901840751786,0.9215200330441966,0.0,0.8306122448979593,0.06666666666666667,2.0267654026625874,0.0,30,2421,
emb_tf-sapiens,4,0,lung_C,lung_E,lung_G,3,cell_pooled,0.9933333333333334,0.9995278564683664,0.8,1.0,0.0,0.9933333333333334,0.00047214353163361664,30,2118,0.9197247706422018
emb_tf-sapiens,4,0,lung_C,lung_E,lung_G,3,classwise,1.0,1.0,1.0,1.0,0.0,1.0,0.0,30,2118,
emb_tf-sapiens,4,0,lung_C,lung_E,lung_G,3,donor_weighted,0.9929749103942652,0.9990557129367328,0.8,1.0,0.0,0.9929749103942652,0.0009442870632672333,30,2118,
emb_tf-sapiens,4,0,lung_C,lung_E,lung_G,3,donor_crc,1.0,1.0,1.0,1.0,0.0,1.0,0.0,30,2118,
emb_tf-sapiens,4,0,lung_C,lung_E,lung_G,3,tcp_standard_thr,0.9933333333333334,0.9995278564683664,0.8,1.0,0.0,0.9933333333333334,0.00047214353163361664,30,2118,
emb_tf-sapiens,4,0,lung_C,lung_E,lung_G,3,tcp_standard_aps,0.8506122080759458,0.8508026440037771,0.7571428571428571,0.8,0.06666666666666667,0.8652305142135766,0.14919735599622286,30,2118,
emb_tf-sapiens,4,0,lung_C,lung_E,lung_G,3,tcp_classwise_thr,1.0,1.0,1.0,1.0,0.0,1.0,0.0,30,2118,
emb_tf-sapiens,4,0,lung_C,lung_E,lung_G,3,tcp_cluster_thr,1.0,1.0,1.0,1.0,0.0,1.0,0.0,30,2118,
emb_tf-sapiens,4,1,lung_C,lung_E,lung_G,3,cell_pooled,0.9933333333333334,0.9995002498750625,0.8,1.0,0.0,0.9933333333333334,0.0004997501249375312,30,2001,0.908256880733945
emb_tf-sapiens,4,1,lung_C,lung_E,lung_G,3,classwise,1.0,1.0,1.0,1.0,0.0,1.0,0.0,30,2001,
emb_tf-sapiens,4,1,lung_C,lung_E,lung_G,3,donor_weighted,0.9929749103942652,0.999000499750125,0.8,1.0,0.0,0.9929749103942652,0.0009995002498750624,30,2001,
emb_tf-sapiens,4,1,lung_C,lung_E,lung_G,3,donor_crc,1.0,1.0,1.0,1.0,0.0,1.0,0.0,30,2001,
emb_tf-sapiens,4,1,lung_C,lung_E,lung_G,3,tcp_standard_thr,0.9933333333333334,0.9995002498750625,0.8,1.0,0.0,0.9933333333333334,0.0004997501249375312,30,2001,
emb_tf-sapiens,4,1,lung_C,lung_E,lung_G,3,tcp_standard_aps,0.8741851209935844,0.862568715642179,0.7580645161290323,0.8285099846390169,0.06666666666666667,0.8815078296469382,0.1374312843578211,30,2001,
emb_tf-sapiens,4,1,lung_C,lung_E,lung_G,3,tcp_classwise_thr,1.0,1.0,1.0,1.0,0.0,1.0,0.0,30,2001,
emb_tf-sapiens,4,1,lung_C,lung_E,lung_G,3,tcp_cluster_thr,0.9933333333333334,0.9995002498750625,0.8,1.0,0.0,0.9933333333333334,0.0004997501249375312,30,2001,
emb_tf-sapiens,5,0,lung_E,lung_C,lung_I,3,cell_pooled,0.933549767867619,0.9114315139031925,0.6428571428571429,0.7915384615384616,0.1,0.9387664955843467,0.08444902162718847,30,971,0.9071146245059288
emb_tf-sapiens,5,0,lung_E,lung_C,lung_I,3,classwise,0.8896909350445339,0.8177136972193615,0.26666666666666666,0.66,0.16666666666666666,0.8908245382834001,0.18022657054582905,30,971,
emb_tf-sapiens,5,0,lung_E,lung_C,lung_I,3,donor_weighted,0.9224609041953815,0.898043254376931,0.5714285714285714,0.7884615384615385,0.1,0.9276776319121093,0.09783728115345006,30,971,
emb_tf-sapiens,5,0,lung_E,lung_C,lung_I,3,donor_crc,0.9654631934616169,0.945417095777549,0.7857142857142857,0.865409429280397,0.03333333333333333,0.9736580240036461,0.04325437693099897,30,971,
emb_tf-sapiens,5,0,lung_E,lung_C,lung_I,3,tcp_standard_thr,0.933549767867619,0.9114315139031925,0.6428571428571429,0.7915384615384616,0.1,0.9387664955843467,0.08444902162718847,30,971,
emb_tf-sapiens,5,0,lung_E,lung_C,lung_I,3,tcp_standard_aps,0.9323106676296148,0.9237899073120495,0.8,0.8732142857142857,0.0,0.9972778920289881,0.06282183316168898,30,971,
emb_tf-sapiens,5,0,lung_E,lung_C,lung_I,3,tcp_classwise_thr,0.8905798239334228,0.819773429454171,0.29333333333333333,0.66,0.16666666666666666,0.8917134271722891,0.17816683831101957,30,971,
emb_tf-sapiens,5,0,lung_E,lung_C,lung_I,3,tcp_cluster_thr,0.9011732305268294,0.8341915550978373,0.34615384615384615,0.6786666666666668,0.13333333333333333,0.9023068337656959,0.16374871266735325,30,971,
emb_tf-sapiens,5,1,lung_E,lung_C,lung_I,3,cell_pooled,0.919944882878317,0.9339622641509434,0.0,0.8429981024667932,0.06666666666666667,0.9221878090342865,0.06289308176100629,30,954,0.8913043478260869
emb_tf-sapiens,5,1,lung_E,lung_C,lung_I,3,classwise,0.8854929795090569,0.8228511530398323,0.30666666666666664,0.6586206896551724,0.16666666666666666,0.8867623293542584,0.1750524109014675,30,954,
emb_tf-sapiens,5,1,lung_E,lung_C,lung_I,3,donor_weighted,0.9050573165157395,0.9245283018867925,0.0,0.7924731182795699,0.1,0.9065756049905498,0.07337526205450734,30,954,
emb_tf-sapiens,5,1,lung_E,lung_C,lung_I,3,donor_crc,0.9324202514549215,0.9538784067085954,0.0,0.8745967741935484,0.06666666666666667,0.9379375875446438,0.03668763102725367,30,954,
emb_tf-sapiens,5,1,lung_E,lung_C,lung_I,3,tcp_standard_thr,0.919944882878317,0.9339622641509434,0.0,0.8429981024667932,0.06666666666666667,0.9221878090342865,0.06289308176100629,30,954,
emb_tf-sapiens,5,1,lung_E,lung_C,lung_I,3,tcp_standard_aps,0.9208776796037058,0.9140461215932913,0.75,0.825296442687747,0.06666666666666667,0.9782904606473898,0.07547169811320754,30,954,
emb_tf-sapiens,5,1,lung_E,lung_C,lung_I,3,tcp_classwise_thr,0.8866424047964133,0.8249475890985325,0.30666666666666664,0.6620689655172414,0.16666666666666666,0.8879117546416146,0.17295597484276728,30,954,
emb_tf-sapiens,5,1,lung_E,lung_C,lung_I,3,tcp_cluster_thr,0.8882022959346626,0.8301886792452831,0.3176470588235294,0.6551724137931034,0.16666666666666666,0.8894716457798637,0.16771488469601678,30,954,
emb_tf-sapiens,6,0,lung_C,lung_H,lung_F,3,cell_pooled,0.7080010312390068,0.7971464019851117,0.0,0.30192307692307696,0.4666666666666667,0.708703802355447,0.20161290322580644,30,1612,0.8975817923186344
emb_tf-sapiens,6,0,lung_C,lung_H,lung_F,3,classwise,0.7348781073412443,0.8517369727047146,0.0,0.31153846153846165,0.43333333333333335,0.7355808784576844,0.14702233250620347,30,1612,
emb_tf-sapiens,6,0,lung_C,lung_H,lung_F,3,donor_weighted,0.7209214010124936,0.8114143920595533,0.0,0.30192307692307696,0.43333333333333335,0.7216241721289338,0.18734491315136476,30,1612,
emb_tf-sapiens,6,0,lung_C,lung_H,lung_F,3,donor_crc,0.7806861441821557,0.8598014888337469,0.0,0.4437062937062937,0.36666666666666664,0.7813889152985958,0.13895781637717122,30,1612,
emb_tf-sapiens,6,0,lung_C,lung_H,lung_F,3,tcp_standard_thr,0.7080010312390068,0.7971464019851117,0.0,0.30192307692307696,0.4666666666666667,0.708703802355447,0.20161290322580644,30,1612,
emb_tf-sapiens,6,0,lung_C,lung_H,lung_F,3,tcp_standard_aps,0.9287613154874497,0.9075682382133995,0.8181818181818182,0.8759955752212389,0.0,1.0142721877139795,0.09119106699751861,30,1612,
emb_tf-sapiens,6,0,lung_C,lung_H,lung_F,3,tcp_classwise_thr,0.7348781073412443,0.8517369727047146,0.0,0.31153846153846165,0.43333333333333335,0.7355808784576844,0.14702233250620347,30,1612,
emb_tf-sapiens,6,0,lung_C,lung_H,lung_F,3,tcp_cluster_thr,1.0,1.0,1.0,1.0,0.0,3.0,0.0,30,1612,
emb_tf-sapiens,6,1,lung_C,lung_H,lung_F,3,cell_pooled,0.6631110368516308,0.7551020408163265,0.0,0.24254385964912284,0.5,0.6635739998145938,0.24421768707482994,30,1470,0.8847795163584637
emb_tf-sapiens,6,1,lung_C,lung_H,lung_F,3,classwise,0.697440932513977,0.8156462585034013,0.0,0.18947368421052638,0.4666666666666667,0.69790389547694,0.1836734693877551,30,1470,
emb_tf-sapiens,6,1,lung_C,lung_H,lung_F,3,donor_weighted,0.6747574427632228,0.7693877551020408,0.0,0.24254385964912284,0.4666666666666667,0.6752204057261858,0.22993197278911565,30,1470,
emb_tf-sapiens,6,1,lung_C,lung_H,lung_F,3,donor_crc,0.7415291423438439,0.8224489795918367,0.0,0.3483253588516747,0.4,0.7419921053068069,0.17687074829931973,30,1470,
emb_tf-sapiens,6,1,lung_C,lung_H,lung_F,3,tcp_standard_thr,0.6631110368516308,0.7551020408163265,0.0,0.24254385964912284,0.5,0.6635739998145938,0.24421768707482994,30,1470,
emb_tf-sapiens,6,1,lung_C,lung_H,lung_F,3,tcp_standard_aps,0.9181199549020188,0.9142857142857143,0.75,0.8442105263157895,0.03333333333333333,1.0032364670395066,0.0836734693877551,30,1470,
emb_tf-sapiens,6,1,lung_C,lung_H,lung_F,3,tcp_classwise_thr,0.697440932513977,0.8156462585034013,0.0,0.18947368421052638,0.4666666666666667,0.69790389547694,0.1836734693877551,30,1470,
emb_tf-sapiens,6,1,lung_C,lung_H,lung_F,3,tcp_cluster_thr,1.0,1.0,1.0,1.0,0.0,3.0,0.0,30,1470,
emb_tf-sapiens,7,0,lung_C,lung_I,lung_E,3,cell_pooled,0.626852712598298,0.625,0.21739130434782608,0.41703521703521707,0.8518518518518519,0.626852712598298,0.375,27,1744,0.9474885844748858
emb_tf-sapiens,7,0,lung_C,lung_I,lung_E,3,classwise,0.6319829059472876,0.6330275229357798,0.21739130434782608,0.4247104247104247,0.8148148148148148,0.6319829059472876,0.3669724770642202,27,1744,
emb_tf-sapiens,7,0,lung_C,lung_I,lung_E,3,donor_weighted,0.7372885049955209,0.731651376146789,0.391304347826087,0.526272577996716,0.6296296296296297,0.7372885049955209,0.268348623853211,27,1744,
emb_tf-sapiens,7,0,lung_C,lung_I,lung_E,3,donor_crc,0.8177269632746434,0.805045871559633,0.5151515151515151,0.6047695778279085,0.2962962962962963,0.8177269632746434,0.19495412844036697,27,1744,
emb_tf-sapiens,7,0,lung_C,lung_I,lung_E,3,tcp_standard_thr,0.626852712598298,0.625,0.21739130434782608,0.41703521703521707,0.8518518518518519,0.626852712598298,0.375,27,1744,
emb_tf-sapiens,7,0,lung_C,lung_I,lung_E,3,tcp_standard_aps,0.9446638595150628,0.9455275229357798,0.8571428571428571,0.9086206896551724,0.0,1.2330629400973854,0.05045871559633028,27,1744,
emb_tf-sapiens,7,0,lung_C,lung_I,lung_E,3,tcp_classwise_thr,0.6319829059472876,0.6330275229357798,0.21739130434782608,0.4247104247104247,0.8148148148148148,0.6319829059472876,0.3669724770642202,27,1744,
emb_tf-sapiens,7,0,lung_C,lung_I,lung_E,3,tcp_cluster_thr,1.0,1.0,1.0,1.0,0.0,3.0,0.0,27,1744,
emb_tf-sapiens,7,1,lung_C,lung_I,lung_E,3,cell_pooled,0.5364567115184119,0.5361238532110092,0.13043478260869565,0.3353808353808354,0.9629629629629629,0.5364567115184119,0.4638761467889908,27,1744,0.9186046511627907
emb_tf-sapiens,7,1,lung_C,lung_I,lung_E,3,classwise,0.5606114735675777,0.5676605504587156,0.17391304347826086,0.3606516290726817,0.9629629629629629,0.5606114735675777,0.4323394495412844,27,1744,
emb_tf-sapiens,7,1,lung_C,lung_I,lung_E,3,donor_weighted,0.6531195086385302,0.6490825688073395,0.21739130434782608,0.46769182976079526,0.8148148148148148,0.6531195086385302,0.35091743119266056,27,1744,
emb_tf-sapiens,7,1,lung_C,lung_I,lung_E,3,donor_crc,0.774027055000396,0.7660550458715596,0.45652173913043476,0.5581480287893437,0.5185185185185185,0.774027055000396,0.23394495412844038,27,1744,
emb_tf-sapiens,7,1,lung_C,lung_I,lung_E,3,tcp_standard_thr,0.5364567115184119,0.5361238532110092,0.13043478260869565,0.3353808353808354,0.9629629629629629,0.5364567115184119,0.4638761467889908,27,1744,
emb_tf-sapiens,7,1,lung_C,lung_I,lung_E,3,tcp_standard_aps,0.9296970169110119,0.9294724770642202,0.8103448275862069,0.875,0.0,1.189349309227441,0.06422018348623854,27,1744,
emb_tf-sapiens,7,1,lung_C,lung_I,lung_E,3,tcp_classwise_thr,0.5606114735675777,0.5676605504587156,0.17391304347826086,0.3606516290726817,0.9629629629629629,0.5606114735675777,0.4323394495412844,27,1744,
emb_tf-sapiens,7,1,lung_C,lung_I,lung_E,3,tcp_cluster_thr,1.0,1.0,1.0,1.0,0.0,3.0,0.0,27,1744,
emb_tf-sapiens,8,0,lung_I,lung_E,lung_H,4,cell_pooled,0.9459304036402342,0.9458388375165125,0.7878787878787878,0.9102564102564102,0.047619047619047616,1.0753816138796968,0.0,21,1514,0.9056603773584906
emb_tf-sapiens,8,0,lung_I,lung_E,lung_H,4,classwise,0.9570253369601516,0.9557463672391017,0.8636363636363636,0.9210526315789473,0.0,1.112263049092915,0.0,21,1514,
emb_tf-sapiens,8,0,lung_I,lung_E,lung_H,4,donor_weighted,0.9474455551553854,0.9471598414795245,0.803030303030303,0.9102564102564102,0.0,1.0822525244253258,0.0,21,1514,
emb_tf-sapiens,8,0,lung_I,lung_E,lung_H,4,donor_crc,0.9572137616669041,0.9570673712021136,0.8484848484848485,0.9342105263157895,0.0,1.1283401911540007,0.0,21,1514,
emb_tf-sapiens,8,0,lung_I,lung_E,lung_H,4,tcp_standard_thr,0.9459304036402342,0.9458388375165125,0.7878787878787878,0.9102564102564102,0.047619047619047616,1.0753816138796968,0.0,21,1514,
emb_tf-sapiens,8,0,lung_I,lung_E,lung_H,4,tcp_standard_aps,0.922109142387241,0.9214002642007926,0.8181818181818182,0.8787878787878788,0.0,1.071344692898138,0.02774108322324967,21,1514,
emb_tf-sapiens,8,0,lung_I,lung_E,lung_H,4,tcp_classwise_thr,0.9570253369601516,0.9557463672391017,0.8636363636363636,0.9210526315789473,0.0,1.112263049092915,0.0,21,1514,
emb_tf-sapiens,8,0,lung_I,lung_E,lung_H,4,tcp_cluster_thr,0.9477044345756125,0.9471598414795245,0.8181818181818182,0.9174311926605505,0.0,1.084298255203943,0.0,21,1514,
emb_tf-sapiens,8,1,lung_I,lung_E,lung_H,4,cell_pooled,0.9443281598982035,0.9451783355350066,0.864406779661017,0.9078947368421053,0.0,1.0240653422620436,0.0,21,1514,0.9056603773584906
emb_tf-sapiens,8,1,lung_I,lung_E,lung_H,4,classwise,0.9428407852873423,0.9438573315719947,0.847457627118644,0.9,0.0,1.0257227795230373,0.0,21,1514,
emb_tf-sapiens,8,1,lung_I,lung_E,lung_H,4,donor_weighted,0.9443281598982035,0.9451783355350066,0.864406779661017,0.9078947368421053,0.0,1.0240653422620436,0.0,21,1514,
emb_tf-sapiens,8,1,lung_I,lung_E,lung_H,4,donor_crc,0.9458567631217221,0.9464993394980185,0.8787878787878788,0.9078947368421053,0.0,1.033577230444512,0.0,21,1514,
emb_tf-sapiens,8,1,lung_I,lung_E,lung_H,4,tcp_standard_thr,0.9443281598982035,0.9451783355350066,0.864406779661017,0.9078947368421053,0.0,1.0240653422620436,0.0,21,1514,
emb_tf-sapiens,8,1,lung_I,lung_E,lung_H,4,tcp_standard_aps,0.8978505571761524,0.8989431968295905,0.847457627118644,0.8490566037735849,0.0,0.9760605818574678,0.05085865257595773,21,1514,
emb_tf-sapiens,8,1,lung_I,lung_E,lung_H,4,tcp_classwise_thr,0.9428407852873423,0.9438573315719947,0.847457627118644,0.9,0.0,1.0257227795230373,0.0,21,1514,
emb_tf-sapiens,8,1,lung_I,lung_E,lung_H,4,tcp_cluster_thr,0.9440798843525283,0.9451783355350066,0.847457627118644,0.9,0.0,1.9198349089382238,0.0,21,1514,
emb_tf-sapiens,9,0,lung_E,lung_F,lung_I,6,cell_pooled,0.86240504507801,0.8795925791196799,0.375,0.753,0.2,2.0011667495838075,0.0,30,2749,0.8863833477883781
emb_tf-sapiens,9,0,lung_E,lung_F,lung_I,6,classwise,0.802898226422134,0.8534012368133866,0.125,0.6194444444444445,0.3333333333333333,1.7949406322647092,0.00327391778828665,30,2749,
emb_tf-sapiens,9,0,lung_E,lung_F,lung_I,6,donor_weighted,0.9420752731545818,0.9487086213168425,0.75,0.8760981912144703,0.03333333333333333,2.958255990795295,0.0,30,2749,
emb_tf-sapiens,9,0,lung_E,lung_F,lung_I,6,donor_crc,0.9730391732351465,0.9763550381957076,0.875,0.9376386404293381,0.0,3.732269770544217,0.0,30,2749,
emb_tf-sapiens,9,0,lung_E,lung_F,lung_I,6,tcp_standard_thr,0.86240504507801,0.8795925791196799,0.375,0.753,0.2,2.0011667495838075,0.0,30,2749,
emb_tf-sapiens,9,0,lung_E,lung_F,lung_I,6,tcp_standard_aps,0.8657447043607858,0.8821389596216807,0.375,0.7496666666666667,0.16666666666666666,2.1315904994713875,0.0007275372862859222,30,2749,
emb_tf-sapiens,9,0,lung_E,lung_F,lung_I,6,tcp_classwise_thr,0.802898226422134,0.8534012368133866,0.125,0.6194444444444445,0.3333333333333333,1.7949406322647092,0.00327391778828665,30,2749,
emb_tf-sapiens,9,0,lung_E,lung_F,lung_I,6,tcp_cluster_thr,0.8402867324932939,0.8981447799199709,0.125,0.6232843137254902,0.26666666666666666,2.7949294466680477,0.0,30,2749,
emb_tf-sapiens,9,1,lung_E,lung_F,lung_I,6,cell_pooled,0.9220399078334077,0.9092565597667639,0.7,0.8374814814814815,0.03333333333333333,2.912550110497358,0.0,30,2744,0.9088541666666666
emb_tf-sapiens,9,1,lung_E,lung_F,lung_I,6,classwise,0.8513312305290295,0.8775510204081632,0.25,0.749032558139535,0.16666666666666666,1.9221048052493634,0.0,30,2744,
emb_tf-sapiens,9,1,lung_E,lung_F,lung_I,6,donor_weighted,0.9472979057295959,0.9376822157434402,0.76,0.8714078374455733,0.03333333333333333,3.33611505410478,0.0,30,2744,
emb_tf-sapiens,9,1,lung_E,lung_F,lung_I,6,donor_crc,0.9786604270362169,0.9748542274052479,0.9066666666666666,0.9583030303030303,0.0,4.0121753778584415,0.0,30,2744,
emb_tf-sapiens,9,1,lung_E,lung_F,lung_I,6,tcp_standard_thr,0.9220399078334077,0.9092565597667639,0.7,0.8374814814814815,0.03333333333333333,2.912550110497358,0.0,30,2744,
emb_tf-sapiens,9,1,lung_E,lung_F,lung_I,6,tcp_standard_aps,0.92524407983332,0.9114431486880467,0.7066666666666667,0.8380754716981131,0.03333333333333333,2.9865283654572203,0.0,30,2744,
emb_tf-sapiens,9,1,lung_E,lung_F,lung_I,6,tcp_classwise_thr,0.8530229868014308,0.8801020408163265,0.25,0.749032558139535,0.16666666666666666,2.045543691035056,0.0,30,2744,
emb_tf-sapiens,9,1,lung_E,lung_F,lung_I,6,tcp_cluster_thr,0.910638040693456,0.9467930029154519,0.25,0.8108418367346939,0.1,3.3969167513414193,0.0,30,2744,
emb_tf-sapiens,10,0,lung_C,lung_F,lung_G,3,cell_pooled,0.9880489383344057,0.9933469805527124,0.8,0.9787755102040816,0.0,0.9880489383344057,0.006653019447287615,30,1954,0.8806366047745358
emb_tf-sapiens,10,0,lung_C,lung_F,lung_G,3,classwise,0.9580002304528071,0.9779938587512794,0.6,0.8822532402791625,0.06666666666666667,0.9580002304528071,0.022006141248720572,30,1954,
emb_tf-sapiens,10,0,lung_C,lung_F,lung_G,3,donor_weighted,0.9915150143310709,0.9974411463664279,0.8,0.9894815553339981,0.0,0.9915150143310709,0.00255885363357216,30,1954,
emb_tf-sapiens,10,0,lung_C,lung_F,lung_G,3,donor_crc,0.9930357142857142,0.9989764585465711,0.8,1.0,0.0,0.9930357142857142,0.0010235414534288639,30,1954,
emb_tf-sapiens,10,0,lung_C,lung_F,lung_G,3,tcp_standard_thr,0.9880489383344057,0.9933469805527124,0.8,0.9787755102040816,0.0,0.9880489383344057,0.006653019447287615,30,1954,
emb_tf-sapiens,10,0,lung_C,lung_F,lung_G,3,tcp_standard_aps,0.9204422771126635,0.9145342886386899,0.8316831683168316,0.8844601769911505,0.0,0.9347401629336585,0.08546571136131013,30,1954,
emb_tf-sapiens,10,0,lung_C,lung_F,lung_G,3,tcp_classwise_thr,0.9580002304528071,0.9779938587512794,0.6,0.8822532402791625,0.06666666666666667,0.9580002304528071,0.022006141248720572,30,1954,
emb_tf-sapiens,10,0,lung_C,lung_F,lung_G,3,tcp_cluster_thr,1.0,1.0,1.0,1.0,0.0,3.0,0.0,30,1954,
emb_tf-sapiens,10,1,lung_C,lung_F,lung_G,3,cell_pooled,0.9852410652032918,0.9917733089579525,0.8,0.9705121293800539,0.0,0.9852410652032918,0.008226691042047532,30,2188,0.8911392405063291
emb_tf-sapiens,10,1,lung_C,lung_F,lung_G,3,classwise,0.9652343067194452,0.9812614259597806,0.6,0.9252688172043011,0.03333333333333333,0.9652343067194452,0.018738574040219377,30,2188,
emb_tf-sapiens,10,1,lung_C,lung_F,lung_G,3,donor_weighted,0.9907545954681851,0.996800731261426,0.8,0.9828589702590342,0.0,0.9907545954681851,0.0031992687385740404,30,2188,
emb_tf-sapiens,10,1,lung_C,lung_F,lung_G,3,donor_crc,0.992318868407578,0.9981718464351006,0.8,0.9991071428571429,0.0,0.992318868407578,0.0018281535648994515,30,2188,
emb_tf-sapiens,10,1,lung_C,lung_F,lung_G,3,tcp_standard_thr,0.9852410652032918,0.9917733089579525,0.8,0.9705121293800539,0.0,0.9852410652032918,0.008226691042047532,30,2188,
emb_tf-sapiens,10,1,lung_C,lung_F,lung_G,3,tcp_standard_aps,0.889071680582111,0.9021937842778793,0.72,0.8349698535745048,0.03333333333333333,0.8971231825449032,0.09780621572212066,30,2188,
emb_tf-sapiens,10,1,lung_C,lung_F,lung_G,3,tcp_classwise_thr,0.9652343067194452,0.9812614259597806,0.6,0.9252688172043011,0.03333333333333333,0.9652343067194452,0.018738574040219377,30,2188,
emb_tf-sapiens,10,1,lung_C,lung_F,lung_G,3,tcp_cluster_thr,0.9694023927164053,0.9844606946983546,0.6,0.9576612903225807,0.03333333333333333,0.9694023927164053,0.015539305301645339,30,2188,
emb_tf-sapiens,11,0,lung_F,lung_G,lung_H,4,cell_pooled,0.8182044922186879,0.834214002642008,0.4727272727272727,0.6060606060606061,0.38095238095238093,0.8734733914653503,0.11030383091149273,21,1514,0.9010903426791277
emb_tf-sapiens,11,0,lung_F,lung_G,lung_H,4,classwise,0.6898923198366079,0.7113606340819022,0.2112676056338028,0.3787878787878788,0.5714285714285714,1.0924677815108783,0.035667107001321,21,1514,
emb_tf-sapiens,11,0,lung_F,lung_G,lung_H,4,donor_weighted,0.831141518763644,0.845442536327609,0.509090909090909,0.6212121212121212,0.3333333333333333,0.8871319187318072,0.09841479524438573,21,1514,
emb_tf-sapiens,11,0,lung_F,lung_G,lung_H,4,donor_crc,0.9240493848925363,0.9260237780713342,0.8181818181818182,0.864406779661017,0.0,0.9884176358232961,0.009907529722589167,21,1514,
emb_tf-sapiens,11,0,lung_F,lung_G,lung_H,4,tcp_standard_thr,0.8182044922186879,0.834214002642008,0.4727272727272727,0.6060606060606061,0.38095238095238093,0.8734733914653503,0.11030383091149273,21,1514,
emb_tf-sapiens,11,0,lung_F,lung_G,lung_H,4,tcp_standard_aps,0.8833817518383332,0.8837516512549538,0.7121212121212122,0.8421052631578947,0.047619047619047616,0.9634323440566357,0.05548216644649934,21,1514,
emb_tf-sapiens,11,0,lung_F,lung_G,lung_H,4,tcp_classwise_thr,0.6898923198366079,0.7113606340819022,0.2112676056338028,0.3787878787878788,0.5714285714285714,1.0924677815108783,0.035667107001321,21,1514,
emb_tf-sapiens,11,0,lung_F,lung_G,lung_H,4,tcp_cluster_thr,0.721541515805883,0.7443857331571995,0.16363636363636364,0.36666666666666664,0.5238095238095238,1.1038914228295535,0.031704095112285335,21,1514,
emb_tf-sapiens,11,1,lung_F,lung_G,lung_H,4,cell_pooled,0.8636252013348902,0.8731836195508587,0.5454545454545454,0.7948717948717948,0.14285714285714285,0.9209311974249031,0.07001321003963012,21,1514,0.8730290456431535
emb_tf-sapiens,11,1,lung_F,lung_G,lung_H,4,classwise,0.5405052166348979,0.5647291941875826,0.19696969696969696,0.2535211267605634,0.8571428571428571,0.7314049095337494,0.3177014531043593,21,1514,
emb_tf-sapiens,11,1,lung_F,lung_G,lung_H,4,donor_weighted,0.8765972319377175,0.8844121532364597,0.6545454545454545,0.803030303030303,0.047619047619047616,0.9345835001365743,0.05812417437252312,21,1514,
emb_tf-sapiens,11,1,lung_F,lung_G,lung_H,4,donor_crc,0.9278614709859596,0.9286657859973579,0.8181818181818182,0.864406779661017,0.0,1.0,0.0,21,1514,
emb_tf-sapiens,11,1,lung_F,lung_G,lung_H,4,tcp_standard_thr,0.8636252013348902,0.8731836195508587,0.5454545454545454,0.7948717948717948,0.14285714285714285,0.9209311974249031,0.07001321003963012,21,1514,
emb_tf-sapiens,11,1,lung_F,lung_G,lung_H,4,tcp_standard_aps,0.8945949304758314,0.8963011889035667,0.7457627118644068,0.868421052631579,0.09523809523809523,0.9693599956735236,0.043593130779392336,21,1514,
emb_tf-sapiens,11,1,lung_F,lung_G,lung_H,4,tcp_classwise_thr,0.5405052166348979,0.5647291941875826,0.19696969696969696,0.2535211267605634,0.8571428571428571,0.7314049095337494,0.3177014531043593,21,1514,
emb_tf-sapiens,11,1,lung_F,lung_G,lung_H,4,tcp_cluster_thr,0.7123474811637114,0.7344782034346103,0.09090909090909091,0.48333333333333334,0.6190476190476191,0.8990213084767367,0.12285336856010567,21,1514,
emb_tf-sapiens,12,0,lung_H,lung_E,lung_C,3,cell_pooled,0.7292963367686387,0.6669960474308301,0.3114754098360656,0.3357664233576642,0.47619047619047616,1.079199094967643,0.0,21,2024,0.9139908256880734
emb_tf-sapiens,12,0,lung_H,lung_E,lung_C,3,classwise,0.6108674930399891,0.5429841897233202,0.014598540145985401,0.2781954887218045,0.6666666666666666,0.6182669253035381,0.4505928853754941,21,2024,
emb_tf-sapiens,12,0,lung_H,lung_E,lung_C,3,donor_weighted,0.6686818781641433,0.6017786561264822,0.06569343065693431,0.3007518796992481,0.6190476190476191,0.9813972007905581,0.021245059288537548,21,2024,
emb_tf-sapiens,12,0,lung_H,lung_E,lung_C,3,donor_crc,0.8330271022208557,0.791501976284585,0.48872180451127817,0.6557377049180327,0.38095238095238093,1.2031015013100779,0.0,21,2024,
emb_tf-sapiens,12,0,lung_H,lung_E,lung_C,3,tcp_standard_thr,0.7292963367686387,0.6669960474308301,0.3114754098360656,0.3357664233576642,0.47619047619047616,1.079199094967643,0.0,21,2024,
emb_tf-sapiens,12,0,lung_H,lung_E,lung_C,3,tcp_standard_aps,0.8314207279783769,0.8048418972332015,0.6324786324786325,0.6616541353383458,0.38095238095238093,1.2092577265925368,0.032114624505928856,21,2024,
emb_tf-sapiens,12,0,lung_H,lung_E,lung_C,3,tcp_classwise_thr,0.6108674930399891,0.5429841897233202,0.014598540145985401,0.2781954887218045,0.6666666666666666,0.6182669253035381,0.4505928853754941,21,2024,
emb_tf-sapiens,12,0,lung_H,lung_E,lung_C,3,tcp_cluster_thr,1.0,1.0,1.0,1.0,0.0,3.0,0.0,21,2024,
emb_tf-sapiens,12,1,lung_H,lung_E,lung_C,3,cell_pooled,0.7146928946741876,0.6526679841897233,0.2786885245901639,0.3082706766917293,0.47619047619047616,1.067437098121992,0.0,21,2024,0.9071100917431193
emb_tf-sapiens,12,1,lung_H,lung_E,lung_C,3,classwise,0.609251976900096,0.54100790513834,0.014598540145985401,0.2781954887218045,0.6666666666666666,0.6169939922400409,0.45207509881422925,21,2024,
emb_tf-sapiens,12,1,lung_H,lung_E,lung_C,3,donor_weighted,0.6588803350648008,0.5938735177865613,0.043795620437956206,0.3007518796992481,0.6190476190476191,0.9730600590343347,0.024703557312252964,21,2024,
emb_tf-sapiens,12,1,lung_H,lung_E,lung_C,3,donor_crc,0.8180689768408849,0.7717391304347826,0.44360902255639095,0.6153846153846154,0.38095238095238093,1.1901479009965936,0.0,21,2024,
emb_tf-sapiens,12,1,lung_H,lung_E,lung_C,3,tcp_standard_thr,0.7146928946741876,0.6526679841897233,0.2786885245901639,0.3082706766917293,0.47619047619047616,1.067437098121992,0.0,21,2024,
emb_tf-sapiens,12,1,lung_H,lung_E,lung_C,3,tcp_standard_aps,0.8102813353302325,0.7890316205533597,0.5789473684210527,0.6990291262135923,0.42857142857142855,1.188689461303061,0.038537549407114624,21,2024,
emb_tf-sapiens,12,1,lung_H,lung_E,lung_C,3,tcp_classwise_thr,0.609251976900096,0.54100790513834,0.014598540145985401,0.2781954887218045,0.6666666666666666,0.6169939922400409,0.45207509881422925,21,2024,
emb_tf-sapiens,12,1,lung_H,lung_E,lung_C,3,tcp_cluster_thr,1.0,1.0,1.0,1.0,0.0,3.0,0.0,21,2024,
emb_tf-sapiens,13,0,lung_F,lung_E,lung_C,3,cell_pooled,0.9983587156249026,0.9980237154150198,0.9727272727272728,1.0,0.0,0.9987012987012986,0.0014822134387351778,21,2024,0.9071100917431193
emb_tf-sapiens,13,0,lung_F,lung_E,lung_C,3,classwise,0.9826620222745162,0.9955533596837944,0.7619047619047619,0.9473684210526315,0.047619047619047616,0.9830046053509123,0.003952569169960474,21,2024,
emb_tf-sapiens,13,0,lung_F,lung_E,lung_C,3,donor_weighted,0.9974929147591017,0.9970355731225297,0.9545454545454546,1.0,0.0,0.9978354978354977,0.0024703557312252965,21,2024,
emb_tf-sapiens,13,0,lung_F,lung_E,lung_C,3,donor_crc,0.9992245164907035,0.9990118577075099,0.990909090909091,1.0,0.0,0.9995670995670997,0.0004940711462450593,21,2024,
emb_tf-sapiens,13,0,lung_F,lung_E,lung_C,3,tcp_standard_thr,0.9983587156249026,0.9980237154150198,0.9727272727272728,1.0,0.0,0.9987012987012986,0.0014822134387351778,21,2024,
emb_tf-sapiens,13,0,lung_F,lung_E,lung_C,3,tcp_standard_aps,0.8921498519547034,0.8843873517786561,0.8053097345132744,0.8571428571428571,0.0,0.8989978761230067,0.11511857707509882,21,2024,
emb_tf-sapiens,13,0,lung_F,lung_E,lung_C,3,tcp_classwise_thr,0.9826620222745162,0.9955533596837944,0.7619047619047619,0.9473684210526315,0.047619047619047616,0.9830046053509123,0.003952569169960474,21,2024,
emb_tf-sapiens,13,0,lung_F,lung_E,lung_C,3,tcp_cluster_thr,0.9826620222745162,0.9955533596837944,0.7619047619047619,0.9473684210526315,0.047619047619047616,0.9830046053509123,0.003952569169960474,21,2024,
emb_tf-sapiens,13,1,lung_F,lung_E,lung_C,3,cell_pooled,0.9975756751359798,0.9970355731225297,0.9636363636363636,0.9928057553956835,0.0,0.9982683982683983,0.001976284584980237,21,2024,0.8967889908256881
emb_tf-sapiens,13,1,lung_F,lung_E,lung_C,3,classwise,0.9892625182233831,0.9965415019762845,0.8571428571428571,0.9907407407407407,0.0,0.9899552413558016,0.0024703557312252965,21,2024,
emb_tf-sapiens,13,1,lung_F,lung_E,lung_C,3,donor_weighted,0.9971427747030793,0.9965415019762845,0.9545454545454546,0.9928057553956835,0.0,0.9978354978354977,0.0024703557312252965,21,2024,
emb_tf-sapiens,13,1,lung_F,lung_E,lung_C,3,donor_crc,0.9984414760017808,0.9980237154150198,0.9818181818181818,0.9928057553956835,0.0,0.9991341991341992,0.0009881422924901185,21,2024,
emb_tf-sapiens,13,1,lung_F,lung_E,lung_C,3,tcp_standard_thr,0.9975756751359798,0.9970355731225297,0.9636363636363636,0.9928057553956835,0.0,0.9982683982683983,0.001976284584980237,21,2024,
emb_tf-sapiens,13,1,lung_F,lung_E,lung_C,3,tcp_standard_aps,0.8789723388169309,0.8779644268774703,0.7894736842105263,0.8416666666666667,0.047619047619047616,0.8840971378099967,0.12154150197628459,21,2024,
emb_tf-sapiens,13,1,lung_F,lung_E,lung_C,3,tcp_classwise_thr,0.9892625182233831,0.9965415019762845,0.8571428571428571,0.9907407407407407,0.0,0.9899552413558016,0.0024703557312252965,21,2024,
emb_tf-sapiens,13,1,lung_F,lung_E,lung_C,3,tcp_cluster_thr,0.990746831991351,0.991106719367589,0.9363636363636364,0.9814814814814815,0.0,0.9914395551237696,0.007905138339920948,21,2024,
emb_tf-sapiens,14,0,lung_H,lung_I,lung_F,4,cell_pooled,0.8615352419705874,0.8870523415977961,0.07142857142857142,0.6061224489795919,0.2,1.8159994569471913,0.0,30,1815,0.8969404186795491
emb_tf-sapiens,14,0,lung_H,lung_I,lung_F,4,classwise,0.8714889379626973,0.8771349862258954,0.42857142857142855,0.6469387755102041,0.2,1.3465120379033126,0.0027548209366391185,30,1815,
emb_tf-sapiens,14,0,lung_H,lung_I,lung_F,4,donor_weighted,0.8755848619412598,0.89366391184573,0.08928571428571429,0.715769944341373,0.2,1.8608445655700987,0.0,30,1815,
emb_tf-sapiens,14,0,lung_H,lung_I,lung_F,4,donor_crc,0.9191342011961958,0.9272727272727272,0.42857142857142855,0.7691522762951335,0.13333333333333333,2.039986931574741,0.0,30,1815,
emb_tf-sapiens,14,0,lung_H,lung_I,lung_F,4,tcp_standard_thr,0.8615352419705874,0.8870523415977961,0.07142857142857142,0.6061224489795919,0.2,1.8159994569471913,0.0,30,1815,
emb_tf-sapiens,14,0,lung_H,lung_I,lung_F,4,tcp_standard_aps,0.864765522550492,0.8898071625344353,0.08928571428571429,0.6408163265306123,0.2,1.8326427860963426,0.0005509641873278236,30,1815,
emb_tf-sapiens,14,0,lung_H,lung_I,lung_F,4,tcp_classwise_thr,0.8714889379626973,0.8771349862258954,0.42857142857142855,0.6469387755102041,0.2,1.3465120379033126,0.0027548209366391185,30,1815,
emb_tf-sapiens,14,0,lung_H,lung_I,lung_F,4,tcp_cluster_thr,1.0,1.0,1.0,1.0,0.0,4.0,0.0,30,1815,
emb_tf-sapiens,14,1,lung_H,lung_I,lung_F,4,cell_pooled,0.8608891491366115,0.8967674661105318,0.07142857142857142,0.5951020408163266,0.2,1.8794049978782723,0.0,30,1918,0.8953687821612349
emb_tf-sapiens,14,1,lung_H,lung_I,lung_F,4,classwise,0.8586543323680611,0.897288842544317,0.5357142857142857,0.6150706436420722,0.3,1.3151097791345607,0.004171011470281543,30,1918,
emb_tf-sapiens,14,1,lung_H,lung_I,lung_F,4,donor_weighted,0.8399821335180098,0.881126173096976,0.07142857142857142,0.5899033297529538,0.26666666666666666,1.7925509194170588,0.0,30,1918,
emb_tf-sapiens,14,1,lung_H,lung_I,lung_F,4,donor_crc,0.8748960855683598,0.9098018769551617,0.26785714285714285,0.6110204081632653,0.2,1.9678544307255332,0.0,30,1918,
emb_tf-sapiens,14,1,lung_H,lung_I,lung_F,4,tcp_standard_thr,0.8608891491366115,0.8967674661105318,0.07142857142857142,0.5951020408163266,0.2,1.8794049978782723,0.0,30,1918,
emb_tf-sapiens,14,1,lung_H,lung_I,lung_F,4,tcp_standard_aps,0.8666327949366484,0.9025026068821689,0.23214285714285715,0.6110204081632653,0.2,1.9155660655108637,0.0,30,1918,
emb_tf-sapiens,14,1,lung_H,lung_I,lung_F,4,tcp_classwise_thr,0.8586543323680611,0.897288842544317,0.5357142857142857,0.6150706436420722,0.3,1.3151097791345607,0.004171011470281543,30,1918,
emb_tf-sapiens,14,1,lung_H,lung_I,lung_F,4,tcp_cluster_thr,1.0,1.0,1.0,1.0,0.0,4.0,0.0,30,1918,
emb_tf-sapiens,15,0,lung_I,lung_C,lung_E,3,cell_pooled,0.19722185512309826,0.19839449541284404,0.0,0.048118706942236356,1.0,0.19722185512309826,0.801605504587156,27,1744,0.9071146245059288
emb_tf-sapiens,15,0,lung_I,lung_C,lung_E,3,classwise,0.2021877575183415,0.20240825688073394,0.0,0.048118706942236356,1.0,0.2021877575183415,0.7975917431192661,27,1744,
emb_tf-sapiens,15,0,lung_I,lung_C,lung_E,3,donor_weighted,0.26566114435207605,0.26089449541284404,0.021739130434782608,0.07563025210084033,1.0,0.26566114435207605,0.739105504587156,27,1744,
emb_tf-sapiens,15,0,lung_I,lung_C,lung_E,3,donor_crc,0.48966136655051856,0.46788990825688076,0.12643678160919541,0.23821510297482837,0.8888888888888888,0.48966136655051856,0.5321100917431193,27,1744,
emb_tf-sapiens,15,0,lung_I,lung_C,lung_E,3,tcp_standard_thr,0.20217480501102603,0.2018348623853211,0.0,0.048118706942236356,1.0,0.20217480501102603,0.7981651376146789,27,1744,
emb_tf-sapiens,15,0,lung_I,lung_C,lung_E,3,tcp_standard_aps,0.7894492707087155,0.7826834862385321,0.6074766355140186,0.7029258098223615,0.5185185185185185,1.0195837829135705,0.08830275229357798,27,1744,
emb_tf-sapiens,15,0,lung_I,lung_C,lung_E,3,tcp_classwise_thr,0.20385252159748912,0.20355504587155962,0.0,0.048118706942236356,1.0,0.20385252159748912,0.7964449541284404,27,1744,
emb_tf-sapiens,15,0,lung_I,lung_C,lung_E,3,tcp_cluster_thr,0.2117063650746436,0.21043577981651376,0.0,0.06685633001422475,1.0,0.2117063650746436,0.7895642201834863,27,1744,
emb_tf-sapiens,15,1,lung_I,lung_C,lung_E,3,cell_pooled,0.18049197257921565,0.18405963302752293,0.0,0.025740025740025742,1.0,0.18049197257921565,0.8159403669724771,27,1744,0.9179841897233202
emb_tf-sapiens,15,1,lung_I,lung_C,lung_E,3,classwise,0.18607120692343693,0.18979357798165136,0.0,0.039382239382239385,1.0,0.18607120692343693,0.8102064220183486,27,1744,
emb_tf-sapiens,15,1,lung_I,lung_C,lung_E,3,donor_weighted,0.2409345236449395,0.24025229357798164,0.021739130434782608,0.06840633737185461,1.0,0.2409345236449395,0.7597477064220184,27,1744,
emb_tf-sapiens,15,1,lung_I,lung_C,lung_E,3,donor_crc,0.41446067762654565,0.4065366972477064,0.08695652173913043,0.2010821446138711,1.0,0.41446067762654565,0.5934633027522935,27,1744,
emb_tf-sapiens,15,1,lung_I,lung_C,lung_E,3,tcp_standard_thr,0.18097930201391352,0.18463302752293578,0.0,0.025740025740025742,1.0,0.18097930201391352,0.8153669724770642,27,1744,
emb_tf-sapiens,15,1,lung_I,lung_C,lung_E,3,tcp_standard_aps,0.8908439984227996,0.8899082568807339,0.8181818181818182,0.8402298850574713,0.0,1.0681092053392216,0.06938073394495413,27,1744,
emb_tf-sapiens,15,1,lung_I,lung_C,lung_E,3,tcp_classwise_thr,0.18607120692343693,0.18979357798165136,0.0,0.039382239382239385,1.0,0.18607120692343693,0.8102064220183486,27,1744,
emb_tf-sapiens,15,1,lung_I,lung_C,lung_E,3,tcp_cluster_thr,0.18344410514034873,0.1875,0.0,0.025740025740025742,1.0,0.18344410514034873,0.8125,27,1744,
emb_tf-sapiens,16,0,lung_I,lung_F,lung_H,4,cell_pooled,0.9088064798691213,0.9095112285336856,0.7878787878787878,0.8440366972477065,0.047619047619047616,0.9545713079174634,0.04491413474240423,21,1514,0.8918590522478737
emb_tf-sapiens,16,0,lung_I,lung_F,lung_H,4,classwise,0.7160075536379379,0.7324966974900925,0.2833333333333333,0.49295774647887325,0.6190476190476191,0.7831178846300082,0.20673712021136065,21,1514,
emb_tf-sapiens,16,0,lung_I,lung_F,lung_H,4,donor_weighted,0.946364106060778,0.9471598414795245,0.8636363636363636,0.8813559322033898,0.0,1.0208590984342125,0.0,21,1514,
emb_tf-sapiens,16,0,lung_I,lung_F,lung_H,4,donor_crc,0.9610659910160156,0.9610303830911493,0.8714285714285714,0.9090909090909091,0.0,1.0645185059096862,0.0,21,1514,
emb_tf-sapiens,16,0,lung_I,lung_F,lung_H,4,tcp_standard_thr,0.9088064798691213,0.9095112285336856,0.7878787878787878,0.8440366972477065,0.047619047619047616,0.9545713079174634,0.04491413474240423,21,1514,
emb_tf-sapiens,16,0,lung_I,lung_F,lung_H,4,tcp_standard_aps,0.9141897220487996,0.9147952443857331,0.8142857142857143,0.8813559322033898,0.0,1.0141432225294869,0.04491413474240423,21,1514,
emb_tf-sapiens,16,0,lung_I,lung_F,lung_H,4,tcp_classwise_thr,0.7160075536379379,0.7324966974900925,0.2833333333333333,0.49295774647887325,0.6190476190476191,0.7831178846300082,0.20673712021136065,21,1514,
emb_tf-sapiens,16,0,lung_I,lung_F,lung_H,4,tcp_cluster_thr,0.9293365843211128,0.929326287978864,0.8181818181818182,0.8857142857142857,0.0,1.8788962849524848,0.0,21,1514,
emb_tf-sapiens,16,1,lung_I,lung_F,lung_H,4,cell_pooled,0.867911013017775,0.8745046235138706,0.6666666666666666,0.7454545454545455,0.19047619047619047,0.91834162488886,0.07529722589167767,21,1514,0.9065628476084538
emb_tf-sapiens,16,1,lung_I,lung_F,lung_H,4,classwise,0.42041372271617017,0.44583883751651254,0.03636363636363636,0.15492957746478872,1.0,0.4855689092053018,0.4900924702774108,21,1514,
emb_tf-sapiens,16,1,lung_I,lung_F,lung_H,4,donor_weighted,0.9064030536286739,0.9088507265521797,0.7878787878787878,0.8450704225352113,0.047619047619047616,0.9602819864324688,0.037648612945838836,21,1514,
emb_tf-sapiens,16,1,lung_I,lung_F,lung_H,4,donor_crc,0.9239370511902442,0.9247027741083224,0.8181818181818182,0.864406779661017,0.0,0.9838065192479827,0.015852047556142668,21,1514,
emb_tf-sapiens,16,1,lung_I,lung_F,lung_H,4,tcp_standard_thr,0.867911013017775,0.8745046235138706,0.6666666666666666,0.7454545454545455,0.19047619047619047,0.91834162488886,0.07529722589167767,21,1514,
emb_tf-sapiens,16,1,lung_I,lung_F,lung_H,4,tcp_standard_aps,0.8856290675821098,0.8830911492734478,0.7727272727272727,0.8289473684210527,0.047619047619047616,0.959946423449707,0.06274768824306473,21,1514,
emb_tf-sapiens,16,1,lung_I,lung_F,lung_H,4,tcp_classwise_thr,0.42041372271617017,0.44583883751651254,0.03636363636363636,0.15492957746478872,1.0,0.4855689092053018,0.4900924702774108,21,1514,
emb_tf-sapiens,16,1,lung_I,lung_F,lung_H,4,tcp_cluster_thr,0.908533207379518,0.9121532364597094,0.803030303030303,0.8363636363636363,0.0,1.2305012444704562,0.0,21,1514,
emb_tf-sapiens,17,0,lung_I,lung_H,lung_E,4,cell_pooled,0.34411366571409596,0.36196623634558095,0.0784313725490196,0.13176574977817215,1.0,0.3585445947659518,0.6256206554121152,27,2014,0.9194187582562747
emb_tf-sapiens,17,0,lung_I,lung_H,lung_E,4,classwise,0.6362723837476908,0.6206554121151936,0.2616822429906542,0.41,0.9259259259259259,1.5960693430031412,0.0024826216484607746,27,2014,
emb_tf-sapiens,17,0,lung_I,lung_H,lung_E,4,donor_weighted,0.36112496009751166,0.37934458788480635,0.0784313725490196,0.14464285714285716,1.0,0.37756231970057413,0.6062562065541212,27,2014,
emb_tf-sapiens,17,0,lung_I,lung_H,lung_E,4,donor_crc,0.8656079987685216,0.868421052631579,0.6615384615384615,0.7691387559808612,0.14814814814814814,1.2758741800039435,0.0,27,2014,
emb_tf-sapiens,17,0,lung_I,lung_H,lung_E,4,tcp_standard_thr,0.34411366571409596,0.36196623634558095,0.0784313725490196,0.13176574977817215,1.0,0.3585445947659518,0.6256206554121152,27,2014,
emb_tf-sapiens,17,0,lung_I,lung_H,lung_E,4,tcp_standard_aps,0.8743396459381723,0.8793445878848064,0.7450980392156863,0.8013461538461538,0.1111111111111111,1.3585049559618412,0.03028798411122145,27,2014,
emb_tf-sapiens,17,0,lung_I,lung_H,lung_E,4,tcp_classwise_thr,0.6362723837476908,0.6206554121151936,0.2616822429906542,0.41,0.9259259259259259,1.5960693430031412,0.0024826216484607746,27,2014,
emb_tf-sapiens,17,0,lung_I,lung_H,lung_E,4,tcp_cluster_thr,1.0,1.0,1.0,1.0,0.0,4.0,0.0,27,2014,
emb_tf-sapiens,17,1,lung_I,lung_H,lung_E,4,cell_pooled,0.5034860628783465,0.5228401191658392,0.18461538461538463,0.3517647058823529,1.0,0.7196500520123713,0.2830188679245283,27,2014,0.9233817701453104
emb_tf-sapiens,17,1,lung_I,lung_H,lung_E,4,classwise,0.6715931247186759,0.6668321747765641,0.38317757009345793,0.4608333333333333,0.8518518518518519,1.7628423601347274,0.0,27,2014,
emb_tf-sapiens,17,1,lung_I,lung_H,lung_E,4,donor_weighted,0.5046666008663725,0.5238331678252235,0.18461538461538463,0.3517647058823529,1.0,0.7249619769633909,0.27805362462760674,27,2014,
emb_tf-sapiens,17,1,lung_I,lung_H,lung_E,4,donor_crc,0.8558963649885312,0.8709036742800397,0.5294117647058824,0.7227611940298507,0.18518518518518517,1.5396969787021118,0.0,27,2014,
emb_tf-sapiens,17,1,lung_I,lung_H,lung_E,4,tcp_standard_thr,0.5034860628783465,0.5228401191658392,0.18461538461538463,0.3517647058823529,1.0,0.7196500520123713,0.2830188679245283,27,2014,
emb_tf-sapiens,17,1,lung_I,lung_H,lung_E,4,tcp_standard_aps,0.8020822782434441,0.823733862959285,0.49019607843137253,0.6545893719806763,0.4444444444444444,1.4529309689822196,0.015888778550148957,27,2014,
emb_tf-sapiens,17,1,lung_I,lung_H,lung_E,4,tcp_classwise_thr,0.6715931247186759,0.6668321747765641,0.38317757009345793,0.4608333333333333,0.8518518518518519,1.763185295662848,0.0,27,2014,
emb_tf-sapiens,17,1,lung_I,lung_H,lung_E,4,tcp_cluster_thr,1.0,1.0,1.0,1.0,0.0,4.0,0.0,27,2014,
emb_tf-sapiens,18,0,lung_H,lung_I,lung_G,4,cell_pooled,0.8272561738114723,0.8409005628517824,0.5714285714285714,0.6386865671641792,0.43333333333333335,1.8805465164647375,0.0,30,2665,0.9073783359497645
emb_tf-sapiens,18,0,lung_H,lung_I,lung_G,4,classwise,0.8174743497449036,0.8315196998123827,0.5714285714285714,0.6391304347826087,0.4,1.368284156400466,0.003377110694183865,30,2665,
emb_tf-sapiens,18,0,lung_H,lung_I,lung_G,4,donor_weighted,0.8369279841058167,0.8514071294559099,0.5714285714285714,0.650686567164179,0.36666666666666664,1.9471478843515004,0.0,30,2665,
emb_tf-sapiens,18,0,lung_H,lung_I,lung_G,4,donor_crc,0.8529636423692308,0.8637898686679174,0.6071428571428571,0.6634782608695652,0.3333333333333333,2.033979215989076,0.0,30,2665,
emb_tf-sapiens,18,0,lung_H,lung_I,lung_G,4,tcp_standard_thr,0.8272561738114723,0.8409005628517824,0.5714285714285714,0.6386865671641792,0.43333333333333335,1.8805465164647375,0.0,30,2665,
emb_tf-sapiens,18,0,lung_H,lung_I,lung_G,4,tcp_standard_aps,0.834537147802113,0.8472795497185741,0.5714285714285714,0.6259182349123946,0.3333333333333333,1.9262652355245578,0.00075046904315197,30,2665,
emb_tf-sapiens,18,0,lung_H,lung_I,lung_G,4,tcp_classwise_thr,0.8174743497449036,0.8315196998123827,0.5714285714285714,0.6391304347826087,0.4,1.368284156400466,0.003377110694183865,30,2665,
emb_tf-sapiens,18,0,lung_H,lung_I,lung_G,4,tcp_cluster_thr,1.0,1.0,1.0,1.0,0.0,4.0,0.0,30,2665,
emb_tf-sapiens,18,1,lung_H,lung_I,lung_G,4,cell_pooled,0.8681109550184092,0.864941366761019,0.6268656716417911,0.7376632397888303,0.26666666666666666,1.7549199443385766,0.0,30,2473,0.8966725043782837
emb_tf-sapiens,18,1,lung_H,lung_I,lung_G,4,classwise,0.8395921140604813,0.8439142741609381,0.6268656716417911,0.7258152173913043,0.26666666666666666,1.3210846867464945,0.0008087343307723412,30,2473,
emb_tf-sapiens,18,1,lung_H,lung_I,lung_G,4,donor_weighted,0.8691252633218532,0.8661544682571776,0.6347826086956522,0.7376632397888303,0.23333333333333334,1.765073341563154,0.0,30,2473,
emb_tf-sapiens,18,1,lung_H,lung_I,lung_G,4,donor_crc,0.892203641271249,0.8892033966841892,0.6567164179104478,0.7787440955821062,0.13333333333333333,1.9083337101180204,0.0,30,2473,
emb_tf-sapiens,18,1,lung_H,lung_I,lung_G,4,tcp_standard_thr,0.8681109550184092,0.864941366761019,0.6268656716417911,0.7376632397888303,0.26666666666666666,1.7549199443385766,0.0,30,2473,
emb_tf-sapiens,18,1,lung_H,lung_I,lung_G,4,tcp_standard_aps,0.8717882156124805,0.8669632025879499,0.6417910447761194,0.7433175882189498,0.23333333333333334,1.787497206020859,0.0008087343307723412,30,2473,
emb_tf-sapiens,18,1,lung_H,lung_I,lung_G,4,tcp_classwise_thr,0.8395921140604813,0.8439142741609381,0.6268656716417911,0.7258152173913043,0.26666666666666666,1.3210846867464945,0.0008087343307723412,30,2473,
emb_tf-sapiens,18,1,lung_H,lung_I,lung_G,4,tcp_cluster_thr,1.0,1.0,1.0,1.0,0.0,4.0,0.0,30,2473,
emb_tf-sapiens,19,0,lung_H,lung_E,lung_I,4,cell_pooled,0.8899892902143672,0.8967943706020328,0.6268656716417911,0.7492857142857143,0.3,2.5406067175455505,0.0,30,1279,0.9205561072492552
emb_tf-sapiens,19,0,lung_H,lung_E,lung_I,4,classwise,0.7191531601276377,0.7200938232994527,0.2222222222222222,0.41228070175438597,0.6,1.3225653022775405,0.00547302580140735,30,1279,
emb_tf-sapiens,19,0,lung_H,lung_E,lung_I,4,donor_weighted,0.8899892902143672,0.8967943706020328,0.6268656716417911,0.7492857142857143,0.3,2.5417773524661853,0.0,30,1279,
emb_tf-sapiens,19,0,lung_H,lung_E,lung_I,4,donor_crc,0.924366233798986,0.9296325254104769,0.7014925373134329,0.7821428571428571,0.16666666666666666,2.7360355761433284,0.0,30,1279,
emb_tf-sapiens,19,0,lung_H,lung_E,lung_I,4,tcp_standard_thr,0.8899892902143672,0.8967943706020328,0.6268656716417911,0.7492857142857143,0.3,2.5406067175455505,0.0,30,1279,
emb_tf-sapiens,19,0,lung_H,lung_E,lung_I,4,tcp_standard_aps,0.899938669883079,0.9053948397185301,0.6417910447761194,0.75,0.23333333333333334,2.5869036379795074,0.0,30,1279,
emb_tf-sapiens,19,0,lung_H,lung_E,lung_I,4,tcp_classwise_thr,0.7191531601276377,0.7200938232994527,0.2222222222222222,0.41228070175438597,0.6,1.3225653022775405,0.00547302580140735,30,1279,
emb_tf-sapiens,19,0,lung_H,lung_E,lung_I,4,tcp_cluster_thr,0.9327798528099901,0.9452697419859265,0.75,0.8602365530836384,0.1,2.095299000590006,0.0,30,1279,
emb_tf-sapiens,19,1,lung_H,lung_E,lung_I,4,cell_pooled,0.9025939726940826,0.9018612521150592,0.5671641791044776,0.7246710526315789,0.23333333333333334,2.438365078090255,0.0,30,1182,0.8728897715988083
emb_tf-sapiens,19,1,lung_H,lung_E,lung_I,4,classwise,0.7247340879808841,0.7284263959390863,0.2222222222222222,0.41228070175438597,0.6,1.3042962445823776,0.009306260575296108,30,1182,
emb_tf-sapiens,19,1,lung_H,lung_E,lung_I,4,donor_weighted,0.9051556011346886,0.9052453468697124,0.582089552238806,0.743421052631579,0.23333333333333334,2.4499491204122905,0.0,30,1182,
emb_tf-sapiens,19,1,lung_H,lung_E,lung_I,4,donor_crc,0.9218768185227711,0.9247038917089678,0.6417910447761194,0.74375,0.13333333333333333,2.600919510356364,0.0,30,1182,
emb_tf-sapiens,19,1,lung_H,lung_E,lung_I,4,tcp_standard_thr,0.9025939726940826,0.9018612521150592,0.5671641791044776,0.7246710526315789,0.23333333333333334,2.438365078090255,0.0,30,1182,
emb_tf-sapiens,19,1,lung_H,lung_E,lung_I,4,tcp_standard_aps,0.9028421031597665,0.9027072758037225,0.6119402985074627,0.74375,0.2,2.442470058830868,0.0,30,1182,
emb_tf-sapiens,19,1,lung_H,lung_E,lung_I,4,tcp_classwise_thr,0.7247340879808841,0.7284263959390863,0.2222222222222222,0.41228070175438597,0.6,1.3042962445823776,0.009306260575296108,30,1182,
emb_tf-sapiens,19,1,lung_H,lung_E,lung_I,4,tcp_cluster_thr,0.7470270212111191,0.754653130287648,0.2222222222222222,0.44324717874044417,0.5333333333333333,2.256368870942555,0.0,30,1182,
emb_tf-sapiens,20,0,lung_I,lung_F,lung_G,6,cell_pooled,0.9141753173275414,0.905500184569952,0.7954545454545454,0.8380619380619381,0.03333333333333333,0.9700767896933847,0.03137689184200812,30,2709,0.8890784982935154
emb_tf-sapiens,20,0,lung_I,lung_F,lung_G,6,classwise,0.9237947195339636,0.920265780730897,0.8106060606060606,0.8773955773955774,0.0,0.9915258777237158,0.014765596160944998,30,2709,
emb_tf-sapiens,20,0,lung_I,lung_F,lung_G,6,donor_weighted,0.9333670148605654,0.9258028792912514,0.8409090909090909,0.888095238095238,0.0,1.0044491817231427,0.0,30,2709,
emb_tf-sapiens,20,0,lung_I,lung_F,lung_G,6,donor_crc,0.9337333152268658,0.926172019195275,0.8409090909090909,0.888095238095238,0.0,1.004815482089443,0.0,30,2709,
emb_tf-sapiens,20,0,lung_I,lung_F,lung_G,6,tcp_standard_thr,0.9141753173275414,0.905500184569952,0.7954545454545454,0.8380619380619381,0.03333333333333333,0.9700767896933847,0.03137689184200812,30,2709,
emb_tf-sapiens,20,0,lung_I,lung_F,lung_G,6,tcp_standard_aps,0.8990720217058511,0.8866740494647471,0.8333333333333334,0.8380619380619381,0.0,0.9834528404977012,0.052417866371354746,30,2709,
emb_tf-sapiens,20,0,lung_I,lung_F,lung_G,6,tcp_classwise_thr,0.9237947195339636,0.920265780730897,0.8106060606060606,0.8773955773955774,0.0,0.9915258777237158,0.014765596160944998,30,2709,
emb_tf-sapiens,20,0,lung_I,lung_F,lung_G,6,tcp_cluster_thr,0.9065857624376018,0.9158361018826136,0.6,0.8620570107858244,0.03333333333333333,1.94482858471649,0.0,30,2709,
emb_tf-sapiens,20,1,lung_I,lung_F,lung_G,6,cell_pooled,0.8975387525055287,0.8983994432846207,0.7803030303030303,0.8120568111134149,0.03333333333333333,0.9655502987552352,0.030271398747390398,30,2874,0.9244951712028094
emb_tf-sapiens,20,1,lung_I,lung_F,lung_G,6,classwise,0.862062392895907,0.8796102992345164,0.6,0.774265038444143,0.23333333333333334,0.932401564403829,0.04697286012526096,30,2874,
emb_tf-sapiens,20,1,lung_I,lung_F,lung_G,6,donor_weighted,0.9010603193705147,0.9022268615170494,0.7803030303030303,0.8219469210035247,0.03333333333333333,0.9710387343175059,0.024008350730688934,30,2874,
emb_tf-sapiens,20,1,lung_I,lung_F,lung_G,6,donor_crc,0.9192359888789622,0.9144050104384134,0.8018867924528302,0.8456092579986385,0.0,1.0043574915001685,0.0,30,2874,
emb_tf-sapiens,20,1,lung_I,lung_F,lung_G,6,tcp_standard_thr,0.8975387525055287,0.8983994432846207,0.7803030303030303,0.8120568111134149,0.03333333333333333,0.9655502987552352,0.030271398747390398,30,2874,
emb_tf-sapiens,20,1,lung_I,lung_F,lung_G,6,tcp_standard_aps,0.8793791000688611,0.8792623521224774,0.7803030303030303,0.8085714285714286,0.06666666666666667,0.9860685567571406,0.05080027835768963,30,2874,
emb_tf-sapiens,20,1,lung_I,lung_F,lung_G,6,tcp_classwise_thr,0.862062392895907,0.8796102992345164,0.6,0.774265038444143,0.23333333333333334,0.932401564403829,0.04697286012526096,30,2874,
emb_tf-sapiens,20,1,lung_I,lung_F,lung_G,6,tcp_cluster_thr,0.8905150976789682,0.8997912317327766,0.6,0.812465146793505,0.06666666666666667,1.934783715942365,0.0,30,2874,
emb_tf-sapiens,21,0,lung_H,lung_I,lung_E,4,cell_pooled,0.8837255861069949,0.8872889771598809,0.6865671641791045,0.75,0.18518518518518517,1.8439081548101266,0.0,27,2014,0.9107468123861566
emb_tf-sapiens,21,0,lung_H,lung_I,lung_E,4,classwise,0.7809500959976582,0.7740814299900695,0.5981308411214953,0.658187134502924,0.5925925925925926,1.3931611798272527,0.02432969215491559,27,2014,
emb_tf-sapiens,21,0,lung_H,lung_I,lung_E,4,donor_weighted,0.8815086262935382,0.8853028798411122,0.6865671641791045,0.75,0.18518518518518517,1.8324905769891617,0.0,27,2014,
emb_tf-sapiens,21,0,lung_H,lung_I,lung_E,4,donor_crc,0.9290761720925718,0.9324726911618669,0.7611940298507462,0.8546213093709885,0.037037037037037035,1.9921288028769568,0.0,27,2014,
emb_tf-sapiens,21,0,lung_H,lung_I,lung_E,4,tcp_standard_thr,0.8837255861069949,0.8872889771598809,0.6865671641791045,0.75,0.18518518518518517,1.8439081548101266,0.0,27,2014,
emb_tf-sapiens,21,0,lung_H,lung_I,lung_E,4,tcp_standard_aps,0.8899356084411283,0.8937437934458788,0.7313432835820896,0.783623693379791,0.14814814814814814,1.8704415764593405,0.0,27,2014,
emb_tf-sapiens,21,0,lung_H,lung_I,lung_E,4,tcp_classwise_thr,0.7809500959976582,0.7740814299900695,0.5981308411214953,0.658187134502924,0.5925925925925926,1.3931611798272527,0.02432969215491559,27,2014,
emb_tf-sapiens,21,0,lung_H,lung_I,lung_E,4,tcp_cluster_thr,1.0,1.0,1.0,1.0,0.0,4.0,0.0,27,2014,
emb_tf-sapiens,21,1,lung_H,lung_I,lung_E,4,cell_pooled,0.9346399938194259,0.9369414101290964,0.7761194029850746,0.8479094076655053,0.07407407407407407,1.982919091315129,0.0,27,2014,0.8642857142857143
emb_tf-sapiens,21,1,lung_H,lung_I,lung_E,4,classwise,0.8187846749610098,0.8113207547169812,0.616822429906542,0.673004542504867,0.37037037037037035,1.4467449412409101,0.02135054617676266,27,2014,
emb_tf-sapiens,21,1,lung_H,lung_I,lung_E,4,donor_weighted,0.9379408042757413,0.9399205561072492,0.7761194029850746,0.8488721804511278,0.07407407407407407,1.9981977162263647,0.0,27,2014,
emb_tf-sapiens,21,1,lung_H,lung_I,lung_E,4,donor_crc,0.963940110811813,0.964746772591857,0.7910447761194029,0.8913875598086124,0.037037037037037035,2.2205381852176207,0.0,27,2014,
emb_tf-sapiens,21,1,lung_H,lung_I,lung_E,4,tcp_standard_thr,0.9346399938194259,0.9369414101290964,0.7761194029850746,0.8479094076655053,0.07407407407407407,1.982919091315129,0.0,27,2014,
emb_tf-sapiens,21,1,lung_H,lung_I,lung_E,4,tcp_standard_aps,0.9349985200127021,0.9364448857994042,0.746268656716418,0.8490372272143774,0.07407407407407407,2.0165250203409033,0.0,27,2014,
emb_tf-sapiens,21,1,lung_H,lung_I,lung_E,4,tcp_classwise_thr,0.8187846749610098,0.8113207547169812,0.616822429906542,0.673004542504867,0.37037037037037035,1.4467449412409101,0.02135054617676266,27,2014,
emb_tf-sapiens,21,1,lung_H,lung_I,lung_E,4,tcp_cluster_thr,1.0,1.0,1.0,1.0,0.0,4.0,0.0,27,2014,
emb_tf-sapiens,22,0,lung_E,lung_C,lung_F,3,cell_pooled,0.9168061023772152,0.9618729096989966,0.0,0.7791666666666667,0.13333333333333333,0.9238480801257147,0.032107023411371234,30,1495,0.9179841897233202
emb_tf-sapiens,22,0,lung_E,lung_C,lung_F,3,classwise,0.9502126907593367,0.9357859531772575,0.6271186440677966,0.8823694029850747,0.1,0.9502126907593367,0.06421404682274247,30,1495,
emb_tf-sapiens,22,0,lung_E,lung_C,lung_F,3,donor_weighted,0.9092755076035481,0.9565217391304348,0.0,0.7738636363636364,0.13333333333333333,0.9155928476708882,0.03812709030100334,30,1495,
emb_tf-sapiens,22,0,lung_E,lung_C,lung_F,3,donor_crc,0.955759697517251,0.9752508361204013,0.5,0.9103571428571429,0.06666666666666667,0.9650744025384778,0.016722408026755852,30,1495,
emb_tf-sapiens,22,0,lung_E,lung_C,lung_F,3,tcp_standard_thr,0.9168061023772152,0.9618729096989966,0.0,0.7791666666666667,0.13333333333333333,0.9238480801257147,0.032107023411371234,30,1495,
emb_tf-sapiens,22,0,lung_E,lung_C,lung_F,3,tcp_standard_aps,0.9220557094370222,0.9070234113712374,0.8181818181818182,0.8398370497427101,0.0,0.9859184775524716,0.08561872909698996,30,1495,
emb_tf-sapiens,22,0,lung_E,lung_C,lung_F,3,tcp_classwise_thr,0.9497151783215259,0.934448160535117,0.6271186440677966,0.8808768656716419,0.1,0.9497151783215259,0.06555183946488294,30,1495,
emb_tf-sapiens,22,0,lung_E,lung_C,lung_F,3,tcp_cluster_thr,0.9436296703176976,0.9377926421404682,0.423728813559322,0.8922149122807018,0.06666666666666667,0.9439145706025979,0.06153846153846154,30,1495,
emb_tf-sapiens,22,1,lung_E,lung_C,lung_F,3,cell_pooled,0.9094133148528486,0.9525423728813559,0.0,0.7791666666666667,0.13333333333333333,0.9169182555643112,0.04067796610169491,30,1475,0.8962450592885376
emb_tf-sapiens,22,1,lung_E,lung_C,lung_F,3,classwise,0.9438899394365854,0.9267796610169492,0.6271186440677966,0.8511194029850747,0.1,0.9438899394365854,0.07322033898305084,30,1475,
emb_tf-sapiens,22,1,lung_E,lung_C,lung_F,3,donor_weighted,0.8926039676425345,0.9403389830508475,0.0,0.708732057416268,0.16666666666666666,0.8993842706728375,0.05355932203389831,30,1475,
emb_tf-sapiens,22,1,lung_E,lung_C,lung_F,3,donor_crc,0.9524604772443465,0.9708474576271187,0.5,0.9103571428571429,0.06666666666666667,0.9629325896729806,0.01966101694915254,30,1475,
emb_tf-sapiens,22,1,lung_E,lung_C,lung_F,3,tcp_standard_thr,0.9094133148528486,0.9525423728813559,0.0,0.7791666666666667,0.13333333333333333,0.9169182555643112,0.04067796610169491,30,1475,
emb_tf-sapiens,22,1,lung_E,lung_C,lung_F,3,tcp_standard_aps,0.8988986703856816,0.9159322033898305,0.0,0.8624378109452736,0.06666666666666667,0.974131019215047,0.0759322033898305,30,1475,
emb_tf-sapiens,22,1,lung_E,lung_C,lung_F,3,tcp_classwise_thr,0.94364118321768,0.9261016949152543,0.6271186440677966,0.8503731343283583,0.1,0.94364118321768,0.07389830508474576,30,1475,
emb_tf-sapiens,22,1,lung_E,lung_C,lung_F,3,tcp_cluster_thr,0.9359434747781219,0.9274576271186441,0.423728813559322,0.8542397660818714,0.06666666666666667,0.9362283750630223,0.07186440677966102,30,1475,
emb_tf-sapiens,23,0,lung_E,lung_H,lung_G,5,cell_pooled,0.6163145517373383,0.5994980279670132,0.3511450381679389,0.41509672402060854,0.8333333333333334,0.7192082591318176,0.2889924704195052,30,2789,0.899876390605686
emb_tf-sapiens,23,0,lung_E,lung_H,lung_G,5,classwise,0.6271160109571637,0.6292577984940839,0.2,0.4261528326745718,0.7666666666666667,1.5855864299813374,0.005736823234134099,30,2789,
emb_tf-sapiens,23,0,lung_E,lung_H,lung_G,5,donor_weighted,0.6165770189289393,0.5998565794191466,0.3511450381679389,0.4221833381938369,0.8333333333333334,0.7194707263234187,0.28863391896737184,30,2789,
emb_tf-sapiens,23,0,lung_E,lung_H,lung_G,5,donor_crc,0.9113754195528225,0.9071351738974542,0.7384615384615385,0.8258690224697522,0.1,1.610995848947206,0.0,30,2789,
emb_tf-sapiens,23,0,lung_E,lung_H,lung_G,5,tcp_standard_thr,0.6163145517373383,0.5994980279670132,0.3511450381679389,0.41509672402060854,0.8333333333333334,0.7192082591318176,0.2889924704195052,30,2789,
emb_tf-sapiens,23,0,lung_E,lung_H,lung_G,5,tcp_standard_aps,0.7938712436645948,0.779849408390104,0.6354166666666666,0.6623440700055856,0.5333333333333333,1.1625635058422568,0.01864467551093582,30,2789,
emb_tf-sapiens,23,0,lung_E,lung_H,lung_G,5,tcp_classwise_thr,0.6347770023988446,0.6364288275367516,0.2,0.42691040843214756,0.7,2.01173395103555,0.0,30,2789,
emb_tf-sapiens,23,0,lung_E,lung_H,lung_G,5,tcp_cluster_thr,1.0,1.0,1.0,1.0,0.0,5.0,0.0,30,2789,
emb_tf-sapiens,23,1,lung_E,lung_H,lung_G,5,cell_pooled,0.6455972191118374,0.6418367346938776,0.3950617283950617,0.4243438320209974,0.7666666666666667,0.7310844626773092,0.2717687074829932,30,2940,0.9085290482076638
emb_tf-sapiens,23,1,lung_E,lung_H,lung_G,5,classwise,0.6631367641385357,0.6540816326530612,0.2595419847328244,0.4704347826086957,0.7333333333333333,1.5539487040513642,0.004421768707482994,30,2940,
emb_tf-sapiens,23,1,lung_E,lung_H,lung_G,5,donor_weighted,0.651089024787846,0.6462585034013606,0.3950617283950617,0.42744115776081426,0.7666666666666667,0.7402572667438838,0.26292517006802724,30,2940,
emb_tf-sapiens,23,1,lung_E,lung_H,lung_G,5,donor_crc,0.9103973771975611,0.9102040816326531,0.7384615384615385,0.8404773622047245,0.06666666666666667,1.5411937183327573,0.0,30,2940,
emb_tf-sapiens,23,1,lung_E,lung_H,lung_G,5,tcp_standard_thr,0.6455972191118374,0.6418367346938776,0.3950617283950617,0.4243438320209974,0.7666666666666667,0.7310844626773092,0.2717687074829932,30,2940,
emb_tf-sapiens,23,1,lung_E,lung_H,lung_G,5,tcp_standard_aps,0.8157227888837367,0.8122448979591836,0.6067415730337079,0.6844366676387674,0.36666666666666664,1.1482782778154532,0.01870748299319728,30,2940,
emb_tf-sapiens,23,1,lung_E,lung_H,lung_G,5,tcp_classwise_thr,0.6726303313203771,0.6625850340136055,0.26717557251908397,0.4704347826086957,0.6666666666666666,2.0225389894898127,0.0,30,2940,
emb_tf-sapiens,23,1,lung_E,lung_H,lung_G,5,tcp_cluster_thr,1.0,1.0,1.0,1.0,0.0,5.0,0.0,30,2940,
emb_tf-exemplar-human,0,0,lung_I,lung_C,lung_F,3,cell_pooled,0.5465653482831788,0.6297213622291021,0.0,0.1211538461538462,0.7666666666666667,0.5468051564366561,0.3696594427244582,30,1615,0.8972332015810277
emb_tf-exemplar-human,0,0,lung_I,lung_C,lung_F,3,classwise,0.45153510063522806,0.5318885448916408,0.0,0.06923076923076926,0.7666666666666667,0.4522378717516683,0.46687306501547987,30,1615,
emb_tf-exemplar-human,0,0,lung_I,lung_C,lung_F,3,donor_weighted,0.591017742440522,0.6860681114551084,0.0,0.13846153846153852,0.7,0.5912575505939992,0.31331269349845203,30,1615,
emb_tf-exemplar-human,0,0,lung_I,lung_C,lung_F,3,donor_crc,0.736062408492019,0.8012383900928792,0.0,0.24956140350877193,0.4666666666666667,0.736765179608459,0.19752321981424148,30,1615,
emb_tf-exemplar-human,0,0,lung_I,lung_C,lung_F,3,tcp_standard_thr,0.6095525918705962,0.7046439628482972,0.0,0.17307692307692316,0.7,0.6097924000240733,0.29473684210526313,30,1615,
emb_tf-exemplar-human,0,0,lung_I,lung_C,lung_F,3,tcp_standard_aps,0.8975465464051833,0.8922600619195047,0.6666666666666666,0.8269230769230769,0.06666666666666667,0.9056033478993549,0.10464396284829722,30,1615,
emb_tf-exemplar-human,0,0,lung_I,lung_C,lung_F,3,tcp_classwise_thr,0.621775173161241,0.718266253869969,0.0,0.17307692307692316,0.7,0.6224779442776811,0.2804953560371517,30,1615,
emb_tf-exemplar-human,0,0,lung_I,lung_C,lung_F,3,tcp_cluster_thr,0.6207472384468655,0.7170278637770898,0.0,0.17307692307692316,0.7,0.6214500095633056,0.28173374613003094,30,1615,
emb_tf-exemplar-human,0,1,lung_I,lung_C,lung_F,3,cell_pooled,0.6068202326150598,0.6894132653061225,0.0,0.2250000000000001,0.8,0.607060040768537,0.30994897959183676,30,1568,0.9120553359683794
emb_tf-exemplar-human,0,1,lung_I,lung_C,lung_F,3,classwise,0.5029869039309086,0.5790816326530612,0.0,0.0,0.7666666666666667,0.5032267120843859,0.42028061224489793,30,1568,
emb_tf-exemplar-human,0,1,lung_I,lung_C,lung_F,3,donor_weighted,0.7268625271950019,0.7933673469387755,0.0,0.43409090909090914,0.4666666666666667,0.7271023353484792,0.2059948979591837,30,1568,
emb_tf-exemplar-human,0,1,lung_I,lung_C,lung_F,3,donor_crc,0.8153331622747224,0.8864795918367347,0.0,0.5818181818181819,0.23333333333333334,0.8155729704281995,0.11288265306122448,30,1568,
emb_tf-exemplar-human,0,1,lung_I,lung_C,lung_F,3,tcp_standard_thr,0.6394502546068213,0.735969387755102,0.0,0.2250000000000001,0.7,0.6396900627602984,0.26339285714285715,30,1568,
emb_tf-exemplar-human,0,1,lung_I,lung_C,lung_F,3,tcp_standard_aps,0.9008665170324317,0.8985969387755102,0.6,0.8304878048780489,0.03333333333333333,0.9091275141444682,0.09630102040816327,30,1568,
emb_tf-exemplar-human,0,1,lung_I,lung_C,lung_F,3,tcp_classwise_thr,0.6343877273326183,0.7219387755102041,0.0,0.2250000000000001,0.7,0.6346275354860956,0.2774234693877551,30,1568,
emb_tf-exemplar-human,0,1,lung_I,lung_C,lung_F,3,tcp_cluster_thr,0.6343877273326183,0.7219387755102041,0.0,0.2250000000000001,0.7,0.6346275354860956,0.2774234693877551,30,1568,
emb_tf-exemplar-human,1,0,lung_G,lung_E,lung_I,6,cell_pooled,0.9436260110597148,0.9407944996180291,0.6470588235294118,0.7859744990892532,0.13333333333333333,2.359056341056397,0.0,30,2618,0.88756927949327
emb_tf-exemplar-human,1,0,lung_G,lung_E,lung_I,6,classwise,0.8777790876587848,0.8957219251336899,0.6147540983606558,0.74375,0.26666666666666666,1.7052801105034823,0.0,30,2618,
emb_tf-exemplar-human,1,0,lung_G,lung_E,lung_I,6,donor_weighted,0.9445327196551025,0.9419404125286478,0.6470588235294118,0.7859744990892532,0.13333333333333333,2.365939706053008,0.0,30,2618,
emb_tf-exemplar-human,1,0,lung_G,lung_E,lung_I,6,donor_crc,0.9584924693446852,0.9549274255156608,0.7641509433962265,0.8811475409836066,0.06666666666666667,2.576880613774487,0.0,30,2618,
emb_tf-exemplar-human,1,0,lung_G,lung_E,lung_I,6,tcp_standard_thr,0.9436260110597148,0.9407944996180291,0.6470588235294118,0.7859744990892532,0.13333333333333333,2.359056341056397,0.0,30,2618,
emb_tf-exemplar-human,1,0,lung_G,lung_E,lung_I,6,tcp_standard_aps,0.94359285778511,0.9404125286478228,0.6588235294117647,0.8036885245901639,0.1,2.4207432852164854,0.0015278838808250573,30,2618,
emb_tf-exemplar-human,1,0,lung_G,lung_E,lung_I,6,tcp_classwise_thr,0.8777790876587848,0.8957219251336899,0.6147540983606558,0.74375,0.26666666666666666,1.71070276473064,0.0,30,2618,
emb_tf-exemplar-human,1,0,lung_G,lung_E,lung_I,6,tcp_cluster_thr,0.8761088125387293,0.8949579831932774,0.6311475409836066,0.6934558823529412,0.26666666666666666,2.365731282501648,0.0,30,2618,
emb_tf-exemplar-human,1,1,lung_G,lung_E,lung_I,6,cell_pooled,0.9590065575338027,0.9552405818724357,0.8255813953488372,0.921050217839945,0.0,1.32282052844705,0.0,30,2681,0.894695170229612
emb_tf-exemplar-human,1,1,lung_G,lung_E,lung_I,6,classwise,0.8925831326396269,0.9365908243192839,0.375,0.6843137254901961,0.13333333333333333,1.5596693763888752,0.0,30,2681,
emb_tf-exemplar-human,1,1,lung_G,lung_E,lung_I,6,donor_weighted,0.9590065575338027,0.9552405818724357,0.8255813953488372,0.921050217839945,0.0,1.325154407910785,0.0,30,2681,
emb_tf-exemplar-human,1,1,lung_G,lung_E,lung_I,6,donor_crc,0.9641680558543099,0.9608355091383812,0.8604651162790697,0.9293367346938776,0.0,1.4316599787619397,0.0,30,2681,
emb_tf-exemplar-human,1,1,lung_G,lung_E,lung_I,6,tcp_standard_thr,0.9590065575338027,0.9552405818724357,0.8255813953488372,0.921050217839945,0.0,1.32282052844705,0.0,30,2681,
emb_tf-exemplar-human,1,1,lung_G,lung_E,lung_I,6,tcp_standard_aps,0.922109997617833,0.9224170085788884,0.813953488372093,0.8797551020408163,0.0,1.361698747815176,0.03021260723610593,30,2681,
emb_tf-exemplar-human,1,1,lung_G,lung_E,lung_I,6,tcp_classwise_thr,0.8925831326396269,0.9365908243192839,0.375,0.6843137254901961,0.13333333333333333,1.5660758624368791,0.0,30,2681,
emb_tf-exemplar-human,1,1,lung_G,lung_E,lung_I,6,tcp_cluster_thr,0.8736620065766328,0.916822081312943,0.375,0.6666666666666666,0.2,1.451748406433625,0.0,30,2681,
emb_tf-exemplar-human,2,0,lung_E,lung_I,lung_C,3,cell_pooled,0.9927162385877336,0.9906126482213439,0.9624060150375939,0.9779411764705882,0.0,0.9973126607771409,0.003458498023715415,21,2024,0.9071969696969697
emb_tf-exemplar-human,2,0,lung_E,lung_I,lung_C,3,classwise,0.9832083660923074,0.9812252964426877,0.9473684210526315,0.9557522123893806,0.0,0.9869967727678166,0.01383399209486166,21,2024,
emb_tf-exemplar-human,2,0,lung_E,lung_I,lung_C,3,donor_weighted,0.9911214705353062,0.9886363636363636,0.9624060150375939,0.9711538461538461,0.0,0.9945518392587925,0.00691699604743083,21,2024,
emb_tf-exemplar-human,2,0,lung_E,lung_I,lung_C,3,donor_crc,0.9931491390206342,0.991106719367589,0.9624060150375939,0.9779411764705882,0.0,0.9977455612100414,0.0029644268774703555,21,2024,
emb_tf-exemplar-human,2,0,lung_E,lung_I,lung_C,3,tcp_standard_thr,0.9927162385877336,0.9906126482213439,0.9624060150375939,0.9779411764705882,0.0,0.9973126607771409,0.003458498023715415,21,2024,
emb_tf-exemplar-human,2,0,lung_E,lung_I,lung_C,3,tcp_standard_aps,0.9050101987740368,0.9016798418972332,0.8518518518518519,0.8721804511278195,0.0,0.9148263207699494,0.09239130434782608,21,2024,
emb_tf-exemplar-human,2,0,lung_E,lung_I,lung_C,3,tcp_classwise_thr,0.9832083660923074,0.9812252964426877,0.9473684210526315,0.9557522123893806,0.0,0.9869967727678166,0.01383399209486166,21,2024,
emb_tf-exemplar-human,2,0,lung_E,lung_I,lung_C,3,tcp_cluster_thr,1.0,1.0,1.0,1.0,0.0,3.0,0.0,21,2024,
emb_tf-exemplar-human,2,1,lung_E,lung_I,lung_C,3,cell_pooled,0.9919446910306577,0.9896245059288538,0.9624060150375939,0.9711538461538461,0.0,0.9953750597541442,0.005928853754940711,21,2024,0.9206008583690987
emb_tf-exemplar-human,2,1,lung_E,lung_I,lung_C,3,classwise,0.9809869857368865,0.9782608695652174,0.9338235294117647,0.9473684210526315,0.0,0.9847753924123956,0.016798418972332016,21,2024,
emb_tf-exemplar-human,2,1,lung_E,lung_I,lung_C,3,donor_weighted,0.9911214705353062,0.9886363636363636,0.9624060150375939,0.9711538461538461,0.0,0.9945518392587925,0.00691699604743083,21,2024,
emb_tf-exemplar-human,2,1,lung_E,lung_I,lung_C,3,donor_crc,0.9945876644006947,0.9930830039525692,0.9699248120300752,0.9779411764705882,0.0,0.9991840865901016,0.0009881422924901185,21,2024,
emb_tf-exemplar-human,2,1,lung_E,lung_I,lung_C,3,tcp_standard_thr,0.9919446910306577,0.9896245059288538,0.9624060150375939,0.9711538461538461,0.0,0.9953750597541442,0.005928853754940711,21,2024,
emb_tf-exemplar-human,2,1,lung_E,lung_I,lung_C,3,tcp_standard_aps,0.9262558010845583,0.9184782608695652,0.8421052631578947,0.8759124087591241,0.0,0.9375346772721471,0.07559288537549406,21,2024,
emb_tf-exemplar-human,2,1,lung_E,lung_I,lung_C,3,tcp_classwise_thr,0.9809869857368865,0.9782608695652174,0.9338235294117647,0.9473684210526315,0.0,0.9847753924123956,0.016798418972332016,21,2024,
emb_tf-exemplar-human,2,1,lung_E,lung_I,lung_C,3,tcp_cluster_thr,1.0,1.0,1.0,1.0,0.0,3.0,0.0,21,2024,
emb_tf-exemplar-human,3,0,lung_I,lung_G,lung_F,6,cell_pooled,0.8163868417145328,0.8545966228893058,0.15,0.6186185747663552,0.26666666666666666,0.8401763209869285,0.124765478424015,30,2132,0.9123398516520567
emb_tf-exemplar-human,3,0,lung_I,lung_G,lung_F,6,classwise,0.8682783642063355,0.8846153846153846,0.35714285714285715,0.6955172413793104,0.16666666666666666,1.0110798526527591,0.03095684803001876,30,2132,
emb_tf-exemplar-human,3,0,lung_I,lung_G,lung_F,6,donor_weighted,0.8413580336312106,0.8794559099437148,0.2,0.6410570415726716,0.23333333333333334,0.8686021540209476,0.09662288930581614,30,2132,
emb_tf-exemplar-human,3,0,lung_I,lung_G,lung_F,6,donor_crc,0.934898551173471,0.9451219512195121,0.6896551724137931,0.8622429906542056,0.06666666666666667,1.0081507961931764,0.003283302063789869,30,2132,
emb_tf-exemplar-human,3,0,lung_I,lung_G,lung_F,6,tcp_standard_thr,0.8163868417145328,0.8545966228893058,0.15,0.6186185747663552,0.26666666666666666,0.8401763209869285,0.124765478424015,30,2132,
emb_tf-exemplar-human,3,0,lung_I,lung_G,lung_F,6,tcp_standard_aps,0.9272127809198151,0.9277673545966229,0.7241379310344828,0.8676086956521739,0.03333333333333333,1.0983316112792152,0.039868667917448405,30,2132,
emb_tf-exemplar-human,3,0,lung_I,lung_G,lung_F,6,tcp_classwise_thr,0.8685234622455511,0.8850844277673546,0.35714285714285715,0.6955172413793104,0.16666666666666666,1.0113249506919748,0.03048780487804878,30,2132,
emb_tf-exemplar-human,3,0,lung_I,lung_G,lung_F,6,tcp_cluster_thr,0.8524215640958588,0.8724202626641651,0.3364485981308411,0.5806250000000001,0.2,1.9637760479550217,0.0,30,2132,
emb_tf-exemplar-human,3,1,lung_I,lung_G,lung_F,6,cell_pooled,0.918835968873194,0.919454770755886,0.55,0.863680387409201,0.06666666666666667,0.9397021496406107,0.056588186699710864,30,2421,0.8961424332344213
emb_tf-exemplar-human,3,1,lung_I,lung_G,lung_F,6,classwise,0.9439452315354345,0.929781082197439,0.7959183673469388,0.8617896311066799,0.03333333333333333,1.0550523430080911,0.03676166873192895,30,2421,
emb_tf-exemplar-human,3,1,lung_I,lung_G,lung_F,6,donor_weighted,0.9171693022065273,0.9190417182982239,0.5,0.863680387409201,0.06666666666666667,0.938035482973944,0.057001239157372985,30,2421,
emb_tf-exemplar-human,3,1,lung_I,lung_G,lung_F,6,donor_crc,0.9712226345663815,0.966542750929368,0.897196261682243,0.9194805194805195,0.0,1.0111726640924825,0.0,30,2421,
emb_tf-exemplar-human,3,1,lung_I,lung_G,lung_F,6,tcp_standard_thr,0.918835968873194,0.919454770755886,0.55,0.863680387409201,0.06666666666666667,0.9397021496406107,0.056588186699710864,30,2421,
emb_tf-exemplar-human,3,1,lung_I,lung_G,lung_F,6,tcp_standard_aps,0.940614363532964,0.932672449401074,0.8260869565217391,0.8973634651600754,0.0,1.0325440149627225,0.040892193308550186,30,2421,
emb_tf-exemplar-human,3,1,lung_I,lung_G,lung_F,6,tcp_classwise_thr,0.9445304656290721,0.9306071871127634,0.8061224489795918,0.862524925224327,0.0,1.0556375771017286,0.03593556381660471,30,2421,
emb_tf-exemplar-human,3,1,lung_I,lung_G,lung_F,6,tcp_cluster_thr,0.8940351740832609,0.8954977282114829,0.5327102803738317,0.8226398601398601,0.1,1.9663392897217544,0.0,30,2421,
emb_tf-exemplar-human,4,0,lung_C,lung_E,lung_G,3,cell_pooled,0.9919444444444444,0.9985835694050992,0.8,1.0,0.0,0.9919444444444444,0.00141643059490085,30,2118,0.9013761467889908
emb_tf-exemplar-human,4,0,lung_C,lung_E,lung_G,3,classwise,0.9912500000000001,0.9981114258734656,0.8,1.0,0.0,0.9912500000000001,0.0018885741265344666,30,2118,
emb_tf-exemplar-human,4,0,lung_C,lung_E,lung_G,3,donor_weighted,0.9919444444444444,0.9985835694050992,0.8,1.0,0.0,0.9919444444444444,0.00141643059490085,30,2118,
emb_tf-exemplar-human,4,0,lung_C,lung_E,lung_G,3,donor_crc,0.992638888888889,0.9990557129367328,0.8,1.0,0.0,0.992638888888889,0.0009442870632672333,30,2118,
emb_tf-exemplar-human,4,0,lung_C,lung_E,lung_G,3,tcp_standard_thr,0.9919444444444444,0.9985835694050992,0.8,1.0,0.0,0.9919444444444444,0.00141643059490085,30,2118,
emb_tf-exemplar-human,4,0,lung_C,lung_E,lung_G,3,tcp_standard_aps,0.8613870078194049,0.8602455146364495,0.7571428571428571,0.8,0.06666666666666667,0.8699826868317507,0.1397544853635505,30,2118,
emb_tf-exemplar-human,4,0,lung_C,lung_E,lung_G,3,tcp_classwise_thr,0.9912500000000001,0.9981114258734656,0.8,1.0,0.0,0.9912500000000001,0.0018885741265344666,30,2118,
emb_tf-exemplar-human,4,0,lung_C,lung_E,lung_G,3,tcp_cluster_thr,0.9919444444444444,0.9985835694050992,0.8,1.0,0.0,0.9919444444444444,0.00141643059490085,30,2118,
emb_tf-exemplar-human,4,1,lung_C,lung_E,lung_G,3,cell_pooled,0.9919444444444444,0.9985007496251874,0.8,1.0,0.0,0.9919444444444444,0.0014992503748125937,30,2001,0.9071100917431193
emb_tf-exemplar-human,4,1,lung_C,lung_E,lung_G,3,classwise,0.9912500000000001,0.9980009995002499,0.8,1.0,0.0,0.9912500000000001,0.001999000499750125,30,2001,
emb_tf-exemplar-human,4,1,lung_C,lung_E,lung_G,3,donor_weighted,0.9919444444444444,0.9985007496251874,0.8,1.0,0.0,0.9919444444444444,0.0014992503748125937,30,2001,
emb_tf-exemplar-human,4,1,lung_C,lung_E,lung_G,3,donor_crc,0.992638888888889,0.999000499750125,0.8,1.0,0.0,0.992638888888889,0.0009995002498750624,30,2001,
emb_tf-exemplar-human,4,1,lung_C,lung_E,lung_G,3,tcp_standard_thr,0.9919444444444444,0.9985007496251874,0.8,1.0,0.0,0.9919444444444444,0.0014992503748125937,30,2001,
emb_tf-exemplar-human,4,1,lung_C,lung_E,lung_G,3,tcp_standard_aps,0.887474614811507,0.8765617191404298,0.7580645161290323,0.8437047898338221,0.06666666666666667,0.8948357259226182,0.12343828085957022,30,2001,
emb_tf-exemplar-human,4,1,lung_C,lung_E,lung_G,3,tcp_classwise_thr,0.9912500000000001,0.9980009995002499,0.8,1.0,0.0,0.9912500000000001,0.001999000499750125,30,2001,
emb_tf-exemplar-human,4,1,lung_C,lung_E,lung_G,3,tcp_cluster_thr,0.992638888888889,0.999000499750125,0.8,1.0,0.0,0.992638888888889,0.0009995002498750624,30,2001,
emb_tf-exemplar-human,5,0,lung_E,lung_C,lung_I,3,cell_pooled,0.6959391144521092,0.6694129763130793,0.07142857142857142,0.3657142857142857,0.6,0.6983200668330615,0.329557157569516,30,971,0.8982213438735178
emb_tf-exemplar-human,5,0,lung_E,lung_C,lung_I,3,classwise,0.7009655524094199,0.6694129763130793,0.07142857142857142,0.39571428571428574,0.6333333333333333,0.7009655524094199,0.3305870236869207,30,971,
emb_tf-exemplar-human,5,0,lung_E,lung_C,lung_I,3,donor_weighted,0.676132760743804,0.6457260556127703,0.07142857142857142,0.3587912087912088,0.6333333333333333,0.6785137131247564,0.3532440782698249,30,971,
emb_tf-exemplar-human,5,0,lung_E,lung_C,lung_I,3,donor_crc,0.7302595513164098,0.7085478887744593,0.07142857142857142,0.39692307692307693,0.5,0.7326405036973623,0.29042224510813597,30,971,
emb_tf-exemplar-human,5,0,lung_E,lung_C,lung_I,3,tcp_standard_thr,0.6959391144521092,0.6694129763130793,0.07142857142857142,0.3657142857142857,0.6,0.6983200668330615,0.329557157569516,30,971,
emb_tf-exemplar-human,5,0,lung_E,lung_C,lung_I,3,tcp_standard_aps,0.9217629019032777,0.9227600411946447,0.8,0.8514285714285714,0.0,0.9921188436501969,0.06488156539649846,30,971,
emb_tf-exemplar-human,5,0,lung_E,lung_C,lung_I,3,tcp_classwise_thr,0.7009655524094199,0.6694129763130793,0.07142857142857142,0.39571428571428574,0.6333333333333333,0.7009655524094199,0.3305870236869207,30,971,
emb_tf-exemplar-human,5,0,lung_E,lung_C,lung_I,3,tcp_cluster_thr,0.6906160022586276,0.666323377960865,0.07142857142857142,0.3516483516483517,0.6,0.6906160022586276,0.3336766220391349,30,971,
emb_tf-exemplar-human,5,1,lung_E,lung_C,lung_I,3,cell_pooled,0.6769575727138207,0.7044025157232704,0.0,0.3425000000000001,0.6,0.6793385250947731,0.2945492662473795,30,954,0.91600790513834
emb_tf-exemplar-human,5,1,lung_E,lung_C,lung_I,3,classwise,0.6788742844641148,0.6928721174004193,0.0,0.3725000000000001,0.6333333333333333,0.6788742844641148,0.30712788259958074,30,954,
emb_tf-exemplar-human,5,1,lung_E,lung_C,lung_I,3,donor_weighted,0.6603000559054392,0.6834381551362684,0.0,0.31250000000000006,0.6333333333333333,0.6626810082863915,0.31551362683438156,30,954,
emb_tf-exemplar-human,5,1,lung_E,lung_C,lung_I,3,donor_crc,0.7041946385562418,0.7379454926624738,0.0,0.3725000000000001,0.5333333333333333,0.7065755909371941,0.2610062893081761,30,954,
emb_tf-exemplar-human,5,1,lung_E,lung_C,lung_I,3,tcp_standard_thr,0.6769575727138207,0.7044025157232704,0.0,0.3425000000000001,0.6,0.6793385250947731,0.2945492662473795,30,954,
emb_tf-exemplar-human,5,1,lung_E,lung_C,lung_I,3,tcp_standard_aps,0.9249420874181138,0.9129979035639413,0.6875,0.8255295429208472,0.03333333333333333,0.9845327806393999,0.07337526205450734,30,954,
emb_tf-exemplar-human,5,1,lung_E,lung_C,lung_I,3,tcp_classwise_thr,0.6788742844641148,0.6928721174004193,0.0,0.3725000000000001,0.6333333333333333,0.6788742844641148,0.30712788259958074,30,954,
emb_tf-exemplar-human,5,1,lung_E,lung_C,lung_I,3,tcp_cluster_thr,0.668711140354901,0.689727463312369,0.0,0.2454411764705883,0.6,0.668711140354901,0.31027253668763105,30,954,
emb_tf-exemplar-human,6,0,lung_C,lung_H,lung_F,3,cell_pooled,0.7002588667982862,0.7760545905707196,0.0,0.3446529080675423,0.5,0.7004986749517633,0.22332506203473945,30,1612,0.8975817923186344
emb_tf-exemplar-human,6,0,lung_C,lung_H,lung_F,3,classwise,0.7487220565174756,0.8281637717121588,0.0,0.4321678321678322,0.43333333333333335,0.7494248276339157,0.1705955334987593,30,1612,
emb_tf-exemplar-human,6,0,lung_C,lung_H,lung_F,3,donor_weighted,0.7099968049783155,0.7884615384615384,0.0,0.3465759849906192,0.4666666666666667,0.7102366131317929,0.2109181141439206,30,1612,
emb_tf-exemplar-human,6,0,lung_C,lung_H,lung_F,3,donor_crc,0.7498605373727305,0.8306451612903226,0.0,0.4321678321678322,0.43333333333333335,0.7505633084891706,0.16811414392059554,30,1612,
emb_tf-exemplar-human,6,0,lung_C,lung_H,lung_F,3,tcp_standard_thr,0.7002588667982862,0.7760545905707196,0.0,0.3446529080675423,0.5,0.7004986749517633,0.22332506203473945,30,1612,
emb_tf-exemplar-human,6,0,lung_C,lung_H,lung_F,3,tcp_standard_aps,0.9273242871948326,0.9088089330024814,0.8181818181818182,0.8740671641791045,0.0,1.0355565195673224,0.08995037220843673,30,1612,
emb_tf-exemplar-human,6,0,lung_C,lung_H,lung_F,3,tcp_classwise_thr,0.7487220565174756,0.8281637717121588,0.0,0.4321678321678322,0.43333333333333335,0.7494248276339157,0.1705955334987593,30,1612,
emb_tf-exemplar-human,6,0,lung_C,lung_H,lung_F,3,tcp_cluster_thr,1.0,1.0,1.0,1.0,0.0,3.0,0.0,30,1612,
emb_tf-exemplar-human,6,1,lung_C,lung_H,lung_F,3,cell_pooled,0.6587695626054839,0.7387755102040816,0.0,0.15748987854251012,0.5666666666666667,0.6587695626054839,0.2612244897959184,30,1470,0.883357041251778
emb_tf-exemplar-human,6,1,lung_C,lung_H,lung_F,3,classwise,0.7073320493509697,0.7884353741496599,0.0,0.22523616734143054,0.4666666666666667,0.7077950123139326,0.2108843537414966,30,1470,
emb_tf-exemplar-human,6,1,lung_C,lung_H,lung_F,3,donor_weighted,0.6666683644252104,0.7517006802721088,0.0,0.1715587044534413,0.5,0.6666683644252104,0.24829931972789115,30,1470,
emb_tf-exemplar-human,6,1,lung_C,lung_H,lung_F,3,donor_crc,0.7126851963774125,0.7938775510204081,0.0,0.22523616734143054,0.4666666666666667,0.7131481593403755,0.2054421768707483,30,1470,
emb_tf-exemplar-human,6,1,lung_C,lung_H,lung_F,3,tcp_standard_thr,0.6587695626054839,0.7387755102040816,0.0,0.15748987854251012,0.5666666666666667,0.6587695626054839,0.2612244897959184,30,1470,
emb_tf-exemplar-human,6,1,lung_C,lung_H,lung_F,3,tcp_standard_aps,0.9163028539252578,0.9149659863945578,0.75,0.8442105263157895,0.03333333333333333,1.0618175492186448,0.08163265306122448,30,1470,
emb_tf-exemplar-human,6,1,lung_C,lung_H,lung_F,3,tcp_classwise_thr,0.7073320493509697,0.7884353741496599,0.0,0.22523616734143054,0.4666666666666667,0.7077950123139326,0.2108843537414966,30,1470,
emb_tf-exemplar-human,6,1,lung_C,lung_H,lung_F,3,tcp_cluster_thr,1.0,1.0,1.0,1.0,0.0,3.0,0.0,30,1470,
emb_tf-exemplar-human,7,0,lung_C,lung_I,lung_E,3,cell_pooled,0.7389975943728728,0.739105504587156,0.34782608695652173,0.5535503276399183,0.5555555555555556,0.7389975943728728,0.26089449541284404,27,1744,0.9406392694063926
emb_tf-exemplar-human,7,0,lung_C,lung_I,lung_E,3,classwise,0.7486381362110428,0.7505733944954128,0.391304347826087,0.5848499754058042,0.5185185185185185,0.7486381362110428,0.24942660550458715,27,1744,
emb_tf-exemplar-human,7,0,lung_C,lung_I,lung_E,3,donor_weighted,0.8963365284147117,0.8956422018348624,0.7105263157894737,0.7846814910301858,0.18518518518518517,0.8963365284147117,0.10435779816513761,27,1744,
emb_tf-exemplar-human,7,0,lung_C,lung_I,lung_E,3,donor_crc,0.958883028269684,0.9564220183486238,0.8421052631578947,0.9006819904016166,0.0,0.9601601674778577,0.04243119266055046,27,1744,
emb_tf-exemplar-human,7,0,lung_C,lung_I,lung_E,3,tcp_standard_thr,0.7389975943728728,0.739105504587156,0.34782608695652173,0.5535503276399183,0.5555555555555556,0.7389975943728728,0.26089449541284404,27,1744,
emb_tf-exemplar-human,7,0,lung_C,lung_I,lung_E,3,tcp_standard_aps,0.9294745595079358,0.9311926605504587,0.8701298701298701,0.880295566502463,0.0,1.162906296645476,0.06651376146788991,27,1744,
emb_tf-exemplar-human,7,0,lung_C,lung_I,lung_E,3,tcp_classwise_thr,0.7486381362110428,0.7505733944954128,0.391304347826087,0.5848499754058042,0.5185185185185185,0.7486381362110428,0.24942660550458715,27,1744,
emb_tf-exemplar-human,7,0,lung_C,lung_I,lung_E,3,tcp_cluster_thr,1.0,1.0,1.0,1.0,0.0,3.0,0.0,27,1744,
emb_tf-exemplar-human,7,1,lung_C,lung_I,lung_E,3,cell_pooled,0.655538856506869,0.6548165137614679,0.2391304347826087,0.44679943100995734,0.8518518518518519,0.655538856506869,0.3451834862385321,27,1744,0.9089147286821705
emb_tf-exemplar-human,7,1,lung_C,lung_I,lung_E,3,classwise,0.6804724312522102,0.6869266055045872,0.2608695652173913,0.5157894736842105,0.7407407407407407,0.6804724312522102,0.3130733944954128,27,1744,
emb_tf-exemplar-human,7,1,lung_C,lung_I,lung_E,3,donor_weighted,0.8248651059684045,0.8251146788990825,0.5217391304347826,0.6499946288537973,0.3333333333333333,0.8248651059684045,0.17488532110091742,27,1744,
emb_tf-exemplar-human,7,1,lung_C,lung_I,lung_E,3,donor_crc,0.9323410946554209,0.930045871559633,0.7631578947368421,0.8438307873090481,0.037037037037037035,0.9336182338635945,0.06880733944954129,27,1744,
emb_tf-exemplar-human,7,1,lung_C,lung_I,lung_E,3,tcp_standard_thr,0.655538856506869,0.6548165137614679,0.2391304347826087,0.44679943100995734,0.8518518518518519,0.655538856506869,0.3451834862385321,27,1744,
emb_tf-exemplar-human,7,1,lung_C,lung_I,lung_E,3,tcp_standard_aps,0.9259719157870568,0.9271788990825688,0.8103448275862069,0.8730519480519481,0.0,1.1355097692847256,0.07110091743119266,27,1744,
emb_tf-exemplar-human,7,1,lung_C,lung_I,lung_E,3,tcp_classwise_thr,0.6804724312522102,0.6869266055045872,0.2608695652173913,0.5157894736842105,0.7407407407407407,0.6804724312522102,0.3130733944954128,27,1744,
emb_tf-exemplar-human,7,1,lung_C,lung_I,lung_E,3,tcp_cluster_thr,1.0,1.0,1.0,1.0,0.0,3.0,0.0,27,1744,
emb_tf-exemplar-human,8,0,lung_I,lung_E,lung_H,4,cell_pooled,0.9399486193100328,0.940554821664465,0.8484848484848485,0.8983050847457628,0.0,1.0849164580652486,0.0,21,1514,0.9126117179741807
emb_tf-exemplar-human,8,0,lung_I,lung_E,lung_H,4,classwise,0.9446280731899648,0.9451783355350066,0.8939393939393939,0.9078947368421053,0.0,1.1367488461348154,0.0,21,1514,
emb_tf-exemplar-human,8,0,lung_I,lung_E,lung_H,4,donor_weighted,0.9405438574052711,0.9412153236459709,0.8484848484848485,0.8983050847457628,0.0,1.0928252485947876,0.0,21,1514,
emb_tf-exemplar-human,8,0,lung_I,lung_E,lung_H,4,donor_crc,0.9456982341192808,0.9464993394980185,0.8939393939393939,0.9078947368421053,0.0,1.1210129146081913,0.0,21,1514,
emb_tf-exemplar-human,8,0,lung_I,lung_E,lung_H,4,tcp_standard_thr,0.9399486193100328,0.940554821664465,0.8484848484848485,0.8983050847457628,0.0,1.0849164580652486,0.0,21,1514,
emb_tf-exemplar-human,8,0,lung_I,lung_E,lung_H,4,tcp_standard_aps,0.9260212283223999,0.9273447820343461,0.8333333333333334,0.8939393939393939,0.0,1.085703437169547,0.013870541611624834,21,1514,
emb_tf-exemplar-human,8,0,lung_I,lung_E,lung_H,4,tcp_classwise_thr,0.9446280731899648,0.9451783355350066,0.8939393939393939,0.9078947368421053,0.0,1.1367488461348154,0.0,21,1514,
emb_tf-exemplar-human,8,0,lung_I,lung_E,lung_H,4,tcp_cluster_thr,0.9412933797144263,0.9418758256274768,0.8939393939393939,0.8983050847457628,0.0,1.1030372573036242,0.0,21,1514,
emb_tf-exemplar-human,8,1,lung_I,lung_E,lung_H,4,cell_pooled,0.935732647130674,0.9365918097754293,0.803030303030303,0.8947368421052632,0.0,1.0216314829792708,0.0,21,1514,0.8927507447864945
emb_tf-exemplar-human,8,1,lung_I,lung_E,lung_H,4,classwise,0.9381769717862023,0.9392338177014531,0.8181818181818182,0.8846153846153846,0.0,1.0537041666578684,0.0,21,1514,
emb_tf-exemplar-human,8,1,lung_I,lung_E,lung_H,4,donor_weighted,0.935732647130674,0.9365918097754293,0.803030303030303,0.8947368421052632,0.0,1.0231092762928244,0.0,21,1514,
emb_tf-exemplar-human,8,1,lung_I,lung_E,lung_H,4,donor_crc,0.9384027274415995,0.9392338177014531,0.803030303030303,0.8947368421052632,0.0,1.0439881269330848,0.0,21,1514,
emb_tf-exemplar-human,8,1,lung_I,lung_E,lung_H,4,tcp_standard_thr,0.935732647130674,0.9365918097754293,0.803030303030303,0.8947368421052632,0.0,1.0216314829792708,0.0,21,1514,
emb_tf-exemplar-human,8,1,lung_I,lung_E,lung_H,4,tcp_standard_aps,0.9211770114451733,0.9220607661822986,0.803030303030303,0.868421052631579,0.0,1.0087541710523718,0.0178335535006605,21,1514,
emb_tf-exemplar-human,8,1,lung_I,lung_E,lung_H,4,tcp_classwise_thr,0.9381769717862023,0.9392338177014531,0.8181818181818182,0.8846153846153846,0.0,1.0537041666578684,0.0,21,1514,
emb_tf-exemplar-human,8,1,lung_I,lung_E,lung_H,4,tcp_cluster_thr,0.9433402003424592,0.9438573315719947,0.8484848484848485,0.9078947368421053,0.0,1.9534184423829881,0.0,21,1514,
emb_tf-exemplar-human,9,0,lung_E,lung_F,lung_I,6,cell_pooled,0.8532398859752918,0.8115678428519462,0.03333333333333333,0.7253230472516875,0.2,3.675622159624795,0.0,30,2749,0.9080659150043365
emb_tf-exemplar-human,9,0,lung_E,lung_F,lung_I,6,classwise,0.9286478488327696,0.9214259730811204,0.6,0.8189942059129401,0.06666666666666667,2.7897608681520456,0.0,30,2749,
emb_tf-exemplar-human,9,0,lung_E,lung_F,lung_I,6,donor_weighted,0.8848754359755705,0.8486722444525282,0.07333333333333333,0.8146910466582598,0.1,3.978892808304662,0.0,30,2749,
emb_tf-exemplar-human,9,0,lung_E,lung_F,lung_I,6,donor_crc,0.9258717063657017,0.9006911604219716,0.29333333333333333,0.8579234972677595,0.06666666666666667,4.46940532098612,0.0,30,2749,
emb_tf-exemplar-human,9,0,lung_E,lung_F,lung_I,6,tcp_standard_thr,0.8601346288057712,0.8199345216442343,0.04,0.7359112825458053,0.2,3.7278988468288206,0.0,30,2749,
emb_tf-exemplar-human,9,0,lung_E,lung_F,lung_I,6,tcp_standard_aps,0.8905093655252289,0.8624954528919607,0.26666666666666666,0.8193815987933635,0.1,4.11872805068968,0.0,30,2749,
emb_tf-exemplar-human,9,0,lung_E,lung_F,lung_I,6,tcp_classwise_thr,0.9305295125160913,0.9236085849399782,0.6,0.8189942059129401,0.06666666666666667,3.1872610240012227,0.0,30,2749,
emb_tf-exemplar-human,9,0,lung_E,lung_F,lung_I,6,tcp_cluster_thr,0.9638261646942385,0.9610767551837032,0.5857142857142857,0.9303641732283465,0.06666666666666667,3.933335879961957,0.0,30,2749,
emb_tf-exemplar-human,9,1,lung_E,lung_F,lung_I,6,cell_pooled,0.8674739262913218,0.8301749271137027,0.1,0.764024864024864,0.16666666666666666,3.8651970607486845,0.0,30,2744,0.9184027777777778
emb_tf-exemplar-human,9,1,lung_E,lung_F,lung_I,6,classwise,0.942022120581237,0.9391399416909622,0.6565656565656566,0.905650522317189,0.03333333333333333,2.8571279422755174,0.0,30,2744,
emb_tf-exemplar-human,9,1,lung_E,lung_F,lung_I,6,donor_weighted,0.9072279742511868,0.8779154518950437,0.26666666666666666,0.8238698460009936,0.1,4.2520734079234375,0.0,30,2744,
emb_tf-exemplar-human,9,1,lung_E,lung_F,lung_I,6,donor_crc,0.9388179959911134,0.9198250728862973,0.4666666666666667,0.8833333333333333,0.06666666666666667,4.669434775631407,0.0,30,2744,
emb_tf-exemplar-human,9,1,lung_E,lung_F,lung_I,6,tcp_standard_thr,0.8696295128445776,0.8327259475218659,0.10666666666666667,0.7660450660450661,0.16666666666666666,3.886554374966212,0.0,30,2744,
emb_tf-exemplar-human,9,1,lung_E,lung_F,lung_I,6,tcp_standard_aps,0.87669800967059,0.8432944606413995,0.19333333333333333,0.7913313462493791,0.13333333333333333,4.098121162792782,0.0,30,2744,
emb_tf-exemplar-human,9,1,lung_E,lung_F,lung_I,6,tcp_classwise_thr,0.94877477731589,0.9467930029154519,0.6565656565656566,0.9123021060275962,0.03333333333333333,3.2718679552397014,0.0,30,2744,
emb_tf-exemplar-human,9,1,lung_E,lung_F,lung_I,6,tcp_cluster_thr,0.9766335562350689,0.978134110787172,0.6161616161616161,0.9609507217521155,0.03333333333333333,3.89212397958963,0.0,30,2744,
emb_tf-exemplar-human,10,0,lung_C,lung_F,lung_G,3,cell_pooled,0.978221753488699,0.984646878198567,0.8,0.9628930817610063,0.0,0.978221753488699,0.015353121801432957,30,1954,0.8753315649867374
emb_tf-exemplar-human,10,0,lung_C,lung_F,lung_G,3,classwise,0.9353401014074957,0.9636642784032753,0.4,0.8330508474576271,0.06666666666666667,0.9353401014074957,0.036335721596724664,30,1954,
emb_tf-exemplar-human,10,0,lung_C,lung_F,lung_G,3,donor_weighted,0.9893618373275236,0.996417604912999,0.8,0.9786492374727669,0.0,0.9893618373275236,0.0035823950870010235,30,1954,
emb_tf-exemplar-human,10,0,lung_C,lung_F,lung_G,3,donor_crc,0.992638888888889,0.9989764585465711,0.8,1.0,0.0,0.992638888888889,0.0010235414534288639,30,1954,
emb_tf-exemplar-human,10,0,lung_C,lung_F,lung_G,3,tcp_standard_thr,0.978221753488699,0.984646878198567,0.8,0.9628930817610063,0.0,0.978221753488699,0.015353121801432957,30,1954,
emb_tf-exemplar-human,10,0,lung_C,lung_F,lung_G,3,tcp_standard_aps,0.9216911899150814,0.9155578300921188,0.8514851485148515,0.8833488372093024,0.0,0.9321757781693947,0.08444216990788127,30,1954,
emb_tf-exemplar-human,10,0,lung_C,lung_F,lung_G,3,tcp_classwise_thr,0.9353401014074957,0.9636642784032753,0.4,0.8330508474576271,0.06666666666666667,0.9353401014074957,0.036335721596724664,30,1954,
emb_tf-exemplar-human,10,0,lung_C,lung_F,lung_G,3,tcp_cluster_thr,1.0,1.0,1.0,1.0,0.0,3.0,0.0,30,1954,
emb_tf-exemplar-human,10,1,lung_C,lung_F,lung_G,3,cell_pooled,0.974724886068891,0.9821755027422303,0.8,0.9628930817610063,0.0,0.974724886068891,0.01782449725776965,30,2188,0.8873417721518987
emb_tf-exemplar-human,10,1,lung_C,lung_F,lung_G,3,classwise,0.9364046059876812,0.9689213893967094,0.2,0.872983870967742,0.03333333333333333,0.9364046059876812,0.031078610603290677,30,2188,
emb_tf-exemplar-human,10,1,lung_C,lung_F,lung_G,3,donor_weighted,0.989286638789327,0.996800731261426,0.8,0.9862962962962963,0.0,0.989286638789327,0.0031992687385740404,30,2188,
emb_tf-exemplar-human,10,1,lung_C,lung_F,lung_G,3,donor_crc,0.992638888888889,0.9990859232175503,0.8,1.0,0.0,0.992638888888889,0.0009140767824497258,30,2188,
emb_tf-exemplar-human,10,1,lung_C,lung_F,lung_G,3,tcp_standard_thr,0.974724886068891,0.9821755027422303,0.8,0.9628930817610063,0.0,0.974724886068891,0.01782449725776965,30,2188,
emb_tf-exemplar-human,10,1,lung_C,lung_F,lung_G,3,tcp_standard_aps,0.8882459695672245,0.9017367458866545,0.72,0.8334883720930233,0.06666666666666667,0.8994335274981691,0.09826325411334552,30,2188,
emb_tf-exemplar-human,10,1,lung_C,lung_F,lung_G,3,tcp_classwise_thr,0.9364046059876812,0.9689213893967094,0.2,0.872983870967742,0.03333333333333333,0.9364046059876812,0.031078610603290677,30,2188,
emb_tf-exemplar-human,10,1,lung_C,lung_F,lung_G,3,tcp_cluster_thr,0.9524517777871307,0.9721206581352834,0.6,0.8858870967741935,0.03333333333333333,0.9524517777871307,0.027879341864716637,30,2188,
emb_tf-exemplar-human,11,0,lung_F,lung_G,lung_H,4,cell_pooled,0.8780615291530105,0.8857331571994715,0.7333333333333333,0.7878787878787878,0.19047619047619047,0.9409422464533795,0.05217965653896962,21,1514,0.8847352024922118
emb_tf-exemplar-human,11,0,lung_F,lung_G,lung_H,4,classwise,0.8221767545104949,0.8375165125495376,0.41818181818181815,0.7727272727272727,0.2857142857142857,0.9153014524432599,0.0772787318361955,21,1514,
emb_tf-exemplar-human,11,0,lung_F,lung_G,lung_H,4,donor_weighted,0.8904884017994567,0.8963011889035667,0.7833333333333333,0.803030303030303,0.09523809523809523,0.957289735520442,0.037648612945838836,21,1514,
emb_tf-exemplar-human,11,0,lung_F,lung_G,lung_H,4,donor_crc,0.9244150304058832,0.9253632760898283,0.7878787878787878,0.847457627118644,0.047619047619047616,1.0014041514041512,0.0,21,1514,
emb_tf-exemplar-human,11,0,lung_F,lung_G,lung_H,4,tcp_standard_thr,0.8780615291530105,0.8857331571994715,0.7333333333333333,0.7878787878787878,0.19047619047619047,0.9409422464533795,0.05217965653896962,21,1514,
emb_tf-exemplar-human,11,0,lung_F,lung_G,lung_H,4,tcp_standard_aps,0.8767475269523853,0.8771466314398944,0.7424242424242424,0.8421052631578947,0.09523809523809523,0.957846733684125,0.0548216644649934,21,1514,
emb_tf-exemplar-human,11,0,lung_F,lung_G,lung_H,4,tcp_classwise_thr,0.8221767545104949,0.8375165125495376,0.41818181818181815,0.7727272727272727,0.2857142857142857,0.9153014524432599,0.0772787318361955,21,1514,
emb_tf-exemplar-human,11,0,lung_F,lung_G,lung_H,4,tcp_cluster_thr,0.8604488001321112,0.8705416116248349,0.6181818181818182,0.7878787878787878,0.14285714285714285,0.9345277658211492,0.05746367239101717,21,1514,
emb_tf-exemplar-human,11,1,lung_F,lung_G,lung_H,4,cell_pooled,0.6534683200466327,0.667107001321004,0.23636363636363636,0.42424242424242425,0.7619047619047619,0.7162959741171049,0.27080581241743723,21,1514,0.866390041493776
emb_tf-exemplar-human,11,1,lung_F,lung_G,lung_H,4,classwise,0.26394289714139835,0.27080581241743723,0.06060606060606061,0.09090909090909091,1.0,0.40711849471686923,0.6367239101717305,21,1514,
emb_tf-exemplar-human,11,1,lung_F,lung_G,lung_H,4,donor_weighted,0.6233097447129496,0.6380449141347424,0.2,0.3787878787878788,0.8095238095238095,0.6861373987834218,0.2998678996036988,21,1514,
emb_tf-exemplar-human,11,1,lung_F,lung_G,lung_H,4,donor_crc,0.9120407903464108,0.9147952443857331,0.7272727272727273,0.8205128205128205,0.047619047619047616,0.9770133909475496,0.02047556142668428,21,1514,
emb_tf-exemplar-human,11,1,lung_F,lung_G,lung_H,4,tcp_standard_thr,0.6534683200466327,0.667107001321004,0.23636363636363636,0.42424242424242425,0.7619047619047619,0.7162959741171049,0.27080581241743723,21,1514,
emb_tf-exemplar-human,11,1,lung_F,lung_G,lung_H,4,tcp_standard_aps,0.8973263104690681,0.8976221928665786,0.7727272727272727,0.8589743589743589,0.09523809523809523,0.9874638736489406,0.04227212681638045,21,1514,
emb_tf-exemplar-human,11,1,lung_F,lung_G,lung_H,4,tcp_classwise_thr,0.3142612875347384,0.32100396301188905,0.06060606060606061,0.10869565217391304,1.0,1.3021584669639175,0.0,21,1514,
emb_tf-exemplar-human,11,1,lung_F,lung_G,lung_H,4,tcp_cluster_thr,0.316040041216362,0.3243064729194188,0.06060606060606061,0.10909090909090909,1.0,1.3039372206455413,0.0,21,1514,
emb_tf-exemplar-human,12,0,lung_H,lung_E,lung_C,3,cell_pooled,0.7506152666876756,0.6936758893280632,0.072992700729927,0.3233082706766917,0.42857142857142855,0.9170164921375582,0.09782608695652174,21,2024,0.908256880733945
emb_tf-exemplar-human,12,0,lung_H,lung_E,lung_C,3,classwise,0.6301942771952438,0.5721343873517787,0.014598540145985401,0.2932330827067669,0.6666666666666666,0.6332745058627077,0.42391304347826086,21,2024,
emb_tf-exemplar-human,12,0,lung_H,lung_E,lung_C,3,donor_weighted,0.7313277821139464,0.6694664031620553,0.043795620437956206,0.3157894736842105,0.47619047619047616,0.870225298447731,0.15760869565217392,21,2024,
emb_tf-exemplar-human,12,0,lung_H,lung_E,lung_C,3,donor_crc,0.8335987745501175,0.791501976284585,0.32786885245901637,0.44360902255639095,0.2857142857142857,1.0822030231403512,0.0,21,2024,
emb_tf-exemplar-human,12,0,lung_H,lung_E,lung_C,3,tcp_standard_thr,0.7506152666876756,0.6936758893280632,0.072992700729927,0.3233082706766917,0.42857142857142855,0.9170164921375582,0.09782608695652174,21,2024,
emb_tf-exemplar-human,12,0,lung_H,lung_E,lung_C,3,tcp_standard_aps,0.8895243449022419,0.8779644268774703,0.7445255474452555,0.7819548872180451,0.14285714285714285,1.2147133919549649,0.040513833992094864,21,2024,
emb_tf-exemplar-human,12,0,lung_H,lung_E,lung_C,3,tcp_classwise_thr,0.6301942771952438,0.5721343873517787,0.014598540145985401,0.2932330827067669,0.6666666666666666,0.6332745058627077,0.42391304347826086,21,2024,
emb_tf-exemplar-human,12,0,lung_H,lung_E,lung_C,3,tcp_cluster_thr,1.0,1.0,1.0,1.0,0.0,3.0,0.0,21,2024,
emb_tf-exemplar-human,12,1,lung_H,lung_E,lung_C,3,cell_pooled,0.7545984832277349,0.6986166007905138,0.08759124087591241,0.3308270676691729,0.42857142857142855,0.9107468352039144,0.10622529644268774,21,2024,0.9048165137614679
emb_tf-exemplar-human,12,1,lung_H,lung_E,lung_C,3,classwise,0.6305713660691373,0.5726284584980237,0.014598540145985401,0.2932330827067669,0.6666666666666666,0.6336515947366012,0.4234189723320158,21,2024,
emb_tf-exemplar-human,12,1,lung_H,lung_E,lung_C,3,donor_weighted,0.7333609115071256,0.6719367588932806,0.051094890510948905,0.3157894736842105,0.47619047619047616,0.8654229492825971,0.16403162055335968,21,2024,
emb_tf-exemplar-human,12,1,lung_H,lung_E,lung_C,3,donor_crc,0.8427740019730836,0.8033596837944664,0.3442622950819672,0.48872180451127817,0.2857142857142857,1.0870418785053464,0.0,21,2024,
emb_tf-exemplar-human,12,1,lung_H,lung_E,lung_C,3,tcp_standard_thr,0.7545984832277349,0.6986166007905138,0.08759124087591241,0.3308270676691729,0.42857142857142855,0.9107468352039144,0.10622529644268774,21,2024,
emb_tf-exemplar-human,12,1,lung_H,lung_E,lung_C,3,tcp_standard_aps,0.862225145658636,0.857707509881423,0.7007299270072993,0.7377049180327869,0.23809523809523808,1.1785824207684525,0.04792490118577075,21,2024,
emb_tf-exemplar-human,12,1,lung_H,lung_E,lung_C,3,tcp_classwise_thr,0.6305713660691373,0.5726284584980237,0.014598540145985401,0.2932330827067669,0.6666666666666666,0.6336515947366012,0.4234189723320158,21,2024,
emb_tf-exemplar-human,12,1,lung_H,lung_E,lung_C,3,tcp_cluster_thr,1.0,1.0,1.0,1.0,0.0,3.0,0.0,21,2024,
emb_tf-exemplar-human,13,0,lung_F,lung_E,lung_C,3,cell_pooled,0.9958866537748273,0.9950592885375494,0.9363636363636364,0.9926470588235294,0.0,0.9962292368512234,0.004446640316205534,21,2024,0.9048165137614679
emb_tf-exemplar-human,13,0,lung_F,lung_E,lung_C,3,classwise,0.9927567554700448,0.9935770750988142,0.9363636363636364,0.9907407407407407,0.0,0.993099338546441,0.005928853754940711,21,2024,
emb_tf-exemplar-human,13,0,lung_F,lung_E,lung_C,3,donor_weighted,0.9950243291661901,0.9940711462450593,0.9363636363636364,0.9911504424778761,0.0,0.9953669122425862,0.005434782608695652,21,2024,
emb_tf-exemplar-human,13,0,lung_F,lung_E,lung_C,3,donor_crc,0.9966271138933009,0.9960474308300395,0.9363636363636364,1.0,0.0,0.9969696969696971,0.003458498023715415,21,2024,
emb_tf-exemplar-human,13,0,lung_F,lung_E,lung_C,3,tcp_standard_thr,0.9958866537748273,0.9950592885375494,0.9363636363636364,0.9926470588235294,0.0,0.9962292368512234,0.004446640316205534,21,2024,
emb_tf-exemplar-human,13,0,lung_F,lung_E,lung_C,3,tcp_standard_aps,0.8885672599998357,0.8824110671936759,0.8053097345132744,0.8571428571428571,0.0,0.8918573857296567,0.116600790513834,21,2024,
emb_tf-exemplar-human,13,0,lung_F,lung_E,lung_C,3,tcp_classwise_thr,0.9927567554700448,0.9935770750988142,0.9363636363636364,0.9907407407407407,0.0,0.993099338546441,0.005928853754940711,21,2024,
emb_tf-exemplar-human,13,0,lung_F,lung_E,lung_C,3,tcp_cluster_thr,0.9870443334274441,0.9866600790513834,0.9,0.9734513274336283,0.0,0.9873869165038401,0.012845849802371542,21,2024,
emb_tf-exemplar-human,13,1,lung_F,lung_E,lung_C,3,cell_pooled,0.9950749262113224,0.9940711462450593,0.9363636363636364,0.9911504424778761,0.0,0.9974566707048935,0.0029644268774703555,21,2024,0.9048165137614679
emb_tf-exemplar-human,13,1,lung_F,lung_E,lung_C,3,classwise,0.9916260940678028,0.9920948616600791,0.9272727272727272,0.9754098360655737,0.0,0.9923188172002213,0.00691699604743083,21,2024,
emb_tf-exemplar-human,13,1,lung_F,lung_E,lung_C,3,donor_weighted,0.9946846061488712,0.9935770750988142,0.9363636363636364,0.9911504424778761,0.0,0.9966760305799911,0.003952569169960474,21,2024,
emb_tf-exemplar-human,13,1,lung_F,lung_E,lung_C,3,donor_crc,0.9958866537748273,0.9950592885375494,0.9363636363636364,0.9926470588235294,0.0,0.9987012987012986,0.0014822134387351778,21,2024,
emb_tf-exemplar-human,13,1,lung_F,lung_E,lung_C,3,tcp_standard_thr,0.9950749262113224,0.9940711462450593,0.9363636363636364,0.9911504424778761,0.0,0.9974566707048935,0.0029644268774703555,21,2024,
emb_tf-exemplar-human,13,1,lung_F,lung_E,lung_C,3,tcp_standard_aps,0.874928579678347,0.8730237154150198,0.7894736842105263,0.8360655737704918,0.047619047619047616,0.8802750609680778,0.12351778656126482,21,2024,
emb_tf-exemplar-human,13,1,lung_F,lung_E,lung_C,3,tcp_classwise_thr,0.9916260940678028,0.9920948616600791,0.9272727272727272,0.9754098360655737,0.0,0.9923188172002213,0.00691699604743083,21,2024,
emb_tf-exemplar-human,13,1,lung_F,lung_E,lung_C,3,tcp_cluster_thr,0.9845522173755564,0.9836956521739131,0.8818181818181818,0.9557522123893806,0.0,0.985244940507975,0.015316205533596838,21,2024,
emb_tf-exemplar-human,14,0,lung_H,lung_I,lung_F,4,cell_pooled,0.9089809168732128,0.9349862258953168,0.18181818181818182,0.7673076923076924,0.13333333333333333,1.7863462523262181,0.0,30,1815,0.9259259259259259
emb_tf-exemplar-human,14,0,lung_H,lung_I,lung_F,4,classwise,0.8901362199341991,0.928374655647383,0.15384615384615385,0.855372807017544,0.1,1.2855686730576983,0.008815426997245178,30,1815,
emb_tf-exemplar-human,14,0,lung_H,lung_I,lung_F,4,donor_weighted,0.928723342367518,0.9487603305785124,0.18181818181818182,0.9008086253369273,0.06666666666666667,1.8763417105941882,0.0,30,1815,
emb_tf-exemplar-human,14,0,lung_H,lung_I,lung_F,4,donor_crc,0.9465970419639066,0.9663911845730028,0.18181818181818182,0.9354639969195225,0.06666666666666667,1.993678914573384,0.0,30,1815,
emb_tf-exemplar-human,14,0,lung_H,lung_I,lung_F,4,tcp_standard_thr,0.9089809168732128,0.9349862258953168,0.18181818181818182,0.7673076923076924,0.13333333333333333,1.7863462523262181,0.0,30,1815,
emb_tf-exemplar-human,14,0,lung_H,lung_I,lung_F,4,tcp_standard_aps,0.913631929324977,0.9360881542699725,0.18181818181818182,0.8612244897959184,0.1,1.795500775367335,0.0,30,1815,
emb_tf-exemplar-human,14,0,lung_H,lung_I,lung_F,4,tcp_classwise_thr,0.8901362199341991,0.928374655647383,0.15384615384615385,0.855372807017544,0.1,1.2855686730576983,0.008815426997245178,30,1815,
emb_tf-exemplar-human,14,0,lung_H,lung_I,lung_F,4,tcp_cluster_thr,1.0,1.0,1.0,1.0,0.0,4.0,0.0,30,1815,
emb_tf-exemplar-human,14,1,lung_H,lung_I,lung_F,4,cell_pooled,0.9107031050104378,0.9389989572471324,0.2982456140350877,0.7523076923076925,0.16666666666666666,1.7815264395906918,0.0,30,1918,0.8850771869639794
emb_tf-exemplar-human,14,1,lung_H,lung_I,lung_F,4,classwise,0.8917078883902589,0.927007299270073,0.15384615384615385,0.6284210526315789,0.13333333333333333,1.3262913271690073,0.0072992700729927005,30,1918,
emb_tf-exemplar-human,14,1,lung_H,lung_I,lung_F,4,donor_weighted,0.9317887973755451,0.9515119916579771,0.43859649122807015,0.8506578947368422,0.1,1.8842889342557465,0.0,30,1918,
emb_tf-exemplar-human,14,1,lung_H,lung_I,lung_F,4,donor_crc,0.9560040321104614,0.9697601668404588,0.6,0.8993048659384311,0.06666666666666667,2.064554814977036,0.0,30,1918,
emb_tf-exemplar-human,14,1,lung_H,lung_I,lung_F,4,tcp_standard_thr,0.9107031050104378,0.9389989572471324,0.2982456140350877,0.7523076923076925,0.16666666666666666,1.7815264395906918,0.0,30,1918,
emb_tf-exemplar-human,14,1,lung_H,lung_I,lung_F,4,tcp_standard_aps,0.9127437655728277,0.9426485922836287,0.40350877192982454,0.7832142857142859,0.1,1.825375585954918,0.0015641293013555788,30,1918,
emb_tf-exemplar-human,14,1,lung_H,lung_I,lung_F,4,tcp_classwise_thr,0.8917078883902589,0.927007299270073,0.15384615384615385,0.6284210526315789,0.13333333333333333,1.3262913271690073,0.0072992700729927005,30,1918,
emb_tf-exemplar-human,14,1,lung_H,lung_I,lung_F,4,tcp_cluster_thr,1.0,1.0,1.0,1.0,0.0,4.0,0.0,30,1918,
emb_tf-exemplar-human,15,0,lung_I,lung_C,lung_E,3,cell_pooled,0.1632718010136772,0.16571100917431192,0.0,0.02183288409703504,1.0,0.1632718010136772,0.8342889908256881,27,1744,0.8913043478260869
emb_tf-exemplar-human,15,0,lung_I,lung_C,lung_E,3,classwise,0.11264160621845953,0.11811926605504587,0.0,0.01672616012238654,1.0,0.11264160621845953,0.8818807339449541,27,1744,
emb_tf-exemplar-human,15,0,lung_I,lung_C,lung_E,3,donor_weighted,0.21300811801414324,0.2121559633027523,0.018867924528301886,0.044787644787644784,1.0,0.21300811801414324,0.7878440366972477,27,1744,
emb_tf-exemplar-human,15,0,lung_I,lung_C,lung_E,3,donor_crc,0.31111482862495915,0.30561926605504586,0.06521739130434782,0.10601976639712489,1.0,0.31111482862495915,0.6943807339449541,27,1744,
emb_tf-exemplar-human,15,0,lung_I,lung_C,lung_E,3,tcp_standard_thr,0.21896349341056306,0.21788990825688073,0.018867924528301886,0.050626566416040096,1.0,0.21896349341056306,0.7821100917431193,27,1744,
emb_tf-exemplar-human,15,0,lung_I,lung_C,lung_E,3,tcp_standard_aps,0.8510918335730793,0.8583715596330275,0.75,0.7817733990147783,0.18518518518518517,0.9813724574300798,0.09862385321100918,27,1744,
emb_tf-exemplar-human,15,0,lung_I,lung_C,lung_E,3,tcp_classwise_thr,0.2195608649756766,0.2184633027522936,0.018867924528301886,0.050626566416040096,1.0,0.2195608649756766,0.7815366972477065,27,1744,
emb_tf-exemplar-human,15,0,lung_I,lung_C,lung_E,3,tcp_cluster_thr,0.2195608649756766,0.2184633027522936,0.018867924528301886,0.050626566416040096,1.0,0.2195608649756766,0.7815366972477065,27,1744,
emb_tf-exemplar-human,15,1,lung_I,lung_C,lung_E,3,cell_pooled,0.1738169168877331,0.18004587155963303,0.0196078431372549,0.03941866394696583,1.0,0.1738169168877331,0.819954128440367,27,1744,0.8853754940711462
emb_tf-exemplar-human,15,1,lung_I,lung_C,lung_E,3,classwise,0.1635452808145429,0.169151376146789,0.0,0.0387785501489573,1.0,0.1635452808145429,0.830848623853211,27,1744,
emb_tf-exemplar-human,15,1,lung_I,lung_C,lung_E,3,donor_weighted,0.21825797023471674,0.22362385321100917,0.043478260869565216,0.0534850640113798,1.0,0.21825797023471674,0.7763761467889908,27,1744,
emb_tf-exemplar-human,15,1,lung_I,lung_C,lung_E,3,donor_crc,0.32806606687066664,0.3302752293577982,0.043478260869565216,0.10576236613972463,1.0,0.32806606687066664,0.6697247706422018,27,1744,
emb_tf-exemplar-human,15,1,lung_I,lung_C,lung_E,3,tcp_standard_thr,0.1809396080952474,0.18692660550458715,0.0196078431372549,0.03941866394696583,1.0,0.1809396080952474,0.8130733944954128,27,1744,
emb_tf-exemplar-human,15,1,lung_I,lung_C,lung_E,3,tcp_standard_aps,0.9005684338672465,0.9036697247706422,0.8225806451612904,0.8431620553359683,0.0,0.9918178904946908,0.08142201834862385,27,1744,
emb_tf-exemplar-human,15,1,lung_I,lung_C,lung_E,3,tcp_classwise_thr,0.17541599382252582,0.18061926605504589,0.0,0.03941866394696583,1.0,0.17541599382252582,0.8193807339449541,27,1744,
emb_tf-exemplar-human,15,1,lung_I,lung_C,lung_E,3,tcp_cluster_thr,0.1853866560780638,0.18922018348623854,0.0196078431372549,0.03941866394696583,1.0,0.1853866560780638,0.8107798165137615,27,1744,
emb_tf-exemplar-human,16,0,lung_I,lung_F,lung_H,4,cell_pooled,0.880839415454202,0.8870541611624835,0.65,0.7636363636363637,0.14285714285714285,0.9464544285997596,0.04821664464993395,21,1514,0.8942891859052248
emb_tf-exemplar-human,16,0,lung_I,lung_F,lung_H,4,classwise,0.8011081481650779,0.8130779392338177,0.43333333333333335,0.5909090909090909,0.2857142857142857,0.8887002118607994,0.10303830911492734,21,1514,
emb_tf-exemplar-human,16,0,lung_I,lung_F,lung_H,4,donor_weighted,0.9013340319817519,0.9055482166446499,0.696969696969697,0.8333333333333334,0.09523809523809523,0.9785700629730056,0.01915455746367239,21,1514,
emb_tf-exemplar-human,16,0,lung_I,lung_F,lung_H,4,donor_crc,0.9192967939819383,0.9214002642007926,0.7424242424242424,0.8833333333333333,0.047619047619047616,1.0096307519579146,0.0,21,1514,
emb_tf-exemplar-human,16,0,lung_I,lung_F,lung_H,4,tcp_standard_thr,0.880839415454202,0.8870541611624835,0.65,0.7636363636363637,0.14285714285714285,0.9464544285997596,0.04821664464993395,21,1514,
emb_tf-exemplar-human,16,0,lung_I,lung_F,lung_H,4,tcp_standard_aps,0.8566464058744313,0.857331571994716,0.7424242424242424,0.8026315789473685,0.09523809523809523,0.9646884980979881,0.07331571994715984,21,1514,
emb_tf-exemplar-human,16,0,lung_I,lung_F,lung_H,4,tcp_classwise_thr,0.8018296488865786,0.8137384412153237,0.43333333333333335,0.6060606060606061,0.2857142857142857,0.8894217125823002,0.1023778071334214,21,1514,
emb_tf-exemplar-human,16,0,lung_I,lung_F,lung_H,4,tcp_cluster_thr,0.9277413746716642,0.9286657859973579,0.8181818181818182,0.8813559322033898,0.0,1.8969646367080242,0.0,21,1514,
emb_tf-exemplar-human,16,1,lung_I,lung_F,lung_H,4,cell_pooled,0.9034639922652322,0.9081902245706737,0.7272727272727273,0.7666666666666667,0.14285714285714285,0.9674821225261806,0.028401585204755615,21,1514,0.9299221357063404
emb_tf-exemplar-human,16,1,lung_I,lung_F,lung_H,4,classwise,0.7968697716889077,0.8104359313077939,0.31666666666666665,0.5915492957746479,0.3333333333333333,0.8669430315800581,0.12087186261558784,21,1514,
emb_tf-exemplar-human,16,1,lung_I,lung_F,lung_H,4,donor_weighted,0.924048870500162,0.9260237780713342,0.8181818181818182,0.8833333333333333,0.0,0.9895433022374119,0.009247027741083224,21,1514,
emb_tf-exemplar-human,16,1,lung_I,lung_F,lung_H,4,donor_crc,0.928864787155037,0.9299867899603699,0.8181818181818182,0.8947368421052632,0.0,0.995547508047508,0.003963011889035667,21,1514,
emb_tf-exemplar-human,16,1,lung_I,lung_F,lung_H,4,tcp_standard_thr,0.9034639922652322,0.9081902245706737,0.7272727272727273,0.7666666666666667,0.14285714285714285,0.9674821225261806,0.028401585204755615,21,1514,
emb_tf-exemplar-human,16,1,lung_I,lung_F,lung_H,4,tcp_standard_aps,0.8705673253324064,0.868560105680317,0.7272727272727273,0.8157894736842105,0.09523809523809523,0.9444801077410151,0.0726552179656539,21,1514,
emb_tf-exemplar-human,16,1,lung_I,lung_F,lung_H,4,tcp_classwise_thr,0.7979171442959133,0.8117569352708058,0.31666666666666665,0.5915492957746479,0.3333333333333333,0.8679904041870637,0.11955085865257596,21,1514,
emb_tf-exemplar-human,16,1,lung_I,lung_F,lung_H,4,tcp_cluster_thr,0.873108460750316,0.881770145310436,0.6166666666666667,0.7121212121212122,0.14285714285714285,1.197767047223535,0.0,21,1514,
emb_tf-exemplar-human,17,0,lung_I,lung_H,lung_E,4,cell_pooled,0.5291207157795732,0.5446871896722939,0.21568627450980393,0.26096153846153847,1.0,0.5557894114442523,0.43197616683217477,27,2014,0.8969616908850726
emb_tf-exemplar-human,17,0,lung_I,lung_H,lung_E,4,classwise,0.5186725010957041,0.5213505461767627,0.2391304347826087,0.33753623188405796,1.0,1.386871303818536,0.0,27,2014,
emb_tf-exemplar-human,17,0,lung_I,lung_H,lung_E,4,donor_weighted,0.5379520777702823,0.5531281032770605,0.21568627450980393,0.27961538461538465,1.0,0.5671244217013215,0.4215491559086395,27,2014,
emb_tf-exemplar-human,17,0,lung_I,lung_H,lung_E,4,donor_crc,0.9813037856728711,0.9841112214498511,0.8977272727272727,0.945,0.0,1.6026017571312272,0.0,27,2014,
emb_tf-exemplar-human,17,0,lung_I,lung_H,lung_E,4,tcp_standard_thr,0.5291207157795732,0.5446871896722939,0.21568627450980393,0.26096153846153847,1.0,0.5557894114442523,0.43197616683217477,27,2014,
emb_tf-exemplar-human,17,0,lung_I,lung_H,lung_E,4,tcp_standard_aps,0.8729529911995991,0.8783515392254221,0.7076923076923077,0.7834285714285715,0.18518518518518517,1.183801486478725,0.033763654419066536,27,2014,
emb_tf-exemplar-human,17,0,lung_I,lung_H,lung_E,4,tcp_classwise_thr,0.5186725010957041,0.5213505461767627,0.2391304347826087,0.33753623188405796,1.0,1.386871303818536,0.0,27,2014,
emb_tf-exemplar-human,17,0,lung_I,lung_H,lung_E,4,tcp_cluster_thr,1.0,1.0,1.0,1.0,0.0,4.0,0.0,27,2014,
emb_tf-exemplar-human,17,1,lung_I,lung_H,lung_E,4,cell_pooled,0.5722731833938067,0.5933465739821251,0.18461538461538463,0.368944099378882,0.9259259259259259,0.6258015954081432,0.36097318768619663,27,2014,0.9313077939233818
emb_tf-exemplar-human,17,1,lung_I,lung_H,lung_E,4,classwise,0.6490178356552364,0.6335650446871897,0.27102803738317754,0.4166666666666667,0.8148148148148148,1.610648369673366,0.0,27,2014,
emb_tf-exemplar-human,17,1,lung_I,lung_H,lung_E,4,donor_weighted,0.5872628614797661,0.608738828202582,0.2,0.3833540372670808,0.8888888888888888,0.6505989283924765,0.33664349553128103,27,2014,
emb_tf-exemplar-human,17,1,lung_I,lung_H,lung_E,4,donor_crc,0.9900347559768947,0.9920556107249255,0.9019607843137255,0.9722702278083268,0.0,1.892504496914377,0.0,27,2014,
emb_tf-exemplar-human,17,1,lung_I,lung_H,lung_E,4,tcp_standard_thr,0.5722731833938067,0.5933465739821251,0.18461538461538463,0.368944099378882,0.9259259259259259,0.6258015954081432,0.36097318768619663,27,2014,
emb_tf-exemplar-human,17,1,lung_I,lung_H,lung_E,4,tcp_standard_aps,0.9025096107731152,0.913604766633565,0.7254901960784313,0.8166666666666667,0.1111111111111111,1.4044496410811158,0.019860973187686197,27,2014,
emb_tf-exemplar-human,17,1,lung_I,lung_H,lung_E,4,tcp_classwise_thr,0.6494204121447694,0.6340615690168818,0.27102803738317754,0.4166666666666667,0.8148148148148148,1.6378017874904311,0.0,27,2014,
emb_tf-exemplar-human,17,1,lung_I,lung_H,lung_E,4,tcp_cluster_thr,1.0,1.0,1.0,1.0,0.0,4.0,0.0,27,2014,
emb_tf-exemplar-human,18,0,lung_H,lung_I,lung_G,4,cell_pooled,0.9028578174975335,0.899812382739212,0.4778761061946903,0.8208695652173913,0.06666666666666667,1.6338200909481215,0.0,30,2665,0.9105180533751962
emb_tf-exemplar-human,18,0,lung_H,lung_I,lung_G,4,classwise,0.9061524066282732,0.9046904315196999,0.5309734513274337,0.8427511244377811,0.06666666666666667,1.3495140843381535,0.00525328330206379,30,2665,
emb_tf-exemplar-human,18,0,lung_H,lung_I,lung_G,4,donor_weighted,0.9271288888051888,0.9234521575984991,0.5221238938053098,0.8427125243348476,0.06666666666666667,1.7805127204112001,0.0,30,2665,
emb_tf-exemplar-human,18,0,lung_H,lung_I,lung_G,4,donor_crc,0.9351375795415041,0.9328330206378986,0.5575221238938053,0.8697076461769115,0.06666666666666667,1.888958587827886,0.0,30,2665,
emb_tf-exemplar-human,18,0,lung_H,lung_I,lung_G,4,tcp_standard_thr,0.9028578174975335,0.899812382739212,0.4778761061946903,0.8208695652173913,0.06666666666666667,1.6338200909481215,0.0,30,2665,
emb_tf-exemplar-human,18,0,lung_H,lung_I,lung_G,4,tcp_standard_aps,0.9022272355004852,0.8975609756097561,0.48672566371681414,0.8053731343283582,0.06666666666666667,1.645781836591329,0.001125703564727955,30,2665,
emb_tf-exemplar-human,18,0,lung_H,lung_I,lung_G,4,tcp_classwise_thr,0.9061524066282732,0.9046904315196999,0.5309734513274337,0.8427511244377811,0.06666666666666667,1.3495140843381535,0.00525328330206379,30,2665,
emb_tf-exemplar-human,18,0,lung_H,lung_I,lung_G,4,tcp_cluster_thr,1.0,1.0,1.0,1.0,0.0,4.0,0.0,30,2665,
emb_tf-exemplar-human,18,1,lung_H,lung_I,lung_G,4,cell_pooled,0.913068175880673,0.9049737161342499,0.4778761061946903,0.8438230884557721,0.06666666666666667,1.670395938006152,0.0,30,2473,0.9089316987740805
emb_tf-exemplar-human,18,1,lung_H,lung_I,lung_G,4,classwise,0.8963069171837527,0.8976951071572988,0.5221238938053098,0.815,0.06666666666666667,1.3079985526970495,0.005661140315406389,30,2473,
emb_tf-exemplar-human,18,1,lung_H,lung_I,lung_G,4,donor_weighted,0.9202865945165937,0.9134654266073595,0.49557522123893805,0.84914990266061,0.06666666666666667,1.7286273236099028,0.0,30,2473,
emb_tf-exemplar-human,18,1,lung_H,lung_I,lung_G,4,donor_crc,0.9335115041531775,0.9292357460574201,0.5575221238938053,0.864321868916288,0.03333333333333333,1.8312082706989863,0.0,30,2473,
emb_tf-exemplar-human,18,1,lung_H,lung_I,lung_G,4,tcp_standard_thr,0.913068175880673,0.9049737161342499,0.4778761061946903,0.8438230884557721,0.06666666666666667,1.670395938006152,0.0,30,2473,
emb_tf-exemplar-human,18,1,lung_H,lung_I,lung_G,4,tcp_standard_aps,0.917365535013536,0.9106348564496562,0.5221238938053098,0.8360644677661169,0.06666666666666667,1.6867231248297851,0.0004043671653861706,30,2473,
emb_tf-exemplar-human,18,1,lung_H,lung_I,lung_G,4,tcp_classwise_thr,0.8963069171837527,0.8976951071572988,0.5221238938053098,0.815,0.06666666666666667,1.3079985526970495,0.005661140315406389,30,2473,
emb_tf-exemplar-human,18,1,lung_H,lung_I,lung_G,4,tcp_cluster_thr,1.0,1.0,1.0,1.0,0.0,4.0,0.0,30,2473,
emb_tf-exemplar-human,19,0,lung_H,lung_E,lung_I,4,cell_pooled,0.8367489487938485,0.8483189992181391,0.32608695652173914,0.6645833333333333,0.3,2.187203449594109,0.0,30,1279,0.9195630585898709
emb_tf-exemplar-human,19,0,lung_H,lung_E,lung_I,4,classwise,0.6687036688093101,0.6692728694292416,0.19047619047619047,0.30791666666666667,0.6666666666666666,1.2393919707264847,0.03127443315089914,30,1279,
emb_tf-exemplar-human,19,0,lung_H,lung_E,lung_I,4,donor_weighted,0.8367489487938485,0.8483189992181391,0.32608695652173914,0.6645833333333333,0.3,2.187203449594109,0.0,30,1279,
emb_tf-exemplar-human,19,0,lung_H,lung_E,lung_I,4,donor_crc,0.8781545619240596,0.890539483971853,0.5,0.714776119402985,0.2,2.361569655521826,0.0,30,1279,
emb_tf-exemplar-human,19,0,lung_H,lung_E,lung_I,4,tcp_standard_thr,0.8367489487938485,0.8483189992181391,0.32608695652173914,0.6645833333333333,0.3,2.187203449594109,0.0,30,1279,
emb_tf-exemplar-human,19,0,lung_H,lung_E,lung_I,4,tcp_standard_aps,0.843358198992523,0.854573885848319,0.3695652173913043,0.6971641791044776,0.26666666666666666,2.234433305546898,0.0023455824863174357,30,1279,
emb_tf-exemplar-human,19,0,lung_H,lung_E,lung_I,4,tcp_classwise_thr,0.6687036688093101,0.6692728694292416,0.19047619047619047,0.30791666666666667,0.6666666666666666,1.2393919707264847,0.03127443315089914,30,1279,
emb_tf-exemplar-human,19,0,lung_H,lung_E,lung_I,4,tcp_cluster_thr,0.8202941846523611,0.835027365129007,0.3695652173913043,0.6660585959093422,0.3333333333333333,2.0438285915870082,0.0,30,1279,
emb_tf-exemplar-human,19,1,lung_H,lung_E,lung_I,4,cell_pooled,0.8364929945571281,0.8824027072758037,0.0,0.7004629629629631,0.3333333333333333,2.159594778091932,0.0,30,1182,0.8927507447864945
emb_tf-exemplar-human,19,1,lung_H,lung_E,lung_I,4,classwise,0.6631198210124969,0.7106598984771574,0.0,0.28214285714285714,0.6333333333333333,1.239981480737946,0.018612521150592216,30,1182,
emb_tf-exemplar-human,19,1,lung_H,lung_E,lung_I,4,donor_weighted,0.8356799864270469,0.8815566835871405,0.0,0.7004629629629631,0.3333333333333333,2.1562671059765988,0.0,30,1182,
emb_tf-exemplar-human,19,1,lung_H,lung_E,lung_I,4,donor_crc,0.8777521025798017,0.9247038917089678,0.0,0.80625,0.1,2.352774988365417,0.0,30,1182,
emb_tf-exemplar-human,19,1,lung_H,lung_E,lung_I,4,tcp_standard_thr,0.8364929945571281,0.8824027072758037,0.0,0.7004629629629631,0.3333333333333333,2.159594778091932,0.0,30,1182,
emb_tf-exemplar-human,19,1,lung_H,lung_E,lung_I,4,tcp_standard_aps,0.8380146733266037,0.8849407783417935,0.0,0.7081018518518519,0.3,2.164984175419012,0.001692047377326565,30,1182,
emb_tf-exemplar-human,19,1,lung_H,lung_E,lung_I,4,tcp_classwise_thr,0.6631198210124969,0.7106598984771574,0.0,0.28214285714285714,0.6333333333333333,1.239981480737946,0.018612521150592216,30,1182,
emb_tf-exemplar-human,19,1,lung_H,lung_E,lung_I,4,tcp_cluster_thr,0.6900424124369998,0.7461928934010152,0.0,0.28857142857142853,0.5333333333333333,2.1301751492370515,0.0,30,1182,
emb_tf-exemplar-human,20,0,lung_I,lung_F,lung_G,6,cell_pooled,0.8888405537855149,0.8885197489848653,0.6,0.8115673799884326,0.1,0.9473568825629868,0.04466592838685862,30,2709,0.908703071672355
emb_tf-exemplar-human,20,0,lung_I,lung_F,lung_G,6,classwise,0.863021699661062,0.8704318936877077,0.4,0.7766407544284439,0.13333333333333333,0.9533082098019784,0.04097452934662237,30,2709,
emb_tf-exemplar-human,20,0,lung_I,lung_F,lung_G,6,donor_weighted,0.898767815179958,0.899593946105574,0.6,0.8336032388663968,0.03333333333333333,0.9617591503701504,0.028792912513842746,30,2709,
emb_tf-exemplar-human,20,0,lung_I,lung_F,lung_G,6,donor_crc,0.913388357813332,0.9084533038021411,0.8,0.8548872180451127,0.0,0.9841696133677603,0.01107419712070875,30,2709,
emb_tf-exemplar-human,20,0,lung_I,lung_F,lung_G,6,tcp_standard_thr,0.8888405537855149,0.8885197489848653,0.6,0.8115673799884326,0.1,0.9473568825629868,0.04466592838685862,30,2709,
emb_tf-exemplar-human,20,0,lung_I,lung_F,lung_G,6,tcp_standard_aps,0.8880130911035361,0.8741232927279439,0.8021978021978022,0.8210733452593918,0.0,0.9903138685517782,0.055001845699520116,30,2709,
emb_tf-exemplar-human,20,0,lung_I,lung_F,lung_G,6,tcp_classwise_thr,0.863021699661062,0.8704318936877077,0.4,0.7766407544284439,0.13333333333333333,0.9533082098019784,0.04097452934662237,30,2709,
emb_tf-exemplar-human,20,0,lung_I,lung_F,lung_G,6,tcp_cluster_thr,0.8827442497897696,0.8815060908084164,0.6,0.8105484298982751,0.1,1.9437179723354288,0.0,30,2709,
emb_tf-exemplar-human,20,1,lung_I,lung_F,lung_G,6,cell_pooled,0.8875451422190236,0.8848295059151009,0.8,0.8195454256064175,0.0,0.9382686983530476,0.061238691718858734,30,2874,0.9034240561896401
emb_tf-exemplar-human,20,1,lung_I,lung_F,lung_G,6,classwise,0.8679329649250481,0.8823938761308281,0.6,0.7735074626865672,0.2,0.9348619572046482,0.04592901878914405,30,2874,
emb_tf-exemplar-human,20,1,lung_I,lung_F,lung_G,6,donor_weighted,0.8886408983363213,0.8862212943632568,0.8,0.8227223530909785,0.0,0.9398730798281235,0.05915100904662491,30,2874,
emb_tf-exemplar-human,20,1,lung_I,lung_F,lung_G,6,donor_crc,0.9018753214704579,0.9008350730688935,0.8,0.8357552894866328,0.0,0.9622202840397548,0.03479471120389701,30,2874,
emb_tf-exemplar-human,20,1,lung_I,lung_F,lung_G,6,tcp_standard_thr,0.8875451422190236,0.8848295059151009,0.8,0.8195454256064175,0.0,0.9382686983530476,0.061238691718858734,30,2874,
emb_tf-exemplar-human,20,1,lung_I,lung_F,lung_G,6,tcp_standard_aps,0.8553088124113793,0.8524704244954767,0.7522123893805309,0.7958791208791209,0.13333333333333333,0.9484574827949167,0.08176757132915796,30,2874,
emb_tf-exemplar-human,20,1,lung_I,lung_F,lung_G,6,tcp_classwise_thr,0.8679329649250481,0.8823938761308281,0.6,0.7735074626865672,0.2,0.9348619572046482,0.04592901878914405,30,2874,
emb_tf-exemplar-human,20,1,lung_I,lung_F,lung_G,6,tcp_cluster_thr,0.8682517675720177,0.883437717466945,0.6,0.7746268656716419,0.13333333333333333,1.8895714245026576,0.0,30,2874,
emb_tf-exemplar-human,21,0,lung_H,lung_I,lung_E,4,cell_pooled,0.9369129046822087,0.9369414101290964,0.8048780487804879,0.845,0.0,1.8337839656259904,0.0,27,2014,0.9107468123861566
emb_tf-exemplar-human,21,0,lung_H,lung_I,lung_E,4,classwise,0.8270665128495397,0.8138033763654419,0.5981308411214953,0.6702173913043479,0.4444444444444444,1.4143254653235873,0.06703078450844091,27,2014,
emb_tf-exemplar-human,21,0,lung_H,lung_I,lung_E,4,donor_weighted,0.9552547121778491,0.9548162859980139,0.8625,0.8901463414634146,0.0,1.9824230710361785,0.0,27,2014,
emb_tf-exemplar-human,21,0,lung_H,lung_I,lung_E,4,donor_crc,0.9612337041265315,0.9617676266137041,0.8656716417910447,0.9,0.0,2.0522416066900213,0.0,27,2014,
emb_tf-exemplar-human,21,0,lung_H,lung_I,lung_E,4,tcp_standard_thr,0.9369129046822087,0.9369414101290964,0.8048780487804879,0.845,0.0,1.8337839656259904,0.0,27,2014,
emb_tf-exemplar-human,21,0,lung_H,lung_I,lung_E,4,tcp_standard_aps,0.9376032300211583,0.9379344587884806,0.8208955223880597,0.8502941176470588,0.0,1.8858292874263112,0.0,27,2014,
emb_tf-exemplar-human,21,0,lung_H,lung_I,lung_E,4,tcp_classwise_thr,0.8270665128495397,0.8138033763654419,0.5981308411214953,0.6702173913043479,0.4444444444444444,1.4143254653235873,0.06703078450844091,27,2014,
emb_tf-exemplar-human,21,0,lung_H,lung_I,lung_E,4,tcp_cluster_thr,1.0,1.0,1.0,1.0,0.0,4.0,0.0,27,2014,
emb_tf-exemplar-human,21,1,lung_H,lung_I,lung_E,4,cell_pooled,0.935824892094631,0.9349553128103277,0.8059701492537313,0.86,0.0,1.8293234529618043,0.0,27,2014,0.8928571428571429
emb_tf-exemplar-human,21,1,lung_H,lung_I,lung_E,4,classwise,0.8300158843999549,0.817279046673287,0.5981308411214953,0.6658695652173914,0.4444444444444444,1.4078228683868188,0.0858987090367428,27,2014,
emb_tf-exemplar-human,21,1,lung_H,lung_I,lung_E,4,donor_weighted,0.9460846125010297,0.9458788480635552,0.85,0.8713414634146341,0.0,1.9029480225328035,0.0,27,2014,
emb_tf-exemplar-human,21,1,lung_H,lung_I,lung_E,4,donor_crc,0.9581121950127941,0.958291956305859,0.85,0.9,0.0,2.028207475190262,0.0,27,2014,
emb_tf-exemplar-human,21,1,lung_H,lung_I,lung_E,4,tcp_standard_thr,0.935824892094631,0.9349553128103277,0.8059701492537313,0.86,0.0,1.8293234529618043,0.0,27,2014,
emb_tf-exemplar-human,21,1,lung_H,lung_I,lung_E,4,tcp_standard_aps,0.9324435392996816,0.9309831181727904,0.8208955223880597,0.8502941176470588,0.0,1.8453012509094018,0.0,27,2014,
emb_tf-exemplar-human,21,1,lung_H,lung_I,lung_E,4,tcp_classwise_thr,0.8300158843999549,0.817279046673287,0.5981308411214953,0.6658695652173914,0.4444444444444444,1.4078228683868188,0.0858987090367428,27,2014,
emb_tf-exemplar-human,21,1,lung_H,lung_I,lung_E,4,tcp_cluster_thr,1.0,1.0,1.0,1.0,0.0,4.0,0.0,27,2014,
emb_tf-exemplar-human,22,0,lung_E,lung_C,lung_F,3,cell_pooled,0.8457919283165217,0.8568561872909699,0.0,0.3300221361372441,0.16666666666666666,0.8457919283165217,0.1431438127090301,30,1495,0.9278656126482213
emb_tf-exemplar-human,22,0,lung_E,lung_C,lung_F,3,classwise,0.8407369702102379,0.8494983277591973,0.0,0.4854178195904816,0.2,0.8407369702102379,0.1505016722408027,30,1495,
emb_tf-exemplar-human,22,0,lung_E,lung_C,lung_F,3,donor_weighted,0.837155494753086,0.842809364548495,0.0,0.26527393469839516,0.2,0.837155494753086,0.15719063545150502,30,1495,
emb_tf-exemplar-human,22,0,lung_E,lung_C,lung_F,3,donor_crc,0.8580862455961717,0.8836120401337793,0.0,0.5067653569452132,0.16666666666666666,0.8580862455961717,0.11638795986622073,30,1495,
emb_tf-exemplar-human,22,0,lung_E,lung_C,lung_F,3,tcp_standard_thr,0.8457919283165217,0.8568561872909699,0.0,0.3300221361372441,0.16666666666666666,0.8457919283165217,0.1431438127090301,30,1495,
emb_tf-exemplar-human,22,0,lung_E,lung_C,lung_F,3,tcp_standard_aps,0.9242737644645925,0.9090301003344482,0.8181818181818182,0.8300269541778976,0.0,0.9766299413397687,0.0882943143812709,30,1495,
emb_tf-exemplar-human,22,0,lung_E,lung_C,lung_F,3,tcp_classwise_thr,0.8410218704951383,0.8501672240802676,0.0,0.4854178195904816,0.2,0.8410218704951383,0.14983277591973243,30,1495,
emb_tf-exemplar-human,22,0,lung_E,lung_C,lung_F,3,tcp_cluster_thr,0.8457065728720639,0.8575250836120402,0.0,0.34297177642501386,0.16666666666666666,0.8457065728720639,0.14247491638795987,30,1495,
emb_tf-exemplar-human,22,1,lung_E,lung_C,lung_F,3,cell_pooled,0.8111325048140371,0.8169491525423729,0.0,0.2560728744939271,0.2,0.8111325048140371,0.18305084745762712,30,1475,0.9011857707509882
emb_tf-exemplar-human,22,1,lung_E,lung_C,lung_F,3,classwise,0.8087254317096059,0.8115254237288135,0.0,0.2560728744939271,0.23333333333333334,0.8087254317096059,0.18847457627118644,30,1475,
emb_tf-exemplar-human,22,1,lung_E,lung_C,lung_F,3,donor_weighted,0.8041941441269667,0.8061016949152542,0.0,0.2560728744939271,0.23333333333333334,0.8041941441269667,0.19389830508474576,30,1475,
emb_tf-exemplar-human,22,1,lung_E,lung_C,lung_F,3,donor_crc,0.8274949112320351,0.847457627118644,0.0,0.25799595141700404,0.2,0.8274949112320351,0.15254237288135594,30,1475,
emb_tf-exemplar-human,22,1,lung_E,lung_C,lung_F,3,tcp_standard_thr,0.8111325048140371,0.8169491525423729,0.0,0.2560728744939271,0.2,0.8111325048140371,0.18305084745762712,30,1475,
emb_tf-exemplar-human,22,1,lung_E,lung_C,lung_F,3,tcp_standard_aps,0.892638813890583,0.911864406779661,0.0,0.8542062415196744,0.03333333333333333,0.9290397805977925,0.08542372881355932,30,1475,
emb_tf-exemplar-human,22,1,lung_E,lung_C,lung_F,3,tcp_classwise_thr,0.8087254317096059,0.8115254237288135,0.0,0.2560728744939271,0.23333333333333334,0.8087254317096059,0.18847457627118644,30,1475,
emb_tf-exemplar-human,22,1,lung_E,lung_C,lung_F,3,tcp_cluster_thr,0.8118608773398971,0.8189830508474576,0.0,0.2560728744939271,0.2,0.8118608773398971,0.18101694915254238,30,1475,
emb_tf-exemplar-human,23,0,lung_E,lung_H,lung_G,5,cell_pooled,0.5859917578051214,0.6070276084618142,0.2,0.3075200918484501,0.8666666666666667,0.8296915774790221,0.1692362854069559,30,2789,0.8949320148331273
emb_tf-exemplar-human,23,0,lung_E,lung_H,lung_G,5,classwise,0.5764191335522248,0.609537468626748,0.0,0.28214695752009183,0.7666666666666667,1.1902676731383044,0.07493725349587665,30,2789,
emb_tf-exemplar-human,23,0,lung_E,lung_H,lung_G,5,donor_weighted,0.5865326858551734,0.607744711366081,0.2,0.3075200918484501,0.8666666666666667,0.8306070373642801,0.16816063105055576,30,2789,
emb_tf-exemplar-human,23,0,lung_E,lung_H,lung_G,5,donor_crc,0.8046414045259177,0.8049480100394406,0.5538461538461539,0.6988070467471217,0.43333333333333335,1.4677849714484634,0.0,30,2789,
emb_tf-exemplar-human,23,0,lung_E,lung_H,lung_G,5,tcp_standard_thr,0.5859917578051214,0.6070276084618142,0.2,0.3075200918484501,0.8666666666666667,0.8296915774790221,0.1692362854069559,30,2789,
emb_tf-exemplar-human,23,0,lung_E,lung_H,lung_G,5,tcp_standard_aps,0.6729762391400806,0.6887773395482252,0.4,0.4738461538461538,0.8,1.0818030726993995,0.020795984223736106,30,2789,
emb_tf-exemplar-human,23,0,lung_E,lung_H,lung_G,5,tcp_classwise_thr,0.6305745647359869,0.6640372893510219,0.0,0.2834290088021431,0.6666666666666666,1.9019886032272832,0.0,30,2789,
emb_tf-exemplar-human,23,0,lung_E,lung_H,lung_G,5,tcp_cluster_thr,1.0,1.0,1.0,1.0,0.0,5.0,0.0,30,2789,
emb_tf-exemplar-human,23,1,lung_E,lung_H,lung_G,5,cell_pooled,0.6234202444109993,0.6363945578231293,0.2153846153846154,0.4,0.8333333333333334,0.8559868374032026,0.14217687074829932,30,2940,0.8974042027194067
emb_tf-exemplar-human,23,1,lung_E,lung_H,lung_G,5,classwise,0.6244553002919457,0.6391156462585034,0.18461538461538463,0.35802612481857765,0.7666666666666667,1.171916165798455,0.07346938775510205,30,2940,
emb_tf-exemplar-human,23,1,lung_E,lung_H,lung_G,5,donor_weighted,0.6243534389167943,0.6374149659863946,0.2153846153846154,0.4,0.8,0.8584467750244273,0.13945578231292516,30,2940,
emb_tf-exemplar-human,23,1,lung_E,lung_H,lung_G,5,donor_crc,0.7955664705702535,0.8054421768707483,0.5076923076923077,0.6283950617283951,0.5333333333333333,1.3788807682288324,0.0,30,2940,
emb_tf-exemplar-human,23,1,lung_E,lung_H,lung_G,5,tcp_standard_thr,0.6234202444109993,0.6363945578231293,0.2153846153846154,0.4,0.8333333333333334,0.8559868374032026,0.14217687074829932,30,2940,
emb_tf-exemplar-human,23,1,lung_E,lung_H,lung_G,5,tcp_standard_aps,0.7021202071155027,0.713265306122449,0.4,0.5106125356125356,0.6666666666666666,1.0828932200773729,0.02108843537414966,30,2940,
emb_tf-exemplar-human,23,1,lung_E,lung_H,lung_G,5,tcp_classwise_thr,0.6868569925829144,0.7010204081632653,0.19230769230769232,0.3704644412191582,0.6333333333333333,1.9110476581715539,0.0,30,2940,
emb_tf-exemplar-human,23,1,lung_E,lung_H,lung_G,5,tcp_cluster_thr,1.0,1.0,1.0,1.0,0.0,5.0,0.0,30,2940,
emb_scvi,0,0,lung_I,lung_C,lung_F,3,cell_pooled,0.8791245810357754,0.9176470588235294,0.0,0.7473880597014926,0.16666666666666666,0.8791245810357754,0.08235294117647059,30,1615,0.8992094861660079
emb_scvi,0,0,lung_I,lung_C,lung_F,3,classwise,0.6740637349034115,0.7244582043343654,0.0,0.39649122807017545,0.5666666666666667,0.6740637349034115,0.2755417956656347,30,1615,
emb_scvi,0,0,lung_I,lung_C,lung_F,3,donor_weighted,0.9331151960278528,0.9609907120743034,0.0,0.9159090909090909,0.03333333333333333,0.9331151960278528,0.03900928792569659,30,1615,
emb_scvi,0,0,lung_I,lung_C,lung_F,3,donor_crc,0.9437035498401559,0.9739938080495356,0.0,0.9379679144385027,0.03333333333333333,0.9437035498401559,0.026006191950464396,30,1615,
emb_scvi,0,0,lung_I,lung_C,lung_F,3,tcp_standard_thr,0.8791245810357754,0.9176470588235294,0.0,0.7473880597014926,0.16666666666666666,0.8791245810357754,0.08235294117647059,30,1615,
emb_scvi,0,0,lung_I,lung_C,lung_F,3,tcp_standard_aps,0.8619112616426544,0.8897832817337461,0.0,0.8153110047846891,0.1,0.9043892887171903,0.10588235294117647,30,1615,
emb_scvi,0,0,lung_I,lung_C,lung_F,3,tcp_classwise_thr,0.6740637349034115,0.7244582043343654,0.0,0.39649122807017545,0.5666666666666667,0.6740637349034115,0.2755417956656347,30,1615,
emb_scvi,0,0,lung_I,lung_C,lung_F,3,tcp_cluster_thr,0.8161596747652458,0.8489164086687306,0.0,0.541231343283582,0.3,0.8161596747652458,0.15108359133126936,30,1615,
emb_scvi,0,1,lung_I,lung_C,lung_F,3,cell_pooled,0.8922687514681036,0.9298469387755102,0.0,0.7496268656716418,0.13333333333333333,0.9256020848014369,0.06951530612244898,30,1568,0.908102766798419
emb_scvi,0,1,lung_I,lung_C,lung_F,3,classwise,0.752410986536111,0.8048469387755102,0.0,0.4636363636363637,0.5,0.7866702457953704,0.19387755102040816,30,1568,
emb_scvi,0,1,lung_I,lung_C,lung_F,3,donor_weighted,0.9141590144122775,0.9585459183673469,0.0,0.8578358208955225,0.06666666666666667,0.9474923477456109,0.04081632653061224,30,1568,
emb_scvi,0,1,lung_I,lung_C,lung_F,3,donor_crc,0.9491753569900362,0.9751275510204082,0.0,0.94590395480226,0.03333333333333333,0.984221006876803,0.022321428571428572,30,1568,
emb_scvi,0,1,lung_I,lung_C,lung_F,3,tcp_standard_thr,0.8922687514681036,0.9298469387755102,0.0,0.7496268656716418,0.13333333333333333,0.9256020848014369,0.06951530612244898,30,1568,
emb_scvi,0,1,lung_I,lung_C,lung_F,3,tcp_standard_aps,0.8675340346126903,0.8992346938775511,0.0,0.8043902439024391,0.06666666666666667,0.9156648617575065,0.09375,30,1568,
emb_scvi,0,1,lung_I,lung_C,lung_F,3,tcp_classwise_thr,0.752410986536111,0.8048469387755102,0.0,0.4636363636363637,0.5,0.7866702457953704,0.19387755102040816,30,1568,
emb_scvi,0,1,lung_I,lung_C,lung_F,3,tcp_cluster_thr,0.755505935695549,0.8067602040816326,0.0,0.43863636363636366,0.4666666666666667,0.7897651949548083,0.19196428571428573,30,1568,
emb_scvi,1,0,lung_G,lung_E,lung_I,6,cell_pooled,0.9473159517164843,0.9518716577540107,0.611764705882353,0.8780405405405406,0.03333333333333333,1.1091327571648408,0.0,30,2618,0.8939034045922407
emb_scvi,1,0,lung_G,lung_E,lung_I,6,classwise,0.8485093955879248,0.854087089381207,0.4,0.7611119112775458,0.16666666666666666,1.4504877354441101,0.004965622612681436,30,2618,
emb_scvi,1,0,lung_G,lung_E,lung_I,6,donor_weighted,0.947593729494262,0.9522536287242169,0.611764705882353,0.8780405405405406,0.03333333333333333,1.1164044912835476,0.0,30,2618,
emb_scvi,1,0,lung_G,lung_E,lung_I,6,donor_crc,0.9665006517990572,0.9671504965622613,0.6705882352941176,0.9296348314606742,0.03333333333333333,1.2297054446528042,0.0,30,2618,
emb_scvi,1,0,lung_G,lung_E,lung_I,6,tcp_standard_thr,0.9473159517164843,0.9518716577540107,0.611764705882353,0.8780405405405406,0.03333333333333333,1.1091327571648408,0.0,30,2618,
emb_scvi,1,0,lung_G,lung_E,lung_I,6,tcp_standard_aps,0.9292365717570271,0.9293353705118411,0.6352941176470588,0.8859510453850077,0.03333333333333333,1.2196572202430793,0.033995416348357524,30,2618,
emb_scvi,1,0,lung_G,lung_E,lung_I,6,tcp_classwise_thr,0.8485093955879248,0.854087089381207,0.4,0.7611119112775458,0.16666666666666666,1.4504877354441101,0.004965622612681436,30,2618,
emb_scvi,1,0,lung_G,lung_E,lung_I,6,tcp_cluster_thr,0.8860226029917406,0.9006875477463713,0.4588235294117647,0.8385532591414945,0.1,1.8948128113885292,0.0,30,2618,
emb_scvi,1,1,lung_G,lung_E,lung_I,6,cell_pooled,0.9477702572376191,0.9563595673256248,0.6823529411764706,0.8864795918367346,0.03333333333333333,1.1524825486904502,0.0,30,2681,0.8741092636579573
emb_scvi,1,1,lung_G,lung_E,lung_I,6,classwise,0.797866104196353,0.8093994778067886,0.4,0.6405714285714286,0.4,1.5502952249903434,0.014173815740395375,30,2681,
emb_scvi,1,1,lung_G,lung_E,lung_I,6,donor_weighted,0.9493375822456003,0.95822454308094,0.6823529411764706,0.8864795918367346,0.03333333333333333,1.1580077584584587,0.0,30,2681,
emb_scvi,1,1,lung_G,lung_E,lung_I,6,donor_crc,0.9746185112678684,0.9731443491234614,0.7058823529411765,0.9437004973291582,0.03333333333333333,1.3375586854443724,0.0,30,2681,
emb_scvi,1,1,lung_G,lung_E,lung_I,6,tcp_standard_thr,0.9477702572376191,0.9563595673256248,0.6823529411764706,0.8864795918367346,0.03333333333333333,1.1524825486904502,0.0,30,2681,
emb_scvi,1,1,lung_G,lung_E,lung_I,6,tcp_standard_aps,0.9347695618010963,0.9343528534129056,0.6705882352941176,0.8915983606557377,0.03333333333333333,1.285455374202038,0.028720626631853787,30,2681,
emb_scvi,1,1,lung_G,lung_E,lung_I,6,tcp_classwise_thr,0.797866104196353,0.8093994778067886,0.4,0.6405714285714286,0.4,1.5509411714423185,0.014173815740395375,30,2681,
emb_scvi,1,1,lung_G,lung_E,lung_I,6,tcp_cluster_thr,0.8826069218356168,0.8884744498321522,0.49411764705882355,0.806188679245283,0.06666666666666667,1.6532122771629028,0.005967922417008579,30,2681,
emb_scvi,2,0,lung_E,lung_I,lung_C,3,cell_pooled,0.8418266345483607,0.8799407114624506,0.16666666666666666,0.6481481481481481,0.19047619047619047,0.8443329002125213,0.11956521739130435,21,2024,0.9128787878787878
emb_scvi,2,0,lung_E,lung_I,lung_C,3,classwise,0.8919743086185685,0.8992094861660079,0.5833333333333334,0.8114754098360656,0.09523809523809523,0.8919743086185685,0.1007905138339921,21,2024,
emb_scvi,2,0,lung_E,lung_I,lung_C,3,donor_weighted,0.7849398639108168,0.8226284584980237,0.16666666666666666,0.5882352941176471,0.42857142857142855,0.7849398639108168,0.1773715415019763,21,2024,
emb_scvi,2,0,lung_E,lung_I,lung_C,3,donor_crc,0.8418266345483607,0.8799407114624506,0.16666666666666666,0.6481481481481481,0.19047619047619047,0.8443329002125213,0.11956521739130435,21,2024,
emb_scvi,2,0,lung_E,lung_I,lung_C,3,tcp_standard_thr,0.8418266345483607,0.8799407114624506,0.16666666666666666,0.6481481481481481,0.19047619047619047,0.8443329002125213,0.11956521739130435,21,2024,
emb_scvi,2,0,lung_E,lung_I,lung_C,3,tcp_standard_aps,0.9210582848011123,0.9189723320158103,0.8686131386861314,0.8796296296296297,0.0,1.0067679855358305,0.0741106719367589,21,2024,
emb_scvi,2,0,lung_E,lung_I,lung_C,3,tcp_classwise_thr,0.8919743086185685,0.8992094861660079,0.5833333333333334,0.8114754098360656,0.09523809523809523,0.8919743086185685,0.1007905138339921,21,2024,
emb_scvi,2,0,lung_E,lung_I,lung_C,3,tcp_cluster_thr,1.0,1.0,1.0,1.0,0.0,3.0,0.0,21,2024,
emb_scvi,2,1,lung_E,lung_I,lung_C,3,cell_pooled,0.8543722248604514,0.8893280632411067,0.16666666666666666,0.7647058823529411,0.14285714285714285,0.8568784905246118,0.11017786561264822,21,2024,0.9206008583690987
emb_scvi,2,1,lung_E,lung_I,lung_C,3,classwise,0.8659544183966484,0.8685770750988142,0.5833333333333334,0.7540983606557377,0.14285714285714285,0.8659544183966484,0.13142292490118576,21,2024,
emb_scvi,2,1,lung_E,lung_I,lung_C,3,donor_weighted,0.7669450597046188,0.8058300395256917,0.16666666666666666,0.5882352941176471,0.5238095238095238,0.7669450597046188,0.1941699604743083,21,2024,
emb_scvi,2,1,lung_E,lung_I,lung_C,3,donor_crc,0.8406851789457106,0.8784584980237155,0.16666666666666666,0.6481481481481481,0.19047619047619047,0.843191444609871,0.12104743083003952,21,2024,
emb_scvi,2,1,lung_E,lung_I,lung_C,3,tcp_standard_thr,0.8543722248604514,0.8893280632411067,0.16666666666666666,0.7647058823529411,0.14285714285714285,0.8568784905246118,0.11017786561264822,21,2024,
emb_scvi,2,1,lung_E,lung_I,lung_C,3,tcp_standard_aps,0.9360051389727468,0.9308300395256917,0.8872180451127819,0.8947368421052632,0.0,1.0258042517794626,0.06225296442687747,21,2024,
emb_scvi,2,1,lung_E,lung_I,lung_C,3,tcp_classwise_thr,0.8659544183966484,0.8685770750988142,0.5833333333333334,0.7540983606557377,0.14285714285714285,0.8659544183966484,0.13142292490118576,21,2024,
emb_scvi,2,1,lung_E,lung_I,lung_C,3,tcp_cluster_thr,1.0,1.0,1.0,1.0,0.0,3.0,0.0,21,2024,
emb_scvi,3,0,lung_I,lung_G,lung_F,6,cell_pooled,0.8990666684662647,0.9409005628517824,0.0,0.830373831775701,0.06666666666666667,0.9677610245431757,0.03283302063789869,30,2132,0.908968307484828
emb_scvi,3,0,lung_I,lung_G,lung_F,6,classwise,0.8975849434621194,0.9357410881801126,0.0,0.8487538940809969,0.06666666666666667,0.9603355026832573,0.02673545966228893,30,2132,
emb_scvi,3,0,lung_I,lung_G,lung_F,6,donor_weighted,0.9000192438217794,0.9418386491557224,0.0,0.830373831775701,0.06666666666666667,0.9689434849561618,0.03142589118198874,30,2132,
emb_scvi,3,0,lung_I,lung_G,lung_F,6,donor_crc,0.9188341861215478,0.9606003752345216,0.0,0.8657142857142858,0.06666666666666667,0.9998762033638535,0.0023452157598499064,30,2132,
emb_scvi,3,0,lung_I,lung_G,lung_F,6,tcp_standard_thr,0.8990666684662647,0.9409005628517824,0.0,0.830373831775701,0.06666666666666667,0.9677610245431757,0.03283302063789869,30,2132,
emb_scvi,3,0,lung_I,lung_G,lung_F,6,tcp_standard_aps,0.8672860765119874,0.9099437148217636,0.0,0.7217241379310345,0.13333333333333333,1.0170252953675434,0.06660412757973734,30,2132,
emb_scvi,3,0,lung_I,lung_G,lung_F,6,tcp_classwise_thr,0.8975849434621194,0.9357410881801126,0.0,0.8487538940809969,0.06666666666666667,0.9603355026832573,0.02673545966228893,30,2132,
emb_scvi,3,0,lung_I,lung_G,lung_F,6,tcp_cluster_thr,0.9004802834900698,0.9376172607879925,0.0,0.8487538940809969,0.06666666666666667,1.9333476056147179,0.0,30,2132,
emb_scvi,3,1,lung_I,lung_G,lung_F,6,cell_pooled,0.92391725367425,0.9537381247418422,0.0,0.886133069828722,0.03333333333333333,0.9766358536508368,0.02643535729037588,30,2421,0.879080118694362
emb_scvi,3,1,lung_I,lung_G,lung_F,6,classwise,0.9197830183508736,0.9496076001652209,0.0,0.8998550724637682,0.03333333333333333,0.9531097944342947,0.023130937629078894,30,2421,
emb_scvi,3,1,lung_I,lung_G,lung_F,6,donor_weighted,0.917123497075489,0.9450640231309376,0.0,0.8632540356839422,0.03333333333333333,0.9668341254890938,0.03676166873192895,30,2421,
emb_scvi,3,1,lung_I,lung_G,lung_F,6,donor_crc,0.9331897506307477,0.9640644361833953,0.0,0.9090909090909091,0.03333333333333333,0.988846960542259,0.012804626187525816,30,2421,
emb_scvi,3,1,lung_I,lung_G,lung_F,6,tcp_standard_thr,0.92391725367425,0.9537381247418422,0.0,0.886133069828722,0.03333333333333333,0.9766358536508368,0.02643535729037588,30,2421,
emb_scvi,3,1,lung_I,lung_G,lung_F,6,tcp_standard_aps,0.8842185219780176,0.9116067740603057,0.0,0.8837877671333825,0.03333333333333333,0.989415928867324,0.0714580751755473,30,2421,
emb_scvi,3,1,lung_I,lung_G,lung_F,6,tcp_classwise_thr,0.9197830183508736,0.9496076001652209,0.0,0.8998550724637682,0.03333333333333333,0.9531097944342947,0.023130937629078894,30,2421,
emb_scvi,3,1,lung_I,lung_G,lung_F,6,tcp_cluster_thr,0.9045357888482707,0.9330855018587361,0.0,0.8497457627118644,0.06666666666666667,1.8954919747227015,0.0,30,2421,
emb_scvi,4,0,lung_C,lung_E,lung_G,3,cell_pooled,1.0,1.0,1.0,1.0,0.0,1.0379050691417597,0.0,30,2118,0.9288990825688074
emb_scvi,4,0,lung_C,lung_E,lung_G,3,classwise,0.9368045362855197,0.9329556185080264,0.8,0.8370169274992015,0.0,0.9562516379583912,0.05288007554296506,30,2118,
emb_scvi,4,0,lung_C,lung_E,lung_G,3,donor_weighted,1.0,1.0,1.0,1.0,0.0,1.0165578214451017,0.0,30,2118,
emb_scvi,4,0,lung_C,lung_E,lung_G,3,donor_crc,1.0,1.0,1.0,1.0,0.0,1.0501284192716593,0.0,30,2118,
emb_scvi,4,0,lung_C,lung_E,lung_G,3,tcp_standard_thr,1.0,1.0,1.0,1.0,0.0,1.0379050691417597,0.0,30,2118,
emb_scvi,4,0,lung_C,lung_E,lung_G,3,tcp_standard_aps,0.9878246722849183,0.9858356940509915,0.9433962264150944,0.9721043577981652,0.0,1.0437663441385767,0.014164305949008499,30,2118,
emb_scvi,4,0,lung_C,lung_E,lung_G,3,tcp_classwise_thr,0.9368045362855197,0.9329556185080264,0.8,0.8370169274992015,0.0,0.9562516379583912,0.05288007554296506,30,2118,
emb_scvi,4,0,lung_C,lung_E,lung_G,3,tcp_cluster_thr,0.9259968595489717,0.9211520302171861,0.7571428571428571,0.8215725806451614,0.06666666666666667,0.9443629570258399,0.06185080264400378,30,2118,
emb_scvi,4,1,lung_C,lung_E,lung_G,3,cell_pooled,1.0,1.0,1.0,1.0,0.0,1.0313051540607647,0.0,30,2001,0.9174311926605505
emb_scvi,4,1,lung_C,lung_E,lung_G,3,classwise,0.9411945826743513,0.9345327336331835,0.8125,0.8653049936788875,0.0,0.9634941259189127,0.047476261869065464,30,2001,
emb_scvi,4,1,lung_C,lung_E,lung_G,3,donor_weighted,1.0,1.0,1.0,1.0,0.0,1.0153972000198999,0.0,30,2001,
emb_scvi,4,1,lung_C,lung_E,lung_G,3,donor_crc,1.0,1.0,1.0,1.0,0.0,1.050811803435875,0.0,30,2001,
emb_scvi,4,1,lung_C,lung_E,lung_G,3,tcp_standard_thr,1.0,1.0,1.0,1.0,0.0,1.0313051540607647,0.0,30,2001,
emb_scvi,4,1,lung_C,lung_E,lung_G,3,tcp_standard_aps,0.983002738586398,0.9810094952523738,0.9552238805970149,0.9599183673469387,0.0,1.035926333294928,0.01899050474762619,30,2001,
emb_scvi,4,1,lung_C,lung_E,lung_G,3,tcp_classwise_thr,0.9411945826743513,0.9345327336331835,0.8125,0.8653049936788875,0.0,0.9634941259189127,0.047476261869065464,30,2001,
emb_scvi,4,1,lung_C,lung_E,lung_G,3,tcp_cluster_thr,0.9363068484941619,0.9270364817591205,0.8125,0.8622903183199049,0.0,0.9569877531341182,0.05347326336831584,30,2001,
emb_scvi,5,0,lung_E,lung_C,lung_I,3,cell_pooled,0.9479683488330105,0.9299691040164778,0.7538461538461538,0.8646153846153847,0.06666666666666667,0.9543572377218993,0.06694129763130793,30,971,0.9150197628458498
emb_scvi,5,0,lung_E,lung_C,lung_I,3,classwise,0.936527043996547,0.9073120494335737,0.5733333333333334,0.845748987854251,0.06666666666666667,0.936527043996547,0.09268795056642637,30,971,
emb_scvi,5,0,lung_E,lung_C,lung_I,3,donor_weighted,0.9662607946912459,0.9536560247167868,0.8307692307692308,0.8721153846153846,0.0,0.9757266066570579,0.04016477857878476,30,971,
emb_scvi,5,0,lung_E,lung_C,lung_I,3,donor_crc,0.9744182457058397,0.9701338825952626,0.8461538461538461,0.9073992673992674,0.0,0.9871914447290386,0.016477857878475798,30,971,
emb_scvi,5,0,lung_E,lung_C,lung_I,3,tcp_standard_thr,0.9479683488330105,0.9299691040164778,0.7538461538461538,0.8646153846153847,0.06666666666666667,0.9543572377218993,0.06694129763130793,30,971,
emb_scvi,5,0,lung_E,lung_C,lung_I,3,tcp_standard_aps,0.9163438618789744,0.9104016477857878,0.7333333333333333,0.8675,0.06666666666666667,0.9437478151381907,0.07518022657054584,30,971,
emb_scvi,5,0,lung_E,lung_C,lung_I,3,tcp_classwise_thr,0.936527043996547,0.9073120494335737,0.5733333333333334,0.845748987854251,0.06666666666666667,0.936527043996547,0.09268795056642637,30,971,
emb_scvi,5,0,lung_E,lung_C,lung_I,3,tcp_cluster_thr,0.9319616250342662,0.9165808444902163,0.6190476190476191,0.8461538461538461,0.06666666666666667,0.9341838472564884,0.082389289392379,30,971,
emb_scvi,5,1,lung_E,lung_C,lung_I,3,cell_pooled,0.9473514909723479,0.9412997903563941,0.7619047619047619,0.8448717948717949,0.03333333333333333,0.9527436478350931,0.05555555555555555,30,954,0.8992094861660079
emb_scvi,5,1,lung_E,lung_C,lung_I,3,classwise,0.9318566359878816,0.9014675052410901,0.5733333333333334,0.8311764705882353,0.06666666666666667,0.9322487928506267,0.09748427672955975,30,954,
emb_scvi,5,1,lung_E,lung_C,lung_I,3,donor_weighted,0.966892988963642,0.960167714884696,0.8235294117647058,0.9096153846153846,0.0,0.9760257189787249,0.03249475890985325,30,954,
emb_scvi,5,1,lung_E,lung_C,lung_I,3,donor_crc,0.9752314354533489,0.9737945492662474,0.8461538461538461,0.9155882352941176,0.0,0.9859514670557334,0.016771488469601678,30,954,
emb_scvi,5,1,lung_E,lung_C,lung_I,3,tcp_standard_thr,0.9473514909723479,0.9412997903563941,0.7619047619047619,0.8448717948717949,0.03333333333333333,0.9527436478350931,0.05555555555555555,30,954,
emb_scvi,5,1,lung_E,lung_C,lung_I,3,tcp_standard_aps,0.8942480721069676,0.8962264150943396,0.6875,0.8113636363636364,0.1,0.9194070108993971,0.09433962264150944,30,954,
emb_scvi,5,1,lung_E,lung_C,lung_I,3,tcp_classwise_thr,0.9318566359878816,0.9014675052410901,0.5733333333333334,0.8311764705882353,0.06666666666666667,0.9322487928506267,0.09748427672955975,30,954,
emb_scvi,5,1,lung_E,lung_C,lung_I,3,tcp_cluster_thr,0.9442887226801457,0.9339622641509434,0.7619047619047619,0.8412280701754385,0.06666666666666667,0.9526371389697386,0.06079664570230608,30,954,
emb_scvi,6,0,lung_C,lung_H,lung_F,3,cell_pooled,0.9312040483133454,0.9435483870967742,0.5,0.8777439024390244,0.03333333333333333,0.9328707149800121,0.05583126550868486,30,1612,0.8947368421052632
emb_scvi,6,0,lung_C,lung_H,lung_F,3,classwise,0.7989796538878181,0.8325062034739454,0.4146341463414634,0.5,0.43333333333333335,0.8006463205544848,0.16687344913151364,30,1612,
emb_scvi,6,0,lung_C,lung_H,lung_F,3,donor_weighted,0.9328416934211398,0.9447890818858561,0.5,0.8944086516336862,0.03333333333333333,0.9345083600878065,0.05459057071960298,30,1612,
emb_scvi,6,0,lung_C,lung_H,lung_F,3,donor_crc,0.9677254071674452,0.9646401985111662,0.8181818181818182,0.9224358974358975,0.0,0.9696318819875891,0.034119106699751864,30,1612,
emb_scvi,6,0,lung_C,lung_H,lung_F,3,tcp_standard_thr,0.9312040483133454,0.9435483870967742,0.5,0.8777439024390244,0.03333333333333333,0.9328707149800121,0.05583126550868486,30,1612,
emb_scvi,6,0,lung_C,lung_H,lung_F,3,tcp_standard_aps,0.8984548120138965,0.8939205955334988,0.5,0.8495495495495495,0.03333333333333333,0.9052032771970413,0.10421836228287841,30,1612,
emb_scvi,6,0,lung_C,lung_H,lung_F,3,tcp_classwise_thr,0.7989796538878181,0.8325062034739454,0.4146341463414634,0.5,0.43333333333333335,0.8006463205544848,0.16687344913151364,30,1612,
emb_scvi,6,0,lung_C,lung_H,lung_F,3,tcp_cluster_thr,1.0,1.0,1.0,1.0,0.0,3.0,0.0,30,1612,
emb_scvi,6,1,lung_C,lung_H,lung_F,3,cell_pooled,0.9266353955191253,0.9380952380952381,0.5,0.8777439024390244,0.03333333333333333,0.9283020621857918,0.061224489795918366,30,1470,0.9089615931721194
emb_scvi,6,1,lung_C,lung_H,lung_F,3,classwise,0.7832674615029563,0.8170068027210884,0.4146341463414634,0.5,0.4666666666666667,0.7849341281696229,0.18231292517006803,30,1470,
emb_scvi,6,1,lung_C,lung_H,lung_F,3,donor_weighted,0.9282730406269196,0.9394557823129251,0.5,0.8944086516336862,0.03333333333333333,0.9299397072935863,0.05986394557823129,30,1470,
emb_scvi,6,1,lung_C,lung_H,lung_F,3,donor_crc,0.9640667132927978,0.9619047619047619,0.8181818181818182,0.9165094339622641,0.0,0.9657333799594644,0.03741496598639456,30,1470,
emb_scvi,6,1,lung_C,lung_H,lung_F,3,tcp_standard_thr,0.9266353955191253,0.9380952380952381,0.5,0.8777439024390244,0.03333333333333333,0.9283020621857918,0.061224489795918366,30,1470,
emb_scvi,6,1,lung_C,lung_H,lung_F,3,tcp_standard_aps,0.9039062419343071,0.9006802721088435,0.7272727272727273,0.8442105263157895,0.06666666666666667,0.9129595685855888,0.09659863945578231,30,1470,
emb_scvi,6,1,lung_C,lung_H,lung_F,3,tcp_classwise_thr,0.7832674615029563,0.8170068027210884,0.4146341463414634,0.5,0.4666666666666667,0.7849341281696229,0.18231292517006803,30,1470,
emb_scvi,6,1,lung_C,lung_H,lung_F,3,tcp_cluster_thr,1.0,1.0,1.0,1.0,0.0,3.0,0.0,30,1470,
emb_scvi,7,0,lung_C,lung_I,lung_E,3,cell_pooled,0.6729054191161677,0.6381880733944955,0.35294117647058826,0.43738656987295826,0.7407407407407407,0.7208732645006326,0.30160550458715596,27,1744,0.9406392694063926
emb_scvi,7,0,lung_C,lung_I,lung_E,3,classwise,0.7285795235811856,0.7069954128440367,0.5151515151515151,0.5759367069711897,0.6666666666666666,0.7699139923998166,0.24025229357798164,27,1744,
emb_scvi,7,0,lung_C,lung_I,lung_E,3,donor_weighted,0.6287125978949566,0.5928899082568807,0.28431372549019607,0.3840154689010635,0.8518518518518519,0.6678232149993822,0.3577981651376147,27,1744,
emb_scvi,7,0,lung_C,lung_I,lung_E,3,donor_crc,0.6891875448062897,0.6559633027522935,0.4019607843137255,0.4565845369583687,0.6666666666666666,0.7431851487839466,0.27522935779816515,27,1744,
emb_scvi,7,0,lung_C,lung_I,lung_E,3,tcp_standard_thr,0.6729054191161677,0.6381880733944955,0.35294117647058826,0.43738656987295826,0.7407407407407407,0.7208732645006326,0.30160550458715596,27,1744,
emb_scvi,7,0,lung_C,lung_I,lung_E,3,tcp_standard_aps,0.8264352352083492,0.8056192660550459,0.5700934579439252,0.6079414838035528,0.2962962962962963,1.000719513413552,0.07052752293577981,27,1744,
emb_scvi,7,0,lung_C,lung_I,lung_E,3,tcp_classwise_thr,0.7285795235811856,0.7069954128440367,0.5151515151515151,0.5759367069711897,0.6666666666666666,0.7699139923998166,0.24025229357798164,27,1744,
emb_scvi,7,0,lung_C,lung_I,lung_E,3,tcp_cluster_thr,1.0,1.0,1.0,1.0,0.0,3.0,0.0,27,1744,
emb_scvi,7,1,lung_C,lung_I,lung_E,3,cell_pooled,0.6495757518401798,0.6152522935779816,0.3235294117647059,0.4127618433773767,0.7407407407407407,0.6909102206588108,0.3319954128440367,27,1744,0.9031007751937985
emb_scvi,7,1,lung_C,lung_I,lung_E,3,classwise,0.7208934428874062,0.7001146788990825,0.5,0.5759367069711897,0.6666666666666666,0.7554515952671779,0.25630733944954126,27,1744,
emb_scvi,7,1,lung_C,lung_I,lung_E,3,donor_weighted,0.6276760890153105,0.591743119266055,0.27450980392156865,0.3840154689010635,0.8518518518518519,0.6667867061197361,0.35894495412844035,27,1744,
emb_scvi,7,1,lung_C,lung_I,lung_E,3,donor_crc,0.6806238509939075,0.6462155963302753,0.3627450980392157,0.4521665250637213,0.7407407407407407,0.7317472981425645,0.28956422018348627,27,1744,
emb_scvi,7,1,lung_C,lung_I,lung_E,3,tcp_standard_thr,0.6495757518401798,0.6152522935779816,0.3235294117647059,0.4127618433773767,0.7407407407407407,0.6909102206588108,0.3319954128440367,27,1744,
emb_scvi,7,1,lung_C,lung_I,lung_E,3,tcp_standard_aps,0.8100900260537487,0.7889908256880734,0.5700934579439252,0.6079414838035528,0.37037037037037035,0.9725866870199267,0.08084862385321101,27,1744,
emb_scvi,7,1,lung_C,lung_I,lung_E,3,tcp_classwise_thr,0.7208934428874062,0.7001146788990825,0.5,0.5759367069711897,0.6666666666666666,0.7554515952671779,0.25630733944954126,27,1744,
emb_scvi,7,1,lung_C,lung_I,lung_E,3,tcp_cluster_thr,1.0,1.0,1.0,1.0,0.0,3.0,0.0,27,1744,
emb_scvi,8,0,lung_I,lung_E,lung_H,4,cell_pooled,0.9309955286879015,0.9319682959048877,0.8028169014084507,0.8787878787878788,0.0,1.1263217403900005,0.0,21,1514,0.9016881827209533
emb_scvi,8,0,lung_I,lung_E,lung_H,4,classwise,0.8993202499116351,0.9022457067371202,0.7183098591549296,0.8484848484848485,0.09523809523809523,1.0338096999780528,0.023778071334214,21,1514,
emb_scvi,8,0,lung_I,lung_E,lung_H,4,donor_weighted,0.9330496172390548,0.9339498018494056,0.8028169014084507,0.8875,0.0,1.1344544754043322,0.0,21,1514,
emb_scvi,8,0,lung_I,lung_E,lung_H,4,donor_crc,0.95279916430372,0.9531043593130779,0.8873239436619719,0.9090909090909091,0.0,1.2426274684310716,0.0,21,1514,
emb_scvi,8,0,lung_I,lung_E,lung_H,4,tcp_standard_thr,0.9309955286879015,0.9319682959048877,0.8028169014084507,0.8787878787878788,0.0,1.1263217403900005,0.0,21,1514,
emb_scvi,8,0,lung_I,lung_E,lung_H,4,tcp_standard_aps,0.9265600081491338,0.9247027741083224,0.8545454545454545,0.8804347826086957,0.0,1.2935310717913306,0.03038309114927345,21,1514,
emb_scvi,8,0,lung_I,lung_E,lung_H,4,tcp_classwise_thr,0.8993202499116351,0.9022457067371202,0.7183098591549296,0.8484848484848485,0.09523809523809523,1.0338096999780528,0.023778071334214,21,1514,
emb_scvi,8,0,lung_I,lung_E,lung_H,4,tcp_cluster_thr,0.9388823408534683,0.9392338177014531,0.8169014084507042,0.8983050847457628,0.0,1.1034112898624535,0.0066050198150594455,21,1514,
emb_scvi,8,1,lung_I,lung_E,lung_H,4,cell_pooled,0.9878243266042309,0.987450462351387,0.9090909090909091,0.9722222222222222,0.0,1.6035032137357192,0.0,21,1514,0.8689175769612711
emb_scvi,8,1,lung_I,lung_E,lung_H,4,classwise,0.9577192893720928,0.9577278731836195,0.8939393939393939,0.9210526315789473,0.0,1.072129818536639,0.0006605019815059445,21,1514,
emb_scvi,8,1,lung_I,lung_E,lung_H,4,donor_weighted,0.9860966818883816,0.9854689564068693,0.9090909090909091,0.9722222222222222,0.0,1.5480711289154723,0.0,21,1514,
emb_scvi,8,1,lung_I,lung_E,lung_H,4,donor_crc,0.9896984468363179,0.9894319682959049,0.9090909090909091,0.9722222222222222,0.0,1.7025687895868895,0.0,21,1514,
emb_scvi,8,1,lung_I,lung_E,lung_H,4,tcp_standard_thr,0.9878243266042309,0.987450462351387,0.9090909090909091,0.9722222222222222,0.0,1.6035032137357192,0.0,21,1514,
emb_scvi,8,1,lung_I,lung_E,lung_H,4,tcp_standard_aps,0.9789294411806819,0.9795244385733157,0.8939393939393939,0.9661016949152542,0.0,1.7868960869225228,0.005284015852047556,21,1514,
emb_scvi,8,1,lung_I,lung_E,lung_H,4,tcp_classwise_thr,0.9577192893720928,0.9577278731836195,0.8939393939393939,0.9210526315789473,0.0,1.072129818536639,0.0006605019815059445,21,1514,
emb_scvi,8,1,lung_I,lung_E,lung_H,4,tcp_cluster_thr,0.9598221572644344,0.9597093791281374,0.8939393939393939,0.9322033898305084,0.0,2.020889530636164,0.0,21,1514,
emb_scvi,9,0,lung_E,lung_F,lung_I,6,cell_pooled,0.7839679262707321,0.7537286285922153,0.08,0.48637629097440505,0.3333333333333333,0.9769989789262644,0.027646416878865043,30,2749,0.9011274934952298
emb_scvi,9,0,lung_E,lung_F,lung_I,6,classwise,0.8281299622703723,0.8253910512913787,0.19333333333333333,0.4958823529411765,0.23333333333333334,0.9947486876587377,0.03346671516915242,30,2749,
emb_scvi,9,0,lung_E,lung_F,lung_I,6,donor_weighted,0.8441394609821838,0.8213895962168061,0.11333333333333333,0.6388235294117648,0.2,1.1393933642348653,0.0,30,2749,
emb_scvi,9,0,lung_E,lung_F,lung_I,6,donor_crc,0.878896745172359,0.8595853037468171,0.16666666666666666,0.6447058823529412,0.16666666666666666,1.3241469159489845,0.0,30,2749,
emb_scvi,9,0,lung_E,lung_F,lung_I,6,tcp_standard_thr,0.7839679262707321,0.7537286285922153,0.08,0.48637629097440505,0.3333333333333333,0.9769989789262644,0.027646416878865043,30,2749,
emb_scvi,9,0,lung_E,lung_F,lung_I,6,tcp_standard_aps,0.8308367990034263,0.8112040742088032,0.13333333333333333,0.64,0.2,1.2299729429642443,0.03674063295743907,30,2749,
emb_scvi,9,0,lung_E,lung_F,lung_I,6,tcp_classwise_thr,0.8281299622703723,0.8253910512913787,0.19333333333333333,0.4958823529411765,0.23333333333333334,0.9947486876587377,0.03346671516915242,30,2749,
emb_scvi,9,0,lung_E,lung_F,lung_I,6,tcp_cluster_thr,0.844697533033979,0.8399417970170971,0.19333333333333333,0.4970588235294118,0.23333333333333334,1.885664507593061,0.0,30,2749,
emb_scvi,9,1,lung_E,lung_F,lung_I,6,cell_pooled,0.783773900424675,0.7478134110787172,0.08,0.48637629097440505,0.26666666666666666,0.9833568543032527,0.02077259475218659,30,2744,0.8776041666666666
emb_scvi,9,1,lung_E,lung_F,lung_I,6,classwise,0.841652365335959,0.8327259475218659,0.18666666666666668,0.4958823529411765,0.13333333333333333,0.9825649393702119,0.03498542274052478,30,2744,
emb_scvi,9,1,lung_E,lung_F,lung_I,6,donor_weighted,0.8012327306402454,0.7678571428571429,0.08666666666666667,0.5356443646160756,0.23333333333333334,1.02026008915989,0.0058309037900874635,30,2744,
emb_scvi,9,1,lung_E,lung_F,lung_I,6,donor_crc,0.8514404380975873,0.8243440233236151,0.12666666666666668,0.64,0.16666666666666666,1.186610671247511,0.0,30,2744,
emb_scvi,9,1,lung_E,lung_F,lung_I,6,tcp_standard_thr,0.783773900424675,0.7478134110787172,0.08,0.48637629097440505,0.26666666666666666,0.9833568543032527,0.02077259475218659,30,2744,
emb_scvi,9,1,lung_E,lung_F,lung_I,6,tcp_standard_aps,0.8144912628179403,0.7966472303206997,0.12666666666666668,0.64,0.23333333333333334,1.218350007959455,0.043002915451895045,30,2744,
emb_scvi,9,1,lung_E,lung_F,lung_I,6,tcp_classwise_thr,0.841652365335959,0.8327259475218659,0.18666666666666668,0.4958823529411765,0.13333333333333333,0.9825649393702119,0.03498542274052478,30,2744,
emb_scvi,9,1,lung_E,lung_F,lung_I,6,tcp_cluster_thr,0.8539946842192023,0.8465743440233237,0.18666666666666668,0.4970588235294118,0.13333333333333333,1.8295601042355136,0.0,30,2744,
emb_scvi,10,0,lung_C,lung_F,lung_G,3,cell_pooled,0.8576392658808043,0.8674513817809621,0.6,0.7482673267326733,0.26666666666666666,0.8576392658808043,0.13254861821903788,30,1954,0.876657824933687
emb_scvi,10,0,lung_C,lung_F,lung_G,3,classwise,0.8524857163419394,0.8669396110542477,0.5,0.742510380070265,0.2,0.8524857163419394,0.1330603889457523,30,1954,
emb_scvi,10,0,lung_C,lung_F,lung_G,3,donor_weighted,0.8761275160342203,0.887410440122825,0.6,0.778960396039604,0.16666666666666666,0.8761275160342203,0.11258955987717502,30,1954,
emb_scvi,10,0,lung_C,lung_F,lung_G,3,donor_crc,0.9105374693872099,0.9176049129989765,0.75,0.8203225806451614,0.06666666666666667,0.9105374693872099,0.08239508700102355,30,1954,
emb_scvi,10,0,lung_C,lung_F,lung_G,3,tcp_standard_thr,0.8576392658808043,0.8674513817809621,0.6,0.7482673267326733,0.26666666666666666,0.8576392658808043,0.13254861821903788,30,1954,
emb_scvi,10,0,lung_C,lung_F,lung_G,3,tcp_standard_aps,0.9282907976794239,0.9288638689866939,0.8,0.8894888597640891,0.0,0.9526878193350162,0.07011258955987718,30,1954,
emb_scvi,10,0,lung_C,lung_F,lung_G,3,tcp_classwise_thr,0.8524857163419394,0.8669396110542477,0.5,0.742510380070265,0.2,0.8524857163419394,0.1330603889457523,30,1954,
emb_scvi,10,0,lung_C,lung_F,lung_G,3,tcp_cluster_thr,1.0,1.0,1.0,1.0,0.0,3.0,0.0,30,1954,
emb_scvi,10,1,lung_C,lung_F,lung_G,3,cell_pooled,0.8530416416768974,0.8656307129798904,0.6,0.7410092622165443,0.26666666666666666,0.8530416416768974,0.1343692870201097,30,2188,0.9227848101265823
emb_scvi,10,1,lung_C,lung_F,lung_G,3,classwise,0.856170534458203,0.863345521023766,0.6857142857142857,0.7410092622165443,0.23333333333333334,0.856170534458203,0.136654478976234,30,2188,
emb_scvi,10,1,lung_C,lung_F,lung_G,3,donor_weighted,0.8699875957949367,0.8816270566727605,0.6,0.7689975247524753,0.16666666666666666,0.8699875957949367,0.1183729433272395,30,2188,
emb_scvi,10,1,lung_C,lung_F,lung_G,3,donor_crc,0.9095179110046865,0.9149908592321755,0.7714285714285715,0.835483870967742,0.03333333333333333,0.9095179110046865,0.0850091407678245,30,2188,
emb_scvi,10,1,lung_C,lung_F,lung_G,3,tcp_standard_thr,0.8530416416768974,0.8656307129798904,0.6,0.7410092622165443,0.26666666666666666,0.8530416416768974,0.1343692870201097,30,2188,
emb_scvi,10,1,lung_C,lung_F,lung_G,3,tcp_standard_aps,0.9010640691128006,0.9131627056672761,0.8,0.8349698535745048,0.0,0.9205598556434368,0.08638025594149909,30,2188,
emb_scvi,10,1,lung_C,lung_F,lung_G,3,tcp_classwise_thr,0.856170534458203,0.863345521023766,0.6857142857142857,0.7410092622165443,0.23333333333333334,0.856170534458203,0.136654478976234,30,2188,
emb_scvi,10,1,lung_C,lung_F,lung_G,3,tcp_cluster_thr,0.8509899418832622,0.8638025594149908,0.6,0.7319865857553497,0.26666666666666666,0.8509899418832622,0.13619744058500913,30,2188,
emb_scvi,11,0,lung_F,lung_G,lung_H,4,cell_pooled,0.9237974914178755,0.9240422721268163,0.8181818181818182,0.864406779661017,0.0,0.9825612716921157,0.0178335535006605,21,1514,0.8940809968847352
emb_scvi,11,0,lung_F,lung_G,lung_H,4,classwise,0.7351147153304305,0.7457067371202114,0.32727272727272727,0.5303030303030303,0.5238095238095238,0.8055222697921058,0.19616908850726553,21,1514,
emb_scvi,11,0,lung_F,lung_G,lung_H,4,donor_weighted,0.9237974914178755,0.9240422721268163,0.8181818181818182,0.864406779661017,0.0,0.9825612716921157,0.0178335535006605,21,1514,
emb_scvi,11,0,lung_F,lung_G,lung_H,4,donor_crc,0.9292648519853279,0.929326287978864,0.8181818181818182,0.881578947368421,0.0,0.9912919049085611,0.009247027741083224,21,1514,
emb_scvi,11,0,lung_F,lung_G,lung_H,4,tcp_standard_thr,0.9237974914178755,0.9240422721268163,0.8181818181818182,0.864406779661017,0.0,0.9825612716921157,0.0178335535006605,21,1514,
emb_scvi,11,0,lung_F,lung_G,lung_H,4,tcp_standard_aps,0.851144269672683,0.8527080581241744,0.696969696969697,0.8055555555555556,0.09523809523809523,0.9221269966203612,0.09247027741083223,21,1514,
emb_scvi,11,0,lung_F,lung_G,lung_H,4,tcp_classwise_thr,0.7351147153304305,0.7457067371202114,0.32727272727272727,0.5303030303030303,0.5238095238095238,0.8055222697921058,0.19616908850726553,21,1514,
emb_scvi,11,0,lung_F,lung_G,lung_H,4,tcp_cluster_thr,0.8906446479674686,0.8943196829590488,0.696969696969697,0.8028169014084507,0.09523809523809523,0.9586219534392619,0.04491413474240423,21,1514,
emb_scvi,11,1,lung_F,lung_G,lung_H,4,cell_pooled,0.9036210195179839,0.9042272126816381,0.803030303030303,0.8205128205128205,0.0,0.9582066566685759,0.04227212681638045,21,1514,0.8970954356846473
emb_scvi,11,1,lung_F,lung_G,lung_H,4,classwise,0.5902413622806097,0.6003963011889035,0.2727272727272727,0.3939393939393939,0.8571428571428571,0.6670558622462283,0.3368560105680317,21,1514,
emb_scvi,11,1,lung_F,lung_G,lung_H,4,donor_weighted,0.899630108772415,0.9002642007926024,0.803030303030303,0.8076923076923077,0.0,0.954215745923007,0.046235138705416116,21,1514,
emb_scvi,11,1,lung_F,lung_G,lung_H,4,donor_crc,0.9273521677956366,0.9273447820343461,0.8181818181818182,0.8787878787878788,0.0,0.9882168161111119,0.012549537648612946,21,1514,
emb_scvi,11,1,lung_F,lung_G,lung_H,4,tcp_standard_thr,0.9036210195179839,0.9042272126816381,0.803030303030303,0.8205128205128205,0.0,0.9582066566685759,0.04227212681638045,21,1514,
emb_scvi,11,1,lung_F,lung_G,lung_H,4,tcp_standard_aps,0.8785053191158848,0.8797886393659181,0.7288135593220338,0.8289473684210527,0.09523809523809523,0.95589116079188,0.06737120211360634,21,1514,
emb_scvi,11,1,lung_F,lung_G,lung_H,4,tcp_classwise_thr,0.5902413622806097,0.6003963011889035,0.2727272727272727,0.3939393939393939,0.8571428571428571,0.6670558622462283,0.3368560105680317,21,1514,
emb_scvi,11,1,lung_F,lung_G,lung_H,4,tcp_cluster_thr,0.8291476267478987,0.8322324966974901,0.6,0.711864406779661,0.38095238095238093,0.9004008761996056,0.09841479524438573,21,1514,
emb_scvi,12,0,lung_H,lung_E,lung_C,3,cell_pooled,0.8786053094419511,0.9174901185770751,0.16666666666666666,0.8095238095238095,0.09523809523809523,0.895667685152152,0.07509881422924901,21,2024,0.9162844036697247
emb_scvi,12,0,lung_H,lung_E,lung_C,3,classwise,0.7621862763535026,0.8117588932806324,0.16666666666666666,0.5925925925925926,0.47619047619047616,0.799359935113894,0.1724308300395257,21,2024,
emb_scvi,12,0,lung_H,lung_E,lung_C,3,donor_weighted,0.858202788343486,0.8972332015810277,0.16666666666666666,0.7619047619047619,0.23809523809523808,0.8669785160611563,0.09683794466403162,21,2024,
emb_scvi,12,0,lung_H,lung_E,lung_C,3,donor_crc,0.9028803359765398,0.9372529644268774,0.25,0.8425925925925926,0.047619047619047616,0.921098070108215,0.053853754940711464,21,2024,
emb_scvi,12,0,lung_H,lung_E,lung_C,3,tcp_standard_thr,0.8786053094419511,0.9174901185770751,0.16666666666666666,0.8095238095238095,0.09523809523809523,0.895667685152152,0.07509881422924901,21,2024,
emb_scvi,12,0,lung_H,lung_E,lung_C,3,tcp_standard_aps,0.8912234111316701,0.9011857707509882,0.6190476190476191,0.8076923076923077,0.09523809523809523,0.9933634356943934,0.08695652173913043,21,2024,
emb_scvi,12,0,lung_H,lung_E,lung_C,3,tcp_classwise_thr,0.7621862763535026,0.8117588932806324,0.16666666666666666,0.5925925925925926,0.47619047619047616,0.799359935113894,0.1724308300395257,21,2024,
emb_scvi,12,0,lung_H,lung_E,lung_C,3,tcp_cluster_thr,1.0,1.0,1.0,1.0,0.0,3.0,0.0,21,2024,
emb_scvi,12,1,lung_H,lung_E,lung_C,3,cell_pooled,0.8786053094419511,0.9174901185770751,0.16666666666666666,0.8095238095238095,0.09523809523809523,0.895667685152152,0.07509881422924901,21,2024,0.9128440366972477
emb_scvi,12,1,lung_H,lung_E,lung_C,3,classwise,0.7621862763535026,0.8117588932806324,0.16666666666666666,0.5925925925925926,0.47619047619047616,0.799359935113894,0.1724308300395257,21,2024,
emb_scvi,12,1,lung_H,lung_E,lung_C,3,donor_weighted,0.858202788343486,0.8972332015810277,0.16666666666666666,0.7619047619047619,0.23809523809523808,0.8669785160611563,0.09683794466403162,21,2024,
emb_scvi,12,1,lung_H,lung_E,lung_C,3,donor_crc,0.9028803359765398,0.9372529644268774,0.25,0.8425925925925926,0.047619047619047616,0.921098070108215,0.053853754940711464,21,2024,
emb_scvi,12,1,lung_H,lung_E,lung_C,3,tcp_standard_thr,0.8786053094419511,0.9174901185770751,0.16666666666666666,0.8095238095238095,0.09523809523809523,0.895667685152152,0.07509881422924901,21,2024,
emb_scvi,12,1,lung_H,lung_E,lung_C,3,tcp_standard_aps,0.8897573730563624,0.8957509881422925,0.8095238095238095,0.8421052631578947,0.0,0.9867685243508669,0.08942687747035573,21,2024,
emb_scvi,12,1,lung_H,lung_E,lung_C,3,tcp_classwise_thr,0.7621862763535026,0.8117588932806324,0.16666666666666666,0.5925925925925926,0.47619047619047616,0.799359935113894,0.1724308300395257,21,2024,
emb_scvi,12,1,lung_H,lung_E,lung_C,3,tcp_cluster_thr,1.0,1.0,1.0,1.0,0.0,3.0,0.0,21,2024,
emb_scvi,13,0,lung_F,lung_E,lung_C,3,cell_pooled,0.9722664877545137,0.9886363636363636,0.6666666666666666,0.9523809523809523,0.047619047619047616,0.9722664877545137,0.011363636363636364,21,2024,0.9162844036697247
emb_scvi,13,0,lung_F,lung_E,lung_C,3,classwise,0.9339062761408352,0.9540513833992095,0.6666666666666666,0.8421052631578947,0.047619047619047616,0.9339062761408352,0.04594861660079051,21,2024,
emb_scvi,13,0,lung_F,lung_E,lung_C,3,donor_weighted,0.9677404320670798,0.983201581027668,0.6666666666666666,0.9473684210526315,0.047619047619047616,0.9677404320670798,0.016798418972332016,21,2024,
emb_scvi,13,0,lung_F,lung_E,lung_C,3,donor_crc,0.9731008324147078,0.9896245059288538,0.6666666666666666,0.9523809523809523,0.047619047619047616,0.9731008324147078,0.010375494071146246,21,2024,
emb_scvi,13,0,lung_F,lung_E,lung_C,3,tcp_standard_thr,0.9722664877545137,0.9886363636363636,0.6666666666666666,0.9523809523809523,0.047619047619047616,0.9722664877545137,0.011363636363636364,21,2024,
emb_scvi,13,0,lung_F,lung_E,lung_C,3,tcp_standard_aps,0.9021518085076055,0.892292490118577,0.8053097345132744,0.8571428571428571,0.0,0.9206882223417943,0.10721343873517787,21,2024,
emb_scvi,13,0,lung_F,lung_E,lung_C,3,tcp_classwise_thr,0.9339062761408352,0.9540513833992095,0.6666666666666666,0.8421052631578947,0.047619047619047616,0.9339062761408352,0.04594861660079051,21,2024,
emb_scvi,13,0,lung_F,lung_E,lung_C,3,tcp_cluster_thr,0.947349235126856,0.9614624505928854,0.8333333333333334,0.8442622950819673,0.0,0.947349235126856,0.038537549407114624,21,2024,
emb_scvi,13,1,lung_F,lung_E,lung_C,3,cell_pooled,0.976037013593856,0.9866600790513834,0.8333333333333334,0.9473684210526315,0.0,0.9764779307014398,0.012845849802371542,21,2024,0.9231651376146789
emb_scvi,13,1,lung_F,lung_E,lung_C,3,classwise,0.921703977719809,0.9431818181818182,0.6666666666666666,0.7950819672131147,0.14285714285714285,0.9229452714752269,0.05533596837944664,21,2024,
emb_scvi,13,1,lung_F,lung_E,lung_C,3,donor_weighted,0.9656169067407195,0.982707509881423,0.6666666666666666,0.9473684210526315,0.047619047619047616,0.9656169067407195,0.017292490118577076,21,2024,
emb_scvi,13,1,lung_F,lung_E,lung_C,3,donor_crc,0.9773076565311656,0.9881422924901185,0.8333333333333334,0.9473684210526315,0.0,0.9777485736387493,0.011363636363636364,21,2024,
emb_scvi,13,1,lung_F,lung_E,lung_C,3,tcp_standard_thr,0.976037013593856,0.9866600790513834,0.8333333333333334,0.9473684210526315,0.0,0.9764779307014398,0.012845849802371542,21,2024,
emb_scvi,13,1,lung_F,lung_E,lung_C,3,tcp_standard_aps,0.8967195707935665,0.8937747035573123,0.7894736842105263,0.860655737704918,0.047619047619047616,0.9247426977630465,0.1042490118577075,21,2024,
emb_scvi,13,1,lung_F,lung_E,lung_C,3,tcp_classwise_thr,0.921703977719809,0.9431818181818182,0.6666666666666666,0.7950819672131147,0.14285714285714285,0.9229452714752269,0.05533596837944664,21,2024,
emb_scvi,13,1,lung_F,lung_E,lung_C,3,tcp_cluster_thr,0.8416676242057061,0.8908102766798419,0.25,0.7058823529411765,0.19047619047619047,0.842908917961124,0.10770750988142293,21,2024,
emb_scvi,14,0,lung_H,lung_I,lung_F,4,cell_pooled,0.8513062228198998,0.8826446280991735,0.4642857142857143,0.6399749373433584,0.26666666666666666,1.0518704128701075,0.0027548209366391185,30,1815,0.9130434782608695
emb_scvi,14,0,lung_H,lung_I,lung_F,4,classwise,0.8797087106218668,0.8953168044077136,0.5,0.7862838915470494,0.16666666666666666,1.0190296842644067,0.04022038567493113,30,1815,
emb_scvi,14,0,lung_H,lung_I,lung_F,4,donor_weighted,0.9061279760747457,0.9294765840220386,0.5,0.8118868600071608,0.1,1.218568625083543,0.0,30,1815,
emb_scvi,14,0,lung_H,lung_I,lung_F,4,donor_crc,0.9480895511600951,0.9663911845730028,0.5357142857142857,0.9160042964554242,0.06666666666666667,1.4639876410942076,0.0,30,1815,
emb_scvi,14,0,lung_H,lung_I,lung_F,4,tcp_standard_thr,0.8513062228198998,0.8826446280991735,0.4642857142857143,0.6399749373433584,0.26666666666666666,1.0518704128701075,0.0027548209366391185,30,1815,
emb_scvi,14,0,lung_H,lung_I,lung_F,4,tcp_standard_aps,0.8841973530471652,0.9068870523415978,0.5,0.7989473684210526,0.1,1.299845445158314,0.03801652892561983,30,1815,
emb_scvi,14,0,lung_H,lung_I,lung_F,4,tcp_classwise_thr,0.8797087106218668,0.8953168044077136,0.5,0.7862838915470494,0.16666666666666666,1.0190296842644067,0.04022038567493113,30,1815,
emb_scvi,14,0,lung_H,lung_I,lung_F,4,tcp_cluster_thr,1.0,1.0,1.0,1.0,0.0,4.0,0.0,30,1815,
emb_scvi,14,1,lung_H,lung_I,lung_F,4,cell_pooled,0.8324384384908583,0.8868613138686131,0.3684210526315789,0.6094594594594595,0.26666666666666666,1.0694233332952834,0.0015641293013555788,30,1918,0.8850771869639794
emb_scvi,14,1,lung_H,lung_I,lung_F,4,classwise,0.867159601571878,0.9077163712200208,0.3684210526315789,0.6581081081081082,0.16666666666666666,1.0454035350337858,0.02502606882168926,30,1918,
emb_scvi,14,1,lung_H,lung_I,lung_F,4,donor_weighted,0.882097671711682,0.927007299270073,0.42105263157894735,0.6581081081081082,0.16666666666666666,1.2071333561711153,0.0,30,1918,
emb_scvi,14,1,lung_H,lung_I,lung_F,4,donor_crc,0.925608969908811,0.9635036496350365,0.42105263157894735,0.7897297297297299,0.1,1.4766894334471323,0.0,30,1918,
emb_scvi,14,1,lung_H,lung_I,lung_F,4,tcp_standard_thr,0.8324384384908583,0.8868613138686131,0.3684210526315789,0.6094594594594595,0.26666666666666666,1.0694233332952834,0.0015641293013555788,30,1918,
emb_scvi,14,1,lung_H,lung_I,lung_F,4,tcp_standard_aps,0.8700284516677446,0.9014598540145985,0.3684210526315789,0.7389473684210527,0.16666666666666666,1.2783567991310494,0.03858185610010428,30,1918,
emb_scvi,14,1,lung_H,lung_I,lung_F,4,tcp_classwise_thr,0.867159601571878,0.9077163712200208,0.3684210526315789,0.6581081081081082,0.16666666666666666,1.0454035350337858,0.02502606882168926,30,1918,
emb_scvi,14,1,lung_H,lung_I,lung_F,4,tcp_cluster_thr,1.0,1.0,1.0,1.0,0.0,4.0,0.0,30,1918,
emb_scvi,15,0,lung_I,lung_C,lung_E,3,cell_pooled,0.710018944003333,0.6777522935779816,0.3333333333333333,0.5245436105476674,0.6666666666666666,0.7103820522095785,0.3216743119266055,27,1744,0.8942687747035574
emb_scvi,15,0,lung_I,lung_C,lung_E,3,classwise,0.7216983503946094,0.7001146788990825,0.46078431372549017,0.5380841121495327,0.7037037037037037,0.7220614586008547,0.2993119266055046,27,1744,
emb_scvi,15,0,lung_I,lung_C,lung_E,3,donor_weighted,0.7779657806788163,0.7522935779816514,0.47058823529411764,0.6053142260038812,0.5185185185185185,0.7783288888850618,0.24713302752293578,27,1744,
emb_scvi,15,0,lung_I,lung_C,lung_E,3,donor_crc,0.8399881817336998,0.8193807339449541,0.6176470588235294,0.6828481862964622,0.37037037037037035,0.8422234326282634,0.1783256880733945,27,1744,
emb_scvi,15,0,lung_I,lung_C,lung_E,3,tcp_standard_thr,0.710018944003333,0.6777522935779816,0.3333333333333333,0.5245436105476674,0.6666666666666666,0.7103820522095785,0.3216743119266055,27,1744,
emb_scvi,15,0,lung_I,lung_C,lung_E,3,tcp_standard_aps,0.8851551699840985,0.8899082568807339,0.75,0.8074224021592442,0.1111111111111111,0.9570556755797843,0.10091743119266056,27,1744,
emb_scvi,15,0,lung_I,lung_C,lung_E,3,tcp_classwise_thr,0.7216983503946094,0.7001146788990825,0.46078431372549017,0.5380841121495327,0.7037037037037037,0.7220614586008547,0.2993119266055046,27,1744,
emb_scvi,15,0,lung_I,lung_C,lung_E,3,tcp_cluster_thr,0.7195303827410579,0.6972477064220184,0.46078431372549017,0.531896551724138,0.7037037037037037,0.7198934909473033,0.3021788990825688,27,1744,
emb_scvi,15,1,lung_I,lung_C,lung_E,3,cell_pooled,0.71685316061391,0.6857798165137615,0.35294117647058826,0.5363083164300203,0.6666666666666666,0.71685316061391,0.31422018348623854,27,1744,0.8893280632411067
emb_scvi,15,1,lung_I,lung_C,lung_E,3,classwise,0.7019997058281805,0.6817660550458715,0.43137254901960786,0.5219250187990117,0.7407407407407407,0.7030013836385129,0.3170871559633027,27,1744,
emb_scvi,15,1,lung_I,lung_C,lung_E,3,donor_weighted,0.7746957528627674,0.7482798165137615,0.47058823529411764,0.5864789416191285,0.5555555555555556,0.7756974306730997,0.2505733944954128,27,1744,
emb_scvi,15,1,lung_I,lung_C,lung_E,3,donor_crc,0.8246770894979982,0.8021788990825688,0.5686274509803921,0.6534706672637707,0.3333333333333333,0.8256787673083305,0.1966743119266055,27,1744,
emb_scvi,15,1,lung_I,lung_C,lung_E,3,tcp_standard_thr,0.71685316061391,0.6857798165137615,0.35294117647058826,0.5363083164300203,0.6666666666666666,0.71685316061391,0.31422018348623854,27,1744,
emb_scvi,15,1,lung_I,lung_C,lung_E,3,tcp_standard_aps,0.9045707262441072,0.9065366972477065,0.8043478260869565,0.856390977443609,0.0,0.962994535615329,0.08428899082568807,27,1744,
emb_scvi,15,1,lung_I,lung_C,lung_E,3,tcp_classwise_thr,0.7019997058281805,0.6817660550458715,0.43137254901960786,0.5219250187990117,0.7407407407407407,0.7030013836385129,0.3170871559633027,27,1744,
emb_scvi,15,1,lung_I,lung_C,lung_E,3,tcp_cluster_thr,0.695605945843315,0.6754587155963303,0.4117647058823529,0.5140706126687434,0.7407407407407407,0.6966076236536473,0.32339449541284404,27,1744,
emb_scvi,16,0,lung_I,lung_F,lung_H,4,cell_pooled,0.7787902329326857,0.7826948480845443,0.5070422535211268,0.6625,0.5238095238095238,0.802609894108434,0.1928665785997358,21,1514,0.8942891859052248
emb_scvi,16,0,lung_I,lung_F,lung_H,4,classwise,0.7066020562329873,0.7153236459709379,0.38028169014084506,0.5606060606060606,0.7619047619047619,0.7406207717382619,0.25033025099075296,21,1514,
emb_scvi,16,0,lung_I,lung_F,lung_H,4,donor_weighted,0.911494480027763,0.9128137384412153,0.7746478873239436,0.8545454545454545,0.047619047619047616,0.9696379945770365,0.029722589167767502,21,1514,
emb_scvi,16,0,lung_I,lung_F,lung_H,4,donor_crc,0.9214701724624378,0.9220607661822986,0.8169014084507042,0.8727272727272727,0.0,0.9874575321138517,0.012549537648612946,21,1514,
emb_scvi,16,0,lung_I,lung_F,lung_H,4,tcp_standard_thr,0.7787902329326857,0.7826948480845443,0.5070422535211268,0.6625,0.5238095238095238,0.802609894108434,0.1928665785997358,21,1514,
emb_scvi,16,0,lung_I,lung_F,lung_H,4,tcp_standard_aps,0.9121954648912409,0.9108322324966975,0.8421052631578947,0.875,0.0,1.1231152209340232,0.05085865257595773,21,1514,
emb_scvi,16,0,lung_I,lung_F,lung_H,4,tcp_classwise_thr,0.7066020562329873,0.7153236459709379,0.38028169014084506,0.5606060606060606,0.7619047619047619,0.7406207717382619,0.25033025099075296,21,1514,
emb_scvi,16,0,lung_I,lung_F,lung_H,4,tcp_cluster_thr,0.7842908154841857,0.7886393659180978,0.5211267605633803,0.675,0.5238095238095238,1.707623240295751,0.0,21,1514,
emb_scvi,16,1,lung_I,lung_F,lung_H,4,cell_pooled,0.7387507367163048,0.7417437252311757,0.4909090909090909,0.5932203389830508,0.6190476190476191,0.7710620183862154,0.22589167767503301,21,1514,0.9065628476084538
emb_scvi,16,1,lung_I,lung_F,lung_H,4,classwise,0.6730779261995417,0.6796565389696169,0.4,0.423728813559322,0.7142857142857143,0.6982589171769868,0.29458388375165123,21,1514,
emb_scvi,16,1,lung_I,lung_F,lung_H,4,donor_weighted,0.7739023126756247,0.7767503302509907,0.5454545454545454,0.6271186440677966,0.6190476190476191,0.8175567017091836,0.17965653896961692,21,1514,
emb_scvi,16,1,lung_I,lung_F,lung_H,4,donor_crc,0.8270112087922424,0.8289299867899603,0.6363636363636364,0.7288135593220338,0.47619047619047616,0.8840276745717099,0.1142668428005284,21,1514,
emb_scvi,16,1,lung_I,lung_F,lung_H,4,tcp_standard_thr,0.7387507367163048,0.7417437252311757,0.4909090909090909,0.5932203389830508,0.6190476190476191,0.7710620183862154,0.22589167767503301,21,1514,
emb_scvi,16,1,lung_I,lung_F,lung_H,4,tcp_standard_aps,0.8940213035538327,0.8910171730515192,0.8028169014084507,0.8532110091743119,0.0,1.1181799170286393,0.05680317040951123,21,1514,
emb_scvi,16,1,lung_I,lung_F,lung_H,4,tcp_classwise_thr,0.6730779261995417,0.6796565389696169,0.4,0.423728813559322,0.7142857142857143,0.6982589171769868,0.29458388375165123,21,1514,
emb_scvi,16,1,lung_I,lung_F,lung_H,4,tcp_cluster_thr,0.9032250438740697,0.9015852047556143,0.7796610169491526,0.8181818181818182,0.09523809523809523,1.1899252938344482,0.0,21,1514,
emb_scvi,17,0,lung_I,lung_H,lung_E,4,cell_pooled,0.6590801402804969,0.6578947368421053,0.4722222222222222,0.5098919567827132,0.8888888888888888,0.945516281331666,0.05114200595829196,27,2014,0.8996036988110965
emb_scvi,17,0,lung_I,lung_H,lung_E,4,classwise,0.6809816473533272,0.6747765640516385,0.4722222222222222,0.5388015393073117,0.8888888888888888,1.1371757581915063,0.17527308838133068,27,2014,
emb_scvi,17,0,lung_I,lung_H,lung_E,4,donor_weighted,0.654180608155247,0.6534260178748759,0.4722222222222222,0.5073668491786959,0.8888888888888888,0.936869050764704,0.05908639523336644,27,2014,
emb_scvi,17,0,lung_I,lung_H,lung_E,4,donor_crc,0.7239868472274312,0.7199602780536246,0.5,0.568201504444951,0.7037037037037037,1.0778021849348502,0.0004965243296921549,27,2014,
emb_scvi,17,0,lung_I,lung_H,lung_E,4,tcp_standard_thr,0.6590801402804969,0.6578947368421053,0.4722222222222222,0.5098919567827132,0.8888888888888888,0.945516281331666,0.05114200595829196,27,2014,
emb_scvi,17,0,lung_I,lung_H,lung_E,4,tcp_standard_aps,0.7263807824108327,0.7184707050645481,0.5,0.5661764705882353,0.7407407407407407,1.132603210646239,0.06107249255213505,27,2014,
emb_scvi,17,0,lung_I,lung_H,lung_E,4,tcp_classwise_thr,0.6809816473533272,0.6747765640516385,0.4722222222222222,0.5388015393073117,0.8888888888888888,1.1371757581915063,0.17527308838133068,27,2014,
emb_scvi,17,0,lung_I,lung_H,lung_E,4,tcp_cluster_thr,1.0,1.0,1.0,1.0,0.0,4.0,0.0,27,2014,
emb_scvi,17,1,lung_I,lung_H,lung_E,4,cell_pooled,0.8413689775815253,0.8470705064548163,0.6666666666666666,0.7417260787992496,0.3333333333333333,1.011486815524177,0.0024826216484607746,27,2014,0.9022457067371202
emb_scvi,17,1,lung_I,lung_H,lung_E,4,classwise,0.7356839762486755,0.7442899702085403,0.5365853658536586,0.6264705882352941,0.7037037037037037,1.2863282091256338,0.049155908639523335,27,2014,
emb_scvi,17,1,lung_I,lung_H,lung_E,4,donor_weighted,0.8427608197050748,0.8485600794438928,0.6666666666666666,0.7545996860282574,0.3333333333333333,1.0135995221252048,0.0024826216484607746,27,2014,
emb_scvi,17,1,lung_I,lung_H,lung_E,4,donor_crc,0.9424927502475785,0.945382323733863,0.855072463768116,0.8700980392156863,0.0,1.290391796029427,0.0,27,2014,
emb_scvi,17,1,lung_I,lung_H,lung_E,4,tcp_standard_thr,0.8413689775815253,0.8470705064548163,0.6666666666666666,0.7417260787992496,0.3333333333333333,1.011486815524177,0.0024826216484607746,27,2014,
emb_scvi,17,1,lung_I,lung_H,lung_E,4,tcp_standard_aps,0.8994052346332894,0.9041708043694141,0.7647058823529411,0.8234299516908212,0.037037037037037035,1.2567675116630153,0.028798411122144985,27,2014,
emb_scvi,17,1,lung_I,lung_H,lung_E,4,tcp_classwise_thr,0.7356839762486755,0.7442899702085403,0.5365853658536586,0.6264705882352941,0.7037037037037037,1.2863282091256338,0.049155908639523335,27,2014,
emb_scvi,17,1,lung_I,lung_H,lung_E,4,tcp_cluster_thr,1.0,1.0,1.0,1.0,0.0,4.0,0.0,27,2014,
emb_scvi,18,0,lung_H,lung_I,lung_G,4,cell_pooled,0.8783606572194649,0.8787992495309569,0.6266666666666667,0.7975352112676057,0.1,1.0184753166801486,0.00450281425891182,30,2665,0.8979591836734694
emb_scvi,18,0,lung_H,lung_I,lung_G,4,classwise,0.8515776809207167,0.8645403377110694,0.64,0.7484513274336283,0.2,0.9748554864915201,0.04127579737335835,30,2665,
emb_scvi,18,0,lung_H,lung_I,lung_G,4,donor_weighted,0.9080448020757079,0.9099437148217636,0.68,0.8388576025744168,0.1,1.1259005150285828,0.0,30,2665,
emb_scvi,18,0,lung_H,lung_I,lung_G,4,donor_crc,0.9409784928595676,0.9422138836772983,0.7733333333333333,0.8920907079646018,0.03333333333333333,1.3061221612844707,0.0,30,2665,
emb_scvi,18,0,lung_H,lung_I,lung_G,4,tcp_standard_thr,0.8783606572194649,0.8787992495309569,0.6266666666666667,0.7975352112676057,0.1,1.0184753166801486,0.00450281425891182,30,2665,
emb_scvi,18,0,lung_H,lung_I,lung_G,4,tcp_standard_aps,0.8840794704683489,0.8848030018761726,0.7466666666666667,0.8278761061946903,0.1,1.1982983704574204,0.04277673545966229,30,2665,
emb_scvi,18,0,lung_H,lung_I,lung_G,4,tcp_classwise_thr,0.8515776809207167,0.8645403377110694,0.64,0.7484513274336283,0.2,0.9748554864915201,0.04127579737335835,30,2665,
emb_scvi,18,0,lung_H,lung_I,lung_G,4,tcp_cluster_thr,1.0,1.0,1.0,1.0,0.0,4.0,0.0,30,2665,
emb_scvi,18,1,lung_H,lung_I,lung_G,4,cell_pooled,0.8988755928895504,0.8920339668418924,0.7213114754098361,0.81125,0.06666666666666667,1.0878222920991183,0.0,30,2473,0.9124343257443083
emb_scvi,18,1,lung_H,lung_I,lung_G,4,classwise,0.8460564851591804,0.8657501010917914,0.5,0.7425649209342812,0.23333333333333334,0.9922048165734895,0.041245450869389404,30,2473,
emb_scvi,18,1,lung_H,lung_I,lung_G,4,donor_weighted,0.9178590404018148,0.912252325111201,0.7699115044247787,0.8504166666666666,0.06666666666666667,1.1682448679739976,0.0,30,2473,
emb_scvi,18,1,lung_H,lung_I,lung_G,4,donor_crc,0.9451860166698666,0.9409623938536191,0.8032786885245902,0.8995833333333334,0.0,1.3034403854788925,0.0,30,2473,
emb_scvi,18,1,lung_H,lung_I,lung_G,4,tcp_standard_thr,0.8988755928895504,0.8920339668418924,0.7213114754098361,0.81125,0.06666666666666667,1.0878222920991183,0.0,30,2473,
emb_scvi,18,1,lung_H,lung_I,lung_G,4,tcp_standard_aps,0.8994053995790285,0.8912252325111201,0.7699115044247787,0.8333333333333334,0.06666666666666667,1.216501566460248,0.03517994338859685,30,2473,
emb_scvi,18,1,lung_H,lung_I,lung_G,4,tcp_classwise_thr,0.8460564851591804,0.8657501010917914,0.5,0.7425649209342812,0.23333333333333334,0.9922048165734895,0.041245450869389404,30,2473,
emb_scvi,18,1,lung_H,lung_I,lung_G,4,tcp_cluster_thr,1.0,1.0,1.0,1.0,0.0,4.0,0.0,30,2473,
emb_scvi,19,0,lung_H,lung_E,lung_I,4,cell_pooled,0.948804735207988,0.9452697419859265,0.782608695652174,0.8355721393034826,0.03333333333333333,1.2707559882877382,0.0,30,1279,0.8987090367428004
emb_scvi,19,0,lung_H,lung_E,lung_I,4,classwise,0.8923528155713829,0.874120406567631,0.6226415094339622,0.8192937750273026,0.06666666666666667,1.0094512939690026,0.03049257232212666,30,1279,
emb_scvi,19,0,lung_H,lung_E,lung_I,4,donor_weighted,0.9518574152171898,0.947615324472244,0.8043478260869565,0.8518747724790681,0.0,1.2828627678825089,0.0,30,1279,
emb_scvi,19,0,lung_H,lung_E,lung_I,4,donor_crc,0.9677004535125925,0.9663799843627834,0.8695652173913043,0.8954438334642577,0.0,1.5024602513871597,0.0,30,1279,
emb_scvi,19,0,lung_H,lung_E,lung_I,4,tcp_standard_thr,0.948804735207988,0.9452697419859265,0.782608695652174,0.8355721393034826,0.03333333333333333,1.2707559882877382,0.0,30,1279,
emb_scvi,19,0,lung_H,lung_E,lung_I,4,tcp_standard_aps,0.9488337652598282,0.9491790461297889,0.7222222222222222,0.8954438334642577,0.03333333333333333,1.4120339996611262,0.0109460516028147,30,1279,
emb_scvi,19,0,lung_H,lung_E,lung_I,4,tcp_classwise_thr,0.8923528155713829,0.874120406567631,0.6226415094339622,0.8192937750273026,0.06666666666666667,1.0094512939690026,0.03049257232212666,30,1279,
emb_scvi,19,0,lung_H,lung_E,lung_I,4,tcp_cluster_thr,0.9451410855927315,0.9390148553557467,0.8421052631578947,0.8644703312704768,0.0,1.100131830295286,0.00547302580140735,30,1279,
emb_scvi,19,1,lung_H,lung_E,lung_I,4,cell_pooled,0.9268183648381494,0.955160744500846,0.0,0.8518747724790681,0.03333333333333333,1.2190205460334105,0.0,30,1182,0.8947368421052632
emb_scvi,19,1,lung_H,lung_E,lung_I,4,classwise,0.8948778237238619,0.8815566835871405,0.6226415094339622,0.8034219148161631,0.1,1.044539573192071,0.032148900169204735,30,1182,
emb_scvi,19,1,lung_H,lung_E,lung_I,4,donor_weighted,0.9601516981714827,0.9560067681895094,0.8333333333333334,0.8853658536585366,0.0,1.25923875526135,0.0,30,1182,
emb_scvi,19,1,lung_H,lung_E,lung_I,4,donor_crc,0.9723320592325153,0.9720812182741116,0.8888888888888888,0.9145522388059701,0.0,1.4534749743543454,0.0,30,1182,
emb_scvi,19,1,lung_H,lung_E,lung_I,4,tcp_standard_thr,0.9268183648381494,0.955160744500846,0.0,0.8518747724790681,0.03333333333333333,1.2190205460334105,0.0,30,1182,
emb_scvi,19,1,lung_H,lung_E,lung_I,4,tcp_standard_aps,0.9579214428804629,0.9534686971235194,0.8805970149253731,0.8941520467836257,0.0,1.373872098580184,0.01353637901861252,30,1182,
emb_scvi,19,1,lung_H,lung_E,lung_I,4,tcp_classwise_thr,0.8948778237238619,0.8815566835871405,0.6226415094339622,0.8034219148161631,0.1,1.044539573192071,0.032148900169204735,30,1182,
emb_scvi,19,1,lung_H,lung_E,lung_I,4,tcp_cluster_thr,0.9603897081606861,0.9568527918781726,0.8421052631578947,0.8644703312704768,0.0,2.018902018102867,0.0,30,1182,
emb_scvi,20,0,lung_I,lung_F,lung_G,6,cell_pooled,0.8823291157725206,0.8689553340716132,0.7348484848484849,0.8120879120879121,0.06666666666666667,0.9097315834395961,0.10188261351052048,30,2709,0.9121160409556314
emb_scvi,20,0,lung_I,lung_F,lung_G,6,classwise,0.8785433266276063,0.8704318936877077,0.7014925373134329,0.8087994971715903,0.1,0.9175770105720581,0.08600959763750461,30,2709,
emb_scvi,20,0,lung_I,lung_F,lung_G,6,donor_weighted,0.9250665159991728,0.9176818014027316,0.8409090909090909,0.8689645625692137,0.0,0.9680009446179104,0.03506829088224437,30,2709,
emb_scvi,20,0,lung_I,lung_F,lung_G,6,donor_crc,0.9642943428098695,0.9612403100775194,0.9090909090909091,0.9221517500587267,0.0,1.0587063114485757,0.0,30,2709,
emb_scvi,20,0,lung_I,lung_F,lung_G,6,tcp_standard_thr,0.8823291157725206,0.8689553340716132,0.7348484848484849,0.8120879120879121,0.06666666666666667,0.9097315834395961,0.10188261351052048,30,2709,
emb_scvi,20,0,lung_I,lung_F,lung_G,6,tcp_standard_aps,0.9102024861489166,0.9007013658176449,0.8153846153846154,0.8614192009540848,0.0,1.0265249709757474,0.06164636397194537,30,2709,
emb_scvi,20,0,lung_I,lung_F,lung_G,6,tcp_classwise_thr,0.8785433266276063,0.8704318936877077,0.7014925373134329,0.8087994971715903,0.1,0.9175770105720581,0.08600959763750461,30,2709,
emb_scvi,20,0,lung_I,lung_F,lung_G,6,tcp_cluster_thr,0.8834093091390532,0.8796603912882983,0.7910447761194029,0.7998449612403101,0.1,1.8914669321064752,0.0,30,2709,
emb_scvi,20,1,lung_I,lung_F,lung_G,6,cell_pooled,0.8423405559969667,0.8451635351426583,0.5970149253731343,0.7466814159292036,0.2,0.8745433988628644,0.12108559498956159,30,2874,0.887620719929763
emb_scvi,20,1,lung_I,lung_F,lung_G,6,classwise,0.8406056384920435,0.8556019485038274,0.5,0.7615521741898517,0.16666666666666666,0.883358032548428,0.09707724425887265,30,2874,
emb_scvi,20,1,lung_I,lung_F,lung_G,6,donor_weighted,0.8755489593849018,0.8820459290187892,0.6865671641791045,0.7969911504424779,0.1,0.9216045859050082,0.06993736951983298,30,2874,
emb_scvi,20,1,lung_I,lung_F,lung_G,6,donor_crc,0.9313620771354876,0.9265831593597773,0.8407079646017699,0.8702664242232588,0.0,1.0089938117956103,0.0013917884481558804,30,2874,
emb_scvi,20,1,lung_I,lung_F,lung_G,6,tcp_standard_thr,0.8423405559969667,0.8451635351426583,0.5970149253731343,0.7466814159292036,0.2,0.8745433988628644,0.12108559498956159,30,2874,
emb_scvi,20,1,lung_I,lung_F,lung_G,6,tcp_standard_aps,0.8789839810146545,0.8796102992345164,0.8,0.8195454256064175,0.0,1.0281906776630434,0.07515657620041753,30,2874,
emb_scvi,20,1,lung_I,lung_F,lung_G,6,tcp_classwise_thr,0.8406056384920435,0.8556019485038274,0.5,0.7615521741898517,0.16666666666666666,0.883358032548428,0.09707724425887265,30,2874,
emb_scvi,20,1,lung_I,lung_F,lung_G,6,tcp_cluster_thr,0.8351036994917513,0.8496868475991649,0.5,0.770961991468772,0.2,1.8398544806234258,0.0,30,2874,
emb_scvi,21,0,lung_H,lung_I,lung_E,4,cell_pooled,0.7781436512042494,0.7850049652432969,0.6307692307692307,0.6572981366459627,0.5185185185185185,1.1302851679366623,0.0,27,2014,0.9271402550091075
emb_scvi,21,0,lung_H,lung_I,lung_E,4,classwise,0.6961142657016725,0.6896722939424031,0.5176470588235295,0.5713923649611912,0.8148148148148148,0.9872455753038063,0.15690168818272096,27,2014,
emb_scvi,21,0,lung_H,lung_I,lung_E,4,donor_weighted,0.8357661761934533,0.8421052631578947,0.6461538461538462,0.7292857142857142,0.37037037037037035,1.2442455860114672,0.0,27,2014,
emb_scvi,21,0,lung_H,lung_I,lung_E,4,donor_crc,0.9071819215304798,0.9111221449851042,0.676923076923077,0.8127732743797593,0.037037037037037035,1.4230282153321538,0.0,27,2014,
emb_scvi,21,0,lung_H,lung_I,lung_E,4,tcp_standard_thr,0.7781436512042494,0.7850049652432969,0.6307692307692307,0.6572981366459627,0.5185185185185185,1.1302851679366623,0.0,27,2014,
emb_scvi,21,0,lung_H,lung_I,lung_E,4,tcp_standard_aps,0.8218838809030542,0.8262164846077458,0.6153846153846154,0.7349465240641712,0.37037037037037035,1.2627403769825267,0.030784508440913606,27,2014,
emb_scvi,21,0,lung_H,lung_I,lung_E,4,tcp_classwise_thr,0.6961142657016725,0.6896722939424031,0.5176470588235295,0.5713923649611912,0.8148148148148148,0.9872455753038063,0.15690168818272096,27,2014,
emb_scvi,21,0,lung_H,lung_I,lung_E,4,tcp_cluster_thr,1.0,1.0,1.0,1.0,0.0,4.0,0.0,27,2014,
emb_scvi,21,1,lung_H,lung_I,lung_E,4,cell_pooled,0.7541733189428742,0.7611717974180735,0.6086956521739131,0.6341258741258741,0.6666666666666666,1.0859928344284209,0.0,27,2014,0.9089285714285714
emb_scvi,21,1,lung_H,lung_I,lung_E,4,classwise,0.6909484172480682,0.6842105263157895,0.4823529411764706,0.5586708203530634,0.8148148148148148,0.9976898524422123,0.1385302879841112,27,2014,
emb_scvi,21,1,lung_H,lung_I,lung_E,4,donor_weighted,0.8356413362744918,0.8411122144985105,0.6461538461538462,0.7331818181818182,0.37037037037037035,1.2446269252998494,0.0,27,2014,
emb_scvi,21,1,lung_H,lung_I,lung_E,4,donor_crc,0.9004396196327435,0.9041708043694141,0.676923076923077,0.8083850931677019,0.07407407407407407,1.400067379355859,0.0,27,2014,
emb_scvi,21,1,lung_H,lung_I,lung_E,4,tcp_standard_thr,0.7541733189428742,0.7611717974180735,0.6086956521739131,0.6341258741258741,0.6666666666666666,1.0859928344284209,0.0,27,2014,
emb_scvi,21,1,lung_H,lung_I,lung_E,4,tcp_standard_aps,0.8099254892786575,0.8133068520357497,0.6153846153846154,0.7252964426877471,0.4074074074074074,1.2569932865269466,0.036742800397219465,27,2014,
emb_scvi,21,1,lung_H,lung_I,lung_E,4,tcp_classwise_thr,0.6909484172480682,0.6842105263157895,0.4823529411764706,0.5586708203530634,0.8148148148148148,0.9976898524422123,0.1385302879841112,27,2014,
emb_scvi,21,1,lung_H,lung_I,lung_E,4,tcp_cluster_thr,1.0,1.0,1.0,1.0,0.0,4.0,0.0,27,2014,
emb_scvi,22,0,lung_E,lung_C,lung_F,3,cell_pooled,0.8585649343317586,0.9023411371237459,0.25,0.5805555555555556,0.16666666666666666,0.8602316009984253,0.09698996655518395,30,1495,0.9219367588932806
emb_scvi,22,0,lung_E,lung_C,lung_F,3,classwise,0.838515813478399,0.8822742474916387,0.25,0.5375,0.26666666666666666,0.838515813478399,0.1177257525083612,30,1495,
emb_scvi,22,0,lung_E,lung_C,lung_F,3,donor_weighted,0.9131615922240935,0.9404682274247491,0.5,0.7472222222222222,0.13333333333333333,0.9157806398431412,0.05819397993311037,30,1495,
emb_scvi,22,0,lung_E,lung_C,lung_F,3,donor_crc,0.9733075754535441,0.9779264214046822,0.8333333333333334,0.9268421052631579,0.0,0.978140981257099,0.018729096989966554,30,1495,
emb_scvi,22,0,lung_E,lung_C,lung_F,3,tcp_standard_thr,0.8585649343317586,0.9023411371237459,0.25,0.5805555555555556,0.16666666666666666,0.8602316009984253,0.09698996655518395,30,1495,
emb_scvi,22,0,lung_E,lung_C,lung_F,3,tcp_standard_aps,0.901614285943163,0.9023411371237459,0.5,0.826048951048951,0.06666666666666667,0.9423636219743996,0.09364548494983277,30,1495,
emb_scvi,22,0,lung_E,lung_C,lung_F,3,tcp_classwise_thr,0.838515813478399,0.8822742474916387,0.25,0.5375,0.26666666666666666,0.838515813478399,0.1177257525083612,30,1495,
emb_scvi,22,0,lung_E,lung_C,lung_F,3,tcp_cluster_thr,0.801346205407328,0.8414715719063545,0.25,0.4916666666666667,0.36666666666666664,0.8030128720739947,0.15785953177257525,30,1495,
emb_scvi,22,1,lung_E,lung_C,lung_F,3,cell_pooled,0.879218287658473,0.9044067796610169,0.5,0.712878787878788,0.13333333333333333,0.8808849543251396,0.09491525423728814,30,1475,0.9090909090909091
emb_scvi,22,1,lung_E,lung_C,lung_F,3,classwise,0.861985219252868,0.8915254237288136,0.4722222222222222,0.5941666666666666,0.23333333333333334,0.861985219252868,0.10847457627118644,30,1475,
emb_scvi,22,1,lung_E,lung_C,lung_F,3,donor_weighted,0.9233853816217645,0.9444067796610169,0.5,0.8290404040404041,0.1,0.9260044292408122,0.05423728813559322,30,1475,
emb_scvi,22,1,lung_E,lung_C,lung_F,3,donor_crc,0.9744867715442446,0.9783050847457627,0.8333333333333334,0.9268421052631579,0.0,0.9778050258326481,0.018983050847457626,30,1475,
emb_scvi,22,1,lung_E,lung_C,lung_F,3,tcp_standard_thr,0.879218287658473,0.9044067796610169,0.5,0.712878787878788,0.13333333333333333,0.8808849543251396,0.09491525423728814,30,1475,
emb_scvi,22,1,lung_E,lung_C,lung_F,3,tcp_standard_aps,0.886897668667891,0.9111864406779661,0.0,0.8355721393034826,0.03333333333333333,0.9245660887610039,0.08610169491525424,30,1475,
emb_scvi,22,1,lung_E,lung_C,lung_F,3,tcp_classwise_thr,0.861985219252868,0.8915254237288136,0.4722222222222222,0.5941666666666666,0.23333333333333334,0.861985219252868,0.10847457627118644,30,1475,
emb_scvi,22,1,lung_E,lung_C,lung_F,3,tcp_cluster_thr,0.8178642201955694,0.8515254237288136,0.4166666666666667,0.5385714285714286,0.3333333333333333,0.8195308868622361,0.14779661016949153,30,1475,
emb_scvi,23,0,lung_E,lung_H,lung_G,5,cell_pooled,0.8166648792224361,0.8192900681247759,0.6153846153846154,0.6662921348314607,0.36666666666666664,0.8872543634259074,0.10756543564001435,30,2789,0.8887515451174289
emb_scvi,23,0,lung_E,lung_H,lung_G,5,classwise,0.7728501223880214,0.7891717461455718,0.47435897435897434,0.5985948477751756,0.5,1.2802444421602117,0.04768734313373969,30,2789,
emb_scvi,23,0,lung_E,lung_H,lung_G,5,donor_weighted,0.8315901964369139,0.8339906776622446,0.6461538461538462,0.7063094209161624,0.3,0.9056006576581948,0.0892793115812119,30,2789,
emb_scvi,23,0,lung_E,lung_H,lung_G,5,donor_crc,0.9518521776200103,0.9483685908927931,0.889763779527559,0.9008547008547009,0.0,1.3211289693960773,0.0,30,2789,
emb_scvi,23,0,lung_E,lung_H,lung_G,5,tcp_standard_thr,0.8166648792224361,0.8192900681247759,0.6153846153846154,0.6662921348314607,0.36666666666666664,0.8872543634259074,0.10756543564001435,30,2789,
emb_scvi,23,0,lung_E,lung_H,lung_G,5,tcp_standard_aps,0.915083820937097,0.9082108282538545,0.8205128205128205,0.8493843786071565,0.0,1.1796859944015166,0.027967013266403728,30,2789,
emb_scvi,23,0,lung_E,lung_H,lung_G,5,tcp_classwise_thr,0.7728501223880214,0.7891717461455718,0.47435897435897434,0.5985948477751756,0.5,1.2806509462252522,0.04768734313373969,30,2789,
emb_scvi,23,0,lung_E,lung_H,lung_G,5,tcp_cluster_thr,1.0,1.0,1.0,1.0,0.0,5.0,0.0,30,2789,
emb_scvi,23,1,lung_E,lung_H,lung_G,5,cell_pooled,0.8130917562779029,0.8224489795918367,0.6153846153846154,0.6734082397003746,0.36666666666666664,0.8886344395835661,0.10306122448979592,30,2940,0.9147095179233622
emb_scvi,23,1,lung_E,lung_H,lung_G,5,classwise,0.7677195011358415,0.7795918367346939,0.46153846153846156,0.6207733980945264,0.5,1.2768456913678905,0.04387755102040816,30,2940,
emb_scvi,23,1,lung_E,lung_H,lung_G,5,donor_weighted,0.8218680840175969,0.8306122448979592,0.6307692307692307,0.7050273696341112,0.36666666666666664,0.9000814189838872,0.09217687074829932,30,2940,
emb_scvi,23,1,lung_E,lung_H,lung_G,5,donor_crc,0.9470221023672033,0.9465986394557823,0.889763779527559,0.9008547008547009,0.0,1.3220695671406366,0.0,30,2940,
emb_scvi,23,1,lung_E,lung_H,lung_G,5,tcp_standard_thr,0.8130917562779029,0.8224489795918367,0.6153846153846154,0.6734082397003746,0.36666666666666664,0.8886344395835661,0.10306122448979592,30,2940,
emb_scvi,23,1,lung_E,lung_H,lung_G,5,tcp_standard_aps,0.9028422494725604,0.9057823129251701,0.8064516129032258,0.8476588628762541,0.0,1.1852730565150968,0.027210884353741496,30,2940,
emb_scvi,23,1,lung_E,lung_H,lung_G,5,tcp_classwise_thr,0.7677195011358415,0.7795918367346939,0.46153846153846156,0.6207733980945264,0.5,1.2768456913678905,0.04387755102040816,30,2940,
emb_scvi,23,1,lung_E,lung_H,lung_G,5,tcp_cluster_thr,1.0,1.0,1.0,1.0,0.0,5.0,0.0,30,2940,
emb_geneformer,0,0,lung_I,lung_C,lung_F,3,cell_pooled,0.81547819287278,0.8705882352941177,0.0,0.558695652173913,0.36666666666666664,0.81547819287278,0.12941176470588237,30,1615,0.9021739130434783
emb_geneformer,0,0,lung_I,lung_C,lung_F,3,classwise,0.7670203022181695,0.8402476780185758,0.0,0.4092391304347826,0.36666666666666664,0.7670203022181695,0.15975232198142414,30,1615,
emb_geneformer,0,0,lung_I,lung_C,lung_F,3,donor_weighted,0.9052107782688381,0.9405572755417957,0.0,0.8239751552795032,0.1,0.9055252436776431,0.058823529411764705,30,1615,
emb_geneformer,0,0,lung_I,lung_C,lung_F,3,donor_crc,0.9278765997456274,0.9622291021671827,0.0,0.8888888888888888,0.03333333333333333,0.9284308733079097,0.03653250773993808,30,1615,
emb_geneformer,0,0,lung_I,lung_C,lung_F,3,tcp_standard_thr,0.81547819287278,0.8705882352941177,0.0,0.558695652173913,0.36666666666666664,0.81547819287278,0.12941176470588237,30,1615,
emb_geneformer,0,0,lung_I,lung_C,lung_F,3,tcp_standard_aps,0.9002876365519339,0.8928792569659443,0.6666666666666666,0.8269230769230769,0.06666666666666667,0.9050826792721184,0.10402476780185758,30,1615,
emb_geneformer,0,0,lung_I,lung_C,lung_F,3,tcp_classwise_thr,0.7670203022181695,0.8402476780185758,0.0,0.4092391304347826,0.36666666666666664,0.7670203022181695,0.15975232198142414,30,1615,
emb_geneformer,0,0,lung_I,lung_C,lung_F,3,tcp_cluster_thr,0.7995019485920583,0.8544891640866873,0.0,0.49782608695652175,0.4,0.7995019485920583,0.14551083591331268,30,1615,
emb_geneformer,0,1,lung_I,lung_C,lung_F,3,cell_pooled,0.827057094047828,0.857780612244898,0.0,0.5851170568561873,0.3,0.827371559456633,0.14158163265306123,30,1568,0.9011857707509882
emb_geneformer,0,1,lung_I,lung_C,lung_F,3,classwise,0.7869747248466644,0.8443877551020408,0.0,0.4916666666666667,0.43333333333333335,0.7869747248466644,0.1556122448979592,30,1568,
emb_geneformer,0,1,lung_I,lung_C,lung_F,3,donor_weighted,0.8937570300089409,0.9330357142857143,0.0,0.7989130434782609,0.1,0.8940714954177461,0.0663265306122449,30,1568,
emb_geneformer,0,1,lung_I,lung_C,lung_F,3,donor_crc,0.9102750463421665,0.9521683673469388,0.0,0.815530303030303,0.1,0.9105895117509717,0.047193877551020405,30,1568,
emb_geneformer,0,1,lung_I,lung_C,lung_F,3,tcp_standard_thr,0.827057094047828,0.857780612244898,0.0,0.5851170568561873,0.3,0.827371559456633,0.14158163265306123,30,1568,
emb_geneformer,0,1,lung_I,lung_C,lung_F,3,tcp_standard_aps,0.903321100268485,0.8998724489795918,0.6,0.8448717948717949,0.03333333333333333,0.9094378224871761,0.09566326530612244,30,1568,
emb_geneformer,0,1,lung_I,lung_C,lung_F,3,tcp_classwise_thr,0.7869747248466644,0.8443877551020408,0.0,0.4916666666666667,0.43333333333333335,0.7869747248466644,0.1556122448979592,30,1568,
emb_geneformer,0,1,lung_I,lung_C,lung_F,3,tcp_cluster_thr,0.8205852556076241,0.8520408163265306,0.0,0.575752508361204,0.3333333333333333,0.8205852556076241,0.14795918367346939,30,1568,
emb_geneformer,1,0,lung_G,lung_E,lung_I,6,cell_pooled,0.8598228437142678,0.8372803666921314,0.013333333333333334,0.7599056603773586,0.1,2.256273343943218,0.0,30,2618,0.8701504354711006
emb_geneformer,1,0,lung_G,lung_E,lung_I,6,classwise,0.8327924799208487,0.8128342245989305,0.013333333333333334,0.6935492095869455,0.23333333333333334,2.236277904879772,0.0,30,2618,
emb_geneformer,1,0,lung_G,lung_E,lung_I,6,donor_weighted,0.8603777085666875,0.838044308632544,0.013333333333333334,0.7599056603773586,0.1,2.3025867742980135,0.0,30,2618,
emb_geneformer,1,0,lung_G,lung_E,lung_I,6,donor_crc,0.8973434582338252,0.8766233766233766,0.013333333333333334,0.7952830188679247,0.1,3.141594589029391,0.0,30,2618,
emb_geneformer,1,0,lung_G,lung_E,lung_I,6,tcp_standard_thr,0.8598228437142678,0.8372803666921314,0.013333333333333334,0.7599056603773586,0.1,2.256273343943218,0.0,30,2618,
emb_geneformer,1,0,lung_G,lung_E,lung_I,6,tcp_standard_aps,0.8583355384981662,0.8368983957219251,0.013333333333333334,0.7099056603773586,0.16666666666666666,2.308530204594189,0.0,30,2618,
emb_geneformer,1,0,lung_G,lung_E,lung_I,6,tcp_classwise_thr,0.8327924799208487,0.8128342245989305,0.013333333333333334,0.6935492095869455,0.23333333333333334,2.287227415122822,0.0,30,2618,
emb_geneformer,1,0,lung_G,lung_E,lung_I,6,tcp_cluster_thr,0.8086901243827831,0.7872421695951107,0.013333333333333334,0.6682814890362062,0.3,2.2659065374500926,0.0,30,2618,
emb_geneformer,1,1,lung_G,lung_E,lung_I,6,cell_pooled,0.8267879626233676,0.7933606863110779,0.013333333333333334,0.20704772475027752,0.16666666666666666,2.4540536896922927,0.0,30,2681,0.88756927949327
emb_geneformer,1,1,lung_G,lung_E,lung_I,6,classwise,0.8162205171395535,0.7967176426706453,0.013333333333333334,0.13905882352941176,0.2,2.3218795006836292,0.0,30,2681,
emb_geneformer,1,1,lung_G,lung_E,lung_I,6,donor_weighted,0.8304635810702743,0.7970906378217083,0.013333333333333334,0.20704772475027752,0.16666666666666666,2.5275976923794166,0.0,30,2681,
emb_geneformer,1,1,lung_G,lung_E,lung_I,6,donor_crc,0.854347978555965,0.8224543080939948,0.013333333333333334,0.3428967813540511,0.16666666666666666,3.4508148656828816,0.0,30,2681,
emb_geneformer,1,1,lung_G,lung_E,lung_I,6,tcp_standard_thr,0.8267879626233676,0.7933606863110779,0.013333333333333334,0.20704772475027752,0.16666666666666666,2.4540536896922927,0.0,30,2681,
emb_geneformer,1,1,lung_G,lung_E,lung_I,6,tcp_standard_aps,0.8299263244298692,0.7963446475195822,0.013333333333333334,0.20704772475027752,0.16666666666666666,2.473419432118775,0.0,30,2681,
emb_geneformer,1,1,lung_G,lung_E,lung_I,6,tcp_classwise_thr,0.8162205171395535,0.7967176426706453,0.013333333333333334,0.13905882352941176,0.2,2.3218795006836292,0.0,30,2681,
emb_geneformer,1,1,lung_G,lung_E,lung_I,6,tcp_cluster_thr,0.9642682004848454,0.9757553151809026,0.6,0.9190221543162719,0.03333333333333333,3.2012801581069876,0.0,30,2681,
emb_geneformer,2,0,lung_E,lung_I,lung_C,3,cell_pooled,0.9125643325566926,0.9155138339920948,0.7416666666666667,0.7894736842105263,0.19047619047619047,0.9125643325566926,0.08448616600790514,21,2024,0.9034090909090909
emb_geneformer,2,0,lung_E,lung_I,lung_C,3,classwise,0.9860590345718032,0.9851778656126482,0.9473684210526315,0.9603174603174603,0.0,0.9865169100296788,0.01432806324110672,21,2024,
emb_geneformer,2,0,lung_E,lung_I,lung_C,3,donor_weighted,0.9533334730638956,0.9520750988142292,0.825,0.8412698412698413,0.0,0.9537237931263467,0.04743083003952569,21,2024,
emb_geneformer,2,0,lung_E,lung_I,lung_C,3,donor_crc,0.9980079121703673,0.9975296442687747,0.9818181818181818,0.9920634920634921,0.0,1.019342709490646,0.0,21,2024,
emb_geneformer,2,0,lung_E,lung_I,lung_C,3,tcp_standard_thr,0.9125643325566926,0.9155138339920948,0.7416666666666667,0.7894736842105263,0.19047619047619047,0.9125643325566926,0.08448616600790514,21,2024,
emb_geneformer,2,0,lung_E,lung_I,lung_C,3,tcp_standard_aps,0.9255522410474252,0.924407114624506,0.8686131386861314,0.8770491803278688,0.0,1.0110653888512628,0.07361660079051384,21,2024,
emb_geneformer,2,0,lung_E,lung_I,lung_C,3,tcp_classwise_thr,0.9860590345718032,0.9851778656126482,0.9473684210526315,0.9603174603174603,0.0,0.9865169100296788,0.01432806324110672,21,2024,
emb_geneformer,2,0,lung_E,lung_I,lung_C,3,tcp_cluster_thr,1.0,1.0,1.0,1.0,0.0,3.0,0.0,21,2024,
emb_geneformer,2,1,lung_E,lung_I,lung_C,3,cell_pooled,0.9089575702236364,0.916501976284585,0.75,0.7857142857142857,0.19047619047619047,0.9089575702236364,0.08349802371541502,21,2024,0.8905579399141631
emb_geneformer,2,1,lung_E,lung_I,lung_C,3,classwise,0.9894816676310787,0.9896245059288538,0.9473684210526315,0.9711538461538461,0.0,0.9957565952477528,0.009387351778656126,21,2024,
emb_geneformer,2,1,lung_E,lung_I,lung_C,3,donor_weighted,0.9077307984772758,0.9150197628458498,0.75,0.7857142857142857,0.19047619047619047,0.9077307984772758,0.08498023715415019,21,2024,
emb_geneformer,2,1,lung_E,lung_I,lung_C,3,donor_crc,0.9907854554262263,0.991106719367589,0.9473684210526315,0.9727272727272728,0.0,0.9961745848107952,0.004940711462450593,21,2024,
emb_geneformer,2,1,lung_E,lung_I,lung_C,3,tcp_standard_thr,0.9089575702236364,0.916501976284585,0.75,0.7857142857142857,0.19047619047619047,0.9089575702236364,0.08349802371541502,21,2024,
emb_geneformer,2,1,lung_E,lung_I,lung_C,3,tcp_standard_aps,0.944749931143877,0.9392292490118577,0.8796992481203008,0.9074074074074074,0.0,1.0363364630651009,0.06027667984189723,21,2024,
emb_geneformer,2,1,lung_E,lung_I,lung_C,3,tcp_classwise_thr,0.9894816676310787,0.9896245059288538,0.9473684210526315,0.9711538461538461,0.0,0.9957565952477528,0.009387351778656126,21,2024,
emb_geneformer,2,1,lung_E,lung_I,lung_C,3,tcp_cluster_thr,1.0,1.0,1.0,1.0,0.0,3.0,0.0,21,2024,
emb_geneformer,3,0,lung_I,lung_G,lung_F,6,cell_pooled,0.820580128398593,0.8658536585365854,0.0,0.5488881727360618,0.26666666666666666,0.9115421436802882,0.0525328330206379,30,2132,0.9062710721510452
emb_geneformer,3,0,lung_I,lung_G,lung_F,6,classwise,0.8252416797009553,0.8602251407129456,0.0,0.6498275862068966,0.26666666666666666,0.9635442442908565,0.0375234521575985,30,2132,
emb_geneformer,3,0,lung_I,lung_G,lung_F,6,donor_weighted,0.8194793326426246,0.8644465290806754,0.0,0.5364743796326136,0.26666666666666666,0.9088604317071298,0.05628517823639775,30,2132,
emb_geneformer,3,0,lung_I,lung_G,lung_F,6,donor_crc,0.8845365442185001,0.8930581613508443,0.5514018691588785,0.6830357142857143,0.2,1.0056478520770453,0.0009380863039399625,30,2132,
emb_geneformer,3,0,lung_I,lung_G,lung_F,6,tcp_standard_thr,0.820580128398593,0.8658536585365854,0.0,0.5488881727360618,0.26666666666666666,0.9115421436802882,0.0525328330206379,30,2132,
emb_geneformer,3,0,lung_I,lung_G,lung_F,6,tcp_standard_aps,0.8685005531655619,0.8724202626641651,0.5607476635514018,0.7341379310344828,0.16666666666666666,1.0906774292312984,0.053939962476547844,30,2132,
emb_geneformer,3,0,lung_I,lung_G,lung_F,6,tcp_classwise_thr,0.8252416797009553,0.8602251407129456,0.0,0.6498275862068966,0.26666666666666666,0.9635442442908565,0.0375234521575985,30,2132,
emb_geneformer,3,0,lung_I,lung_G,lung_F,6,tcp_cluster_thr,0.8295471580891797,0.8667917448405253,0.0,0.6498275862068966,0.23333333333333334,1.9186349833786973,0.0,30,2132,
emb_geneformer,3,1,lung_I,lung_G,lung_F,6,cell_pooled,0.884476569448513,0.8764973151590252,0.42990654205607476,0.7217241379310345,0.16666666666666666,0.9565127120223467,0.04006608839322594,30,2421,0.8961424332344213
emb_geneformer,3,1,lung_I,lung_G,lung_F,6,classwise,0.8266779408297225,0.8442792234613796,0.0,0.666896551724138,0.23333333333333334,0.991045922059519,0.04337050805452292,30,2421,
emb_geneformer,3,1,lung_I,lung_G,lung_F,6,donor_weighted,0.8782161531448256,0.8698884758364313,0.42990654205607476,0.7093103448275861,0.16666666666666666,0.9457183238004496,0.05121850475010326,30,2421,
emb_geneformer,3,1,lung_I,lung_G,lung_F,6,donor_crc,0.9076649472809195,0.8988021478727798,0.4953271028037383,0.7589655172413793,0.13333333333333333,1.005836459136628,0.0008261049153242462,30,2421,
emb_geneformer,3,1,lung_I,lung_G,lung_F,6,tcp_standard_thr,0.884476569448513,0.8764973151590252,0.42990654205607476,0.7217241379310345,0.16666666666666666,0.9565127120223467,0.04006608839322594,30,2421,
emb_geneformer,3,1,lung_I,lung_G,lung_F,6,tcp_standard_aps,0.8875216224329406,0.8752581577860389,0.5420560747663551,0.7841379310344828,0.13333333333333333,1.066561315293308,0.05163155720776538,30,2421,
emb_geneformer,3,1,lung_I,lung_G,lung_F,6,tcp_classwise_thr,0.8266779408297225,0.8442792234613796,0.0,0.666896551724138,0.23333333333333334,0.991045922059519,0.04337050805452292,30,2421,
emb_geneformer,3,1,lung_I,lung_G,lung_F,6,tcp_cluster_thr,0.8067161984250192,0.8401486988847584,0.0,0.5887931034482758,0.3333333333333333,1.9209194313247335,0.0,30,2421,
emb_geneformer,4,0,lung_C,lung_E,lung_G,3,cell_pooled,0.9929749103942652,0.9990557129367328,0.8,1.0,0.0,1.0120984903887655,0.0,30,2118,0.9002293577981652
emb_geneformer,4,0,lung_C,lung_E,lung_G,3,classwise,0.9976936222060483,0.9971671388101983,0.9803921568627451,0.9903145478374836,0.0,0.9989941225056707,0.0018885741265344666,30,2118,
emb_geneformer,4,0,lung_C,lung_E,lung_G,3,donor_weighted,0.9912137471137775,0.9971671388101983,0.8,0.985256064690027,0.0,1.0100315167107246,0.0,30,2118,
emb_geneformer,4,0,lung_C,lung_E,lung_G,3,donor_crc,1.0,1.0,1.0,1.0,0.0,1.0213623217566903,0.0,30,2118,
emb_geneformer,4,0,lung_C,lung_E,lung_G,3,tcp_standard_thr,0.9929749103942652,0.9990557129367328,0.8,1.0,0.0,1.0120984903887655,0.0,30,2118,
emb_geneformer,4,0,lung_C,lung_E,lung_G,3,tcp_standard_aps,0.9646961152338911,0.9631728045325779,0.9056603773584906,0.9331564182273107,0.0,0.9976911237409525,0.036827195467422094,30,2118,
emb_geneformer,4,0,lung_C,lung_E,lung_G,3,tcp_classwise_thr,0.9976936222060483,0.9971671388101983,0.9803921568627451,0.9903145478374836,0.0,0.9989941225056707,0.0018885741265344666,30,2118,
emb_geneformer,4,0,lung_C,lung_E,lung_G,3,tcp_cluster_thr,0.9971718871624905,0.9966949952785646,0.9803921568627451,0.9856503198294243,0.0,0.9984723874621129,0.0018885741265344666,30,2118,
emb_geneformer,4,1,lung_C,lung_E,lung_G,3,cell_pooled,0.992345979576655,0.9985007496251874,0.8,0.9989247311827957,0.0,1.0101149386267325,0.0,30,2001,0.9025229357798165
emb_geneformer,4,1,lung_C,lung_E,lung_G,3,classwise,0.9977698680011284,0.9970014992503748,0.9777777777777777,0.9907227111027898,0.0,0.9982673804389393,0.0029985007496251873,30,2001,
emb_geneformer,4,1,lung_C,lung_E,lung_G,3,donor_weighted,0.9916899375899679,0.9975012493753124,0.8,0.9900774932614556,0.0,1.00881295018807,0.0,30,2001,
emb_geneformer,4,1,lung_C,lung_E,lung_G,3,donor_crc,1.0,1.0,1.0,1.0,0.0,1.0190101115694137,0.0,30,2001,
emb_geneformer,4,1,lung_C,lung_E,lung_G,3,tcp_standard_thr,0.992345979576655,0.9985007496251874,0.8,0.9989247311827957,0.0,1.0101149386267325,0.0,30,2001,
emb_geneformer,4,1,lung_C,lung_E,lung_G,3,tcp_standard_aps,0.9610543948659115,0.9560219890054973,0.9166666666666666,0.9348558378532685,0.0,0.9757339736557286,0.04297851074462768,30,2001,
emb_geneformer,4,1,lung_C,lung_E,lung_G,3,tcp_classwise_thr,0.9977698680011284,0.9970014992503748,0.9777777777777777,0.9907227111027898,0.0,0.9982673804389393,0.0029985007496251873,30,2001,
emb_geneformer,4,1,lung_C,lung_E,lung_G,3,tcp_cluster_thr,0.997921198988431,0.9975012493753124,0.9830508474576272,0.9897052154195012,0.0,0.9989563458348439,0.001999000499750125,30,2001,
emb_geneformer,5,0,lung_E,lung_C,lung_I,3,cell_pooled,0.8728459225717317,0.917610710607621,0.1,0.7261538461538464,0.16666666666666666,0.9091596234906958,0.06797116374871266,30,971,0.8863636363636364
emb_geneformer,5,0,lung_E,lung_C,lung_I,3,classwise,0.6411176250658374,0.6364572605561277,0.14285714285714285,0.22625,0.6,0.6601438765920888,0.3553038105046344,30,971,
emb_geneformer,5,0,lung_E,lung_C,lung_I,3,donor_weighted,0.8762967772725864,0.92173017507724,0.1,0.7271428571428573,0.13333333333333333,0.9126104781915506,0.06385169927909372,30,971,
emb_geneformer,5,0,lung_E,lung_C,lung_I,3,donor_crc,0.9040403167564821,0.9361483007209063,0.2,0.8007692307692308,0.1,0.9506104279318566,0.044284243048403706,30,971,
emb_geneformer,5,0,lung_E,lung_C,lung_I,3,tcp_standard_thr,0.8728459225717317,0.917610710607621,0.1,0.7261538461538464,0.16666666666666666,0.9091596234906958,0.06797116374871266,30,971,
emb_geneformer,5,0,lung_E,lung_C,lung_I,3,tcp_standard_aps,0.8790909066383011,0.8887744593202883,0.2,0.8074404761904762,0.1,0.9869385630197921,0.08650875386199794,30,971,
emb_geneformer,5,0,lung_E,lung_C,lung_I,3,tcp_classwise_thr,0.6411176250658374,0.6364572605561277,0.14285714285714285,0.22625,0.6,0.6601438765920888,0.3553038105046344,30,971,
emb_geneformer,5,0,lung_E,lung_C,lung_I,3,tcp_cluster_thr,0.7409289062391278,0.7518022657054583,0.13333333333333333,0.41384615384615386,0.4666666666666667,0.7486101285256131,0.243048403707518,30,971,
emb_geneformer,5,1,lung_E,lung_C,lung_I,3,cell_pooled,0.902954216302479,0.9140461215932913,0.1,0.7836199095022625,0.13333333333333333,0.937502906869476,0.07127882599580712,30,954,0.8873517786561265
emb_geneformer,5,1,lung_E,lung_C,lung_I,3,classwise,0.6055919938973204,0.6310272536687631,0.0,0.2,0.6333333333333333,0.6218778705668289,0.36058700209643607,30,954,
emb_geneformer,5,1,lung_E,lung_C,lung_I,3,donor_weighted,0.9044957984525802,0.9171907756813418,0.1,0.7847963800904977,0.13333333333333333,0.9390444890195775,0.06813417190775681,30,954,
emb_geneformer,5,1,lung_E,lung_C,lung_I,3,donor_crc,0.9235205506868281,0.9412997903563941,0.2,0.8634389140271493,0.1,0.964735907920492,0.040880503144654086,30,954,
emb_geneformer,5,1,lung_E,lung_C,lung_I,3,tcp_standard_thr,0.902954216302479,0.9140461215932913,0.1,0.7836199095022625,0.13333333333333333,0.937502906869476,0.07127882599580712,30,954,
emb_geneformer,5,1,lung_E,lung_C,lung_I,3,tcp_standard_aps,0.856783407911447,0.8825995807127882,0.3,0.74375,0.16666666666666666,0.9297855676427346,0.09643605870020965,30,954,
emb_geneformer,5,1,lung_E,lung_C,lung_I,3,tcp_classwise_thr,0.6055919938973204,0.6310272536687631,0.0,0.2,0.6333333333333333,0.6218778705668289,0.36058700209643607,30,954,
emb_geneformer,5,1,lung_E,lung_C,lung_I,3,tcp_cluster_thr,0.7328767180002698,0.7672955974842768,0.0,0.33764705882352947,0.5,0.7352031863450447,0.22955974842767296,30,954,
emb_geneformer,6,0,lung_C,lung_H,lung_F,3,cell_pooled,0.49754054489190824,0.6073200992555832,0.0,0.04390243902439026,0.7,0.49754054489190824,0.3926799007444169,30,1612,0.9075391180654339
emb_geneformer,6,0,lung_C,lung_H,lung_F,3,classwise,0.660387470709074,0.7791563275434243,0.0,0.2675503711558855,0.5333333333333333,0.660387470709074,0.22084367245657568,30,1612,
emb_geneformer,6,0,lung_C,lung_H,lung_F,3,donor_weighted,0.4990835572538981,0.609181141439206,0.0,0.06585365853658538,0.7,0.4990835572538981,0.39081885856079407,30,1612,
emb_geneformer,6,0,lung_C,lung_H,lung_F,3,donor_crc,0.5600551925514192,0.6867245657568238,0.0,0.10975609756097565,0.6,0.5607579636678595,0.31203473945409427,30,1612,
emb_geneformer,6,0,lung_C,lung_H,lung_F,3,tcp_standard_thr,0.49754054489190824,0.6073200992555832,0.0,0.04390243902439026,0.7,0.49754054489190824,0.3926799007444169,30,1612,
emb_geneformer,6,0,lung_C,lung_H,lung_F,3,tcp_standard_aps,0.9159851156055036,0.9088089330024814,0.5,0.8750627394003434,0.03333333333333333,1.0024709253596307,0.08560794044665013,30,1612,
emb_geneformer,6,0,lung_C,lung_H,lung_F,3,tcp_classwise_thr,0.660387470709074,0.7791563275434243,0.0,0.2675503711558855,0.5333333333333333,0.660387470709074,0.22084367245657568,30,1612,
emb_geneformer,6,0,lung_C,lung_H,lung_F,3,tcp_cluster_thr,1.0,1.0,1.0,1.0,0.0,3.0,0.0,30,1612,
emb_geneformer,6,1,lung_C,lung_H,lung_F,3,cell_pooled,0.4559984405189775,0.5789115646258504,0.0,0.02195121951219513,0.7333333333333333,0.4559984405189775,0.42108843537414964,30,1470,0.9246088193456614
emb_geneformer,6,1,lung_C,lung_H,lung_F,3,classwise,0.6249040065408303,0.7489795918367347,0.0,0.23339920948616605,0.6,0.6249040065408303,0.2510204081632653,30,1470,
emb_geneformer,6,1,lung_C,lung_H,lung_F,3,donor_weighted,0.4566520352902193,0.5795918367346938,0.0,0.02195121951219513,0.7333333333333333,0.4566520352902193,0.4204081632653061,30,1470,
emb_geneformer,6,1,lung_C,lung_H,lung_F,3,donor_crc,0.5159201533205829,0.6564625850340136,0.0,0.08181818181818185,0.6333333333333333,0.5163831162835459,0.34285714285714286,30,1470,
emb_geneformer,6,1,lung_C,lung_H,lung_F,3,tcp_standard_thr,0.4559984405189775,0.5789115646258504,0.0,0.02195121951219513,0.7333333333333333,0.4559984405189775,0.42108843537414964,30,1470,
emb_geneformer,6,1,lung_C,lung_H,lung_F,3,tcp_standard_aps,0.9014304090384807,0.9149659863945578,0.5,0.8181818181818182,0.06666666666666667,0.9979343741397063,0.07687074829931972,30,1470,
emb_geneformer,6,1,lung_C,lung_H,lung_F,3,tcp_classwise_thr,0.6249040065408303,0.7489795918367347,0.0,0.23339920948616605,0.6,0.6249040065408303,0.2510204081632653,30,1470,
emb_geneformer,6,1,lung_C,lung_H,lung_F,3,tcp_cluster_thr,1.0,1.0,1.0,1.0,0.0,3.0,0.0,30,1470,
emb_geneformer,7,0,lung_C,lung_I,lung_E,3,cell_pooled,0.7834437664001763,0.7700688073394495,0.5151515151515151,0.6212488350419385,0.5185185185185185,0.8322497719663277,0.16743119266055045,27,1744,0.908675799086758
emb_geneformer,7,0,lung_C,lung_I,lung_E,3,classwise,0.7583601816706945,0.7528669724770642,0.5151515151515151,0.5877537866580728,0.5555555555555556,0.7592116078094769,0.2459862385321101,27,1744,
emb_geneformer,7,0,lung_C,lung_I,lung_E,3,donor_weighted,0.823716648486697,0.8061926605504587,0.5757575757575758,0.6501708605156881,0.4074074074074074,0.891485116051767,0.10894495412844037,27,1744,
emb_geneformer,7,0,lung_C,lung_I,lung_E,3,donor_crc,0.8502680136835147,0.8302752293577982,0.5981308411214953,0.6547685616651134,0.3333333333333333,0.9380592357725405,0.0625,27,1744,
emb_geneformer,7,0,lung_C,lung_I,lung_E,3,tcp_standard_thr,0.7834437664001763,0.7700688073394495,0.5151515151515151,0.6212488350419385,0.5185185185185185,0.8322497719663277,0.16743119266055045,27,1744,
emb_geneformer,7,0,lung_C,lung_I,lung_E,3,tcp_standard_aps,0.8500845082329723,0.8331422018348624,0.5977011494252874,0.6883116883116883,0.2222222222222222,1.0246034580448837,0.06823394495412843,27,1744,
emb_geneformer,7,0,lung_C,lung_I,lung_E,3,tcp_classwise_thr,0.7583601816706945,0.7528669724770642,0.5151515151515151,0.5877537866580728,0.5555555555555556,0.7592116078094769,0.2459862385321101,27,1744,
emb_geneformer,7,0,lung_C,lung_I,lung_E,3,tcp_cluster_thr,1.0,1.0,1.0,1.0,0.0,3.0,0.0,27,1744,
emb_geneformer,7,1,lung_C,lung_I,lung_E,3,cell_pooled,0.7358467220603722,0.7305045871559633,0.5,0.5804243495832281,0.6296296296296297,0.7731594158465623,0.22018348623853212,27,1744,0.8934108527131783
emb_geneformer,7,1,lung_C,lung_I,lung_E,3,classwise,0.719072806669159,0.7190366972477065,0.5,0.565880217785844,0.8148148148148148,0.719072806669159,0.2809633027522936,27,1744,
emb_geneformer,7,1,lung_C,lung_I,lung_E,3,donor_weighted,0.7999788379699903,0.7844036697247706,0.5303030303030303,0.6293569431500465,0.48148148148148145,0.8603034102810923,0.13990825688073394,27,1744,
emb_geneformer,7,1,lung_C,lung_I,lung_E,3,donor_crc,0.8417789668900247,0.8222477064220184,0.5909090909090909,0.6547685616651134,0.37037037037037035,0.9269402137301463,0.07396788990825688,27,1744,
emb_geneformer,7,1,lung_C,lung_I,lung_E,3,tcp_standard_thr,0.7358467220603722,0.7305045871559633,0.5,0.5804243495832281,0.6296296296296297,0.7731594158465623,0.22018348623853212,27,1744,
emb_geneformer,7,1,lung_C,lung_I,lung_E,3,tcp_standard_aps,0.8266653633139042,0.8084862385321101,0.5794392523364486,0.6454545454545454,0.37037037037037035,0.9988660371130849,0.08199541284403669,27,1744,
emb_geneformer,7,1,lung_C,lung_I,lung_E,3,tcp_classwise_thr,0.719072806669159,0.7190366972477065,0.5,0.565880217785844,0.8148148148148148,0.719072806669159,0.2809633027522936,27,1744,
emb_geneformer,7,1,lung_C,lung_I,lung_E,3,tcp_cluster_thr,1.0,1.0,1.0,1.0,0.0,3.0,0.0,27,1744,
emb_geneformer,8,0,lung_I,lung_E,lung_H,4,cell_pooled,0.9913270626430088,0.9907529722589168,0.9358974358974359,0.9696969696969697,0.0,1.7354512083080615,0.0,21,1514,0.8828202581926514
emb_geneformer,8,0,lung_I,lung_E,lung_H,4,classwise,0.9460185464893837,0.9458388375165125,0.8939393939393939,0.9078947368421053,0.0,1.021414226654638,0.0,21,1514,
emb_geneformer,8,0,lung_I,lung_E,lung_H,4,donor_weighted,0.9919223007382469,0.9914134742404227,0.9358974358974359,0.9696969696969697,0.0,1.7723224211603654,0.0,21,1514,
emb_geneformer,8,0,lung_I,lung_E,lung_H,4,donor_crc,0.9944600407759869,0.9940554821664465,0.9615384615384616,0.9848484848484849,0.0,1.9884123363860269,0.0,21,1514,
emb_geneformer,8,0,lung_I,lung_E,lung_H,4,tcp_standard_thr,0.9913270626430088,0.9907529722589168,0.9358974358974359,0.9696969696969697,0.0,1.7354512083080615,0.0,21,1514,
emb_geneformer,8,0,lung_I,lung_E,lung_H,4,tcp_standard_aps,0.9918525292399041,0.9914134742404227,0.9487179487179487,0.9696969696969697,0.0,1.753849421985045,0.0,21,1514,
emb_geneformer,8,0,lung_I,lung_E,lung_H,4,tcp_classwise_thr,0.9460185464893837,0.9458388375165125,0.8939393939393939,0.9078947368421053,0.0,1.021414226654638,0.0,21,1514,
emb_geneformer,8,0,lung_I,lung_E,lung_H,4,tcp_cluster_thr,0.9802861974691975,0.9795244385733157,0.9242424242424242,0.9605263157894737,0.0,1.1804329041679333,0.0,21,1514,
emb_geneformer,8,1,lung_I,lung_E,lung_H,4,cell_pooled,0.959228750568,0.9583883751651255,0.8983050847457628,0.9242424242424242,0.0,1.0440701856404808,0.0,21,1514,0.9046673286991063
emb_geneformer,8,1,lung_I,lung_E,lung_H,4,classwise,0.9459257702086948,0.9451783355350066,0.8947368421052632,0.8983050847457628,0.0,1.015261110936457,0.0,21,1514,
emb_geneformer,8,1,lung_I,lung_E,lung_H,4,donor_weighted,0.959228750568,0.9583883751651255,0.8983050847457628,0.9242424242424242,0.0,1.0434596850299802,0.0,21,1514,
emb_geneformer,8,1,lung_I,lung_E,lung_H,4,donor_crc,0.9638256915834644,0.9630118890356671,0.8983050847457628,0.9242424242424242,0.0,1.058600924841662,0.0,21,1514,
emb_geneformer,8,1,lung_I,lung_E,lung_H,4,tcp_standard_thr,0.959228750568,0.9583883751651255,0.8983050847457628,0.9242424242424242,0.0,1.0440701856404808,0.0,21,1514,
emb_geneformer,8,1,lung_I,lung_E,lung_H,4,tcp_standard_aps,0.9389883759376493,0.9379128137384413,0.875,0.8974358974358975,0.0,1.0269342662889445,0.02047556142668428,21,1514,
emb_geneformer,8,1,lung_I,lung_E,lung_H,4,tcp_classwise_thr,0.9459257702086948,0.9451783355350066,0.8947368421052632,0.8983050847457628,0.0,1.015261110936457,0.0,21,1514,
emb_geneformer,8,1,lung_I,lung_E,lung_H,4,tcp_cluster_thr,0.9554676734121905,0.9550858652575958,0.8983050847457628,0.9174311926605505,0.0,1.9275749359035041,0.0,21,1514,
emb_geneformer,9,0,lung_E,lung_F,lung_I,6,cell_pooled,0.6059819466542746,0.5351036740632957,0.0,0.04693309384822631,0.6666666666666666,3.5454351357457567,0.0,30,2749,0.9115351257588898
emb_geneformer,9,0,lung_E,lung_F,lung_I,6,classwise,0.875641543857894,0.8632229901782467,0.4642857142857143,0.7897627965043695,0.16666666666666666,2.051270776750856,0.0,30,2749,
emb_geneformer,9,0,lung_E,lung_F,lung_I,6,donor_weighted,0.6185835092070172,0.5496544197890142,0.0,0.05279748540637629,0.6333333333333333,3.663067939751802,0.0,30,2749,
emb_geneformer,9,0,lung_E,lung_F,lung_I,6,donor_crc,0.7138920837745711,0.6507821025827574,0.0,0.1509552077711819,0.5,4.584105898913209,0.0,30,2749,
emb_geneformer,9,0,lung_E,lung_F,lung_I,6,tcp_standard_thr,0.6063934692880194,0.5354674427064388,0.0,0.04693309384822631,0.6666666666666666,3.550060484221463,0.0,30,2749,
emb_geneformer,9,0,lung_E,lung_F,lung_I,6,tcp_standard_aps,0.610820114706063,0.5401964350672972,0.0,0.05279748540637629,0.6666666666666666,3.5766779759332143,0.0,30,2749,
emb_geneformer,9,0,lung_E,lung_F,lung_I,6,tcp_classwise_thr,0.875641543857894,0.8632229901782467,0.4642857142857143,0.7897627965043695,0.16666666666666666,2.051270776750856,0.0,30,2749,
emb_geneformer,9,0,lung_E,lung_F,lung_I,6,tcp_cluster_thr,0.9522047598116088,0.9436158603128411,0.5285714285714286,0.9126354793886059,0.06666666666666667,3.694166156825048,0.0,30,2749,
emb_geneformer,9,1,lung_E,lung_F,lung_I,6,cell_pooled,0.5810542080130979,0.5087463556851312,0.0,0.07946115850920522,0.7,3.9655006178205636,0.0,30,2744,0.9157986111111112
emb_geneformer,9,1,lung_E,lung_F,lung_I,6,classwise,0.8626071346925467,0.8553206997084548,0.46464646464646464,0.7481596040828952,0.23333333333333334,1.9700725050288457,0.0032798833819241984,30,2744,
emb_geneformer,9,1,lung_E,lung_F,lung_I,6,donor_weighted,0.6143096251590016,0.5455539358600583,0.0,0.10292770543331838,0.6666666666666666,4.194045114752681,0.0,30,2744,
emb_geneformer,9,1,lung_E,lung_F,lung_I,6,donor_crc,0.6958084998564588,0.6337463556851312,0.006666666666666667,0.15213167835941718,0.5,4.613960410758418,0.0,30,2744,
emb_geneformer,9,1,lung_E,lung_F,lung_I,6,tcp_standard_thr,0.5810542080130979,0.5087463556851312,0.0,0.07946115850920522,0.7,3.9655006178205636,0.0,30,2744,
emb_geneformer,9,1,lung_E,lung_F,lung_I,6,tcp_standard_aps,0.5843430599845084,0.5127551020408163,0.0,0.07869779973057926,0.7,3.977550372250869,0.0,30,2744,
emb_geneformer,9,1,lung_E,lung_F,lung_I,6,tcp_classwise_thr,0.8780783107536363,0.8702623906705539,0.46464646464646464,0.7826491803278689,0.16666666666666666,2.1767632567045836,0.0,30,2744,
emb_geneformer,9,1,lung_E,lung_F,lung_I,6,tcp_cluster_thr,0.961216183464639,0.9595481049562682,0.5454545454545454,0.9343382352941176,0.06666666666666667,3.7203478166947948,0.0,30,2744,
emb_geneformer,10,0,lung_C,lung_F,lung_G,3,cell_pooled,0.9773294329953941,0.9887410440122825,0.6,0.9621161672216056,0.03333333333333333,0.9773294329953941,0.011258955987717503,30,1954,0.8726790450928382
emb_geneformer,10,0,lung_C,lung_F,lung_G,3,classwise,0.9437543075104723,0.965711361310133,0.6,0.8739406779661018,0.06666666666666667,0.9437543075104723,0.03428863868986694,30,1954,
emb_geneformer,10,0,lung_C,lung_F,lung_G,3,donor_weighted,0.9815122911830729,0.9933469805527124,0.6,0.9794957983193276,0.03333333333333333,0.9815122911830729,0.006653019447287615,30,1954,
emb_geneformer,10,0,lung_C,lung_F,lung_G,3,donor_crc,0.9824640480326018,0.9948822927328557,0.6,0.9794957983193276,0.03333333333333333,0.9897596455168786,0.0040941658137154556,30,1954,
emb_geneformer,10,0,lung_C,lung_F,lung_G,3,tcp_standard_thr,0.9773294329953941,0.9887410440122825,0.6,0.9621161672216056,0.03333333333333333,0.9773294329953941,0.011258955987717503,30,1954,
emb_geneformer,10,0,lung_C,lung_F,lung_G,3,tcp_standard_aps,0.9223776493698438,0.917093142272262,0.8415841584158416,0.8843389648699383,0.0,0.9342063398393707,0.08188331627430911,30,1954,
emb_geneformer,10,0,lung_C,lung_F,lung_G,3,tcp_classwise_thr,0.9437543075104723,0.965711361310133,0.6,0.8739406779661018,0.06666666666666667,0.9437543075104723,0.03428863868986694,30,1954,
emb_geneformer,10,0,lung_C,lung_F,lung_G,3,tcp_cluster_thr,1.0,1.0,1.0,1.0,0.0,3.0,0.0,30,1954,
emb_geneformer,10,1,lung_C,lung_F,lung_G,3,cell_pooled,0.973251673400503,0.9872029250457038,0.6,0.9628930817610063,0.03333333333333333,0.973251673400503,0.012797074954296161,30,2188,0.8911392405063291
emb_geneformer,10,1,lung_C,lung_F,lung_G,3,classwise,0.9442699113064257,0.9652650822669104,0.6,0.8688559322033899,0.03333333333333333,0.9442699113064257,0.03473491773308958,30,2188,
emb_geneformer,10,1,lung_C,lung_F,lung_G,3,donor_weighted,0.9800297009035461,0.9931444241316271,0.6,0.9661016949152542,0.03333333333333333,0.9800297009035461,0.006855575868372943,30,2188,
emb_geneformer,10,1,lung_C,lung_F,lung_G,3,donor_crc,0.9815300147767414,0.9945155393053017,0.6,0.9777880184331798,0.03333333333333333,0.9818884377158096,0.005027422303473492,30,2188,
emb_geneformer,10,1,lung_C,lung_F,lung_G,3,tcp_standard_thr,0.973251673400503,0.9872029250457038,0.6,0.9628930817610063,0.03333333333333333,0.973251673400503,0.012797074954296161,30,2188,
emb_geneformer,10,1,lung_C,lung_F,lung_G,3,tcp_standard_aps,0.8885943286870909,0.9012797074954296,0.72,0.8349698535745048,0.03333333333333333,0.9079108747569101,0.09734917733089579,30,2188,
emb_geneformer,10,1,lung_C,lung_F,lung_G,3,tcp_classwise_thr,0.9442699113064257,0.9652650822669104,0.6,0.8688559322033899,0.03333333333333333,0.9442699113064257,0.03473491773308958,30,2188,
emb_geneformer,10,1,lung_C,lung_F,lung_G,3,tcp_cluster_thr,0.9378447683241908,0.9625228519195612,0.4,0.8523847063460781,0.1,0.9378447683241908,0.037477148080438755,30,2188,
emb_geneformer,11,0,lung_F,lung_G,lung_H,4,cell_pooled,0.9185572597759749,0.917437252311757,0.7727272727272727,0.8305084745762712,0.047619047619047616,0.9748173110879947,0.025759577278731835,21,1514,0.9088785046728972
emb_geneformer,11,0,lung_F,lung_G,lung_H,4,classwise,0.6737682096483227,0.6717305151915456,0.3484848484848485,0.4861111111111111,0.8095238095238095,0.7486912909645647,0.26882430647291944,21,1514,
emb_geneformer,11,0,lung_F,lung_G,lung_H,4,donor_weighted,0.9233105903399338,0.9220607661822986,0.7727272727272727,0.847457627118644,0.047619047619047616,0.9818873870879651,0.018494055482166448,21,1514,
emb_geneformer,11,0,lung_F,lung_G,lung_H,4,donor_crc,0.9367239538695997,0.9359313077939234,0.8181818181818182,0.8813559322033898,0.0,1.0112552981072687,0.0,21,1514,
emb_geneformer,11,0,lung_F,lung_G,lung_H,4,tcp_standard_thr,0.9185572597759749,0.917437252311757,0.7727272727272727,0.8305084745762712,0.047619047619047616,0.9748173110879947,0.025759577278731835,21,1514,
emb_geneformer,11,0,lung_F,lung_G,lung_H,4,tcp_standard_aps,0.8832665354257397,0.8844121532364597,0.7727272727272727,0.8450704225352113,0.09523809523809523,0.9639560208443977,0.0667107001321004,21,1514,
emb_geneformer,11,0,lung_F,lung_G,lung_H,4,tcp_classwise_thr,0.7087429185820064,0.7093791281373845,0.3787878787878788,0.509090909090909,0.6190476190476191,0.7836659998982485,0.2311756935270806,21,1514,
emb_geneformer,11,0,lung_F,lung_G,lung_H,4,tcp_cluster_thr,0.9278369277938913,0.9273447820343461,0.8181818181818182,0.8714285714285714,0.0,0.9954753579753579,0.003963011889035667,21,1514,
emb_geneformer,11,1,lung_F,lung_G,lung_H,4,cell_pooled,0.9284003051898468,0.929326287978864,0.803030303030303,0.864406779661017,0.0,0.9934375663326259,0.0059445178335535,21,1514,0.8863070539419087
emb_geneformer,11,1,lung_F,lung_G,lung_H,4,classwise,0.4612482221940355,0.45970937912813736,0.19444444444444445,0.2909090909090909,0.9523809523809523,0.5287654892066515,0.4749009247027741,21,1514,
emb_geneformer,11,1,lung_F,lung_G,lung_H,4,donor_weighted,0.9284003051898468,0.929326287978864,0.803030303030303,0.864406779661017,0.0,0.9934375663326259,0.0059445178335535,21,1514,
emb_geneformer,11,1,lung_F,lung_G,lung_H,4,donor_crc,0.9341556363552028,0.9346103038309115,0.8181818181818182,0.8813559322033898,0.0,1.0,0.0,21,1514,
emb_geneformer,11,1,lung_F,lung_G,lung_H,4,tcp_standard_thr,0.9284003051898468,0.929326287978864,0.803030303030303,0.864406779661017,0.0,0.9934375663326259,0.0059445178335535,21,1514,
emb_geneformer,11,1,lung_F,lung_G,lung_H,4,tcp_standard_aps,0.881827900244109,0.8837516512549538,0.711864406779661,0.8461538461538461,0.09523809523809523,0.9500345941034579,0.05746367239101717,21,1514,
emb_geneformer,11,1,lung_F,lung_G,lung_H,4,tcp_classwise_thr,0.4774202471286806,0.476221928665786,0.2222222222222222,0.2909090909090909,0.9523809523809523,0.5449375141412962,0.4583883751651255,21,1514,
emb_geneformer,11,1,lung_F,lung_G,lung_H,4,tcp_cluster_thr,0.8973461381170719,0.9002642007926024,0.8076923076923077,0.8289473684210527,0.0,0.9639120024833701,0.034346103038309116,21,1514,
emb_geneformer,12,0,lung_H,lung_E,lung_C,3,cell_pooled,0.5758047817612616,0.6714426877470355,0.08333333333333333,0.17647058823529413,0.8095238095238095,0.5758047817612616,0.3285573122529644,21,2024,0.8922018348623854
emb_geneformer,12,0,lung_H,lung_E,lung_C,3,classwise,0.2867662080596125,0.35276679841897235,0.0,0.0,1.0,0.2867662080596125,0.6472332015810277,21,2024,
emb_geneformer,12,0,lung_H,lung_E,lung_C,3,donor_weighted,0.5366489237050411,0.6299407114624506,0.08333333333333333,0.11764705882352941,0.8571428571428571,0.5366489237050411,0.3700592885375494,21,2024,
emb_geneformer,12,0,lung_H,lung_E,lung_C,3,donor_crc,0.7198265050234494,0.8063241106719368,0.17647058823529413,0.47368421052631576,0.47619047619047616,0.7198265050234494,0.19367588932806323,21,2024,
emb_geneformer,12,0,lung_H,lung_E,lung_C,3,tcp_standard_thr,0.5758047817612616,0.6714426877470355,0.08333333333333333,0.17647058823529413,0.8095238095238095,0.5758047817612616,0.3285573122529644,21,2024,
emb_geneformer,12,0,lung_H,lung_E,lung_C,3,tcp_standard_aps,0.9359288267557815,0.924901185770751,0.8269230769230769,0.9098360655737705,0.0,0.9851176313764202,0.07509881422924901,21,2024,
emb_geneformer,12,0,lung_H,lung_E,lung_C,3,tcp_classwise_thr,0.2867662080596125,0.35276679841897235,0.0,0.0,1.0,0.2867662080596125,0.6472332015810277,21,2024,
emb_geneformer,12,0,lung_H,lung_E,lung_C,3,tcp_cluster_thr,1.0,1.0,1.0,1.0,0.0,3.0,0.0,21,2024,
emb_geneformer,12,1,lung_H,lung_E,lung_C,3,cell_pooled,0.7593969664026536,0.8315217391304348,0.23529411764705882,0.5714285714285714,0.5238095238095238,0.7593969664026536,0.16847826086956522,21,2024,0.9036697247706422
emb_geneformer,12,1,lung_H,lung_E,lung_C,3,classwise,0.30035370862386296,0.366600790513834,0.0,0.05263157894736842,1.0,0.30035370862386296,0.633399209486166,21,2024,
emb_geneformer,12,1,lung_H,lung_E,lung_C,3,donor_weighted,0.6965085799749945,0.7742094861660079,0.17647058823529413,0.47368421052631576,0.6190476190476191,0.6965085799749945,0.2257905138339921,21,2024,
emb_geneformer,12,1,lung_H,lung_E,lung_C,3,donor_crc,0.8673813593888372,0.9224308300395256,0.47058823529411764,0.6666666666666666,0.19047619047619047,0.8673813593888372,0.0775691699604743,21,2024,
emb_geneformer,12,1,lung_H,lung_E,lung_C,3,tcp_standard_thr,0.7593969664026536,0.8315217391304348,0.23529411764705882,0.5714285714285714,0.5238095238095238,0.7593969664026536,0.16847826086956522,21,2024,
emb_geneformer,12,1,lung_H,lung_E,lung_C,3,tcp_standard_aps,0.9097767920008328,0.9135375494071146,0.75,0.8809523809523809,0.047619047619047616,0.9333522576697584,0.08646245059288538,21,2024,
emb_geneformer,12,1,lung_H,lung_E,lung_C,3,tcp_classwise_thr,0.30035370862386296,0.366600790513834,0.0,0.05263157894736842,1.0,0.30035370862386296,0.633399209486166,21,2024,
emb_geneformer,12,1,lung_H,lung_E,lung_C,3,tcp_cluster_thr,1.0,1.0,1.0,1.0,0.0,3.0,0.0,21,2024,
emb_geneformer,13,0,lung_F,lung_E,lung_C,3,cell_pooled,0.9521555560929165,0.9659090909090909,0.7647058823529411,0.8571428571428571,0.047619047619047616,0.9521555560929165,0.03409090909090909,21,2024,0.8956422018348624
emb_geneformer,13,0,lung_F,lung_E,lung_C,3,classwise,0.9668516305940174,0.9797430830039525,0.8095238095238095,0.8947368421052632,0.0,0.9668516305940174,0.020256916996047432,21,2024,
emb_geneformer,13,0,lung_F,lung_E,lung_C,3,donor_weighted,0.9488208825207022,0.9644268774703557,0.7647058823529411,0.8571428571428571,0.047619047619047616,0.9488208825207022,0.03557312252964427,21,2024,
emb_geneformer,13,0,lung_F,lung_E,lung_C,3,donor_crc,0.9669995382342617,0.9757905138339921,0.8545454545454545,0.8823529411764706,0.0,0.9669995382342617,0.024209486166007904,21,2024,
emb_geneformer,13,0,lung_F,lung_E,lung_C,3,tcp_standard_thr,0.9521555560929165,0.9659090909090909,0.7647058823529411,0.8571428571428571,0.047619047619047616,0.9521555560929165,0.03409090909090909,21,2024,
emb_geneformer,13,0,lung_F,lung_E,lung_C,3,tcp_standard_aps,0.9055687776539255,0.8967391304347826,0.8141592920353983,0.8571428571428571,0.0,0.9101600557702569,0.10326086956521739,21,2024,
emb_geneformer,13,0,lung_F,lung_E,lung_C,3,tcp_classwise_thr,0.9668516305940174,0.9797430830039525,0.8095238095238095,0.8947368421052632,0.0,0.9668516305940174,0.020256916996047432,21,2024,
emb_geneformer,13,0,lung_F,lung_E,lung_C,3,tcp_cluster_thr,0.9668516305940174,0.9797430830039525,0.8095238095238095,0.8947368421052632,0.0,0.9668516305940174,0.020256916996047432,21,2024,
emb_geneformer,13,1,lung_F,lung_E,lung_C,3,cell_pooled,0.9644949771070415,0.9728260869565217,0.8454545454545455,0.9047619047619048,0.0,0.9644949771070415,0.02717391304347826,21,2024,0.9013761467889908
emb_geneformer,13,1,lung_F,lung_E,lung_C,3,classwise,0.9771636091272329,0.982707509881423,0.8727272727272727,0.9411764705882353,0.0,0.9771636091272329,0.017292490118577076,21,2024,
emb_geneformer,13,1,lung_F,lung_E,lung_C,3,donor_weighted,0.9641523940306455,0.9723320158102767,0.8454545454545455,0.9047619047619048,0.0,0.9641523940306455,0.02766798418972332,21,2024,
emb_geneformer,13,1,lung_F,lung_E,lung_C,3,donor_crc,0.9778786289901296,0.9807312252964426,0.8636363636363636,0.9351851851851852,0.0,0.9778786289901296,0.019268774703557312,21,2024,
emb_geneformer,13,1,lung_F,lung_E,lung_C,3,tcp_standard_thr,0.9644949771070415,0.9728260869565217,0.8454545454545455,0.9047619047619048,0.0,0.9644949771070415,0.02717391304347826,21,2024,
emb_geneformer,13,1,lung_F,lung_E,lung_C,3,tcp_standard_aps,0.8874274189391462,0.8888339920948617,0.7894736842105263,0.8515625,0.047619047619047616,0.8911383741806191,0.11116600790513834,21,2024,
emb_geneformer,13,1,lung_F,lung_E,lung_C,3,tcp_classwise_thr,0.9771636091272329,0.982707509881423,0.8727272727272727,0.9411764705882353,0.0,0.9771636091272329,0.017292490118577076,21,2024,
emb_geneformer,13,1,lung_F,lung_E,lung_C,3,tcp_cluster_thr,0.9804747990338175,0.9841897233201581,0.8818181818181818,0.9411764705882353,0.0,0.9804747990338175,0.015810276679841896,21,2024,
emb_geneformer,14,0,lung_H,lung_I,lung_F,4,cell_pooled,0.9072505230430843,0.931129476584022,0.5714285714285714,0.7064935064935065,0.2,3.665686318654042,0.0,30,1815,0.92914653784219
emb_geneformer,14,0,lung_H,lung_I,lung_F,4,classwise,0.9015191601145283,0.9151515151515152,0.46153846153846156,0.7218181818181818,0.16666666666666666,2.162421205337513,0.0,30,1815,
emb_geneformer,14,0,lung_H,lung_I,lung_F,4,donor_weighted,0.9868748102676675,0.9878787878787879,0.8775510204081632,0.9529684601113173,0.0,3.8861949148612775,0.0,30,1815,
emb_geneformer,14,0,lung_H,lung_I,lung_F,4,donor_crc,0.9924767480124623,0.9922865013774105,0.9387755102040817,0.9764285714285714,0.0,3.9049811317672427,0.0,30,1815,
emb_geneformer,14,0,lung_H,lung_I,lung_F,4,tcp_standard_thr,1.0,1.0,1.0,1.0,0.0,4.0,0.0,30,1815,
emb_geneformer,14,0,lung_H,lung_I,lung_F,4,tcp_standard_aps,0.9103048523077646,0.928374655647383,0.673469387755102,0.7303571428571428,0.16666666666666666,3.659093214469165,0.0,30,1815,
emb_geneformer,14,0,lung_H,lung_I,lung_F,4,tcp_classwise_thr,0.9338455043508952,0.9421487603305785,0.5384615384615384,0.8036363636363637,0.1,2.3456499424296577,0.0,30,1815,
emb_geneformer,14,0,lung_H,lung_I,lung_F,4,tcp_cluster_thr,1.0,1.0,1.0,1.0,0.0,4.0,0.0,30,1815,
emb_geneformer,14,1,lung_H,lung_I,lung_F,4,cell_pooled,0.8367013982723641,0.864963503649635,0.5102040816326531,0.5714285714285714,0.4,3.6706951071586817,0.0,30,1918,0.8970840480274442
emb_geneformer,14,1,lung_H,lung_I,lung_F,4,classwise,0.8837399469398635,0.9019812304483837,0.5675675675675675,0.7381578947368421,0.2,1.6755981330294916,0.0015641293013555788,30,1918,
emb_geneformer,14,1,lung_H,lung_I,lung_F,4,donor_weighted,0.9426480016337855,0.9520333680917622,0.6216216216216216,0.8416592328278323,0.1,3.8710102847406684,0.0,30,1918,
emb_geneformer,14,1,lung_H,lung_I,lung_F,4,donor_crc,0.9783734492075808,0.9817518248175182,0.7297297297297297,0.9536989795918368,0.03333333333333333,3.9311684472887256,0.0,30,1918,
emb_geneformer,14,1,lung_H,lung_I,lung_F,4,tcp_standard_thr,1.0,1.0,1.0,1.0,0.0,4.0,0.0,30,1918,
emb_geneformer,14,1,lung_H,lung_I,lung_F,4,tcp_standard_aps,0.9896504968375556,0.9906152241918665,0.9387755102040817,0.9648496240601504,0.0,3.967813110635836,0.0,30,1918,
emb_geneformer,14,1,lung_H,lung_I,lung_F,4,tcp_classwise_thr,0.9715749350046768,0.9739311783107404,0.7636363636363637,0.9199248120300753,0.06666666666666667,1.8641772007180957,0.0,30,1918,
emb_geneformer,14,1,lung_H,lung_I,lung_F,4,tcp_cluster_thr,1.0,1.0,1.0,1.0,0.0,4.0,0.0,30,1918,
emb_geneformer,15,0,lung_I,lung_C,lung_E,3,cell_pooled,0.6315276422302492,0.6135321100917431,0.4205607476635514,0.4675324675324675,0.8888888888888888,0.6315276422302492,0.38646788990825687,27,1744,0.8992094861660079
emb_geneformer,15,0,lung_I,lung_C,lung_E,3,classwise,0.6405871238415857,0.6244266055045872,0.4485981308411215,0.48658008658008656,0.8888888888888888,0.6405871238415857,0.3755733944954128,27,1744,
emb_geneformer,15,0,lung_I,lung_C,lung_E,3,donor_weighted,0.6617310521544653,0.650802752293578,0.48484848484848486,0.5,0.8888888888888888,0.6644895352018905,0.34575688073394495,27,1744,
emb_geneformer,15,0,lung_I,lung_C,lung_E,3,donor_crc,0.6889913428571723,0.680045871559633,0.48484848484848486,0.5304369790351098,0.8518518518518519,0.692521679507045,0.31536697247706424,27,1744,
emb_geneformer,15,0,lung_I,lung_C,lung_E,3,tcp_standard_thr,0.6315276422302492,0.6135321100917431,0.4205607476635514,0.4675324675324675,0.8888888888888888,0.6315276422302492,0.38646788990825687,27,1744,
emb_geneformer,15,0,lung_I,lung_C,lung_E,3,tcp_standard_aps,0.8261508408501117,0.8165137614678899,0.6261682242990654,0.7282131661442006,0.3333333333333333,0.9670771393652748,0.09977064220183486,27,1744,
emb_geneformer,15,0,lung_I,lung_C,lung_E,3,tcp_classwise_thr,0.6405871238415857,0.6244266055045872,0.4485981308411215,0.48658008658008656,0.8888888888888888,0.6405871238415857,0.3755733944954128,27,1744,
emb_geneformer,15,0,lung_I,lung_C,lung_E,3,tcp_cluster_thr,0.6261100954924518,0.606651376146789,0.3925233644859813,0.477533960292581,0.8888888888888888,0.6261100954924518,0.393348623853211,27,1744,
emb_geneformer,15,1,lung_I,lung_C,lung_E,3,cell_pooled,0.6681715891895295,0.6594036697247706,0.3333333333333333,0.5015972533213913,0.8148148148148148,0.6681715891895295,0.34059633027522934,27,1744,0.8982213438735178
emb_geneformer,15,1,lung_I,lung_C,lung_E,3,classwise,0.6733561448654828,0.6668577981651376,0.35714285714285715,0.5194805194805194,0.8148148148148148,0.6733561448654828,0.3331422018348624,27,1744,
emb_geneformer,15,1,lung_I,lung_C,lung_E,3,donor_weighted,0.7179336451213317,0.7087155963302753,0.42857142857142855,0.5469330755183156,0.7407407407407407,0.7179336451213317,0.29128440366972475,27,1744,
emb_geneformer,15,1,lung_I,lung_C,lung_E,3,donor_crc,0.7539323712110435,0.7419724770642202,0.5476190476190477,0.5843260188087774,0.6296296296296297,0.7546246522771562,0.25688073394495414,27,1744,
emb_geneformer,15,1,lung_I,lung_C,lung_E,3,tcp_standard_thr,0.6681715891895295,0.6594036697247706,0.3333333333333333,0.5015972533213913,0.8148148148148148,0.6681715891895295,0.34059633027522934,27,1744,
emb_geneformer,15,1,lung_I,lung_C,lung_E,3,tcp_standard_aps,0.8635345121491612,0.8514908256880734,0.6728971962616822,0.7908407382091592,0.1111111111111111,0.9770451576311996,0.09002293577981652,27,1744,
emb_geneformer,15,1,lung_I,lung_C,lung_E,3,tcp_classwise_thr,0.6733561448654828,0.6668577981651376,0.35714285714285715,0.5194805194805194,0.8148148148148148,0.6733561448654828,0.3331422018348624,27,1744,
emb_geneformer,15,1,lung_I,lung_C,lung_E,3,tcp_cluster_thr,0.6719642300748754,0.6651376146788991,0.35714285714285715,0.5194805194805194,0.8148148148148148,0.6719642300748754,0.3348623853211009,27,1744,
emb_geneformer,16,0,lung_I,lung_F,lung_H,4,cell_pooled,0.924809310479221,0.9247027741083224,0.8181818181818182,0.864406779661017,0.0,0.9792631033009824,0.02047556142668428,21,1514,0.9003645200486027
emb_geneformer,16,0,lung_I,lung_F,lung_H,4,classwise,0.9056294485247569,0.9062087186261559,0.7727272727272727,0.8026315789473685,0.09523809523809523,0.9614313084840591,0.037648612945838836,21,1514,
emb_geneformer,16,0,lung_I,lung_F,lung_H,4,donor_weighted,0.936193456363866,0.9359313077939234,0.8717948717948718,0.8813559322033898,0.0,0.9968269752673423,0.0033025099075297227,21,1514,
emb_geneformer,16,0,lung_I,lung_F,lung_H,4,donor_crc,0.9435458243198889,0.9431968295904888,0.8947368421052632,0.8983050847457628,0.0,1.01240288755438,0.0,21,1514,
emb_geneformer,16,0,lung_I,lung_F,lung_H,4,tcp_standard_thr,0.924809310479221,0.9247027741083224,0.8181818181818182,0.864406779661017,0.0,0.9792631033009824,0.02047556142668428,21,1514,
emb_geneformer,16,0,lung_I,lung_F,lung_H,4,tcp_standard_aps,0.884718364032984,0.8844121532364597,0.8125,0.8461538461538461,0.0,0.9536112527237359,0.06274768824306473,21,1514,
emb_geneformer,16,0,lung_I,lung_F,lung_H,4,tcp_classwise_thr,0.9056294485247569,0.9062087186261559,0.7727272727272727,0.8026315789473685,0.09523809523809523,0.9614313084840591,0.037648612945838836,21,1514,
emb_geneformer,16,0,lung_I,lung_F,lung_H,4,tcp_cluster_thr,0.9225984797216252,0.9220607661822986,0.8157894736842105,0.8461538461538461,0.0,1.871132034958086,0.0,21,1514,
emb_geneformer,16,1,lung_I,lung_F,lung_H,4,cell_pooled,0.9377594177889822,0.9372523117569352,0.8717948717948718,0.881578947368421,0.0,0.9954607237626105,0.003963011889035667,21,1514,0.9010011123470523
emb_geneformer,16,1,lung_I,lung_F,lung_H,4,classwise,0.8901452856208445,0.8943196829590488,0.7818181818181819,0.8,0.09523809523809523,0.9488839009345017,0.046235138705416116,21,1514,
emb_geneformer,16,1,lung_I,lung_F,lung_H,4,donor_weighted,0.9416881934158712,0.940554821664465,0.8717948717948718,0.881578947368421,0.0,1.0016199733180866,0.0,21,1514,
emb_geneformer,16,1,lung_I,lung_F,lung_H,4,donor_crc,0.9486055744831938,0.9478203434610304,0.881578947368421,0.9152542372881356,0.0,1.0224367141110082,0.0,21,1514,
emb_geneformer,16,1,lung_I,lung_F,lung_H,4,tcp_standard_thr,0.9377594177889822,0.9372523117569352,0.8717948717948718,0.881578947368421,0.0,0.9954607237626105,0.003963011889035667,21,1514,
emb_geneformer,16,1,lung_I,lung_F,lung_H,4,tcp_standard_aps,0.8998919618144708,0.8963011889035667,0.8157894736842105,0.8375,0.0,0.9700618768131871,0.056142668428005284,21,1514,
emb_geneformer,16,1,lung_I,lung_F,lung_H,4,tcp_classwise_thr,0.8901452856208445,0.8943196829590488,0.7818181818181819,0.8,0.09523809523809523,0.9488839009345017,0.046235138705416116,21,1514,
emb_geneformer,16,1,lung_I,lung_F,lung_H,4,tcp_cluster_thr,0.9001859774273093,0.9029062087186261,0.7948717948717948,0.8135593220338984,0.047619047619047616,1.2147606469125691,0.0,21,1514,
emb_geneformer,17,0,lung_I,lung_H,lung_E,4,cell_pooled,0.4234714480564869,0.44538232373386294,0.2463768115942029,0.2935437589670014,0.9629629629629629,0.4799677250373328,0.5,27,2014,0.9075297225891678
emb_geneformer,17,0,lung_I,lung_H,lung_E,4,classwise,0.5581939825717505,0.5695134061569017,0.36231884057971014,0.4480487804878049,1.0,1.3091619086004498,0.014399205561072492,27,2014,
emb_geneformer,17,0,lung_I,lung_H,lung_E,4,donor_weighted,0.4234714480564869,0.44538232373386294,0.2463768115942029,0.2935437589670014,0.9629629629629629,0.4799677250373328,0.5,27,2014,
emb_geneformer,17,0,lung_I,lung_H,lung_E,4,donor_crc,0.7266824491141777,0.730883813306852,0.391304347826087,0.6410477127397934,0.8518518518518519,1.0003724009453283,0.013902681231380337,27,2014,
emb_geneformer,17,0,lung_I,lung_H,lung_E,4,tcp_standard_thr,0.4234714480564869,0.44538232373386294,0.2463768115942029,0.2935437589670014,0.9629629629629629,0.4799677250373328,0.5,27,2014,
emb_geneformer,17,0,lung_I,lung_H,lung_E,4,tcp_standard_aps,0.8019201569373174,0.8053624627606752,0.5217391304347826,0.7387368421052631,0.48148148148148145,1.254038376161013,0.0407149950347567,27,2014,
emb_geneformer,17,0,lung_I,lung_H,lung_E,4,tcp_classwise_thr,0.5581939825717505,0.5695134061569017,0.36231884057971014,0.4480487804878049,1.0,1.3091619086004498,0.014399205561072492,27,2014,
emb_geneformer,17,0,lung_I,lung_H,lung_E,4,tcp_cluster_thr,1.0,1.0,1.0,1.0,0.0,4.0,0.0,27,2014,
emb_geneformer,17,1,lung_I,lung_H,lung_E,4,cell_pooled,0.4846715731023468,0.5004965243296922,0.2898550724637681,0.33454545454545453,0.9629629629629629,0.7856761401026183,0.211519364448858,27,2014,0.9207397622192867
emb_geneformer,17,1,lung_I,lung_H,lung_E,4,classwise,0.6084536261606738,0.605759682224429,0.3925233644859813,0.5005337519623234,0.9629629629629629,1.440634484736134,0.004965243296921549,27,2014,
emb_geneformer,17,1,lung_I,lung_H,lung_E,4,donor_weighted,0.4852993194928051,0.5009930486593843,0.2898550724637681,0.33454545454545453,0.9629629629629629,0.7879850663887071,0.20903674280039722,27,2014,
emb_geneformer,17,1,lung_I,lung_H,lung_E,4,donor_crc,0.646252100673057,0.6593843098311817,0.3333333333333333,0.5157894736842105,0.8518518518518519,1.1233155077285855,0.0,27,2014,
emb_geneformer,17,1,lung_I,lung_H,lung_E,4,tcp_standard_thr,0.4846715731023468,0.5004965243296922,0.2898550724637681,0.33454545454545453,0.9629629629629629,0.7856761401026183,0.211519364448858,27,2014,
emb_geneformer,17,1,lung_I,lung_H,lung_E,4,tcp_standard_aps,0.6365782396636424,0.6514399205561072,0.3188405797101449,0.5097147950089126,0.8888888888888888,1.1097374981156904,0.041708043694141016,27,2014,
emb_geneformer,17,1,lung_I,lung_H,lung_E,4,tcp_classwise_thr,0.6084536261606738,0.605759682224429,0.3925233644859813,0.5005337519623234,0.9629629629629629,1.440634484736134,0.004965243296921549,27,2014,
emb_geneformer,17,1,lung_I,lung_H,lung_E,4,tcp_cluster_thr,1.0,1.0,1.0,1.0,0.0,4.0,0.0,27,2014,
emb_geneformer,18,0,lung_H,lung_I,lung_G,4,cell_pooled,0.9574299961835195,0.9594746716697936,0.8214285714285714,0.887155720338983,0.0,3.6793082238929222,0.0,30,2665,0.9105180533751962
emb_geneformer,18,0,lung_H,lung_I,lung_G,4,classwise,0.8953529783712475,0.8919324577861163,0.72,0.8008370980600585,0.1,1.793805915789618,0.001125703564727955,30,2665,
emb_geneformer,18,0,lung_H,lung_I,lung_G,4,donor_weighted,0.9862889633085087,0.9876172607879925,0.8928571428571429,0.9374681265936703,0.0,3.822715187599423,0.0,30,2665,
emb_geneformer,18,0,lung_H,lung_I,lung_G,4,donor_crc,0.9958800760335241,0.9962476547842402,0.9642857142857143,0.9846687211093991,0.0,3.888947495085496,0.0,30,2665,
emb_geneformer,18,0,lung_H,lung_I,lung_G,4,tcp_standard_thr,0.9630734089958168,0.9654784240150094,0.8214285714285714,0.9147592620368982,0.0,3.6951816803566837,0.0,30,2665,
emb_geneformer,18,0,lung_H,lung_I,lung_G,4,tcp_standard_aps,0.9626585797253112,0.9643527204502814,0.8571428571428571,0.9054956343091937,0.0,3.759677688758425,0.0,30,2665,
emb_geneformer,18,0,lung_H,lung_I,lung_G,4,tcp_classwise_thr,0.9125563674994128,0.9080675422138836,0.72,0.8144565506245017,0.1,2.0142327871285337,0.0,30,2665,
emb_geneformer,18,0,lung_H,lung_I,lung_G,4,tcp_cluster_thr,1.0,1.0,1.0,1.0,0.0,4.0,0.0,30,2665,
emb_geneformer,18,1,lung_H,lung_I,lung_G,4,cell_pooled,0.9707078260055714,0.9680549939344926,0.8728813559322034,0.9145914153422601,0.0,3.7330242336264097,0.0,30,2473,0.8914185639229422
emb_geneformer,18,1,lung_H,lung_I,lung_G,4,classwise,0.9151762664636713,0.9082086534573393,0.7666666666666667,0.8018455560951919,0.1,2.139787089570276,0.0,30,2473,
emb_geneformer,18,1,lung_H,lung_I,lung_G,4,donor_weighted,0.9965592154973136,0.9955519611807522,0.9491525423728814,0.989870089699969,0.0,3.929717958054734,0.0,30,2473,
emb_geneformer,18,1,lung_H,lung_I,lung_G,4,donor_crc,0.9997050147492624,0.9995956328346138,0.9911504424778761,1.0,0.0,3.9940632608962665,0.0,30,2473,
emb_geneformer,18,1,lung_H,lung_I,lung_G,4,tcp_standard_thr,1.0,1.0,1.0,1.0,0.0,4.0,0.0,30,2473,
emb_geneformer,18,1,lung_H,lung_I,lung_G,4,tcp_standard_aps,0.9958377309414523,0.9951475940153659,0.9694656488549618,0.9829600484261501,0.0,3.9577627450054833,0.0,30,2473,
emb_geneformer,18,1,lung_H,lung_I,lung_G,4,tcp_classwise_thr,0.9271488713325795,0.9223615042458553,0.7666666666666667,0.8027076250607091,0.06666666666666667,2.3044429785808,0.0,30,2473,
emb_geneformer,18,1,lung_H,lung_I,lung_G,4,tcp_cluster_thr,1.0,1.0,1.0,1.0,0.0,4.0,0.0,30,2473,
emb_geneformer,19,0,lung_H,lung_E,lung_I,4,cell_pooled,0.6341567812733505,0.6473807662236122,0.0,0.31992924528301886,0.6666666666666666,2.4332712690267146,0.0,30,1279,0.8917576961271102
emb_geneformer,19,0,lung_H,lung_E,lung_I,4,classwise,0.721165193219194,0.7161845191555903,0.0,0.5273320895522389,0.6333333333333333,1.2361152130337134,0.03752931978107897,30,1279,
emb_geneformer,19,0,lung_H,lung_E,lung_I,4,donor_weighted,0.6442241783353939,0.6528537920250196,0.0,0.3695754716981132,0.6333333333333333,2.4767005592763476,0.0,30,1279,
emb_geneformer,19,0,lung_H,lung_E,lung_I,4,donor_crc,0.6992113442011857,0.7122752150117279,0.1,0.4620283018867925,0.6333333333333333,2.879550369913696,0.0,30,1279,
emb_geneformer,19,0,lung_H,lung_E,lung_I,4,tcp_standard_thr,0.6341567812733505,0.6473807662236122,0.0,0.31992924528301886,0.6666666666666666,2.4332712690267146,0.0,30,1279,
emb_geneformer,19,0,lung_H,lung_E,lung_I,4,tcp_standard_aps,0.6343502498054772,0.6379984362783424,0.0,0.311438679245283,0.6666666666666666,2.3766167283143123,0.0,30,1279,
emb_geneformer,19,0,lung_H,lung_E,lung_I,4,tcp_classwise_thr,0.7217941240368041,0.7169663799843627,0.0,0.5273320895522389,0.6333333333333333,1.2370005541077338,0.03674745895230649,30,1279,
emb_geneformer,19,0,lung_H,lung_E,lung_I,4,tcp_cluster_thr,0.7312450146474576,0.7302580140734949,0.0,0.5407649253731344,0.5333333333333333,1.3422365458493493,0.009382329945269743,30,1279,
emb_geneformer,19,1,lung_H,lung_E,lung_I,4,cell_pooled,0.6897825114587508,0.7208121827411168,0.0,0.41250000000000003,0.5666666666666667,2.661887768899818,0.0,30,1182,0.8957298907646475
emb_geneformer,19,1,lung_H,lung_E,lung_I,4,classwise,0.7111728766431857,0.7411167512690355,0.0,0.4354166666666667,0.6666666666666666,1.1889070659774756,0.0532994923857868,30,1182,
emb_geneformer,19,1,lung_H,lung_E,lung_I,4,donor_weighted,0.6962906811266142,0.7267343485617598,0.0,0.41250000000000003,0.5333333333333333,2.6963617233016084,0.0,30,1182,
emb_geneformer,19,1,lung_H,lung_E,lung_I,4,donor_crc,0.742316796011666,0.7825719120135364,0.0,0.44921383647798746,0.4666666666666667,3.0220986437382353,0.0,30,1182,
emb_geneformer,19,1,lung_H,lung_E,lung_I,4,tcp_standard_thr,0.6897825114587508,0.7208121827411168,0.0,0.41250000000000003,0.5666666666666667,2.661887768899818,0.0,30,1182,
emb_geneformer,19,1,lung_H,lung_E,lung_I,4,tcp_standard_aps,0.6716396556862041,0.7098138747884941,0.0,0.41250000000000003,0.6333333333333333,2.5301011254678114,0.0,30,1182,
emb_geneformer,19,1,lung_H,lung_E,lung_I,4,tcp_classwise_thr,0.7111728766431857,0.7411167512690355,0.0,0.4354166666666667,0.6666666666666666,1.1892992228402204,0.0532994923857868,30,1182,
emb_geneformer,19,1,lung_H,lung_E,lung_I,4,tcp_cluster_thr,0.7448071143215139,0.7851099830795262,0.0,0.4916666666666667,0.5333333333333333,2.2247133527997627,0.0,30,1182,
emb_geneformer,20,0,lung_I,lung_F,lung_G,6,cell_pooled,0.8992617707643082,0.899593946105574,0.6,0.8175938489371326,0.1,0.9582732113607314,0.03875968992248062,30,2709,0.8993174061433447
emb_geneformer,20,0,lung_I,lung_F,lung_G,6,classwise,0.8509329555094532,0.8715393133997785,0.4,0.7240640715216986,0.16666666666666666,1.0246126311922492,0.02547065337763012,30,2709,
emb_geneformer,20,0,lung_I,lung_F,lung_G,6,donor_weighted,0.9635817595660754,0.958656330749354,0.8791208791208791,0.9243570155334861,0.0,1.0989496478652163,0.0,30,2709,
emb_geneformer,20,0,lung_I,lung_F,lung_G,6,donor_crc,0.984464140801307,0.982281284606866,0.945054945054945,0.9578370478626234,0.0,1.2323508352623544,0.0,30,2709,
emb_geneformer,20,0,lung_I,lung_F,lung_G,6,tcp_standard_thr,0.8992617707643082,0.899593946105574,0.6,0.8175938489371326,0.1,0.9582732113607314,0.03875968992248062,30,2709,
emb_geneformer,20,0,lung_I,lung_F,lung_G,6,tcp_standard_aps,0.9241666106230846,0.9221114802510151,0.8,0.8766257272139625,0.0,1.0554290555762718,0.031746031746031744,30,2709,
emb_geneformer,20,0,lung_I,lung_F,lung_G,6,tcp_classwise_thr,0.8509329555094532,0.8715393133997785,0.4,0.7240640715216986,0.16666666666666666,1.0246126311922492,0.02547065337763012,30,2709,
emb_geneformer,20,0,lung_I,lung_F,lung_G,6,tcp_cluster_thr,0.8990625237619844,0.8988556662975268,0.6,0.8263514360968268,0.1,2.0363690687428253,0.0,30,2709,
emb_geneformer,20,1,lung_I,lung_F,lung_G,6,cell_pooled,0.9029464947428794,0.8914405010438413,0.6902654867256637,0.7728166570271834,0.13333333333333333,1.0056821701943364,0.0003479471120389701,30,2874,0.9078138718173837
emb_geneformer,20,1,lung_I,lung_F,lung_G,6,classwise,0.8758067103282215,0.8792623521224774,0.6,0.779631217838765,0.16666666666666666,0.9517551667533463,0.038622129436325675,30,2874,
emb_geneformer,20,1,lung_I,lung_F,lung_G,6,donor_weighted,0.9356367476861501,0.9272790535838552,0.7610619469026548,0.873075878919506,0.03333333333333333,1.091655624907782,0.0,30,2874,
emb_geneformer,20,1,lung_I,lung_F,lung_G,6,donor_crc,0.9671858305453145,0.9634655532359081,0.8584070796460177,0.9242027273703426,0.0,1.2369384234654437,0.0,30,2874,
emb_geneformer,20,1,lung_I,lung_F,lung_G,6,tcp_standard_thr,0.9029464947428794,0.8914405010438413,0.6902654867256637,0.7728166570271834,0.13333333333333333,1.0056821701943364,0.0003479471120389701,30,2874,
emb_geneformer,20,1,lung_I,lung_F,lung_G,6,tcp_standard_aps,0.9081511060802577,0.8990953375086986,0.7433628318584071,0.844172932330827,0.06666666666666667,1.0989403694997313,0.03618649965205289,30,2874,
emb_geneformer,20,1,lung_I,lung_F,lung_G,6,tcp_classwise_thr,0.8758067103282215,0.8792623521224774,0.6,0.779631217838765,0.16666666666666666,0.9517551667533463,0.038622129436325675,30,2874,
emb_geneformer,20,1,lung_I,lung_F,lung_G,6,tcp_cluster_thr,0.8614728287170436,0.8625608907446068,0.6,0.7600870827285922,0.2,1.881257815221298,0.0,30,2874,
emb_geneformer,21,0,lung_H,lung_I,lung_E,4,cell_pooled,0.9836077786446019,0.9841112214498511,0.9152542372881356,0.9532150776053215,0.0,3.5071603044948434,0.0,27,2014,0.9052823315118397
emb_geneformer,21,0,lung_H,lung_I,lung_E,4,classwise,0.9479148205979578,0.9458788480635552,0.8037383177570093,0.8782608695652174,0.0,1.408150049648199,0.005461767626613704,27,2014,
emb_geneformer,21,0,lung_H,lung_I,lung_E,4,donor_weighted,0.9964697264038788,0.9965243296921549,0.9821428571428571,0.9865290806754221,0.0,3.6204343046027736,0.0,27,2014,
emb_geneformer,21,0,lung_H,lung_I,lung_E,4,donor_crc,0.9974911981570578,0.9975173783515392,0.9821428571428571,0.9886363636363636,0.0,3.628201388002763,0.0,27,2014,
emb_geneformer,21,0,lung_H,lung_I,lung_E,4,tcp_standard_thr,1.0,1.0,1.0,1.0,0.0,4.0,0.0,27,2014,
emb_geneformer,21,0,lung_H,lung_I,lung_E,4,tcp_standard_aps,1.0,1.0,1.0,1.0,0.0,3.938598631625891,0.0,27,2014,
emb_geneformer,21,0,lung_H,lung_I,lung_E,4,tcp_classwise_thr,0.952236339985325,0.9503475670307845,0.8037383177570093,0.8792812777284827,0.0,1.81934736978598,0.0,27,2014,
emb_geneformer,21,0,lung_H,lung_I,lung_E,4,tcp_cluster_thr,1.0,1.0,1.0,1.0,0.0,4.0,0.0,27,2014,
emb_geneformer,21,1,lung_H,lung_I,lung_E,4,cell_pooled,0.9891369758873985,0.9900695134061569,0.9152542372881356,0.9707142857142858,0.0,3.5683448543605882,0.0,27,2014,0.8821428571428571
emb_geneformer,21,1,lung_H,lung_I,lung_E,4,classwise,0.9555518678688869,0.9592850049652433,0.8469387755102041,0.8904411764705883,0.0,1.6771559373570668,0.0004965243296921549,27,2014,
emb_geneformer,21,1,lung_H,lung_I,lung_E,4,donor_weighted,0.9989177489177489,0.9990069513406157,0.9821428571428571,1.0,0.0,3.794258800685222,0.0,27,2014,
emb_geneformer,21,1,lung_H,lung_I,lung_E,4,donor_crc,0.9989177489177489,0.9990069513406157,0.9821428571428571,1.0,0.0,3.794258800685222,0.0,27,2014,
emb_geneformer,21,1,lung_H,lung_I,lung_E,4,tcp_standard_thr,1.0,1.0,1.0,1.0,0.0,4.0,0.0,27,2014,
emb_geneformer,21,1,lung_H,lung_I,lung_E,4,tcp_standard_aps,0.9994301994301994,0.9995034756703078,0.9846153846153847,1.0,0.0,3.939295480276661,0.0,27,2014,
emb_geneformer,21,1,lung_H,lung_I,lung_E,4,tcp_classwise_thr,0.9574637190838741,0.9612711022840119,0.8571428571428571,0.8904411764705883,0.0,1.9772014232458506,0.0,27,2014,
emb_geneformer,21,1,lung_H,lung_I,lung_E,4,tcp_cluster_thr,1.0,1.0,1.0,1.0,0.0,4.0,0.0,27,2014,
emb_geneformer,22,0,lung_E,lung_C,lung_F,3,cell_pooled,0.9016454427665408,0.9063545150501672,0.6818181818181818,0.7211538461538461,0.23333333333333334,0.9033121094332075,0.09297658862876254,30,1495,0.900197628458498
emb_geneformer,22,0,lung_E,lung_C,lung_F,3,classwise,0.47559253593273193,0.4709030100334448,0.0,0.08636363636363638,0.8,0.4786480914882876,0.5277591973244147,30,1495,
emb_geneformer,22,0,lung_E,lung_C,lung_F,3,donor_weighted,0.9099948093242226,0.9123745819397994,0.7115384615384616,0.7554878048780488,0.23333333333333334,0.9116614759908892,0.08695652173913043,30,1495,
emb_geneformer,22,0,lung_E,lung_C,lung_F,3,donor_crc,0.954399865674505,0.9591973244147157,0.8181818181818182,0.8721153846153846,0.0,0.9574554212300606,0.03946488294314381,30,1495,
emb_geneformer,22,0,lung_E,lung_C,lung_F,3,tcp_standard_thr,0.9016454427665408,0.9063545150501672,0.6818181818181818,0.7211538461538461,0.23333333333333334,0.9033121094332075,0.09297658862876254,30,1495,
emb_geneformer,22,0,lung_E,lung_C,lung_F,3,tcp_standard_aps,0.9055509380260752,0.905685618729097,0.5,0.8385175202156334,0.03333333333333333,0.9390013224462777,0.09230769230769231,30,1495,
emb_geneformer,22,0,lung_E,lung_C,lung_F,3,tcp_classwise_thr,0.47559253593273193,0.4709030100334448,0.0,0.08636363636363638,0.8,0.4786480914882876,0.5277591973244147,30,1495,
emb_geneformer,22,0,lung_E,lung_C,lung_F,3,tcp_cluster_thr,0.47608815948221694,0.47023411371237456,0.0,0.08224329627207327,0.7666666666666667,0.4791437150377726,0.5284280936454849,30,1495,
emb_geneformer,22,1,lung_E,lung_C,lung_F,3,cell_pooled,0.9032683215961883,0.9010169491525424,0.6444444444444445,0.75,0.23333333333333334,0.9037312845591513,0.09830508474576272,30,1475,0.908102766798419
emb_geneformer,22,1,lung_E,lung_C,lung_F,3,classwise,0.4931761558715497,0.5003389830508475,0.0,0.1098471223021583,0.8,0.49669467439006826,0.4976271186440678,30,1475,
emb_geneformer,22,1,lung_E,lung_C,lung_F,3,donor_weighted,0.9098738969162941,0.9077966101694915,0.6666666666666666,0.7554878048780488,0.2,0.9120035265459238,0.09084745762711864,30,1475,
emb_geneformer,22,1,lung_E,lung_C,lung_F,3,donor_crc,0.9472152700716886,0.9484745762711865,0.7111111111111111,0.8603658536585367,0.03333333333333333,0.9507337885902071,0.04949152542372881,30,1475,
emb_geneformer,22,1,lung_E,lung_C,lung_F,3,tcp_standard_thr,0.9032683215961883,0.9010169491525424,0.6444444444444445,0.75,0.23333333333333334,0.9037312845591513,0.09830508474576272,30,1475,
emb_geneformer,22,1,lung_E,lung_C,lung_F,3,tcp_standard_aps,0.8806089082388202,0.9050847457627119,0.0,0.8328358208955224,0.03333333333333333,0.9226433003007309,0.08949152542372882,30,1475,
emb_geneformer,22,1,lung_E,lung_C,lung_F,3,tcp_classwise_thr,0.4931761558715497,0.5003389830508475,0.0,0.1098471223021583,0.8,0.49669467439006826,0.4976271186440678,30,1475,
emb_geneformer,22,1,lung_E,lung_C,lung_F,3,tcp_cluster_thr,0.4971482605981189,0.504406779661017,0.0,0.1098471223021583,0.7666666666666667,0.5006667791166374,0.4935593220338983,30,1475,
emb_geneformer,23,0,lung_E,lung_H,lung_G,5,cell_pooled,0.8152165584164134,0.8243097884546432,0.5846153846153846,0.67217367179914,0.36666666666666664,0.9940824442759297,0.005736823234134099,30,2789,0.8974042027194067
emb_geneformer,23,0,lung_E,lung_H,lung_G,5,classwise,0.5435994245597173,0.5661527429186088,0.0,0.2816984732824428,0.9666666666666667,1.0287109287604692,0.14126927214055218,30,2789,
emb_geneformer,23,0,lung_E,lung_H,lung_G,5,donor_weighted,0.8187612719977876,0.8282538544281104,0.5846153846153846,0.685104229912973,0.36666666666666664,1.0124506214105804,0.002151308712800287,30,2789,
emb_geneformer,23,0,lung_E,lung_H,lung_G,5,donor_crc,0.8686323393050371,0.8745069917533166,0.6,0.7652933832709113,0.23333333333333334,1.4264718197859962,0.0,30,2789,
emb_geneformer,23,0,lung_E,lung_H,lung_G,5,tcp_standard_thr,0.8152165584164134,0.8243097884546432,0.5846153846153846,0.67217367179914,0.36666666666666664,0.9940824442759297,0.005736823234134099,30,2789,
emb_geneformer,23,0,lung_E,lung_H,lung_G,5,tcp_standard_aps,0.8369833181988189,0.8418788096091789,0.6,0.7293968832220199,0.26666666666666666,1.2767607392186788,0.024381498745069917,30,2789,
emb_geneformer,23,0,lung_E,lung_H,lung_G,5,tcp_classwise_thr,0.5435994245597173,0.5661527429186088,0.0,0.2816984732824428,0.9666666666666667,1.0289958290453696,0.14091072068841878,30,2789,
emb_geneformer,23,0,lung_E,lung_H,lung_G,5,tcp_cluster_thr,1.0,1.0,1.0,1.0,0.0,5.0,0.0,30,2789,
emb_geneformer,23,1,lung_E,lung_H,lung_G,5,cell_pooled,0.7735459907880117,0.7704081632653061,0.5384615384615384,0.6295880149812735,0.5666666666666667,0.9405286480605621,0.06190476190476191,30,2940,0.8936959208899876
emb_geneformer,23,1,lung_E,lung_H,lung_G,5,classwise,0.49544476353857986,0.4993197278911565,0.183206106870229,0.25606060606060604,0.9666666666666667,1.0000143450044816,0.11836734693877551,30,2940,
emb_geneformer,23,1,lung_E,lung_H,lung_G,5,donor_weighted,0.7797789189009294,0.7772108843537415,0.5384615384615384,0.6295880149812735,0.5,0.9542017901881865,0.04625850340136054,30,2940,
emb_geneformer,23,1,lung_E,lung_H,lung_G,5,donor_crc,0.9236869470278529,0.919047619047619,0.7950819672131147,0.8359380349195481,0.06666666666666667,1.7042156289401786,0.0,30,2940,
emb_geneformer,23,1,lung_E,lung_H,lung_G,5,tcp_standard_thr,0.7735459907880117,0.7704081632653061,0.5384615384615384,0.6295880149812735,0.5666666666666667,0.9405286480605621,0.06190476190476191,30,2940,
emb_geneformer,23,1,lung_E,lung_H,lung_G,5,tcp_standard_aps,0.8866679004381965,0.8812925170068027,0.7377049180327869,0.7975050871450057,0.13333333333333333,1.4888160144782951,0.014965986394557823,30,2940,
emb_geneformer,23,1,lung_E,lung_H,lung_G,5,tcp_classwise_thr,0.49544476353857986,0.4993197278911565,0.183206106870229,0.25606060606060604,0.9666666666666667,1.0000143450044816,0.11836734693877551,30,2940,
emb_geneformer,23,1,lung_E,lung_H,lung_G,5,tcp_cluster_thr,1.0,1.0,1.0,1.0,0.0,5.0,0.0,30,2940,
emb_scgpt,0,0,lung_I,lung_C,lung_F,3,cell_pooled,0.8355612424118157,0.8705882352941177,0.4444444444444444,0.49736842105263157,0.2,0.8355612424118157,0.12941176470588237,30,1615,0.9150197628458498
emb_scgpt,0,0,lung_I,lung_C,lung_F,3,classwise,0.8309583769002585,0.8619195046439628,0.4444444444444444,0.49736842105263157,0.2,0.8309583769002585,0.13808049535603714,30,1615,
emb_scgpt,0,0,lung_I,lung_C,lung_F,3,donor_weighted,0.8868107653658399,0.9207430340557275,0.5,0.66,0.16666666666666666,0.8868107653658399,0.07925696594427245,30,1615,
emb_scgpt,0,0,lung_I,lung_C,lung_F,3,donor_crc,0.9438160572888823,0.9554179566563468,0.75,0.876140350877193,0.06666666666666667,0.9445188284053223,0.043343653250773995,30,1615,
emb_scgpt,0,0,lung_I,lung_C,lung_F,3,tcp_standard_thr,0.8355612424118157,0.8705882352941177,0.4444444444444444,0.49736842105263157,0.2,0.8355612424118157,0.12941176470588237,30,1615,
emb_scgpt,0,0,lung_I,lung_C,lung_F,3,tcp_standard_aps,0.898898747663045,0.8922600619195047,0.6666666666666666,0.8269230769230769,0.06666666666666667,0.90558866985834,0.10464396284829722,30,1615,
emb_scgpt,0,0,lung_I,lung_C,lung_F,3,tcp_classwise_thr,0.8309583769002585,0.8619195046439628,0.4444444444444444,0.49736842105263157,0.2,0.8309583769002585,0.13808049535603714,30,1615,
emb_scgpt,0,0,lung_I,lung_C,lung_F,3,tcp_cluster_thr,0.8326761944565683,0.865015479876161,0.4444444444444444,0.49912280701754386,0.2,0.8326761944565683,0.13498452012383902,30,1615,
emb_scgpt,0,1,lung_I,lung_C,lung_F,3,cell_pooled,0.8375651443590856,0.8973214285714286,0.0,0.545,0.23333333333333334,0.8378049525125627,0.10204081632653061,30,1568,0.9031620553359684
emb_scgpt,0,1,lung_I,lung_C,lung_F,3,classwise,0.8359825320458751,0.8941326530612245,0.0,0.545,0.23333333333333334,0.8362223401993523,0.10522959183673469,30,1568,
emb_scgpt,0,1,lung_I,lung_C,lung_F,3,donor_weighted,0.8712756758427689,0.9311224489795918,0.0,0.66,0.16666666666666666,0.871515483996246,0.06823979591836735,30,1568,
emb_scgpt,0,1,lung_I,lung_C,lung_F,3,donor_crc,0.9329397356944684,0.9636479591836735,0.5,0.775,0.13333333333333333,0.9331795438479457,0.03571428571428571,30,1568,
emb_scgpt,0,1,lung_I,lung_C,lung_F,3,tcp_standard_thr,0.8375651443590856,0.8973214285714286,0.0,0.545,0.23333333333333334,0.8378049525125627,0.10204081632653061,30,1568,
emb_scgpt,0,1,lung_I,lung_C,lung_F,3,tcp_standard_aps,0.90363556567729,0.9005102040816326,0.6,0.8448717948717949,0.03333333333333333,0.9114868674404007,0.09566326530612244,30,1568,
emb_scgpt,0,1,lung_I,lung_C,lung_F,3,tcp_classwise_thr,0.8362223401993523,0.8947704081632653,0.0,0.545,0.23333333333333334,0.8364621483528294,0.10459183673469388,30,1568,
emb_scgpt,0,1,lung_I,lung_C,lung_F,3,tcp_cluster_thr,0.8461459911244593,0.8992346938775511,0.0,0.555,0.23333333333333334,0.8463857992779364,0.10012755102040816,30,1568,
emb_scgpt,1,0,lung_G,lung_E,lung_I,6,cell_pooled,0.963654656708535,0.9637127578304049,0.7529411764705882,0.9102777777777777,0.03333333333333333,1.6788731787233753,0.0,30,2618,0.8836104513064132
emb_scgpt,1,0,lung_G,lung_E,lung_I,6,classwise,0.8381438519917201,0.846829640947288,0.32941176470588235,0.6208108108108108,0.3333333333333333,1.8232288942053205,0.0007639419404125286,30,2618,
emb_scgpt,1,0,lung_G,lung_E,lung_I,6,donor_weighted,0.9647014376256263,0.9648586707410237,0.7764705882352941,0.9102777777777777,0.03333333333333333,1.7221300758669993,0.0,30,2618,
emb_scgpt,1,0,lung_G,lung_E,lung_I,6,donor_crc,0.9756316132368994,0.975553857906799,0.8352941176470589,0.9457957957957958,0.0,2.0869669734546,0.0,30,2618,
emb_scgpt,1,0,lung_G,lung_E,lung_I,6,tcp_standard_thr,0.963654656708535,0.9637127578304049,0.7529411764705882,0.9102777777777777,0.03333333333333333,1.6788731787233753,0.0,30,2618,
emb_scgpt,1,0,lung_G,lung_E,lung_I,6,tcp_standard_aps,0.9621830182916045,0.9629488158899924,0.7647058823529411,0.9155405405405405,0.03333333333333333,1.7571864301668354,0.0019098548510313217,30,2618,
emb_scgpt,1,0,lung_G,lung_E,lung_I,6,tcp_classwise_thr,0.8381438519917201,0.846829640947288,0.32941176470588235,0.6208108108108108,0.3333333333333333,1.9212221759472214,0.0,30,2618,
emb_scgpt,1,0,lung_G,lung_E,lung_I,6,tcp_cluster_thr,0.822326840241411,0.8300229182582124,0.3058823529411765,0.6154054054054054,0.3,1.90222349955448,0.0,30,2618,
emb_scgpt,1,1,lung_G,lung_E,lung_I,6,cell_pooled,0.9504253311066305,0.9556135770234987,0.8333333333333334,0.883520880220055,0.0,1.270766031110916,0.0,30,2681,0.8859857482185273
emb_scgpt,1,1,lung_G,lung_E,lung_I,6,classwise,0.8724308894302383,0.8836255128683327,0.44155844155844154,0.6542857142857142,0.2,1.7774921455391044,0.001864975755315181,30,2681,
emb_scgpt,1,1,lung_G,lung_E,lung_I,6,donor_weighted,0.9515406609595018,0.9567325624766878,0.8333333333333334,0.8999367488931056,0.0,1.2839762533730839,0.0,30,2681,
emb_scgpt,1,1,lung_G,lung_E,lung_I,6,donor_crc,0.9668877617804451,0.9716523685192092,0.8333333333333334,0.9300664451827243,0.0,1.5495591881738775,0.0,30,2681,
emb_scgpt,1,1,lung_G,lung_E,lung_I,6,tcp_standard_thr,0.9504253311066305,0.9556135770234987,0.8333333333333334,0.883520880220055,0.0,1.270766031110916,0.0,30,2681,
emb_scgpt,1,1,lung_G,lung_E,lung_I,6,tcp_standard_aps,0.9462893595429859,0.9507646400596792,0.8333333333333334,0.8959183673469387,0.0,1.36328849933471,0.010443864229765013,30,2681,
emb_scgpt,1,1,lung_G,lung_E,lung_I,6,tcp_classwise_thr,0.8724308894302383,0.8836255128683327,0.44155844155844154,0.6542857142857142,0.2,1.970009054381006,0.0,30,2681,
emb_scgpt,1,1,lung_G,lung_E,lung_I,6,tcp_cluster_thr,0.8736653561801302,0.8851174934725848,0.3010752688172043,0.6864779874213837,0.2,1.969706767110426,0.0,30,2681,
emb_scgpt,2,0,lung_E,lung_I,lung_C,3,cell_pooled,0.9074560678284268,0.8824110671936759,0.6176470588235294,0.7704918032786885,0.19047619047619047,0.9086012512397262,0.11610671936758893,21,2024,0.9242424242424242
emb_scgpt,2,0,lung_E,lung_I,lung_C,3,classwise,0.8697394772977276,0.83399209486166,0.5588235294117647,0.6917293233082706,0.3333333333333333,0.8749104335548672,0.1590909090909091,21,2024,
emb_scgpt,2,0,lung_E,lung_I,lung_C,3,donor_weighted,0.8363275142380635,0.7939723320158103,0.5367647058823529,0.5491803278688525,0.38095238095238093,0.8370823775869118,0.20503952569169961,21,2024,
emb_scgpt,2,0,lung_E,lung_I,lung_C,3,donor_crc,0.8874168266577481,0.8562252964426877,0.5808823529411765,0.7218045112781954,0.19047619047619047,0.8885620100690476,0.1422924901185771,21,2024,
emb_scgpt,2,0,lung_E,lung_I,lung_C,3,tcp_standard_thr,0.9074560678284268,0.8824110671936759,0.6176470588235294,0.7704918032786885,0.19047619047619047,0.9086012512397262,0.11610671936758893,21,2024,
emb_scgpt,2,0,lung_E,lung_I,lung_C,3,tcp_standard_aps,0.9141514398667302,0.9135375494071146,0.8425925925925926,0.8823529411764706,0.0,0.9380398284178201,0.08053359683794467,21,2024,
emb_scgpt,2,0,lung_E,lung_I,lung_C,3,tcp_classwise_thr,0.8697394772977276,0.83399209486166,0.5588235294117647,0.6917293233082706,0.3333333333333333,0.8749104335548672,0.1590909090909091,21,2024,
emb_scgpt,2,0,lung_E,lung_I,lung_C,3,tcp_cluster_thr,1.0,1.0,1.0,1.0,0.0,3.0,0.0,21,2024,
emb_scgpt,2,1,lung_E,lung_I,lung_C,3,cell_pooled,0.9151797165602776,0.891798418972332,0.625,0.7950819672131147,0.19047619047619047,0.9163248999715771,0.1067193675889328,21,2024,0.9184549356223176
emb_scgpt,2,1,lung_E,lung_I,lung_C,3,classwise,0.8620600492470047,0.8241106719367589,0.5588235294117647,0.631578947368421,0.3333333333333333,0.8672310055041447,0.16897233201581027,21,2024,
emb_scgpt,2,1,lung_E,lung_I,lung_C,3,donor_weighted,0.89182431177193,0.8616600790513834,0.5882352941176471,0.7295081967213115,0.19047619047619047,0.8929694951832294,0.1368577075098814,21,2024,
emb_scgpt,2,1,lung_E,lung_I,lung_C,3,donor_crc,0.9546331455379186,0.942193675889328,0.7426470588235294,0.9016393442622951,0.047619047619047616,0.9561284690052405,0.055830039525691696,21,2024,
emb_scgpt,2,1,lung_E,lung_I,lung_C,3,tcp_standard_thr,0.9151797165602776,0.891798418972332,0.625,0.7950819672131147,0.19047619047619047,0.9163248999715771,0.1067193675889328,21,2024,
emb_scgpt,2,1,lung_E,lung_I,lung_C,3,tcp_standard_aps,0.9350888199584014,0.9298418972332015,0.8872180451127819,0.8947368421052632,0.0,0.9657837899968452,0.06620553359683795,21,2024,
emb_scgpt,2,1,lung_E,lung_I,lung_C,3,tcp_classwise_thr,0.8620600492470047,0.8241106719367589,0.5588235294117647,0.631578947368421,0.3333333333333333,0.8672310055041447,0.16897233201581027,21,2024,
emb_scgpt,2,1,lung_E,lung_I,lung_C,3,tcp_cluster_thr,1.0,1.0,1.0,1.0,0.0,3.0,0.0,21,2024,
emb_scgpt,3,0,lung_I,lung_G,lung_F,6,cell_pooled,0.9027142416562332,0.9071294559099438,0.6261682242990654,0.7822729480330257,0.13333333333333333,0.9323328646056973,0.06144465290806754,30,2132,0.9150370869858395
emb_scgpt,3,0,lung_I,lung_G,lung_F,6,classwise,0.8844461532669208,0.9132270168855535,0.0,0.794949004371054,0.1,0.9740487639606429,0.03377110694183865,30,2132,
emb_scgpt,3,0,lung_I,lung_G,lung_F,6,donor_weighted,0.9063794911638265,0.9113508442776735,0.6355140186915887,0.8076250607090821,0.1,0.9368949481087159,0.05628517823639775,30,2132,
emb_scgpt,3,0,lung_I,lung_G,lung_F,6,donor_crc,0.9409252516134257,0.9427767354596623,0.7289719626168224,0.8936688311688311,0.06666666666666667,0.9997824259506503,0.00046904315196998124,30,2132,
emb_scgpt,3,0,lung_I,lung_G,lung_F,6,tcp_standard_thr,0.9027142416562332,0.9071294559099438,0.6261682242990654,0.7822729480330257,0.13333333333333333,0.9323328646056973,0.06144465290806754,30,2132,
emb_scgpt,3,0,lung_I,lung_G,lung_F,6,tcp_standard_aps,0.9147950425493612,0.9113508442776735,0.7476635514018691,0.8472906403940886,0.1,1.0501341694033195,0.053939962476547844,30,2132,
emb_scgpt,3,0,lung_I,lung_G,lung_F,6,tcp_classwise_thr,0.8844461532669208,0.9132270168855535,0.0,0.794949004371054,0.1,0.9740487639606429,0.03377110694183865,30,2132,
emb_scgpt,3,0,lung_I,lung_G,lung_F,6,tcp_cluster_thr,0.9071584212243747,0.9409005628517824,0.0,0.865144783208212,0.06666666666666667,1.9713992602063903,0.0,30,2132,
emb_scgpt,3,1,lung_I,lung_G,lung_F,6,cell_pooled,0.8797192629500663,0.8868236266005782,0.3333333333333333,0.5855807743658211,0.2,0.9396330934860558,0.056588186699710864,30,2421,0.9072700296735905
emb_scgpt,3,1,lung_I,lung_G,lung_F,6,classwise,0.889564163250357,0.8831061544816192,0.5081967213114754,0.6331108144192256,0.23333333333333334,1.0078677040942803,0.034283353985956215,30,2421,
emb_scgpt,3,1,lung_I,lung_G,lung_F,6,donor_weighted,0.8745654941466326,0.8814539446509707,0.3125,0.5837116154873164,0.2,0.9308781321741261,0.06526228831061545,30,2421,
emb_scgpt,3,1,lung_I,lung_G,lung_F,6,donor_crc,0.913508540154771,0.9178025609252375,0.5081967213114754,0.6825100133511348,0.16666666666666666,1.0009680814054431,0.0012391573729863693,30,2421,
emb_scgpt,3,1,lung_I,lung_G,lung_F,6,tcp_standard_thr,0.8797192629500663,0.8868236266005782,0.3333333333333333,0.5855807743658211,0.2,0.9396330934860558,0.056588186699710864,30,2421,
emb_scgpt,3,1,lung_I,lung_G,lung_F,6,tcp_standard_aps,0.85925712051769,0.8901280462618752,0.0,0.7362012987012987,0.16666666666666666,1.0087829485516093,0.05410987195373813,30,2421,
emb_scgpt,3,1,lung_I,lung_G,lung_F,6,tcp_classwise_thr,0.889564163250357,0.8831061544816192,0.5081967213114754,0.6331108144192256,0.23333333333333334,1.0078677040942803,0.034283353985956215,30,2421,
emb_scgpt,3,1,lung_I,lung_G,lung_F,6,tcp_cluster_thr,0.888289050988154,0.8930194134655102,0.5233644859813084,0.7057971014492754,0.13333333333333333,1.952816614008161,0.0,30,2421,
emb_scgpt,4,0,lung_C,lung_E,lung_G,3,cell_pooled,1.0,1.0,1.0,1.0,0.0,1.010864301033731,0.0,30,2118,0.9311926605504587
emb_scgpt,4,0,lung_C,lung_E,lung_G,3,classwise,0.9567861897346412,0.9636449480642115,0.7692307692307693,0.8996071428571428,0.03333333333333333,0.9567861897346412,0.03635505193578848,30,2118,
emb_scgpt,4,0,lung_C,lung_E,lung_G,3,donor_weighted,0.9933333333333334,0.9995278564683664,0.8,1.0,0.0,1.0036326626156518,0.0,30,2118,
emb_scgpt,4,0,lung_C,lung_E,lung_G,3,donor_crc,1.0,1.0,1.0,1.0,0.0,1.010864301033731,0.0,30,2118,
emb_scgpt,4,0,lung_C,lung_E,lung_G,3,tcp_standard_thr,1.0,1.0,1.0,1.0,0.0,1.010864301033731,0.0,30,2118,
emb_scgpt,4,0,lung_C,lung_E,lung_G,3,tcp_standard_aps,0.9426845913820254,0.945703493862134,0.8,0.9136828309305374,0.0,0.9566366953718679,0.053824362606232294,30,2118,
emb_scgpt,4,0,lung_C,lung_E,lung_G,3,tcp_classwise_thr,0.9567861897346412,0.9636449480642115,0.7692307692307693,0.8996071428571428,0.03333333333333333,0.9567861897346412,0.03635505193578848,30,2118,
emb_scgpt,4,0,lung_C,lung_E,lung_G,3,tcp_cluster_thr,0.9567861897346412,0.9636449480642115,0.7692307692307693,0.8996071428571428,0.03333333333333333,0.9567861897346412,0.03635505193578848,30,2118,
emb_scgpt,4,1,lung_C,lung_E,lung_G,3,cell_pooled,0.9994350282485875,0.9995002498750625,0.9830508474576272,1.0,0.0,1.0105638423411707,0.0,30,2001,0.9094036697247706
emb_scgpt,4,1,lung_C,lung_E,lung_G,3,classwise,0.9431664128423147,0.9560219890054973,0.75,0.8465828321487151,0.06666666666666667,0.9448066534109315,0.04297851074462768,30,2001,
emb_scgpt,4,1,lung_C,lung_E,lung_G,3,donor_weighted,0.9927683615819209,0.999000499750125,0.8,1.0,0.0,1.0035570396200824,0.0,30,2001,
emb_scgpt,4,1,lung_C,lung_E,lung_G,3,donor_crc,1.0,1.0,1.0,1.0,0.0,1.0116937858439956,0.0,30,2001,
emb_scgpt,4,1,lung_C,lung_E,lung_G,3,tcp_standard_thr,0.9994350282485875,0.9995002498750625,0.9830508474576272,1.0,0.0,1.0105638423411707,0.0,30,2001,
emb_scgpt,4,1,lung_C,lung_E,lung_G,3,tcp_standard_aps,0.9508772831831928,0.9445277361319341,0.8958333333333334,0.9136254212806932,0.0,0.9639914650439358,0.05547226386806597,30,2001,
emb_scgpt,4,1,lung_C,lung_E,lung_G,3,tcp_classwise_thr,0.9431664128423147,0.9560219890054973,0.75,0.8465828321487151,0.06666666666666667,0.9448066534109315,0.04297851074462768,30,2001,
emb_scgpt,4,1,lung_C,lung_E,lung_G,3,tcp_cluster_thr,0.9437313845937272,0.9565217391304348,0.75,0.8618370694368508,0.06666666666666667,0.9442690190023293,0.04297851074462768,30,2001,
emb_scgpt,5,0,lung_E,lung_C,lung_I,3,cell_pooled,0.9460957997321082,0.9165808444902163,0.7368421052631579,0.8489795918367347,0.1,0.9469729927145643,0.082389289392379,30,971,0.9090909090909091
emb_scgpt,5,0,lung_E,lung_C,lung_I,3,classwise,0.9481347156545717,0.8990731204943357,0.5,0.8534798534798534,0.03333333333333333,0.949268318893438,0.09886714727085479,30,971,
emb_scgpt,5,0,lung_E,lung_C,lung_I,3,donor_weighted,0.935910010413406,0.9011328527291452,0.7105263157894737,0.8027884615384616,0.1,0.9367872033958622,0.09783728115345006,30,971,
emb_scgpt,5,0,lung_E,lung_C,lung_I,3,donor_crc,0.9545527860920172,0.9289392378990731,0.7384615384615385,0.8732142857142857,0.06666666666666667,0.9554299790744734,0.07003089598352215,30,971,
emb_scgpt,5,0,lung_E,lung_C,lung_I,3,tcp_standard_thr,0.9460957997321082,0.9165808444902163,0.7368421052631579,0.8489795918367347,0.1,0.9469729927145643,0.082389289392379,30,971,
emb_scgpt,5,0,lung_E,lung_C,lung_I,3,tcp_standard_aps,0.9275187659116558,0.9186405767250257,0.7857142857142857,0.8623076923076923,0.03333333333333333,0.947551130736041,0.07312049433573635,30,971,
emb_scgpt,5,0,lung_E,lung_C,lung_I,3,tcp_classwise_thr,0.9481347156545717,0.8990731204943357,0.5,0.8534798534798534,0.03333333333333333,0.949268318893438,0.09886714727085479,30,971,
emb_scgpt,5,0,lung_E,lung_C,lung_I,3,tcp_cluster_thr,0.9394985608893847,0.8856848609680742,0.43846153846153846,0.8119883040935673,0.1,0.9406321641282511,0.11225540679711637,30,971,
emb_scgpt,5,1,lung_E,lung_C,lung_I,3,cell_pooled,0.9135113575120059,0.9308176100628931,0.0,0.8187274909963985,0.1,0.9147807073572072,0.06708595387840671,30,954,0.9090909090909091
emb_scgpt,5,1,lung_E,lung_C,lung_I,3,classwise,0.9083941193498296,0.9129979035639413,0.0,0.8031760435571689,0.1,0.909663469195031,0.08490566037735849,30,954,
emb_scgpt,5,1,lung_E,lung_C,lung_I,3,donor_weighted,0.9091259225230697,0.9234800838574424,0.0,0.8020168067226892,0.1,0.9103952723682709,0.07442348008385745,30,954,
emb_scgpt,5,1,lung_E,lung_C,lung_I,3,donor_crc,0.9236799384714406,0.9444444444444444,0.0,0.8698529411764706,0.06666666666666667,0.9249492883166417,0.05345911949685535,30,954,
emb_scgpt,5,1,lung_E,lung_C,lung_I,3,tcp_standard_thr,0.9135113575120059,0.9308176100628931,0.0,0.8187274909963985,0.1,0.9147807073572072,0.06708595387840671,30,954,
emb_scgpt,5,1,lung_E,lung_C,lung_I,3,tcp_standard_aps,0.8702171043187703,0.90041928721174,0.0,0.8113636363636364,0.1,0.9223316288418545,0.09329140461215933,30,954,
emb_scgpt,5,1,lung_E,lung_C,lung_I,3,tcp_classwise_thr,0.9083941193498296,0.9129979035639413,0.0,0.8031760435571689,0.1,0.909663469195031,0.08490566037735849,30,954,
emb_scgpt,5,1,lung_E,lung_C,lung_I,3,tcp_cluster_thr,0.8973544910914959,0.8962264150943396,0.0,0.713395225464191,0.16666666666666666,0.8986238409366972,0.10167714884696016,30,954,
emb_scgpt,6,0,lung_C,lung_H,lung_F,3,cell_pooled,0.838253305968161,0.8964019851116626,0.0,0.4954545454545455,0.2,0.838253305968161,0.10359801488833748,30,1612,0.9018492176386913
emb_scgpt,6,0,lung_C,lung_H,lung_F,3,classwise,0.9291150480267035,0.9292803970223326,0.5961538461538461,0.8333333333333334,0.03333333333333333,0.929363804245609,0.07009925558312655,30,1612,
emb_scgpt,6,0,lung_C,lung_H,lung_F,3,donor_weighted,0.8264639645161347,0.8895781637717122,0.0,0.4954545454545455,0.26666666666666666,0.8264639645161347,0.11042183622828784,30,1612,
emb_scgpt,6,0,lung_C,lung_H,lung_F,3,donor_crc,0.9078684069219822,0.9441687344913151,0.1111111111111111,0.8318181818181819,0.06666666666666667,0.9078684069219822,0.05583126550868486,30,1612,
emb_scgpt,6,0,lung_C,lung_H,lung_F,3,tcp_standard_thr,0.838253305968161,0.8964019851116626,0.0,0.4954545454545455,0.2,0.838253305968161,0.10359801488833748,30,1612,
emb_scgpt,6,0,lung_C,lung_H,lung_F,3,tcp_standard_aps,0.9051179653685498,0.8982630272952854,0.5,0.8575231948366278,0.03333333333333333,0.9422813940101363,0.09925558312655088,30,1612,
emb_scgpt,6,0,lung_C,lung_H,lung_F,3,tcp_classwise_thr,0.9291150480267035,0.9292803970223326,0.5961538461538461,0.8333333333333334,0.03333333333333333,0.929363804245609,0.07009925558312655,30,1612,
emb_scgpt,6,0,lung_C,lung_H,lung_F,3,tcp_cluster_thr,1.0,1.0,1.0,1.0,0.0,3.0,0.0,30,1612,
emb_scgpt,6,1,lung_C,lung_H,lung_F,3,cell_pooled,0.8072819012127506,0.861904761904762,0.0,0.43014354066985655,0.26666666666666666,0.8072819012127506,0.1380952380952381,30,1470,0.9061166429587483
emb_scgpt,6,1,lung_C,lung_H,lung_F,3,classwise,0.9092806456897949,0.898639455782313,0.4576271186440678,0.7972136222910218,0.1,0.9095294019087002,0.10068027210884353,30,1470,
emb_scgpt,6,1,lung_C,lung_H,lung_F,3,donor_weighted,0.8027077439292122,0.85578231292517,0.0,0.43014354066985655,0.3,0.8027077439292122,0.14421768707482993,30,1470,
emb_scgpt,6,1,lung_C,lung_H,lung_F,3,donor_crc,0.8871968044025305,0.9129251700680272,0.1111111111111111,0.7679425837320576,0.1,0.8871968044025305,0.08707482993197278,30,1470,
emb_scgpt,6,1,lung_C,lung_H,lung_F,3,tcp_standard_thr,0.8072819012127506,0.861904761904762,0.0,0.43014354066985655,0.26666666666666666,0.8072819012127506,0.1380952380952381,30,1470,
emb_scgpt,6,1,lung_C,lung_H,lung_F,3,tcp_standard_aps,0.9042951481969391,0.9034013605442177,0.7272727272727273,0.8348178137651822,0.1,0.9410380976843551,0.09047619047619047,30,1470,
emb_scgpt,6,1,lung_C,lung_H,lung_F,3,tcp_classwise_thr,0.9092806456897949,0.898639455782313,0.4576271186440678,0.7972136222910218,0.1,0.9095294019087002,0.10068027210884353,30,1470,
emb_scgpt,6,1,lung_C,lung_H,lung_F,3,tcp_cluster_thr,1.0,1.0,1.0,1.0,0.0,3.0,0.0,30,1470,
emb_scgpt,7,0,lung_C,lung_I,lung_E,3,cell_pooled,0.5076448529573543,0.5246559633027523,0.21052631578947367,0.3704184704184704,0.9629629629629629,0.5264395396450086,0.45298165137614677,27,1744,0.952054794520548
emb_scgpt,7,0,lung_C,lung_I,lung_E,3,classwise,0.5333972324452186,0.5487385321100917,0.21621621621621623,0.4015873015873016,0.9259259259259259,0.5333972324452186,0.45126146788990823,27,1744,
emb_scgpt,7,0,lung_C,lung_I,lung_E,3,donor_weighted,0.6401725433225695,0.6462155963302753,0.33783783783783783,0.48221343873517786,0.8888888888888888,0.7448375454812828,0.231651376146789,27,1744,
emb_scgpt,7,0,lung_C,lung_I,lung_E,3,donor_crc,0.7420516203063511,0.7373853211009175,0.5,0.5683532065742829,0.6666666666666666,0.9455623668728657,0.04931192660550459,27,1744,
emb_scgpt,7,0,lung_C,lung_I,lung_E,3,tcp_standard_thr,0.5076448529573543,0.5246559633027523,0.21052631578947367,0.3704184704184704,0.9629629629629629,0.5264395396450086,0.45298165137614677,27,1744,
emb_scgpt,7,0,lung_C,lung_I,lung_E,3,tcp_standard_aps,0.837722994898535,0.8216743119266054,0.5402298850574713,0.6092244204393736,0.2222222222222222,1.1925591210728217,0.04357798165137615,27,1744,
emb_scgpt,7,0,lung_C,lung_I,lung_E,3,tcp_classwise_thr,0.5333972324452186,0.5487385321100917,0.21621621621621623,0.4015873015873016,0.9259259259259259,0.5333972324452186,0.45126146788990823,27,1744,
emb_scgpt,7,0,lung_C,lung_I,lung_E,3,tcp_cluster_thr,1.0,1.0,1.0,1.0,0.0,3.0,0.0,27,1744,
emb_scgpt,7,1,lung_C,lung_I,lung_E,3,cell_pooled,0.43832590564670976,0.46043577981651373,0.1891891891891892,0.2695417789757412,1.0,0.4393901883201878,0.5384174311926605,27,1744,0.9224806201550387
emb_scgpt,7,1,lung_C,lung_I,lung_E,3,classwise,0.45663320677689195,0.47993119266055045,0.21052631578947367,0.2695417789757412,1.0,0.45663320677689195,0.5200688073394495,27,1744,
emb_scgpt,7,1,lung_C,lung_I,lung_E,3,donor_weighted,0.5398848117739251,0.555045871559633,0.22972972972972974,0.4126984126984127,0.9259259259259259,0.5752812618493959,0.39965596330275227,27,1744,
emb_scgpt,7,1,lung_C,lung_I,lung_E,3,donor_crc,0.6434443867776464,0.6490825688073395,0.36486486486486486,0.48221343873517786,0.8888888888888888,0.75119595391906,0.22591743119266056,27,1744,
emb_scgpt,7,1,lung_C,lung_I,lung_E,3,tcp_standard_thr,0.43832590564670976,0.46043577981651373,0.1891891891891892,0.2695417789757412,1.0,0.4393901883201878,0.5384174311926605,27,1744,
emb_scgpt,7,1,lung_C,lung_I,lung_E,3,tcp_standard_aps,0.8246312393938641,0.8113532110091743,0.5632183908045977,0.6320346320346321,0.3333333333333333,1.1785091664392333,0.05561926605504587,27,1744,
emb_scgpt,7,1,lung_C,lung_I,lung_E,3,tcp_classwise_thr,0.45663320677689195,0.47993119266055045,0.21052631578947367,0.2695417789757412,1.0,0.45663320677689195,0.5200688073394495,27,1744,
emb_scgpt,7,1,lung_C,lung_I,lung_E,3,tcp_cluster_thr,1.0,1.0,1.0,1.0,0.0,3.0,0.0,27,1744,
emb_scgpt,8,0,lung_I,lung_E,lung_H,4,cell_pooled,0.9428712248734837,0.9431968295904888,0.8787878787878788,0.9078947368421053,0.0,1.4137353524673872,0.0,21,1514,0.8997020854021847
emb_scgpt,8,0,lung_I,lung_E,lung_H,4,classwise,0.942421233985248,0.9431968295904888,0.8787878787878788,0.9078947368421053,0.0,1.196259171766731,0.0,21,1514,
emb_scgpt,8,0,lung_I,lung_E,lung_H,4,donor_weighted,0.9428712248734837,0.9431968295904888,0.8787878787878788,0.9078947368421053,0.0,1.4429095931826137,0.0,21,1514,
emb_scgpt,8,0,lung_I,lung_E,lung_H,4,donor_crc,0.9453937023959613,0.9458388375165125,0.8939393939393939,0.9078947368421053,0.0,1.6341904598723884,0.0,21,1514,
emb_scgpt,8,0,lung_I,lung_E,lung_H,4,tcp_standard_thr,0.9428712248734837,0.9431968295904888,0.8787878787878788,0.9078947368421053,0.0,1.4137353524673872,0.0,21,1514,
emb_scgpt,8,0,lung_I,lung_E,lung_H,4,tcp_standard_aps,0.9414667636450577,0.9418758256274768,0.8787878787878788,0.9078947368421053,0.0,1.4583425677201904,0.0019815059445178335,21,1514,
emb_scgpt,8,0,lung_I,lung_E,lung_H,4,tcp_classwise_thr,0.942421233985248,0.9431968295904888,0.8787878787878788,0.9078947368421053,0.0,1.196259171766731,0.0,21,1514,
emb_scgpt,8,0,lung_I,lung_E,lung_H,4,tcp_cluster_thr,0.9454850724905294,0.9458388375165125,0.8813559322033898,0.9078947368421053,0.0,1.6843321248590724,0.0,21,1514,
emb_scgpt,8,1,lung_I,lung_E,lung_H,4,cell_pooled,0.9353111789275158,0.9359313077939234,0.8181818181818182,0.8947368421052632,0.0,1.0014041514041512,0.0,21,1514,0.9046673286991063
emb_scgpt,8,1,lung_I,lung_E,lung_H,4,classwise,0.9371689751295507,0.9352708058124174,0.8787878787878788,0.8939393939393939,0.0,1.6439749432711541,0.0,21,1514,
emb_scgpt,8,1,lung_I,lung_E,lung_H,4,donor_weighted,0.9359818697390516,0.9365918097754293,0.8181818181818182,0.8947368421052632,0.0,1.0037205395135584,0.0,21,1514,
emb_scgpt,8,1,lung_I,lung_E,lung_H,4,donor_crc,0.9404121050996058,0.9412153236459709,0.8333333333333334,0.8983050847457628,0.0,1.0210694586882074,0.0,21,1514,
emb_scgpt,8,1,lung_I,lung_E,lung_H,4,tcp_standard_thr,0.9353111789275158,0.9359313077939234,0.8181818181818182,0.8947368421052632,0.0,1.0014041514041512,0.0,21,1514,
emb_scgpt,8,1,lung_I,lung_E,lung_H,4,tcp_standard_aps,0.9104317537595231,0.9114927344782034,0.803030303030303,0.8679245283018868,0.0,0.977008992798138,0.031043593130779392,21,1514,
emb_scgpt,8,1,lung_I,lung_E,lung_H,4,tcp_classwise_thr,0.9371689751295507,0.9352708058124174,0.8787878787878788,0.8939393939393939,0.0,1.6439749432711541,0.0,21,1514,
emb_scgpt,8,1,lung_I,lung_E,lung_H,4,tcp_cluster_thr,0.9410213630465576,0.939894319682959,0.8787878787878788,0.8939393939393939,0.0,2.540052520100846,0.0,21,1514,
emb_scgpt,9,0,lung_E,lung_F,lung_I,6,cell_pooled,0.7638578353307859,0.7322662786467806,0.061068702290076333,0.5699945903708601,0.4666666666666667,1.8948511692983807,0.0,30,2749,0.8976582827406765
emb_scgpt,9,0,lung_E,lung_F,lung_I,6,classwise,0.8533218195695562,0.8501273190251001,0.2597402597402597,0.7197674418604652,0.13333333333333333,1.7468078675844627,0.00327391778828665,30,2749,
emb_scgpt,9,0,lung_E,lung_F,lung_I,6,donor_weighted,0.7556896862795999,0.7231720625682067,0.05343511450381679,0.5613812586403799,0.4666666666666667,1.8620682016652805,0.0,30,2749,
emb_scgpt,9,0,lung_E,lung_F,lung_I,6,donor_crc,0.8646061848337399,0.8486722444525282,0.25882352941176473,0.7006657198650807,0.23333333333333334,2.734927762414072,0.0,30,2749,
emb_scgpt,9,0,lung_E,lung_F,lung_I,6,tcp_standard_thr,0.7638578353307859,0.7322662786467806,0.061068702290076333,0.5699945903708601,0.4666666666666667,1.8948511692983807,0.0,30,2749,
emb_scgpt,9,0,lung_E,lung_F,lung_I,6,tcp_standard_aps,0.7768792954621545,0.7489996362313569,0.08396946564885496,0.5906683284000623,0.4666666666666667,1.9946792897934194,0.0,30,2749,
emb_scgpt,9,0,lung_E,lung_F,lung_I,6,tcp_classwise_thr,0.8564743411917511,0.8534012368133866,0.2597402597402597,0.7414119601328905,0.13333333333333333,1.7627446552328498,0.00327391778828665,30,2749,
emb_scgpt,9,0,lung_E,lung_F,lung_I,6,tcp_cluster_thr,0.8831144684859091,0.8795925791196799,0.36363636363636365,0.8077531340405015,0.1,2.4248165861344284,0.0,30,2749,
emb_scgpt,9,1,lung_E,lung_F,lung_I,6,cell_pooled,0.7880602661461469,0.7678571428571429,0.08396946564885496,0.5930805220389067,0.43333333333333335,2.266542676171224,0.0,30,2744,0.9192708333333334
emb_scgpt,9,1,lung_E,lung_F,lung_I,6,classwise,0.9069787127398737,0.9081632653061225,0.5058823529411764,0.7974025974025974,0.13333333333333333,1.9223662538517758,0.006924198250728863,30,2744,
emb_scgpt,9,1,lung_E,lung_F,lung_I,6,donor_weighted,0.7930602678723155,0.7733236151603499,0.08396946564885496,0.6035213001723714,0.43333333333333335,2.3057315080250436,0.0,30,2744,
emb_scgpt,9,1,lung_E,lung_F,lung_I,6,donor_crc,0.8896456010610136,0.8793731778425656,0.3176470588235294,0.7287679744363572,0.13333333333333333,3.134168713717854,0.0,30,2744,
emb_scgpt,9,1,lung_E,lung_F,lung_I,6,tcp_standard_thr,0.7880602661461469,0.7678571428571429,0.08396946564885496,0.5930805220389067,0.43333333333333335,2.266542676171224,0.0,30,2744,
emb_scgpt,9,1,lung_E,lung_F,lung_I,6,tcp_standard_aps,0.7962704817495354,0.7769679300291545,0.08396946564885496,0.6080862772945145,0.4,2.311807577780877,0.0,30,2744,
emb_scgpt,9,1,lung_E,lung_F,lung_I,6,tcp_classwise_thr,0.9111776597127864,0.9132653061224489,0.5176470588235295,0.8044733044733046,0.1,1.9326588528896251,0.006924198250728863,30,2744,
emb_scgpt,9,1,lung_E,lung_F,lung_I,6,tcp_cluster_thr,0.9246178269378418,0.9293002915451894,0.5529411764705883,0.8567619047619047,0.03333333333333333,2.4728178674587378,0.0,30,2744,
emb_scgpt,10,0,lung_C,lung_F,lung_G,3,cell_pooled,0.9581267101366969,0.9687819856704196,0.6,0.9189447785675232,0.03333333333333333,0.9581267101366969,0.031218014329580348,30,1954,0.8846153846153846
emb_scgpt,10,0,lung_C,lung_F,lung_G,3,classwise,0.9315810195651983,0.9570112589559877,0.5,0.8401794616151546,0.06666666666666667,0.9315810195651983,0.042988741044012284,30,1954,
emb_scgpt,10,0,lung_C,lung_F,lung_G,3,donor_weighted,0.973544959967901,0.9841351074718526,0.6,0.9575980392156863,0.03333333333333333,0.973544959967901,0.01586489252814739,30,1954,
emb_scgpt,10,0,lung_C,lung_F,lung_G,3,donor_crc,0.9850910087717616,0.9902763561924258,0.8,0.9783928571428571,0.0,0.9850910087717616,0.009723643807574206,30,1954,
emb_scgpt,10,0,lung_C,lung_F,lung_G,3,tcp_standard_thr,0.9581267101366969,0.9687819856704196,0.6,0.9189447785675232,0.03333333333333333,0.9581267101366969,0.031218014329580348,30,1954,
emb_scgpt,10,0,lung_C,lung_F,lung_G,3,tcp_standard_aps,0.9215955965217592,0.9237461617195496,0.8,0.877047704770477,0.0,0.9351292331092702,0.0752302968270215,30,1954,
emb_scgpt,10,0,lung_C,lung_F,lung_G,3,tcp_classwise_thr,0.9315810195651983,0.9570112589559877,0.5,0.8401794616151546,0.06666666666666667,0.9315810195651983,0.042988741044012284,30,1954,
emb_scgpt,10,0,lung_C,lung_F,lung_G,3,tcp_cluster_thr,1.0,1.0,1.0,1.0,0.0,3.0,0.0,30,1954,
emb_scgpt,10,1,lung_C,lung_F,lung_G,3,cell_pooled,0.9569053457289683,0.9730347349177331,0.6,0.9140513942044833,0.03333333333333333,0.9569053457289683,0.02696526508226691,30,2188,0.8949367088607595
emb_scgpt,10,1,lung_C,lung_F,lung_G,3,classwise,0.9497428181861872,0.9657221206581352,0.6,0.88841642228739,0.06666666666666667,0.9497428181861872,0.034277879341864714,30,2188,
emb_scgpt,10,1,lung_C,lung_F,lung_G,3,donor_weighted,0.974635948334574,0.9876599634369287,0.6,0.96187106918239,0.03333333333333333,0.974635948334574,0.012340036563071298,30,2188,
emb_scgpt,10,1,lung_C,lung_F,lung_G,3,donor_crc,0.9853376594033404,0.9917733089579525,0.8,0.9777880184331798,0.0,0.9853376594033404,0.008226691042047532,30,2188,
emb_scgpt,10,1,lung_C,lung_F,lung_G,3,tcp_standard_thr,0.9569053457289683,0.9730347349177331,0.6,0.9140513942044833,0.03333333333333333,0.9569053457289683,0.02696526508226691,30,2188,
emb_scgpt,10,1,lung_C,lung_F,lung_G,3,tcp_standard_aps,0.8929467588738155,0.906764168190128,0.72,0.8349698535745048,0.03333333333333333,0.9041039276090372,0.09323583180987204,30,2188,
emb_scgpt,10,1,lung_C,lung_F,lung_G,3,tcp_classwise_thr,0.9497428181861872,0.9657221206581352,0.6,0.88841642228739,0.06666666666666667,0.9497428181861872,0.034277879341864714,30,2188,
emb_scgpt,10,1,lung_C,lung_F,lung_G,3,tcp_cluster_thr,0.9311128057455355,0.956581352833638,0.4,0.8611436950146628,0.06666666666666667,0.9311128057455355,0.04341864716636198,30,2188,
emb_scgpt,11,0,lung_F,lung_G,lung_H,4,cell_pooled,0.855885083660708,0.8533685601056803,0.6422018348623854,0.7534246575342466,0.3333333333333333,0.8757798619684853,0.1261558784676354,21,1514,0.9042056074766355
emb_scgpt,11,0,lung_F,lung_G,lung_H,4,classwise,0.8492825530528788,0.8421400264200792,0.6055045871559633,0.75,0.2857142857142857,0.967672748239905,0.03963011889035667,21,1514,
emb_scgpt,11,0,lung_F,lung_G,lung_H,4,donor_weighted,0.868344722397907,0.8652575957727873,0.6513761467889908,0.7671232876712328,0.2857142857142857,0.8922394344604291,0.11030383091149273,21,1514,
emb_scgpt,11,0,lung_F,lung_G,lung_H,4,donor_crc,0.8983985682281057,0.8936591809775429,0.6880733944954128,0.8125,0.09523809523809523,0.9373559988272048,0.0653896961690885,21,1514,
emb_scgpt,11,0,lung_F,lung_G,lung_H,4,tcp_standard_thr,0.855885083660708,0.8533685601056803,0.6422018348623854,0.7534246575342466,0.3333333333333333,0.8757798619684853,0.1261558784676354,21,1514,
emb_scgpt,11,0,lung_F,lung_G,lung_H,4,tcp_standard_aps,0.8816854066748651,0.8811096433289299,0.7878787878787878,0.8356164383561644,0.047619047619047616,0.9736738168691419,0.0772787318361955,21,1514,
emb_scgpt,11,0,lung_F,lung_G,lung_H,4,tcp_classwise_thr,0.8492825530528788,0.8421400264200792,0.6055045871559633,0.75,0.2857142857142857,0.967672748239905,0.03963011889035667,21,1514,
emb_scgpt,11,0,lung_F,lung_G,lung_H,4,tcp_cluster_thr,0.8760149644078107,0.8731836195508587,0.6238532110091743,0.7808219178082192,0.23809523809523808,0.9901951436843429,0.009247027741083224,21,1514,
emb_scgpt,11,1,lung_F,lung_G,lung_H,4,cell_pooled,0.8879059599821305,0.8837516512549538,0.6972477064220184,0.8082191780821918,0.09523809523809523,0.9153817502624467,0.0891677675033025,21,1514,0.870539419087137
emb_scgpt,11,1,lung_F,lung_G,lung_H,4,classwise,0.9240262638784211,0.9187582562747688,0.7155963302752294,0.8461538461538461,0.047619047619047616,1.0250407077977965,0.001321003963011889,21,1514,
emb_scgpt,11,1,lung_F,lung_G,lung_H,4,donor_weighted,0.8898022502014621,0.8857331571994715,0.7064220183486238,0.8142857142857143,0.09523809523809523,0.9172780404817783,0.08718626155878467,21,1514,
emb_scgpt,11,1,lung_F,lung_G,lung_H,4,donor_crc,0.9138348682235715,0.9114927344782034,0.803030303030303,0.8285714285714286,0.0,0.9732167167902529,0.02906208718626156,21,1514,
emb_scgpt,11,1,lung_F,lung_G,lung_H,4,tcp_standard_thr,0.8879059599821305,0.8837516512549538,0.6972477064220184,0.8082191780821918,0.09523809523809523,0.9153817502624467,0.0891677675033025,21,1514,
emb_scgpt,11,1,lung_F,lung_G,lung_H,4,tcp_standard_aps,0.8959339703899655,0.8976221928665786,0.7288135593220338,0.8727272727272727,0.047619047619047616,0.9792850999007993,0.052840158520475564,21,1514,
emb_scgpt,11,1,lung_F,lung_G,lung_H,4,tcp_classwise_thr,0.9240262638784211,0.9187582562747688,0.7155963302752294,0.8461538461538461,0.047619047619047616,1.0250407077977965,0.001321003963011889,21,1514,
emb_scgpt,11,1,lung_F,lung_G,lung_H,4,tcp_cluster_thr,0.9225454764461412,0.916776750330251,0.7064220183486238,0.8461538461538461,0.047619047619047616,1.0176620567514727,0.0,21,1514,
emb_scgpt,12,0,lung_H,lung_E,lung_C,3,cell_pooled,0.7895171267832074,0.7495059288537549,0.18248175182481752,0.2857142857142857,0.2857142857142857,0.7895171267832074,0.25049407114624506,21,2024,0.9128440366972477
emb_scgpt,12,0,lung_H,lung_E,lung_C,3,classwise,0.49628176011323094,0.4925889328063241,0.0,0.18032786885245902,0.9047619047619048,0.49628176011323094,0.5074110671936759,21,2024,
emb_scgpt,12,0,lung_H,lung_E,lung_C,3,donor_weighted,0.7523175496401342,0.708498023715415,0.06569343065693431,0.2781954887218045,0.2857142857142857,0.7523175496401342,0.29150197628458496,21,2024,
emb_scgpt,12,0,lung_H,lung_E,lung_C,3,donor_crc,0.8223479038379415,0.7865612648221344,0.2540983606557377,0.35036496350364965,0.2857142857142857,0.8223479038379415,0.2134387351778656,21,2024,
emb_scgpt,12,0,lung_H,lung_E,lung_C,3,tcp_standard_thr,0.7895171267832074,0.7495059288537549,0.18248175182481752,0.2857142857142857,0.2857142857142857,0.7895171267832074,0.25049407114624506,21,2024,
emb_scgpt,12,0,lung_H,lung_E,lung_C,3,tcp_standard_aps,0.9082567043200351,0.9105731225296443,0.7142857142857143,0.8543689320388349,0.047619047619047616,0.9188018054081306,0.08893280632411067,21,2024,
emb_scgpt,12,0,lung_H,lung_E,lung_C,3,tcp_classwise_thr,0.49628176011323094,0.4925889328063241,0.0,0.18032786885245902,0.9047619047619048,0.49628176011323094,0.5074110671936759,21,2024,
emb_scgpt,12,0,lung_H,lung_E,lung_C,3,tcp_cluster_thr,1.0,1.0,1.0,1.0,0.0,3.0,0.0,21,2024,
emb_scgpt,12,1,lung_H,lung_E,lung_C,3,cell_pooled,0.9566861255034079,0.9466403162055336,0.6917293233082706,0.9363636363636364,0.09523809523809523,0.9566861255034079,0.0533596837944664,21,2024,0.9220183486238532
emb_scgpt,12,1,lung_H,lung_E,lung_C,3,classwise,0.602140729962924,0.5652173913043478,0.0072992700729927005,0.2631578947368421,0.8571428571428571,0.60248331303932,0.4342885375494071,21,2024,
emb_scgpt,12,1,lung_H,lung_E,lung_C,3,donor_weighted,0.8860311635339257,0.8606719367588933,0.3770491803278688,0.635036496350365,0.23809523809523808,0.8860311635339257,0.13932806324110672,21,2024,
emb_scgpt,12,1,lung_H,lung_E,lung_C,3,donor_crc,0.9819917096505437,0.9797430830039525,0.9022556390977443,0.9411764705882353,0.0,0.9823342927269397,0.019762845849802372,21,2024,
emb_scgpt,12,1,lung_H,lung_E,lung_C,3,tcp_standard_thr,0.9566861255034079,0.9466403162055336,0.6917293233082706,0.9363636363636364,0.09523809523809523,0.9566861255034079,0.0533596837944664,21,2024,
emb_scgpt,12,1,lung_H,lung_E,lung_C,3,tcp_standard_aps,0.8853566124501138,0.8982213438735178,0.6666666666666666,0.8421052631578947,0.047619047619047616,0.8883681962136889,0.1007905138339921,21,2024,
emb_scgpt,12,1,lung_H,lung_E,lung_C,3,tcp_classwise_thr,0.602140729962924,0.5652173913043478,0.0072992700729927005,0.2631578947368421,0.8571428571428571,0.60248331303932,0.4342885375494071,21,2024,
emb_scgpt,12,1,lung_H,lung_E,lung_C,3,tcp_cluster_thr,1.0,1.0,1.0,1.0,0.0,3.0,0.0,21,2024,
emb_scgpt,13,0,lung_F,lung_E,lung_C,3,cell_pooled,0.9760230389372976,0.9856719367588933,0.8823529411764706,0.9166666666666666,0.0,0.9760230389372976,0.01432806324110672,21,2024,0.9128440366972477
emb_scgpt,13,0,lung_F,lung_E,lung_C,3,classwise,0.955438765892157,0.9767786561264822,0.7142857142857143,0.8333333333333334,0.047619047619047616,0.955438765892157,0.023221343873517788,21,2024,
emb_scgpt,13,0,lung_F,lung_E,lung_C,3,donor_weighted,0.9743880908784412,0.9836956521739131,0.8823529411764706,0.9166666666666666,0.0,0.9743880908784412,0.016304347826086956,21,2024,
emb_scgpt,13,0,lung_F,lung_E,lung_C,3,donor_crc,0.9772262999168563,0.9871541501976284,0.8823529411764706,0.9166666666666666,0.0,0.9772262999168563,0.012845849802371542,21,2024,
emb_scgpt,13,0,lung_F,lung_E,lung_C,3,tcp_standard_thr,0.9760230389372976,0.9856719367588933,0.8823529411764706,0.9166666666666666,0.0,0.9760230389372976,0.01432806324110672,21,2024,
emb_scgpt,13,0,lung_F,lung_E,lung_C,3,tcp_standard_aps,0.9054586792840279,0.8967391304347826,0.8141592920353983,0.8571428571428571,0.0,0.9062048136114329,0.10326086956521739,21,2024,
emb_scgpt,13,0,lung_F,lung_E,lung_C,3,tcp_classwise_thr,0.955438765892157,0.9767786561264822,0.7142857142857143,0.8333333333333334,0.047619047619047616,0.955438765892157,0.023221343873517788,21,2024,
emb_scgpt,13,0,lung_F,lung_E,lung_C,3,tcp_cluster_thr,0.9548197646162951,0.9718379446640316,0.8235294117647058,0.8571428571428571,0.0,0.9548197646162951,0.02816205533596838,21,2024,
emb_scgpt,13,1,lung_F,lung_E,lung_C,3,cell_pooled,0.9643973159437716,0.982707509881423,0.7619047619047619,0.8823529411764706,0.047619047619047616,0.9643973159437716,0.017292490118577076,21,2024,0.9105504587155964
emb_scgpt,13,1,lung_F,lung_E,lung_C,3,classwise,0.9380399099695469,0.9698616600790514,0.5238095238095238,0.8333333333333334,0.047619047619047616,0.9380399099695469,0.030138339920948616,21,2024,
emb_scgpt,13,1,lung_F,lung_E,lung_C,3,donor_weighted,0.9600479008361666,0.9802371541501976,0.7619047619047619,0.8333333333333334,0.047619047619047616,0.9600479008361666,0.019762845849802372,21,2024,
emb_scgpt,13,1,lung_F,lung_E,lung_C,3,donor_crc,0.9683245618191776,0.9851778656126482,0.8095238095238095,0.8823529411764706,0.0,0.9683245618191776,0.014822134387351778,21,2024,
emb_scgpt,13,1,lung_F,lung_E,lung_C,3,tcp_standard_thr,0.9643973159437716,0.982707509881423,0.7619047619047619,0.8823529411764706,0.047619047619047616,0.9643973159437716,0.017292490118577076,21,2024,
emb_scgpt,13,1,lung_F,lung_E,lung_C,3,tcp_standard_aps,0.8866182471424738,0.8878458498023716,0.7894736842105263,0.8515625,0.047619047619047616,0.8904228935509473,0.11215415019762846,21,2024,
emb_scgpt,13,1,lung_F,lung_E,lung_C,3,tcp_classwise_thr,0.9380399099695469,0.9698616600790514,0.5238095238095238,0.8333333333333334,0.047619047619047616,0.9380399099695469,0.030138339920948616,21,2024,
emb_scgpt,13,1,lung_F,lung_E,lung_C,3,tcp_cluster_thr,0.9535830819080919,0.9812252964426877,0.5714285714285714,0.8333333333333334,0.047619047619047616,0.9535830819080919,0.018774703557312252,21,2024,
emb_scgpt,14,0,lung_H,lung_I,lung_F,4,cell_pooled,0.8891339701235036,0.878236914600551,0.5454545454545454,0.7579322638146168,0.13333333333333333,1.2976189709351378,0.0,30,1815,0.9098228663446055
emb_scgpt,14,0,lung_H,lung_I,lung_F,4,classwise,0.8893814624430878,0.8903581267217631,0.5454545454545454,0.7078733766233767,0.2,1.3718388128816494,0.0,30,1815,
emb_scgpt,14,0,lung_H,lung_I,lung_F,4,donor_weighted,0.8840036141533644,0.8694214876033057,0.5454545454545454,0.7049910873440286,0.16666666666666666,1.2201177273386932,0.0,30,1815,
emb_scgpt,14,0,lung_H,lung_I,lung_F,4,donor_crc,0.9010100433966356,0.8953168044077136,0.5555555555555556,0.8096969696969697,0.1,1.4130082240107027,0.0,30,1815,
emb_scgpt,14,0,lung_H,lung_I,lung_F,4,tcp_standard_thr,0.8891339701235036,0.878236914600551,0.5454545454545454,0.7579322638146168,0.13333333333333333,1.2976189709351378,0.0,30,1815,
emb_scgpt,14,0,lung_H,lung_I,lung_F,4,tcp_standard_aps,0.886214216772525,0.8754820936639118,0.5353535353535354,0.7380793226381462,0.2,1.3493889973048991,0.008815426997245178,30,1815,
emb_scgpt,14,0,lung_H,lung_I,lung_F,4,tcp_classwise_thr,0.8893814624430878,0.8903581267217631,0.5454545454545454,0.7078733766233767,0.2,1.3718388128816494,0.0,30,1815,
emb_scgpt,14,0,lung_H,lung_I,lung_F,4,tcp_cluster_thr,1.0,1.0,1.0,1.0,0.0,4.0,0.0,30,1815,
emb_scgpt,14,1,lung_H,lung_I,lung_F,4,cell_pooled,0.8903372587130775,0.9045881126173096,0.5454545454545454,0.6894594594594594,0.16666666666666666,1.5574496495840975,0.0,30,1918,0.934819897084048
emb_scgpt,14,1,lung_H,lung_I,lung_F,4,classwise,0.880281319803469,0.8957247132429614,0.47368421052631576,0.6194594594594595,0.16666666666666666,1.6028236030912812,0.0,30,1918,
emb_scgpt,14,1,lung_H,lung_I,lung_F,4,donor_weighted,0.8784660612243247,0.8957247132429614,0.5263157894736842,0.6825363825363826,0.2,1.4552978234921432,0.0,30,1918,
emb_scgpt,14,1,lung_H,lung_I,lung_F,4,donor_crc,0.8917094978158747,0.9066736183524504,0.5454545454545454,0.6894594594594594,0.16666666666666666,1.5708125463021634,0.0,30,1918,
emb_scgpt,14,1,lung_H,lung_I,lung_F,4,tcp_standard_thr,0.8903372587130775,0.9045881126173096,0.5454545454545454,0.6894594594594594,0.16666666666666666,1.5574496495840975,0.0,30,1918,
emb_scgpt,14,1,lung_H,lung_I,lung_F,4,tcp_standard_aps,0.8861634111844207,0.9030239833159541,0.5555555555555556,0.6825363825363826,0.2,1.5661585269742035,0.0026068821689259644,30,1918,
emb_scgpt,14,1,lung_H,lung_I,lung_F,4,tcp_classwise_thr,0.880281319803469,0.8957247132429614,0.47368421052631576,0.6194594594594595,0.16666666666666666,1.6028236030912812,0.0,30,1918,
emb_scgpt,14,1,lung_H,lung_I,lung_F,4,tcp_cluster_thr,1.0,1.0,1.0,1.0,0.0,4.0,0.0,30,1918,
emb_scgpt,15,0,lung_I,lung_C,lung_E,3,cell_pooled,0.5863062204316309,0.5424311926605505,0.1588785046728972,0.26997708174178764,0.8888888888888888,0.5863062204316309,0.45756880733944955,27,1744,0.8942687747035574
emb_scgpt,15,0,lung_I,lung_C,lung_E,3,classwise,0.604367350716956,0.5613532110091743,0.16822429906542055,0.28036669213139803,0.8148148148148148,0.604367350716956,0.4386467889908257,27,1744,
emb_scgpt,15,0,lung_I,lung_C,lung_E,3,donor_weighted,0.6604117886872812,0.6278669724770642,0.24299065420560748,0.4425287356321839,0.7777777777777778,0.6604117886872812,0.37213302752293576,27,1744,
emb_scgpt,15,0,lung_I,lung_C,lung_E,3,donor_crc,0.7565356488876112,0.7333715596330275,0.4485981308411215,0.574025974025974,0.6296296296296297,0.7565356488876112,0.2666284403669725,27,1744,
emb_scgpt,15,0,lung_I,lung_C,lung_E,3,tcp_standard_thr,0.5863062204316309,0.5424311926605505,0.1588785046728972,0.26997708174178764,0.8888888888888888,0.5863062204316309,0.45756880733944955,27,1744,
emb_scgpt,15,0,lung_I,lung_C,lung_E,3,tcp_standard_aps,0.8826355741874979,0.8864678899082569,0.7413793103448276,0.8119617224880383,0.07407407407407407,0.9507259753596649,0.10550458715596331,27,1744,
emb_scgpt,15,0,lung_I,lung_C,lung_E,3,tcp_classwise_thr,0.604367350716956,0.5613532110091743,0.16822429906542055,0.28036669213139803,0.8148148148148148,0.604367350716956,0.4386467889908257,27,1744,
emb_scgpt,15,0,lung_I,lung_C,lung_E,3,tcp_cluster_thr,0.6062972432260911,0.5659403669724771,0.17757009345794392,0.32467883705206224,0.8518518518518519,0.6062972432260911,0.43405963302752293,27,1744,
emb_scgpt,15,1,lung_I,lung_C,lung_E,3,cell_pooled,0.6863123076320193,0.6571100917431193,0.3644859813084112,0.4701298701298701,0.7407407407407407,0.6863123076320193,0.34288990825688076,27,1744,0.8942687747035574
emb_scgpt,15,1,lung_I,lung_C,lung_E,3,classwise,0.7131928991038768,0.6880733944954128,0.411214953271028,0.5185848634124496,0.7037037037037037,0.7131928991038768,0.3119266055045872,27,1744,
emb_scgpt,15,1,lung_I,lung_C,lung_E,3,donor_weighted,0.7242569291862744,0.698394495412844,0.3925233644859813,0.5520347934141038,0.6666666666666666,0.7242569291862744,0.30160550458715596,27,1744,
emb_scgpt,15,1,lung_I,lung_C,lung_E,3,donor_crc,0.788041447397559,0.7666284403669725,0.5327102803738317,0.6025974025974026,0.5555555555555556,0.788041447397559,0.23337155963302753,27,1744,
emb_scgpt,15,1,lung_I,lung_C,lung_E,3,tcp_standard_thr,0.6863123076320193,0.6571100917431193,0.3644859813084112,0.4701298701298701,0.7407407407407407,0.6863123076320193,0.34288990825688076,27,1744,
emb_scgpt,15,1,lung_I,lung_C,lung_E,3,tcp_standard_aps,0.9050038223530824,0.9071100917431193,0.8043478260869565,0.8519480519480519,0.0,0.9115424932527026,0.09174311926605505,27,1744,
emb_scgpt,15,1,lung_I,lung_C,lung_E,3,tcp_classwise_thr,0.7131928991038768,0.6880733944954128,0.411214953271028,0.5185848634124496,0.7037037037037037,0.7131928991038768,0.3119266055045872,27,1744,
emb_scgpt,15,1,lung_I,lung_C,lung_E,3,tcp_cluster_thr,0.690458085131157,0.661697247706422,0.37383177570093457,0.4701298701298701,0.7407407407407407,0.690458085131157,0.338302752293578,27,1744,
emb_scgpt,16,0,lung_I,lung_F,lung_H,4,cell_pooled,0.9203014351176761,0.9207397622192867,0.8181818181818182,0.8636363636363636,0.0,0.98492787895387,0.015191545574636724,21,1514,0.8967193195625759
emb_scgpt,16,0,lung_I,lung_F,lung_H,4,classwise,0.8552264619281661,0.8579920739762219,0.5454545454545454,0.7614678899082569,0.23809523809523808,0.9213402803752212,0.07661822985468957,21,1514,
emb_scgpt,16,0,lung_I,lung_F,lung_H,4,donor_weighted,0.9277667085823651,0.9286657859973579,0.8181818181818182,0.8787878787878788,0.0,0.9958267280450379,0.003963011889035667,21,1514,
emb_scgpt,16,0,lung_I,lung_F,lung_H,4,donor_crc,0.9319399805373274,0.9326287978863936,0.8181818181818182,0.8813559322033898,0.0,1.004173271954962,0.0,21,1514,
emb_scgpt,16,0,lung_I,lung_F,lung_H,4,tcp_standard_thr,0.9203014351176761,0.9207397622192867,0.8181818181818182,0.8636363636363636,0.0,0.98492787895387,0.015191545574636724,21,1514,
emb_scgpt,16,0,lung_I,lung_F,lung_H,4,tcp_standard_aps,0.8726077380294418,0.8731836195508587,0.7878787878787878,0.825,0.047619047619047616,0.9468662157307313,0.0653896961690885,21,1514,
emb_scgpt,16,0,lung_I,lung_F,lung_H,4,tcp_classwise_thr,0.8552264619281661,0.8579920739762219,0.5454545454545454,0.7614678899082569,0.23809523809523808,0.9213402803752212,0.07661822985468957,21,1514,
emb_scgpt,16,0,lung_I,lung_F,lung_H,4,tcp_cluster_thr,0.8644706971526581,0.8659180977542933,0.6212121212121212,0.7666666666666667,0.19047619047619047,1.8211765205452017,0.0,21,1514,
emb_scgpt,16,1,lung_I,lung_F,lung_H,4,cell_pooled,0.9247138743925509,0.9253632760898283,0.8181818181818182,0.864406779661017,0.0,0.986839509330685,0.013210039630118891,21,1514,0.9054505005561735
emb_scgpt,16,1,lung_I,lung_F,lung_H,4,classwise,0.7599698835132903,0.7635402906208718,0.5151515151515151,0.5818181818181818,0.42857142857142855,0.8226907565466623,0.17437252311756934,21,1514,
emb_scgpt,16,1,lung_I,lung_F,lung_H,4,donor_weighted,0.9301081881854562,0.9306472919418758,0.8181818181818182,0.864406779661017,0.0,0.9935310803511661,0.0066050198150594455,21,1514,
emb_scgpt,16,1,lung_I,lung_F,lung_H,4,donor_crc,0.9347006783170151,0.9352708058124174,0.8181818181818182,0.8947368421052632,0.0,1.0013325878296524,0.0,21,1514,
emb_scgpt,16,1,lung_I,lung_F,lung_H,4,tcp_standard_thr,0.9247138743925509,0.9253632760898283,0.8181818181818182,0.864406779661017,0.0,0.986839509330685,0.013210039630118891,21,1514,
emb_scgpt,16,1,lung_I,lung_F,lung_H,4,tcp_standard_aps,0.8803947501497829,0.8778071334214003,0.7575757575757576,0.8289473684210527,0.047619047619047616,0.9468494665436558,0.06406869220607662,21,1514,
emb_scgpt,16,1,lung_I,lung_F,lung_H,4,tcp_classwise_thr,0.7599698835132903,0.7635402906208718,0.5151515151515151,0.5818181818181818,0.42857142857142855,0.8226907565466623,0.17437252311756934,21,1514,
emb_scgpt,16,1,lung_I,lung_F,lung_H,4,tcp_cluster_thr,0.9299042858076406,0.9306472919418758,0.8181818181818182,0.864406779661017,0.0,1.2534048795844082,0.0,21,1514,
emb_scgpt,17,0,lung_I,lung_H,lung_E,4,cell_pooled,0.6330235005493771,0.6429990069513406,0.29411764705882354,0.42688259109311744,0.8888888888888888,0.6840696040744442,0.3098311817279047,27,2014,0.9141347424042272
emb_scgpt,17,0,lung_I,lung_H,lung_E,4,classwise,0.5248661015347573,0.5248262164846077,0.26851851851851855,0.37684210526315787,0.9629629629629629,1.3994206255870907,0.0,27,2014,
emb_scgpt,17,0,lung_I,lung_H,lung_E,4,donor_weighted,0.6240210588360243,0.6335650446871897,0.29411764705882354,0.4216194331983806,0.9259259259259259,0.6728094912808664,0.3212512413108242,27,2014,
emb_scgpt,17,0,lung_I,lung_H,lung_E,4,donor_crc,0.9551881546457801,0.958291956305859,0.8307692307692308,0.8765306122448979,0.0,1.41835993847036,0.0,27,2014,
emb_scgpt,17,0,lung_I,lung_H,lung_E,4,tcp_standard_thr,0.6330235005493771,0.6429990069513406,0.29411764705882354,0.42688259109311744,0.8888888888888888,0.6840696040744442,0.3098311817279047,27,2014,
emb_scgpt,17,0,lung_I,lung_H,lung_E,4,tcp_standard_aps,0.8756782795556816,0.8798411122144985,0.7538461538461538,0.773639455782313,0.18518518518518517,1.0529568247475827,0.0451837140019861,27,2014,
emb_scgpt,17,0,lung_I,lung_H,lung_E,4,tcp_classwise_thr,0.5248661015347573,0.5248262164846077,0.26851851851851855,0.37684210526315787,0.9629629629629629,1.4016235526569016,0.0,27,2014,
emb_scgpt,17,0,lung_I,lung_H,lung_E,4,tcp_cluster_thr,1.0,1.0,1.0,1.0,0.0,4.0,0.0,27,2014,
emb_scgpt,17,1,lung_I,lung_H,lung_E,4,cell_pooled,0.6861803297881228,0.7000993048659384,0.36231884057971014,0.446883963494133,0.8148148148148148,0.7480961724470525,0.2413108242303873,27,2014,0.9062087186261559
emb_scgpt,17,1,lung_I,lung_H,lung_E,4,classwise,0.565894334161511,0.579940417080437,0.2898550724637681,0.41970588235294115,0.9629629629629629,1.4270106329252743,0.0,27,2014,
emb_scgpt,17,1,lung_I,lung_H,lung_E,4,donor_weighted,0.6861803297881228,0.7000993048659384,0.36231884057971014,0.446883963494133,0.8148148148148148,0.7490220983729785,0.24081429990069514,27,2014,
emb_scgpt,17,1,lung_I,lung_H,lung_E,4,donor_crc,0.9437040826306459,0.9463753723932473,0.7254901960784313,0.8646122448979592,0.037037037037037035,1.2992066235448108,0.0,27,2014,
emb_scgpt,17,1,lung_I,lung_H,lung_E,4,tcp_standard_thr,0.6861803297881228,0.7000993048659384,0.36231884057971014,0.446883963494133,0.8148148148148148,0.7480961724470525,0.2413108242303873,27,2014,
emb_scgpt,17,1,lung_I,lung_H,lung_E,4,tcp_standard_aps,0.8887767568940603,0.8962264150943396,0.6470588235294118,0.7902040816326531,0.1111111111111111,1.1245389874471043,0.02929493545183714,27,2014,
emb_scgpt,17,1,lung_I,lung_H,lung_E,4,tcp_classwise_thr,0.565894334161511,0.579940417080437,0.2898550724637681,0.41970588235294115,0.9629629629629629,1.4292135599950853,0.0,27,2014,
emb_scgpt,17,1,lung_I,lung_H,lung_E,4,tcp_cluster_thr,1.0,1.0,1.0,1.0,0.0,4.0,0.0,27,2014,
emb_scgpt,18,0,lung_H,lung_I,lung_G,4,cell_pooled,0.9335026837030007,0.9433395872420263,0.75,0.8816666666666666,0.06666666666666667,1.7450506459827075,0.0,30,2665,0.8744113029827315
emb_scgpt,18,0,lung_H,lung_I,lung_G,4,classwise,0.8413799406358126,0.8480300187617261,0.4777777777777778,0.715713031142336,0.36666666666666664,1.6874848889717122,0.0,30,2665,
emb_scgpt,18,0,lung_H,lung_I,lung_G,4,donor_weighted,0.9226657316683803,0.9305816135084428,0.75,0.8702873563218391,0.06666666666666667,1.6079097952167538,0.0,30,2665,
emb_scgpt,18,0,lung_H,lung_I,lung_G,4,donor_crc,0.938322848997814,0.9478424015009381,0.75,0.8816666666666666,0.03333333333333333,1.802609132930659,0.0,30,2665,
emb_scgpt,18,0,lung_H,lung_I,lung_G,4,tcp_standard_thr,0.9335026837030007,0.9433395872420263,0.75,0.8816666666666666,0.06666666666666667,1.7450506459827075,0.0,30,2665,
emb_scgpt,18,0,lung_H,lung_I,lung_G,4,tcp_standard_aps,0.9333912295132241,0.9437148217636022,0.75,0.8891666666666668,0.03333333333333333,1.819456224682146,0.00150093808630394,30,2665,
emb_scgpt,18,0,lung_H,lung_I,lung_G,4,tcp_classwise_thr,0.8413799406358126,0.8480300187617261,0.4777777777777778,0.715713031142336,0.36666666666666664,1.6874848889717122,0.0,30,2665,
emb_scgpt,18,0,lung_H,lung_I,lung_G,4,tcp_cluster_thr,1.0,1.0,1.0,1.0,0.0,4.0,0.0,30,2665,
emb_scgpt,18,1,lung_H,lung_I,lung_G,4,cell_pooled,0.878394867175491,0.8948645369995957,0.6,0.75,0.13333333333333333,1.4281477220322782,0.0,30,2473,0.8931698774080561
emb_scgpt,18,1,lung_H,lung_I,lung_G,4,classwise,0.8403397091330239,0.8548321876263647,0.6,0.6462837837837838,0.26666666666666666,1.570568547452595,0.0,30,2473,
emb_scgpt,18,1,lung_H,lung_I,lung_G,4,donor_weighted,0.8517704691305519,0.8689850384148807,0.6,0.7438524590163935,0.2,1.3157453274530977,0.0,30,2473,
emb_scgpt,18,1,lung_H,lung_I,lung_G,4,donor_crc,0.8948308354512794,0.9126566922765872,0.6,0.7821428571428571,0.13333333333333333,1.5629075234708798,0.0,30,2473,
emb_scgpt,18,1,lung_H,lung_I,lung_G,4,tcp_standard_thr,0.878394867175491,0.8948645369995957,0.6,0.75,0.13333333333333333,1.4281477220322782,0.0,30,2473,
emb_scgpt,18,1,lung_H,lung_I,lung_G,4,tcp_standard_aps,0.878071213251944,0.8924383340072786,0.6,0.7821428571428571,0.13333333333333333,1.5090405356725194,0.009704811969268095,30,2473,
emb_scgpt,18,1,lung_H,lung_I,lung_G,4,tcp_classwise_thr,0.8403397091330239,0.8548321876263647,0.6,0.6462837837837838,0.26666666666666666,1.570568547452595,0.0,30,2473,
emb_scgpt,18,1,lung_H,lung_I,lung_G,4,tcp_cluster_thr,1.0,1.0,1.0,1.0,0.0,4.0,0.0,30,2473,
emb_scgpt,19,0,lung_H,lung_E,lung_I,4,cell_pooled,0.8786293061827568,0.8756841282251759,0.6666666666666666,0.7461111111111112,0.23333333333333334,1.2513415799124294,0.0,30,1279,0.9096325719960278
emb_scgpt,19,0,lung_H,lung_E,lung_I,4,classwise,0.8454275233688774,0.8170445660672401,0.45384615384615384,0.7128571428571429,0.36666666666666664,1.1871641058727285,0.02111024237685692,30,1279,
emb_scgpt,19,0,lung_H,lung_E,lung_I,4,donor_weighted,0.8786293061827568,0.8756841282251759,0.6666666666666666,0.7461111111111112,0.23333333333333334,1.2513415799124294,0.0,30,1279,
emb_scgpt,19,0,lung_H,lung_E,lung_I,4,donor_crc,0.9042061138595765,0.9046129788897577,0.7619047619047619,0.7804878048780488,0.16666666666666666,1.43420689958209,0.0,30,1279,
emb_scgpt,19,0,lung_H,lung_E,lung_I,4,tcp_standard_thr,0.8786293061827568,0.8756841282251759,0.6666666666666666,0.7461111111111112,0.23333333333333334,1.2513415799124294,0.0,30,1279,
emb_scgpt,19,0,lung_H,lung_E,lung_I,4,tcp_standard_aps,0.8855585869379782,0.887412040656763,0.6190476190476191,0.7852251407129456,0.13333333333333333,1.4448261648970195,0.014073494917904612,30,1279,
emb_scgpt,19,0,lung_H,lung_E,lung_I,4,tcp_classwise_thr,0.8454275233688774,0.8170445660672401,0.45384615384615384,0.7128571428571429,0.36666666666666664,1.1871641058727285,0.02111024237685692,30,1279,
emb_scgpt,19,0,lung_H,lung_E,lung_I,4,tcp_cluster_thr,0.8938928635168157,0.8913213448006255,0.7708333333333334,0.7913461538461538,0.13333333333333333,1.265168935326141,0.0,30,1279,
emb_scgpt,19,1,lung_H,lung_E,lung_I,4,cell_pooled,0.8551002420387555,0.8316412859560067,0.4666666666666667,0.7130699088145896,0.36666666666666664,1.212687567270684,0.0,30,1182,0.8818272095332671
emb_scgpt,19,1,lung_H,lung_E,lung_I,4,classwise,0.8331974914903455,0.7884940778341794,0.28,0.5784994400895856,0.2,1.1794024936159628,0.0194585448392555,30,1182,
emb_scgpt,19,1,lung_H,lung_E,lung_I,4,donor_weighted,0.8551002420387555,0.8316412859560067,0.4666666666666667,0.7130699088145896,0.36666666666666664,1.212687567270684,0.0,30,1182,
emb_scgpt,19,1,lung_H,lung_E,lung_I,4,donor_crc,0.8874060062221389,0.868020304568528,0.6,0.7703457446808512,0.2,1.3500090846584465,0.0,30,1182,
emb_scgpt,19,1,lung_H,lung_E,lung_I,4,tcp_standard_thr,0.8551002420387555,0.8316412859560067,0.4666666666666667,0.7130699088145896,0.36666666666666664,1.212687567270684,0.0,30,1182,
emb_scgpt,19,1,lung_H,lung_E,lung_I,4,tcp_standard_aps,0.8686195397834308,0.8409475465313029,0.5066666666666667,0.7629466077880369,0.23333333333333334,1.3365737076745041,0.02030456852791878,30,1182,
emb_scgpt,19,1,lung_H,lung_E,lung_I,4,tcp_classwise_thr,0.8331974914903455,0.7884940778341794,0.28,0.5784994400895856,0.2,1.1794024936159628,0.0194585448392555,30,1182,
emb_scgpt,19,1,lung_H,lung_E,lung_I,4,tcp_cluster_thr,0.860470372192309,0.8426395939086294,0.32,0.713588850174216,0.3,2.0550484395918165,0.0,30,1182,
emb_scgpt,20,0,lung_I,lung_F,lung_G,6,cell_pooled,0.9098767921408083,0.9091915836101883,0.7954545454545454,0.8426195426195426,0.03333333333333333,0.9453866679013927,0.06016980435585087,30,2709,0.8950511945392492
emb_scgpt,20,0,lung_I,lung_F,lung_G,6,classwise,0.8937886009357527,0.9014396456256921,0.6,0.8253852080123267,0.06666666666666667,0.9374235048343719,0.056847545219638244,30,2709,
emb_scgpt,20,0,lung_I,lung_F,lung_G,6,donor_weighted,0.9224014696211493,0.923218899963086,0.8,0.8746928746928747,0.0,0.9638910681767183,0.03875968992248062,30,2709,
emb_scgpt,20,0,lung_I,lung_F,lung_G,6,donor_crc,0.9363333256572023,0.937984496124031,0.8,0.8922661122661123,0.0,0.9919636962859393,0.008859357696566999,30,2709,
emb_scgpt,20,0,lung_I,lung_F,lung_G,6,tcp_standard_thr,0.9098767921408083,0.9091915836101883,0.7954545454545454,0.8426195426195426,0.03333333333333333,0.9453866679013927,0.06016980435585087,30,2709,
emb_scgpt,20,0,lung_I,lung_F,lung_G,6,tcp_standard_aps,0.9064413566956936,0.9036544850498339,0.8,0.8657142857142858,0.0,0.9828517733789581,0.053156146179401995,30,2709,
emb_scgpt,20,0,lung_I,lung_F,lung_G,6,tcp_classwise_thr,0.8937886009357527,0.9014396456256921,0.6,0.8253852080123267,0.06666666666666667,0.9374235048343719,0.056847545219638244,30,2709,
emb_scgpt,20,0,lung_I,lung_F,lung_G,6,tcp_cluster_thr,0.9082021831776866,0.9136212624584718,0.6,0.856503198294243,0.06666666666666667,1.9253225709559239,0.0,30,2709,
emb_scgpt,20,1,lung_I,lung_F,lung_G,6,cell_pooled,0.8817503118448784,0.8785664578983995,0.6637168141592921,0.7718696397941681,0.13333333333333333,0.9219051373288062,0.07933194154488518,30,2874,0.9236172080772608
emb_scgpt,20,1,lung_I,lung_F,lung_G,6,classwise,0.8418767880071364,0.8479471120389701,0.584070796460177,0.7568181818181818,0.2,0.9081231005860243,0.08629088378566457,30,2874,
emb_scgpt,20,1,lung_I,lung_F,lung_G,6,donor_weighted,0.8817503118448784,0.8785664578983995,0.6637168141592921,0.7718696397941681,0.13333333333333333,0.9219051373288062,0.07933194154488518,30,2874,
emb_scgpt,20,1,lung_I,lung_F,lung_G,6,donor_crc,0.9039790351065681,0.9036186499652052,0.6991150442477876,0.8165523156089194,0.03333333333333333,0.9596636264068046,0.04488517745302714,30,2874,
emb_scgpt,20,1,lung_I,lung_F,lung_G,6,tcp_standard_thr,0.8817503118448784,0.8785664578983995,0.6637168141592921,0.7718696397941681,0.13333333333333333,0.9219051373288062,0.07933194154488518,30,2874,
emb_scgpt,20,1,lung_I,lung_F,lung_G,6,tcp_standard_aps,0.8766290556953923,0.8771746694502436,0.7256637168141593,0.8106821106821107,0.03333333333333333,0.9729377984579257,0.06958942240779402,30,2874,
emb_scgpt,20,1,lung_I,lung_F,lung_G,6,tcp_classwise_thr,0.8418767880071364,0.8479471120389701,0.584070796460177,0.7568181818181818,0.2,0.9081231005860243,0.08629088378566457,30,2874,
emb_scgpt,20,1,lung_I,lung_F,lung_G,6,tcp_cluster_thr,0.8559725626467869,0.8643006263048016,0.584070796460177,0.7869402985074626,0.2,1.8907259230665228,0.0,30,2874,
emb_scgpt,21,0,lung_H,lung_I,lung_E,4,cell_pooled,0.9669165761655989,0.9672293942403177,0.8656716417910447,0.9263736263736264,0.0,1.5655894436924085,0.0,27,2014,0.8998178506375227
emb_scgpt,21,0,lung_H,lung_I,lung_E,4,classwise,0.8205784559907118,0.8282025819265144,0.6461538461538462,0.6905359565807327,0.4074074074074074,1.39999250795679,0.0,27,2014,
emb_scgpt,21,0,lung_H,lung_I,lung_E,4,donor_weighted,0.9599138454895346,0.9602780536246276,0.8656716417910447,0.9196196660482374,0.0,1.5238163584461202,0.0,27,2014,
emb_scgpt,21,0,lung_H,lung_I,lung_E,4,donor_crc,0.972951894036635,0.9731876861966237,0.8805970149253731,0.9345054945054945,0.0,1.6067204058012219,0.0,27,2014,
emb_scgpt,21,0,lung_H,lung_I,lung_E,4,tcp_standard_thr,0.9669165761655989,0.9672293942403177,0.8656716417910447,0.9263736263736264,0.0,1.5655894436924085,0.0,27,2014,
emb_scgpt,21,0,lung_H,lung_I,lung_E,4,tcp_standard_aps,0.961304745666393,0.9612711022840119,0.8656716417910447,0.9085314685314685,0.0,1.5648936607428667,0.0004965243296921549,27,2014,
emb_scgpt,21,0,lung_H,lung_I,lung_E,4,tcp_classwise_thr,0.8205784559907118,0.8282025819265144,0.6461538461538462,0.6905359565807327,0.4074074074074074,1.39999250795679,0.0,27,2014,
emb_scgpt,21,0,lung_H,lung_I,lung_E,4,tcp_cluster_thr,1.0,1.0,1.0,1.0,0.0,4.0,0.0,27,2014,
emb_scgpt,21,1,lung_H,lung_I,lung_E,4,cell_pooled,0.9419151414450647,0.9443892750744787,0.8,0.8712686567164178,0.0,1.348519867538888,0.0,27,2014,0.9017857142857143
emb_scgpt,21,1,lung_H,lung_I,lung_E,4,classwise,0.767605312938573,0.7795431976166832,0.5909090909090909,0.6222732491389208,0.6296296296296297,1.2571109939212757,0.0,27,2014,
emb_scgpt,21,1,lung_H,lung_I,lung_E,4,donor_weighted,0.9262101209003428,0.9280039721946375,0.7692307692307693,0.8545842217484009,0.037037037037037035,1.2808812226928739,0.0,27,2014,
emb_scgpt,21,1,lung_H,lung_I,lung_E,4,donor_crc,0.9535680612093552,0.9553128103277061,0.8307692307692308,0.8840569877883311,0.0,1.4253350283813861,0.0,27,2014,
emb_scgpt,21,1,lung_H,lung_I,lung_E,4,tcp_standard_thr,0.9419151414450647,0.9443892750744787,0.8,0.8712686567164178,0.0,1.348519867538888,0.0,27,2014,
emb_scgpt,21,1,lung_H,lung_I,lung_E,4,tcp_standard_aps,0.9162348229116053,0.9185700099304865,0.7538461538461538,0.8494308120414875,0.037037037037037035,1.319401810753561,0.012909632571996028,27,2014,
emb_scgpt,21,1,lung_H,lung_I,lung_E,4,tcp_classwise_thr,0.767605312938573,0.7795431976166832,0.5909090909090909,0.6222732491389208,0.6296296296296297,1.2571109939212757,0.0,27,2014,
emb_scgpt,21,1,lung_H,lung_I,lung_E,4,tcp_cluster_thr,1.0,1.0,1.0,1.0,0.0,4.0,0.0,27,2014,
emb_scgpt,22,0,lung_E,lung_C,lung_F,3,cell_pooled,0.9530966195721862,0.9424749163879599,0.5964912280701754,0.8987179487179487,0.06666666666666667,0.9530966195721862,0.05752508361204013,30,1495,0.9169960474308301
emb_scgpt,22,0,lung_E,lung_C,lung_F,3,classwise,0.9682508084310301,0.9578595317725752,0.7796610169491526,0.9380566801619433,0.03333333333333333,0.9682508084310301,0.042140468227424746,30,1495,
emb_scgpt,22,0,lung_E,lung_C,lung_F,3,donor_weighted,0.9462925348556955,0.9297658862876255,0.543859649122807,0.8479351032448378,0.06666666666666667,0.9462925348556955,0.07023411371237458,30,1495,
emb_scgpt,22,0,lung_E,lung_C,lung_F,3,donor_crc,0.9705769550492044,0.9618729096989966,0.6842105263157895,0.9453715775749674,0.06666666666666667,0.9705769550492044,0.03812709030100334,30,1495,
emb_scgpt,22,0,lung_E,lung_C,lung_F,3,tcp_standard_thr,0.9530966195721862,0.9424749163879599,0.5964912280701754,0.8987179487179487,0.06666666666666667,0.9530966195721862,0.05752508361204013,30,1495,
emb_scgpt,22,0,lung_E,lung_C,lung_F,3,tcp_standard_aps,0.895465705333935,0.8969899665551839,0.5,0.8181818181818182,0.03333333333333333,0.9039689692538675,0.10167224080267559,30,1495,
emb_scgpt,22,0,lung_E,lung_C,lung_F,3,tcp_classwise_thr,0.9682508084310301,0.9578595317725752,0.7796610169491526,0.9380566801619433,0.03333333333333333,0.9682508084310301,0.042140468227424746,30,1495,
emb_scgpt,22,0,lung_E,lung_C,lung_F,3,tcp_cluster_thr,0.9635738980034455,0.9538461538461539,0.6610169491525424,0.932781954887218,0.03333333333333333,0.9635738980034455,0.046153846153846156,30,1495,
emb_scgpt,22,1,lung_E,lung_C,lung_F,3,cell_pooled,0.9519136165878325,0.9430508474576271,0.5964912280701754,0.8987179487179487,0.06666666666666667,0.9519136165878325,0.05694915254237288,30,1475,0.8972332015810277
emb_scgpt,22,1,lung_E,lung_C,lung_F,3,classwise,0.9591234300046296,0.9457627118644067,0.7796610169491526,0.8245376955903272,0.03333333333333333,0.9591234300046296,0.05423728813559322,30,1475,
emb_scgpt,22,1,lung_E,lung_C,lung_F,3,donor_weighted,0.9449622548784664,0.9328813559322033,0.5263157894736842,0.867948717948718,0.06666666666666667,0.9449622548784664,0.0671186440677966,30,1475,
emb_scgpt,22,1,lung_E,lung_C,lung_F,3,donor_crc,0.9682088358820633,0.9593220338983051,0.6842105263157895,0.944157002676182,0.06666666666666667,0.9682088358820633,0.04067796610169491,30,1475,
emb_scgpt,22,1,lung_E,lung_C,lung_F,3,tcp_standard_thr,0.9519136165878325,0.9430508474576271,0.5964912280701754,0.8987179487179487,0.06666666666666667,0.9519136165878325,0.05694915254237288,30,1475,
emb_scgpt,22,1,lung_E,lung_C,lung_F,3,tcp_standard_aps,0.8796822264237618,0.8969491525423728,0.0,0.8273405698778833,0.03333333333333333,0.8910053669693581,0.10101694915254238,30,1475,
emb_scgpt,22,1,lung_E,lung_C,lung_F,3,tcp_classwise_thr,0.9591234300046296,0.9457627118644067,0.7796610169491526,0.8245376955903272,0.03333333333333333,0.9591234300046296,0.05423728813559322,30,1475,
emb_scgpt,22,1,lung_E,lung_C,lung_F,3,tcp_cluster_thr,0.9528881441975663,0.9389830508474576,0.6610169491525424,0.8403271692745377,0.06666666666666667,0.9528881441975663,0.061016949152542375,30,1475,
emb_scgpt,23,0,lung_E,lung_H,lung_G,5,cell_pooled,0.7043815672156633,0.7321620652563643,0.2,0.5674358974358974,0.7,0.8221073434591003,0.18321979204015776,30,2789,0.8875154511742892
emb_scgpt,23,0,lung_E,lung_H,lung_G,5,classwise,0.5754255304443144,0.60021513087128,0.2,0.37461538461538463,0.9,1.412375448709971,0.026532807457870206,30,2789,
emb_scgpt,23,0,lung_E,lung_H,lung_G,5,donor_weighted,0.7194343241176172,0.746862674793833,0.2,0.5674358974358974,0.6666666666666666,0.8439783685397424,0.16063105055575475,30,2789,
emb_scgpt,23,0,lung_E,lung_H,lung_G,5,donor_crc,0.9280305979560617,0.9530297597705271,0.4,0.8846000993541977,0.06666666666666667,1.4008743611377432,0.0,30,2789,
emb_scgpt,23,0,lung_E,lung_H,lung_G,5,tcp_standard_thr,0.7043815672156633,0.7321620652563643,0.2,0.5674358974358974,0.7,0.8221073434591003,0.18321979204015776,30,2789,
emb_scgpt,23,0,lung_E,lung_H,lung_G,5,tcp_standard_aps,0.8655280144604205,0.8906418070993187,0.4,0.8017386984600099,0.1,1.1808861983417094,0.026891358910003587,30,2789,
emb_scgpt,23,0,lung_E,lung_H,lung_G,5,tcp_classwise_thr,0.5754255304443144,0.60021513087128,0.2,0.37461538461538463,0.9,1.412375448709971,0.026532807457870206,30,2789,
emb_scgpt,23,0,lung_E,lung_H,lung_G,5,tcp_cluster_thr,1.0,1.0,1.0,1.0,0.0,5.0,0.0,30,2789,
emb_scgpt,23,1,lung_E,lung_H,lung_G,5,cell_pooled,0.7396935251404115,0.7523809523809524,0.5512820512820513,0.6140643071940782,0.6666666666666666,0.8228914463326477,0.17346938775510204,30,2940,0.899876390605686
emb_scgpt,23,1,lung_E,lung_H,lung_G,5,classwise,0.630624259106799,0.6445578231292517,0.358974358974359,0.4412331180270112,0.8333333333333334,1.3930484968361376,0.02857142857142857,30,2940,
emb_scgpt,23,1,lung_E,lung_H,lung_G,5,donor_weighted,0.7594174449302221,0.7727891156462585,0.5692307692307692,0.6352214452214452,0.6333333333333333,0.85054890699046,0.145578231292517,30,2940,
emb_scgpt,23,1,lung_E,lung_H,lung_G,5,donor_crc,0.9553259163647003,0.9622448979591837,0.6923076923076923,0.9049211207911467,0.03333333333333333,1.4192577632413708,0.0,30,2940,
emb_scgpt,23,1,lung_E,lung_H,lung_G,5,tcp_standard_thr,0.7396935251404115,0.7523809523809524,0.5512820512820513,0.6140643071940782,0.6666666666666666,0.8228914463326477,0.17346938775510204,30,2940,
emb_scgpt,23,1,lung_E,lung_H,lung_G,5,tcp_standard_aps,0.9048622468538591,0.9132653061224489,0.6307692307692307,0.8426889569107605,0.06666666666666667,1.1982415480012587,0.022789115646258504,30,2940,
emb_scgpt,23,1,lung_E,lung_H,lung_G,5,tcp_classwise_thr,0.630624259106799,0.6445578231292517,0.358974358974359,0.4412331180270112,0.8333333333333334,1.3930484968361376,0.02857142857142857,30,2940,
emb_scgpt,23,1,lung_E,lung_H,lung_G,5,tcp_cluster_thr,1.0,1.0,1.0,1.0,0.0,5.0,0.0,30,2940,
