embedding,rep,reference,calibration,target,method,donor_mean_coverage,cell_pooled_coverage,donor_min_coverage,donor_q10_coverage,frac_donors_poorly_covered,mean_set_size,frac_empty_sets,n_donors,n_cells,reported_random_split_coverage
emb_tf-sapiens,0,blood_A,blood_B,blood_C,cell_pooled,0.4869313142641404,0.48592999313658203,0.23648648648648649,0.3230166549378372,1.0,0.49039402835737345,0.5106382978723404,30,4371,0.9090909090909091
emb_tf-sapiens,0,blood_A,blood_B,blood_C,donor_weighted,0.502488922965051,0.5014870738961336,0.25,0.3305840957072484,1.0,0.5064037443379775,0.4946236559139785,30,4371,
emb_tf-sapiens,0,blood_A,blood_B,blood_C,donor_crc,0.6815585914855486,0.6808510638297872,0.36486486486486486,0.5264475524475524,0.7666666666666667,0.6902900144235659,0.3104552733928163,30,4371,
emb_tf-sapiens,1,blood_A,blood_C,blood_B,cell_pooled,0.9471464583893833,0.9494252873563218,0.8333333333333334,0.879797443935375,0.0,0.9859113535468673,0.013537675606641124,30,3915,0.8964888280893752
emb_tf-sapiens,1,blood_A,blood_C,blood_B,donor_weighted,0.9471464583893833,0.9494252873563218,0.8333333333333334,0.879797443935375,0.0,0.9859113535468673,0.013537675606641124,30,3915,
emb_tf-sapiens,1,blood_A,blood_C,blood_B,donor_crc,0.9509712691916057,0.9532567049808429,0.8478260869565217,0.8874029418857005,0.0,0.9939439793744159,0.006130268199233717,30,3915,
emb_tf-sapiens,2,blood_B,blood_A,blood_C,cell_pooled,0.8153393896108719,0.8147810218978102,0.43243243243243246,0.6965986394557824,0.36666666666666664,1.3537284044491782,0.0,30,4384,0.8964565117349287
emb_tf-sapiens,2,blood_B,blood_A,blood_C,donor_weighted,0.8144276583236093,0.8138686131386861,0.43243243243243246,0.6965986394557824,0.36666666666666664,1.3503062163467827,0.0,30,4384,
emb_tf-sapiens,2,blood_B,blood_A,blood_C,donor_crc,0.8590323063995664,0.8585766423357665,0.5135135135135135,0.7727891156462585,0.23333333333333334,1.624971484488322,0.0,30,4384,
emb_tf-sapiens,3,blood_B,blood_C,blood_A,cell_pooled,0.909066033763125,0.9092375028795209,0.7887323943661971,0.8304048064611445,0.03333333333333333,1.6557574973831977,0.0,30,4341,0.8916934373565856
emb_tf-sapiens,3,blood_B,blood_C,blood_A,donor_weighted,0.909066033763125,0.9092375028795209,0.7887323943661971,0.8304048064611445,0.03333333333333333,1.6532137822916875,0.0,30,4341,
emb_tf-sapiens,3,blood_B,blood_C,blood_A,donor_crc,0.935555099024347,0.9357290946786455,0.823943661971831,0.8721223895094705,0.0,1.8602627006346422,0.0,30,4341,
emb_tf-sapiens,4,blood_C,blood_A,blood_B,cell_pooled,0.8902563596139798,0.8994049305752337,0.6159420289855072,0.7826335877862596,0.13333333333333333,0.9667238242254719,0.029753471238311135,30,3529,0.9079613437643811
emb_tf-sapiens,4,blood_C,blood_A,blood_B,donor_weighted,0.8902563596139798,0.8994049305752337,0.6159420289855072,0.7826335877862596,0.13333333333333333,0.9667238242254719,0.029753471238311135,30,3529,
emb_tf-sapiens,4,blood_C,blood_A,blood_B,donor_crc,0.9031336165873243,0.9121564182487957,0.6304347826086957,0.7895038167938931,0.13333333333333333,0.9894286147564496,0.009634457353357892,30,3529,
emb_tf-sapiens,5,blood_C,blood_B,blood_A,cell_pooled,0.5482922300698722,0.5480082892010131,0.2676056338028169,0.32495863210148923,1.0,0.5682405651062236,0.43218973060096705,30,4343,0.8918067226890757
emb_tf-sapiens,5,blood_C,blood_B,blood_A,donor_weighted,0.5533261270196831,0.553073912042367,0.2746478873239437,0.32845725702868556,1.0,0.5735012194256489,0.42689385217591524,30,4343,
emb_tf-sapiens,5,blood_C,blood_B,blood_A,donor_crc,0.7556308179471035,0.7559290812802211,0.5422535211267606,0.5825023896966344,0.5666666666666667,0.7822907712024793,0.2175915265945199,30,4343,
emb_tf-sapiens,6,blood_A,blood_B,blood_C,cell_pooled,0.8685972093837542,0.868451155342027,0.7379310344827587,0.7864722222222222,0.16666666666666666,0.8963010896099948,0.10386639212994737,30,4371,0.9007276507276507
emb_tf-sapiens,6,blood_A,blood_B,blood_C,donor_weighted,0.8884327244331894,0.8883550674902768,0.785234899328859,0.8191326530612245,0.06666666666666667,0.9213567582772199,0.07870052619537864,30,4371,
emb_tf-sapiens,6,blood_A,blood_B,blood_C,donor_crc,0.9641071175254027,0.9640814458933883,0.9310344827586207,0.9442223786066151,0.0,1.077488723567857,0.0,30,4371,
emb_tf-sapiens,7,blood_A,blood_C,blood_B,cell_pooled,0.8833485568780725,0.8913719943422914,0.75,0.8076560395150427,0.1,0.9775884517156433,0.021216407355021217,30,3535,0.9129239230064161
emb_tf-sapiens,7,blood_A,blood_C,blood_B,donor_weighted,0.8833485568780725,0.8913719943422914,0.75,0.8076560395150427,0.1,0.9775884517156433,0.021216407355021217,30,3535,
emb_tf-sapiens,7,blood_A,blood_C,blood_B,donor_crc,0.8924808371172652,0.9007072135785007,0.75,0.8225874125874125,0.06666666666666667,0.9937356260176766,0.004809052333804809,30,3535,
emb_tf-sapiens,8,blood_B,blood_A,blood_C,cell_pooled,0.8575396772710104,0.8577635490509947,0.673469387755102,0.7628424657534246,0.2,1.8489229057394467,0.0,30,4373,0.9050691244239631
emb_tf-sapiens,8,blood_B,blood_A,blood_C,donor_weighted,0.8570907383992528,0.8573061971186828,0.673469387755102,0.7628424657534246,0.23333333333333334,1.8464282375114631,0.0,30,4373,
emb_tf-sapiens,8,blood_B,blood_A,blood_C,donor_crc,0.8868290240372312,0.8870340727189573,0.7103448275862069,0.8071175399942523,0.1,2.068909589156663,0.0,30,4373,
emb_tf-sapiens,9,blood_B,blood_C,blood_A,cell_pooled,0.951149996700999,0.9512643678160919,0.8413793103448276,0.8911364740165129,0.0,2.3967255802836145,0.0,30,4350,0.9124087591240876
emb_tf-sapiens,9,blood_B,blood_C,blood_A,donor_weighted,0.951149996700999,0.9512643678160919,0.8413793103448276,0.8911364740165129,0.0,2.391430043927803,0.0,30,4350,
emb_tf-sapiens,9,blood_B,blood_C,blood_A,donor_crc,0.9693469378167844,0.9694252873563218,0.8689655172413793,0.9158450704225352,0.0,2.7366148353290343,0.0,30,4350,
emb_tf-sapiens,10,blood_C,blood_A,blood_B,cell_pooled,0.8895919293335319,0.8968443383717847,0.6818181818181818,0.821628582749967,0.1,0.9696441913458408,0.02916998143728454,30,3771,0.9169741697416974
emb_tf-sapiens,10,blood_C,blood_A,blood_B,donor_weighted,0.8895919293335319,0.8968443383717847,0.6818181818181818,0.821628582749967,0.1,0.9696441913458408,0.02916998143728454,30,3771,
emb_tf-sapiens,10,blood_C,blood_A,blood_B,donor_crc,0.9031411787244864,0.9103686024927075,0.6818181818181818,0.8313509499350208,0.1,0.9993097413960723,0.0005303632988597189,30,3771,
emb_tf-sapiens,11,blood_C,blood_B,blood_A,cell_pooled,0.947966746846291,0.9481841313902383,0.8732394366197183,0.9136696893690913,0.0,1.0129745389721143,0.0,30,4323,0.8917847025495751
emb_tf-sapiens,11,blood_C,blood_B,blood_A,donor_weighted,0.9653848304812946,0.9655331945408281,0.9084507042253521,0.9329069298952458,0.0,1.080696360693774,0.0,30,4323,
emb_tf-sapiens,11,blood_C,blood_B,blood_A,donor_crc,0.9883718262744724,0.9884339578996068,0.9452054794520548,0.9713040480646115,0.0,1.603323361409202,0.0,30,4323,
emb_tf-sapiens,12,blood_A,blood_B,blood_C,cell_pooled,0.5475328867441573,0.5473204104903079,0.18620689655172415,0.42535269141213533,0.9666666666666667,0.5630789139246414,0.43717217787913343,30,4385,0.9148712559117184
emb_tf-sapiens,12,blood_A,blood_B,blood_C,donor_weighted,0.5613564789298036,0.5612314709236031,0.19310344827586207,0.44897959183673475,0.9666666666666667,0.5780474465409423,0.42212086659064996,30,4385,
emb_tf-sapiens,12,blood_A,blood_B,blood_C,donor_crc,0.7056889901604895,0.7060433295324972,0.33793103448275863,0.592632797799971,0.7333333333333333,0.735214055985258,0.2645381984036488,30,4385,
emb_tf-sapiens,13,blood_A,blood_C,blood_B,cell_pooled,0.9373326837595446,0.9466630196936543,0.6216216216216216,0.8700466200466201,0.03333333333333333,0.9863783577763168,0.012855579868708972,30,3656,0.9106324472960586
emb_tf-sapiens,13,blood_A,blood_C,blood_B,donor_weighted,0.9373326837595446,0.9466630196936543,0.6216216216216216,0.8700466200466201,0.03333333333333333,0.9863783577763168,0.012855579868708972,30,3656,
emb_tf-sapiens,13,blood_A,blood_C,blood_B,donor_crc,0.9425247409407744,0.9521334792122538,0.6351351351351351,0.8893034825870647,0.03333333333333333,0.9977676471505039,0.002188183807439825,30,3656,
emb_tf-sapiens,14,blood_B,blood_A,blood_C,cell_pooled,0.8534189652035047,0.8535804163806909,0.6551724137931034,0.7964490095377843,0.1,1.4513170125103876,0.0,30,4371,0.9090909090909091
emb_tf-sapiens,14,blood_B,blood_A,blood_C,donor_weighted,0.8534189652035047,0.8535804163806909,0.6551724137931034,0.7964490095377843,0.1,1.4513170125103876,0.0,30,4371,
emb_tf-sapiens,14,blood_B,blood_A,blood_C,donor_crc,0.9087758958445576,0.9089453214367421,0.8,0.8438210434275721,0.0,1.780037055600699,0.0,30,4371,
emb_tf-sapiens,15,blood_B,blood_C,blood_A,cell_pooled,0.8831606935757195,0.8831258644536653,0.7676056338028169,0.7966360704539817,0.13333333333333333,2.9699952366759743,0.0,30,4338,0.9092575618698442
emb_tf-sapiens,15,blood_B,blood_C,blood_A,donor_weighted,0.8827009234607771,0.8826648224988474,0.7676056338028169,0.7915708812260537,0.16666666666666666,2.9683938712045768,0.0,30,4338,
emb_tf-sapiens,15,blood_B,blood_C,blood_A,donor_crc,0.9220973281121527,0.9220839096357769,0.823943661971831,0.8544827586206897,0.0,3.316811497004981,0.0,30,4338,
emb_tf-sapiens,16,blood_C,blood_A,blood_B,cell_pooled,0.9144744791258765,0.9190824300478951,0.71875,0.8452041154995021,0.03333333333333333,0.980106377504526,0.019662213259389966,30,3967,0.9045871559633027
emb_tf-sapiens,16,blood_C,blood_A,blood_B,donor_weighted,0.9144744791258765,0.9190824300478951,0.71875,0.8452041154995021,0.03333333333333333,0.980106377504526,0.019662213259389966,30,3967,
emb_tf-sapiens,16,blood_C,blood_A,blood_B,donor_crc,0.9248726397304083,0.9289135366775901,0.75,0.8562111801242236,0.03333333333333333,0.9973157553148649,0.0027728762288883285,30,3967,
emb_tf-sapiens,17,blood_C,blood_B,blood_A,cell_pooled,0.8848836775891804,0.8851102941176471,0.7464788732394366,0.8177721088435373,0.06666666666666667,0.9172729181709633,0.08249080882352941,30,4352,0.9057539682539683
emb_tf-sapiens,17,blood_C,blood_B,blood_A,donor_weighted,0.8848836775891804,0.8851102941176471,0.7464788732394366,0.8177721088435373,0.06666666666666667,0.9172729181709633,0.08249080882352941,30,4352,
emb_tf-sapiens,17,blood_C,blood_B,blood_A,donor_crc,0.9481572865789687,0.9482996323529411,0.8819444444444444,0.8938184663536777,0.0,1.0096947506121847,0.0,30,4352,
emb_tf-sapiens,18,blood_A,blood_B,blood_C,cell_pooled,0.692239686806919,0.6922199406798996,0.3310810810810811,0.5285866925692083,0.8333333333333334,0.6968035454807389,0.30321697467488024,30,4383,0.9041305456399796
emb_tf-sapiens,18,blood_A,blood_B,blood_C,donor_weighted,0.7040673839768501,0.704083960757472,0.35135135135135137,0.5553181155900924,0.8,0.7088611277081414,0.2911248003650468,30,4383,
emb_tf-sapiens,18,blood_A,blood_B,blood_C,donor_crc,0.9017172725484379,0.9016655258955054,0.7297297297297297,0.8274942528735633,0.03333333333333333,0.9293620516174632,0.07072781200091262,30,4383,
emb_tf-sapiens,19,blood_A,blood_C,blood_B,cell_pooled,0.9499330015388732,0.9533527696793003,0.7407407407407407,0.8712301782724318,0.03333333333333333,1.0080758432353907,0.0,30,3773,0.894712643678161
emb_tf-sapiens,19,blood_A,blood_C,blood_B,donor_weighted,0.9499330015388732,0.9533527696793003,0.7407407407407407,0.8712301782724318,0.03333333333333333,1.0080758432353907,0.0,30,3773,
emb_tf-sapiens,19,blood_A,blood_C,blood_B,donor_crc,0.9525646047357295,0.956268221574344,0.7407407407407407,0.8782675071407466,0.03333333333333333,1.0161718984469184,0.0,30,3773,
emb_tf-sapiens,20,blood_B,blood_A,blood_C,cell_pooled,0.8792699737548554,0.8791885115112833,0.7687074829931972,0.7885824600110314,0.16666666666666666,3.150092739097903,0.0,30,4387,0.9108956602031394
emb_tf-sapiens,20,blood_B,blood_A,blood_C,donor_weighted,0.8792699737548554,0.8791885115112833,0.7687074829931972,0.7885824600110314,0.16666666666666666,3.150092739097903,0.0,30,4387,
emb_tf-sapiens,20,blood_B,blood_A,blood_C,donor_crc,0.9111834710899812,0.9111009801686802,0.8027210884353742,0.8445945945945946,0.0,3.4143493011304487,0.0,30,4387,
emb_tf-sapiens,21,blood_B,blood_C,blood_A,cell_pooled,0.9608720744560261,0.9607299607299608,0.8888888888888888,0.9231292517006803,0.0,2.281199833366662,0.0,30,4329,0.9016918152720622
emb_tf-sapiens,21,blood_B,blood_C,blood_A,donor_weighted,0.9601870572470363,0.96003696003696,0.8888888888888888,0.9231292517006803,0.0,2.2775046654299285,0.0,30,4329,
emb_tf-sapiens,21,blood_B,blood_C,blood_A,donor_crc,0.9734994295262098,0.9734349734349734,0.9251700680272109,0.9377178268567701,0.0,2.484181639698551,0.0,30,4329,
emb_tf-sapiens,22,blood_C,blood_A,blood_B,cell_pooled,0.9179689758131004,0.92849548112706,0.7045454545454546,0.8299034299034299,0.06666666666666667,0.9767654074936929,0.019138755980861243,30,3762,0.9017980636237898
emb_tf-sapiens,22,blood_C,blood_A,blood_B,donor_weighted,0.9179689758131004,0.92849548112706,0.7045454545454546,0.8299034299034299,0.06666666666666667,0.9767654074936929,0.019138755980861243,30,3762,
emb_tf-sapiens,22,blood_C,blood_A,blood_B,donor_crc,0.9280176374565389,0.937799043062201,0.75,0.8424908424908425,0.06666666666666667,0.9967462950869943,0.002126528442317916,30,3762,
emb_tf-sapiens,23,blood_C,blood_B,blood_A,cell_pooled,0.8639306483022051,0.8641066911933778,0.7394366197183099,0.7680021367521368,0.2,0.8913752221811932,0.1085306967118878,30,4349,0.8805732484076433
emb_tf-sapiens,23,blood_C,blood_B,blood_A,donor_weighted,0.8807485170752802,0.8808921591170384,0.7887323943661971,0.8032282785707443,0.1,0.910725640774946,0.08921591170383997,30,4349,
emb_tf-sapiens,23,blood_C,blood_B,blood_A,donor_crc,0.9428382677737314,0.9429753966429064,0.8802816901408451,0.895810108644308,0.0,0.9976826216901477,0.002299379167624741,30,4349,
emb_tf-sapiens,24,blood_A,blood_B,blood_C,cell_pooled,0.5926808595152047,0.5919579620744803,0.32432432432432434,0.48006098991320667,0.9666666666666667,0.6004626916404879,0.4002741603838245,30,4377,0.9086320040383644
emb_tf-sapiens,24,blood_A,blood_B,blood_C,donor_weighted,0.5926808595152047,0.5919579620744803,0.32432432432432434,0.48006098991320667,0.9666666666666667,0.6004626916404879,0.4002741603838245,30,4377,
emb_tf-sapiens,24,blood_A,blood_B,blood_C,donor_crc,0.7553266580312151,0.75508339045008,0.4189189189189189,0.6761904761904762,0.6333333333333333,0.7720564868118499,0.22823851953392735,30,4377,
emb_tf-sapiens,25,blood_A,blood_C,blood_B,cell_pooled,0.9623029254413553,0.962867457452295,0.8321678321678322,0.9241625837416259,0.0,1.0043488302049108,0.0,30,3878,0.8882272102611085
emb_tf-sapiens,25,blood_A,blood_C,blood_B,donor_weighted,0.9623029254413553,0.962867457452295,0.8321678321678322,0.9241625837416259,0.0,1.0043488302049108,0.0,30,3878,
emb_tf-sapiens,25,blood_A,blood_C,blood_B,donor_crc,0.9644609670424724,0.9651882413615266,0.8391608391608392,0.933733055265902,0.0,1.0125160078916469,0.0,30,3878,
emb_tf-sapiens,26,blood_B,blood_A,blood_C,cell_pooled,0.8898783864765268,0.8892201834862385,0.6938775510204082,0.7895512517713745,0.13333333333333333,3.132211620426132,0.0,30,4360,0.8980156898938625
emb_tf-sapiens,26,blood_B,blood_A,blood_C,donor_weighted,0.8894217654719606,0.8887614678899083,0.6938775510204082,0.7833868682097308,0.13333333333333333,3.129234888636719,0.0,30,4360,
emb_tf-sapiens,26,blood_B,blood_A,blood_C,donor_crc,0.9206463242592217,0.9201834862385321,0.7210884353741497,0.8562080536912753,0.06666666666666667,3.4579296032979574,0.0,30,4360,
emb_tf-sapiens,27,blood_B,blood_C,blood_A,cell_pooled,0.9394158419752328,0.9394427814874511,0.7569444444444444,0.874748322147651,0.03333333333333333,2.3172568628953187,0.0,30,4343,0.9018348623853211
emb_tf-sapiens,27,blood_B,blood_C,blood_A,donor_weighted,0.9394158419752328,0.9394427814874511,0.7569444444444444,0.874748322147651,0.03333333333333333,2.3161229278028506,0.0,30,4343,
emb_tf-sapiens,27,blood_B,blood_C,blood_A,donor_crc,0.9576219702797016,0.9576329725995856,0.875,0.9050195749440716,0.0,2.5581100497625004,0.0,30,4343,
emb_tf-sapiens,28,blood_C,blood_A,blood_B,cell_pooled,0.9027993500334411,0.9113149847094801,0.6481481481481481,0.8298670794854002,0.06666666666666667,0.9779688129447999,0.020642201834862386,30,3924,0.890984360625575
emb_tf-sapiens,28,blood_C,blood_A,blood_B,donor_weighted,0.9027993500334411,0.9113149847094801,0.6481481481481481,0.8298670794854002,0.06666666666666667,0.9779688129447999,0.020642201834862386,30,3924,
emb_tf-sapiens,28,blood_C,blood_A,blood_B,donor_crc,0.9170896915745249,0.9248216106014271,0.6666666666666666,0.8384508621149843,0.06666666666666667,1.0045227268622847,0.0,30,3924,
emb_tf-sapiens,29,blood_C,blood_B,blood_A,cell_pooled,0.8056138606315614,0.8059838895281933,0.6438356164383562,0.6748842706589185,0.4,0.835101051014501,0.16455696202531644,30,4345,0.8920940170940171
emb_tf-sapiens,29,blood_C,blood_B,blood_A,donor_weighted,0.8509530476704964,0.8513233601841197,0.7183098591549296,0.7459568600413671,0.23333333333333334,0.8852730690635576,0.11438434982738781,30,4345,
emb_tf-sapiens,29,blood_C,blood_B,blood_A,donor_crc,0.951597482167431,0.9516685845799769,0.8972602739726028,0.9108974964572508,0.0,1.0487107693003035,0.0,30,4345,
emb_tf-sapiens,30,blood_A,blood_B,blood_C,cell_pooled,0.5860402690909862,0.585544373284538,0.30612244897959184,0.40122448979591835,0.9666666666666667,0.5934178353732142,0.4071363220494053,30,4372,0.9202551834130781
emb_tf-sapiens,30,blood_A,blood_B,blood_C,donor_weighted,0.6180670060537777,0.6175663311985361,0.35374149659863946,0.4318508092892329,0.9333333333333333,0.6261544214930598,0.3744281793229643,30,4372,
emb_tf-sapiens,30,blood_A,blood_B,blood_C,donor_crc,0.8364178609914928,0.8362305580969808,0.5714285714285714,0.7560799319727891,0.26666666666666666,0.8602993396932732,0.13998170173833485,30,4372,
emb_tf-sapiens,31,blood_A,blood_C,blood_B,cell_pooled,0.9545584292859471,0.9559270516717325,0.8601398601398601,0.8985507246376812,0.0,0.9950410879732366,0.004559270516717325,30,3948,0.895264116575592
emb_tf-sapiens,31,blood_A,blood_C,blood_B,donor_weighted,0.9545584292859471,0.9559270516717325,0.8601398601398601,0.8985507246376812,0.0,0.9950410879732366,0.004559270516717325,30,3948,
emb_tf-sapiens,31,blood_A,blood_C,blood_B,donor_crc,0.9606847424187569,0.9622593718338399,0.8601398601398601,0.9134368530020703,0.0,1.0085455934363545,0.0,30,3948,
emb_tf-sapiens,32,blood_B,blood_A,blood_C,cell_pooled,0.8313704322165713,0.8316582914572864,0.7062937062937062,0.7369270466807413,0.36666666666666664,2.482972025584546,0.0,30,4378,0.8837962962962963
emb_tf-sapiens,32,blood_B,blood_A,blood_C,donor_weighted,0.8313704322165713,0.8316582914572864,0.7062937062937062,0.7369270466807413,0.36666666666666664,2.482972025584546,0.0,30,4378,
emb_tf-sapiens,32,blood_B,blood_A,blood_C,donor_crc,0.8535653250488096,0.8538145271813613,0.7272727272727273,0.7713628899835796,0.2,2.8588338863869667,0.0,30,4378,
emb_tf-sapiens,33,blood_B,blood_C,blood_A,cell_pooled,0.9229797918506644,0.9230062054700069,0.8095238095238095,0.849765581908439,0.0,1.7857196722153512,0.0,30,4351,0.898312813497492
emb_tf-sapiens,33,blood_B,blood_C,blood_A,donor_weighted,0.9229797918506644,0.9230062054700069,0.8095238095238095,0.849765581908439,0.0,1.7847968065227466,0.0,30,4351,
emb_tf-sapiens,33,blood_B,blood_C,blood_A,donor_crc,0.9430121879839436,0.9430016088255574,0.8571428571428571,0.885034502587694,0.0,1.9766125084695634,0.0,30,4351,
emb_tf-sapiens,34,blood_C,blood_A,blood_B,cell_pooled,0.8992791600936793,0.9103187466234468,0.6521739130434783,0.7724815724815725,0.2,0.9858370441294511,0.014046461372231226,30,3702,0.9028545119705341
emb_tf-sapiens,34,blood_C,blood_A,blood_B,donor_weighted,0.8992791600936793,0.9103187466234468,0.6521739130434783,0.7724815724815725,0.2,0.9858370441294511,0.014046461372231226,30,3702,
emb_tf-sapiens,34,blood_C,blood_A,blood_B,donor_crc,0.9112181245222198,0.9222042139384117,0.6956521739130435,0.7949300699300699,0.13333333333333333,1.007281149988515,0.0,30,3702,
emb_tf-sapiens,35,blood_C,blood_B,blood_A,cell_pooled,0.8119350757798957,0.8122411412793373,0.5694444444444444,0.6977483951327009,0.43333333333333335,0.8429986911605759,0.1566958122411413,30,4346,0.9011049723756906
emb_tf-sapiens,35,blood_C,blood_B,blood_A,donor_weighted,0.894388388270701,0.8946157386102163,0.7916666666666666,0.8298317683881065,0.03333333333333333,0.947614204359116,0.05223193741371376,30,4346,
emb_tf-sapiens,35,blood_C,blood_B,blood_A,donor_crc,0.9793297763289218,0.9792913023469857,0.9246575342465754,0.9639880952380953,0.0,1.3038264060075675,0.0,30,4346,
emb_tf-sapiens,36,blood_A,blood_B,blood_C,cell_pooled,0.5683578575513972,0.5682285714285714,0.2972972972972973,0.45115177105324894,0.9666666666666667,0.5724775599883277,0.42765714285714285,30,4375,0.8895379713223579
emb_tf-sapiens,36,blood_A,blood_B,blood_C,donor_weighted,0.5594626854468668,0.5593142857142858,0.28378378378378377,0.44222378606615065,0.9666666666666667,0.5628911144185513,0.43725714285714284,30,4375,
emb_tf-sapiens,36,blood_A,blood_B,blood_C,donor_crc,0.74746313243967,0.7474285714285714,0.38513513513513514,0.656937062937063,0.7333333333333333,0.7584509242826821,0.2416,30,4375,
emb_tf-sapiens,37,blood_A,blood_C,blood_B,cell_pooled,0.9514512171788992,0.9524167292762334,0.8809523809523809,0.8918331374853113,0.0,0.9896400806745318,0.010017530678687703,30,3993,0.8817891373801917
emb_tf-sapiens,37,blood_A,blood_C,blood_B,donor_weighted,0.9514512171788992,0.9524167292762334,0.8809523809523809,0.8918331374853113,0.0,0.9896400806745318,0.010017530678687703,30,3993,
emb_tf-sapiens,37,blood_A,blood_C,blood_B,donor_crc,0.9573754248078277,0.958427247683446,0.8918918918918919,0.912215320910973,0.0,1.0015421185737154,0.0,30,3993,
emb_tf-sapiens,38,blood_B,blood_A,blood_C,cell_pooled,0.8837182905430192,0.8833638863428047,0.43448275862068964,0.75525,0.2,3.2270947382235753,0.0,30,4364,0.8820559889857733
emb_tf-sapiens,38,blood_B,blood_A,blood_C,donor_weighted,0.8837182905430192,0.8833638863428047,0.43448275862068964,0.75525,0.2,3.224319581676496,0.0,30,4364,
emb_tf-sapiens,38,blood_B,blood_A,blood_C,donor_crc,0.9103999033086584,0.9101741521539871,0.5241379310344828,0.8106254856254856,0.06666666666666667,3.4827757363386485,0.0,30,4364,
emb_tf-sapiens,39,blood_B,blood_C,blood_A,cell_pooled,0.9768893152912558,0.9767976108430967,0.9256756756756757,0.9347821742605915,0.0,2.4346307153384896,0.0,30,4353,0.900045850527281
emb_tf-sapiens,39,blood_B,blood_C,blood_A,donor_weighted,0.9768893152912558,0.9767976108430967,0.9256756756756757,0.9347821742605915,0.0,2.4346307153384896,0.0,30,4353,
emb_tf-sapiens,39,blood_B,blood_C,blood_A,donor_crc,0.9851402932050869,0.9850677693544682,0.9444444444444444,0.9594318808604523,0.0,2.7152057917277417,0.0,30,4353,
emb_tf-sapiens,40,blood_C,blood_A,blood_B,cell_pooled,0.8830802068962537,0.8878481012658228,0.6875,0.835306712962963,0.06666666666666667,0.9826077795632232,0.017974683544303798,30,3950,0.8788159111933395
emb_tf-sapiens,40,blood_C,blood_A,blood_B,donor_weighted,0.8830802068962537,0.8878481012658228,0.6875,0.835306712962963,0.06666666666666667,0.9826077795632232,0.017974683544303798,30,3950,
emb_tf-sapiens,40,blood_C,blood_A,blood_B,donor_crc,0.8901932865415874,0.8951898734177215,0.6875,0.8431682180851063,0.06666666666666667,0.996300680893676,0.0037974683544303796,30,3950,
emb_tf-sapiens,41,blood_C,blood_B,blood_A,cell_pooled,0.7049605921039644,0.7049782060105528,0.4383561643835616,0.5155113746840365,0.7666666666666667,0.7315687936826064,0.26841018582243636,30,4359,0.9040609137055837
emb_tf-sapiens,41,blood_C,blood_B,blood_A,donor_weighted,0.6951656135787674,0.6951135581555402,0.4315068493150685,0.5126659235991489,0.8,0.7215340070039321,0.2785042440926818,30,4359,
emb_tf-sapiens,41,blood_C,blood_B,blood_A,donor_crc,0.8566795069256379,0.8568479008947006,0.7050359712230215,0.7603621730382294,0.26666666666666666,0.8920182376701913,0.10782289515944024,30,4359,
emb_tf-sapiens,42,blood_A,blood_B,blood_C,cell_pooled,0.588840683705473,0.5881681132937414,0.18620689655172415,0.4469396551724138,0.9666666666666667,0.5952400284269603,0.4054362722704431,30,4378,0.9140295358649789
emb_tf-sapiens,42,blood_A,blood_B,blood_C,donor_weighted,0.5967902943590908,0.5961626313385108,0.18620689655172415,0.4483189655172414,0.9666666666666667,0.603641621675418,0.3969849246231156,30,4378,
emb_tf-sapiens,42,blood_A,blood_B,blood_C,donor_crc,0.7693812444753257,0.7690726359068067,0.2689655172413793,0.6735767588116581,0.5333333333333333,0.785364762929911,0.21493832800365464,30,4378,
emb_tf-sapiens,43,blood_A,blood_C,blood_B,cell_pooled,0.9346669755288627,0.9385826771653544,0.6923076923076923,0.8859154929577465,0.06666666666666667,0.9921367361965967,0.007349081364829396,30,3810,0.888634280476627
emb_tf-sapiens,43,blood_A,blood_C,blood_B,donor_weighted,0.9346669755288627,0.9385826771653544,0.6923076923076923,0.8859154929577465,0.06666666666666667,0.9919003295772113,0.007611548556430446,30,3810,
emb_tf-sapiens,43,blood_A,blood_C,blood_B,donor_crc,0.9396247119902769,0.9438320209973753,0.6993006993006993,0.893661971830986,0.06666666666666667,1.0056497662463943,0.00026246719160104987,30,3810,
emb_tf-sapiens,44,blood_B,blood_A,blood_C,cell_pooled,0.863987415679564,0.8638443935926774,0.38620689655172413,0.7449664429530202,0.2,2.4887038686668053,0.0,30,4370,0.9227586206896552
emb_tf-sapiens,44,blood_B,blood_A,blood_C,donor_weighted,0.863987415679564,0.8638443935926774,0.38620689655172413,0.7449664429530202,0.2,2.4887038686668053,0.0,30,4370,
emb_tf-sapiens,44,blood_B,blood_A,blood_C,donor_crc,0.8922692036789623,0.8922196796338673,0.4482758620689655,0.8140939597315436,0.1,2.747285613116421,0.0,30,4370,
emb_tf-sapiens,45,blood_B,blood_C,blood_A,cell_pooled,0.9386143046939981,0.9385823135534519,0.7708333333333334,0.8877360734503592,0.03333333333333333,1.4584393711509132,0.0,30,4331,0.9087574507106831
emb_tf-sapiens,45,blood_B,blood_C,blood_A,donor_weighted,0.9386143046939981,0.9385823135534519,0.7708333333333334,0.8877360734503592,0.03333333333333333,1.4568503025675972,0.0,30,4331,
emb_tf-sapiens,45,blood_B,blood_C,blood_A,donor_crc,0.9642104147412507,0.9642114984991919,0.8819444444444444,0.9316833116225214,0.0,1.7020372878296215,0.0,30,4331,
emb_tf-sapiens,46,blood_C,blood_A,blood_B,cell_pooled,0.9149255979998329,0.9242503945291951,0.6231884057971014,0.820826048951049,0.1,0.9753979146528676,0.02183061546554445,30,3802,0.901969766376546
emb_tf-sapiens,46,blood_C,blood_A,blood_B,donor_weighted,0.9149255979998329,0.9242503945291951,0.6231884057971014,0.820826048951049,0.1,0.9753979146528676,0.02183061546554445,30,3802,
emb_tf-sapiens,46,blood_C,blood_A,blood_B,donor_crc,0.9272351619494221,0.9355602314571279,0.6594202898550725,0.823951048951049,0.1,1.0014801388658687,0.0005260389268805891,30,3802,
emb_tf-sapiens,47,blood_C,blood_B,blood_A,cell_pooled,0.9177161202461837,0.9177389705882353,0.8561643835616438,0.8656885758998435,0.0,0.989202549187924,0.010799632352941176,30,4352,0.8798955613577023
emb_tf-sapiens,47,blood_C,blood_B,blood_A,donor_weighted,0.9306198214954546,0.9306066176470589,0.8680555555555556,0.8772959183673469,0.0,1.018648434458737,0.0,30,4352,
emb_tf-sapiens,47,blood_C,blood_B,blood_A,donor_crc,0.9731597506868167,0.9731158088235294,0.9251700680272109,0.9437931034482758,0.0,1.1674316428898621,0.0,30,4352,
emb_tf-sapiens,48,blood_A,blood_B,blood_C,cell_pooled,0.673307526881167,0.6726733576642335,0.3945578231292517,0.546281879194631,0.8333333333333334,0.678789875225937,0.3218521897810219,30,4384,0.8890794739851343
emb_tf-sapiens,48,blood_A,blood_B,blood_C,donor_weighted,0.7191385030239004,0.718521897810219,0.4391891891891892,0.5916778523489933,0.6666666666666666,0.7262180344149127,0.2744069343065693,30,4384,
emb_tf-sapiens,48,blood_A,blood_B,blood_C,donor_crc,0.9278224538408295,0.927691605839416,0.8513513513513513,0.8852348993288591,0.0,0.9594790926899563,0.0406021897810219,30,4384,
emb_tf-sapiens,49,blood_A,blood_C,blood_B,cell_pooled,0.9185987523114018,0.9240145228215768,0.6875,0.8182445459157788,0.1,0.9699176732567273,0.029564315352697094,30,3856,0.8890417239798257
emb_tf-sapiens,49,blood_A,blood_C,blood_B,donor_weighted,0.9185987523114018,0.9240145228215768,0.6875,0.8182445459157788,0.1,0.9699176732567273,0.029564315352697094,30,3856,
emb_tf-sapiens,49,blood_A,blood_C,blood_B,donor_crc,0.9246201766095402,0.9304979253112033,0.6875,0.8266311516996449,0.06666666666666667,0.9819860757431734,0.017634854771784232,30,3856,
emb_tf-sapiens,50,blood_B,blood_A,blood_C,cell_pooled,0.8281655112191988,0.8277127781601284,0.43243243243243246,0.7389449476697799,0.26666666666666666,1.8104113901952843,0.0,30,4359,0.9037482646922721
emb_tf-sapiens,50,blood_B,blood_A,blood_C,donor_weighted,0.829308723987943,0.8288598302362927,0.43243243243243246,0.7389449476697799,0.26666666666666666,1.815011628922746,0.0,30,4359,
emb_tf-sapiens,50,blood_B,blood_A,blood_C,donor_crc,0.8749166632057629,0.8745125028676302,0.527027027027027,0.8046933258762118,0.1,2.18009518464114,0.0,30,4359,
emb_tf-sapiens,51,blood_B,blood_C,blood_A,cell_pooled,0.909256285884903,0.9092797783933518,0.6805555555555556,0.8360544217687075,0.03333333333333333,2.13089255211061,0.0,30,4332,0.8838060384263495
emb_tf-sapiens,51,blood_B,blood_C,blood_A,donor_weighted,0.909256285884903,0.9092797783933518,0.6805555555555556,0.8360544217687075,0.03333333333333333,2.1292716195926276,0.0,30,4332,
emb_tf-sapiens,51,blood_B,blood_C,blood_A,donor_crc,0.9367162697698839,0.9367497691597415,0.7847222222222222,0.889795918367347,0.03333333333333333,2.536146644368016,0.0,30,4332,
emb_tf-sapiens,52,blood_C,blood_A,blood_B,cell_pooled,0.9086004704194989,0.9200643776824035,0.7142857142857143,0.8326036981509246,0.1,0.974577453828712,0.023605150214592276,30,3728,0.9021237303785781
emb_tf-sapiens,52,blood_C,blood_A,blood_B,donor_weighted,0.9086004704194989,0.9200643776824035,0.7142857142857143,0.8326036981509246,0.1,0.974577453828712,0.023605150214592276,30,3728,
emb_tf-sapiens,52,blood_C,blood_A,blood_B,donor_crc,0.9219169932994601,0.9334763948497854,0.7142857142857143,0.854847576211894,0.1,1.0032709982601473,0.0002682403433476395,30,3728,
emb_tf-sapiens,53,blood_C,blood_B,blood_A,cell_pooled,0.7600028633416647,0.7602406850266142,0.5684931506849316,0.6171428571428572,0.5,0.7970738010521536,0.20296227725063642,30,4321,0.8978021978021978
emb_tf-sapiens,53,blood_C,blood_B,blood_A,donor_weighted,0.8133208006071763,0.8137005322841935,0.6357142857142857,0.7037328868314784,0.36666666666666664,0.8557035648412084,0.14417958805831985,30,4321,
emb_tf-sapiens,53,blood_C,blood_B,blood_A,donor_crc,0.9358612563038439,0.9361258967831521,0.8428571428571429,0.8831521739130436,0.0,1.0317241179515846,0.0,30,4321,
emb_tf-sapiens,54,blood_A,blood_B,blood_C,cell_pooled,0.7005892707691853,0.7008253094910591,0.15172413793103448,0.6210989932885906,0.8333333333333334,0.7070036279341924,0.29275561668959194,30,4362,0.8907849829351536
emb_tf-sapiens,54,blood_A,blood_B,blood_C,donor_weighted,0.7765329782380312,0.7767079321412196,0.2620689655172414,0.7116320299418891,0.6,0.7875268875051712,0.21228794131132508,30,4362,
emb_tf-sapiens,54,blood_A,blood_B,blood_C,donor_crc,0.9024542941016832,0.9023383768913342,0.7310344827586207,0.8330071754729289,0.06666666666666667,0.9380103073218665,0.06212746446584136,30,4362,
emb_tf-sapiens,55,blood_A,blood_C,blood_B,cell_pooled,0.932758636421543,0.9379450661241099,0.71875,0.8660195804195804,0.03333333333333333,0.9935460715336488,0.006612410986775178,30,3932,0.9051959890610757
emb_tf-sapiens,55,blood_A,blood_C,blood_B,donor_weighted,0.9324919697548764,0.9376907426246185,0.71875,0.8652195804195804,0.03333333333333333,0.9930413096288869,0.007121057985757884,30,3932,
emb_tf-sapiens,55,blood_A,blood_C,blood_B,donor_crc,0.9402556817478852,0.9455747711088505,0.71875,0.8739132867132867,0.03333333333333333,1.0102161046800284,0.0,30,3932,
emb_tf-sapiens,56,blood_B,blood_A,blood_C,cell_pooled,0.8529355038897719,0.8530213539300318,0.35172413793103446,0.7285370941411211,0.16666666666666666,1.839941150042735,0.0,30,4402,0.8874019381633594
emb_tf-sapiens,56,blood_B,blood_A,blood_C,donor_weighted,0.8524819051857683,0.8525670149931849,0.35172413793103446,0.7224968256847453,0.16666666666666666,1.8344825711831165,0.0,30,4402,
emb_tf-sapiens,56,blood_B,blood_A,blood_C,donor_crc,0.8865644184406996,0.8866424352567015,0.4068965517241379,0.7775757300925087,0.13333333333333333,2.137201293034338,0.0,30,4402,
emb_tf-sapiens,57,blood_B,blood_C,blood_A,cell_pooled,0.9206571621827789,0.9209677419354839,0.8098591549295775,0.8414700407506163,0.0,2.267500945473226,0.0,30,4340,0.9078404401650619
emb_tf-sapiens,57,blood_B,blood_C,blood_A,donor_weighted,0.9206571621827789,0.9209677419354839,0.8098591549295775,0.8414700407506163,0.0,2.267500945473226,0.0,30,4340,
emb_tf-sapiens,57,blood_B,blood_C,blood_A,donor_crc,0.9493693999557615,0.9495391705069124,0.8732394366197183,0.9061721657157034,0.0,2.5417188897905865,0.0,30,4340,
emb_tf-sapiens,58,blood_C,blood_A,blood_B,cell_pooled,0.8885698903060703,0.8931236673773987,0.7103448275862069,0.7950666666666667,0.13333333333333333,0.9984990653960639,0.0015991471215351812,30,3752,0.8886321626617375
emb_tf-sapiens,58,blood_C,blood_A,blood_B,donor_weighted,0.8880563129743109,0.892590618336887,0.7103448275862069,0.7950666666666667,0.13333333333333333,0.996943821397638,0.002398720682302772,30,3752,
emb_tf-sapiens,58,blood_C,blood_A,blood_B,donor_crc,0.8989578157771544,0.9037846481876333,0.7241379310344828,0.8125333333333333,0.1,1.0268568578381472,0.0,30,3752,
emb_tf-sapiens,59,blood_C,blood_B,blood_A,cell_pooled,0.8806794723726217,0.8808206546795758,0.6527777777777778,0.8379401408450704,0.06666666666666667,0.9236758614829846,0.07630244352236054,30,4338,0.8906819364914107
emb_tf-sapiens,59,blood_C,blood_B,blood_A,donor_weighted,0.8834570288389543,0.8835869064084831,0.6597222222222222,0.8441901408450704,0.06666666666666667,0.9276063888781241,0.07238358690640849,30,4338,
emb_tf-sapiens,59,blood_C,blood_B,blood_A,donor_crc,0.932720067882108,0.9329183955739973,0.7986111111111112,0.8947829836159816,0.03333333333333333,1.0041465720851683,0.0,30,4338,
emb_tf-exemplar-human,0,blood_A,blood_B,blood_C,cell_pooled,0.7964298118913199,0.7961564859299931,0.4489795918367347,0.7481434058898848,0.43333333333333335,0.8146052451184286,0.1857698467169984,30,4371,0.9138477801268499
emb_tf-exemplar-human,0,blood_A,blood_B,blood_C,donor_weighted,0.8030324603164318,0.802791123312743,0.4557823129251701,0.7488427065891855,0.36666666666666664,0.8218962340315817,0.17844886753603295,30,4371,
emb_tf-exemplar-human,0,blood_A,blood_B,blood_C,donor_crc,0.9110384330495122,0.9110043468313886,0.777027027027027,0.8613277133825079,0.06666666666666667,0.947477539156368,0.0526195378631892,30,4371,
emb_tf-exemplar-human,1,blood_A,blood_C,blood_B,cell_pooled,0.9265865425782663,0.9272030651340997,0.8115942028985508,0.8527820006080876,0.0,0.9790879810101178,0.021455938697318006,30,3915,0.9005927952576379
emb_tf-exemplar-human,1,blood_A,blood_C,blood_B,donor_weighted,0.9265865425782663,0.9272030651340997,0.8115942028985508,0.8527820006080876,0.0,0.9790879810101178,0.021455938697318006,30,3915,
emb_tf-exemplar-human,1,blood_A,blood_C,blood_B,donor_crc,0.9349512511882917,0.9356321839080459,0.8275862068965517,0.8679233809668592,0.0,0.9942121145915352,0.006130268199233717,30,3915,
emb_tf-exemplar-human,2,blood_B,blood_A,blood_C,cell_pooled,0.8757437957066513,0.8754562043795621,0.5918367346938775,0.7127446411929171,0.13333333333333333,1.5171611191047298,0.0,30,4384,0.888633225954901
emb_tf-exemplar-human,2,blood_B,blood_A,blood_C,donor_weighted,0.8750477101829796,0.874771897810219,0.5918367346938775,0.7127446411929171,0.16666666666666666,1.5130474782633572,0.0,30,4384,
emb_tf-exemplar-human,2,blood_B,blood_A,blood_C,donor_crc,0.9062242908084788,0.906021897810219,0.6351351351351351,0.8167218238646811,0.1,1.7354537751833117,0.0,30,4384,
emb_tf-exemplar-human,3,blood_B,blood_C,blood_A,cell_pooled,0.9299421690168174,0.9302004146510021,0.795774647887324,0.8548664400194269,0.03333333333333333,2.6122521552733677,0.0,30,4341,0.8866452501147315
emb_tf-exemplar-human,3,blood_B,blood_C,blood_A,donor_weighted,0.9299421690168174,0.9302004146510021,0.795774647887324,0.8548664400194269,0.03333333333333333,2.6110978080992813,0.0,30,4341,
emb_tf-exemplar-human,3,blood_B,blood_C,blood_A,donor_crc,0.9595407575950616,0.9596867081317668,0.8482758620689655,0.9232734337056824,0.0,2.89301449717455,0.0,30,4341,
emb_tf-exemplar-human,4,blood_C,blood_A,blood_B,cell_pooled,0.8084748171905951,0.8126948143950128,0.6742424242424242,0.7186307251908397,0.4,0.9711294668232396,0.029753471238311135,30,3529,0.9065807639208467
emb_tf-exemplar-human,4,blood_C,blood_A,blood_B,donor_weighted,0.8084748171905951,0.8126948143950128,0.6742424242424242,0.7186307251908397,0.4,0.9711294668232396,0.029753471238311135,30,3529,
emb_tf-exemplar-human,4,blood_C,blood_A,blood_B,donor_crc,0.8464016220437773,0.8523661093794276,0.696969696969697,0.75,0.3,1.0455515319470534,0.0,30,3529,
emb_tf-exemplar-human,5,blood_C,blood_B,blood_A,cell_pooled,0.7540864509087755,0.7545475477780336,0.5,0.6472320596458528,0.6,0.7954503710823734,0.20423670274004144,30,4343,0.898109243697479
emb_tf-exemplar-human,5,blood_C,blood_B,blood_A,donor_weighted,0.7476801933410785,0.7481003914344923,0.5,0.6282991612301957,0.7,0.7883575641612972,0.21137462583467648,30,4343,
emb_tf-exemplar-human,5,blood_C,blood_B,blood_A,donor_crc,0.8635986914515544,0.8639189500345383,0.6164383561643836,0.8171901211556384,0.06666666666666667,0.9285165172241769,0.07137923094635044,30,4343,
emb_tf-exemplar-human,6,blood_A,blood_B,blood_C,cell_pooled,0.7632039554301444,0.7629832990162434,0.6083916083916084,0.6805850340136055,0.7,0.7746900485386536,0.22557767101349804,30,4371,0.9017671517671517
emb_tf-exemplar-human,6,blood_A,blood_B,blood_C,donor_weighted,0.7887862725789596,0.7886067261496225,0.6577181208053692,0.6871232216059803,0.5666666666666667,0.8037056662052386,0.19652253488904142,30,4371,
emb_tf-exemplar-human,6,blood_A,blood_B,blood_C,donor_crc,0.924860277471634,0.9247311827956989,0.8482758620689655,0.877044240514998,0.0,1.0080086004307995,0.0009151223976206818,30,4371,
emb_tf-exemplar-human,7,blood_A,blood_C,blood_B,cell_pooled,0.922736308512286,0.9388967468175389,0.6481481481481481,0.8403162055335969,0.1,0.9755286450042596,0.01782178217821782,30,3535,0.916590284142988
emb_tf-exemplar-human,7,blood_A,blood_C,blood_B,donor_weighted,0.922736308512286,0.9388967468175389,0.6481481481481481,0.8403162055335969,0.1,0.9755286450042596,0.01782178217821782,30,3535,
emb_tf-exemplar-human,7,blood_A,blood_C,blood_B,donor_crc,0.9313114304978508,0.9454031117397454,0.6666666666666666,0.857905138339921,0.06666666666666667,0.9895458575282969,0.007355021216407355,30,3535,
emb_tf-exemplar-human,8,blood_B,blood_A,blood_C,cell_pooled,0.8652451992720898,0.8655385319002973,0.6413793103448275,0.7791286149162862,0.16666666666666666,1.7418783771503887,0.0,30,4373,0.8976958525345622
emb_tf-exemplar-human,8,blood_B,blood_A,blood_C,donor_weighted,0.8652451992720898,0.8655385319002973,0.6413793103448275,0.7791286149162862,0.16666666666666666,1.7418783771503887,0.0,30,4373,
emb_tf-exemplar-human,8,blood_B,blood_A,blood_C,donor_crc,0.8989130481924383,0.8991538989252229,0.6827586206896552,0.829130556332122,0.03333333333333333,2.0263233127458395,0.0,30,4373,
emb_tf-exemplar-human,9,blood_B,blood_C,blood_A,cell_pooled,0.8817166053819673,0.8820689655172413,0.6944444444444444,0.7542030383409694,0.2,1.5621126228357884,0.0,30,4350,0.9133211678832117
emb_tf-exemplar-human,9,blood_B,blood_C,blood_A,donor_weighted,0.8796503518951199,0.88,0.6944444444444444,0.7542030383409694,0.2,1.5554391046304443,0.0,30,4350,
emb_tf-exemplar-human,9,blood_B,blood_C,blood_A,donor_crc,0.9177288360522103,0.9179310344827586,0.8068965517241379,0.824726308174584,0.0,1.777146410427318,0.0,30,4350,
emb_tf-exemplar-human,10,blood_C,blood_A,blood_B,cell_pooled,0.8985626210209039,0.9026783346592416,0.6891891891891891,0.8310406011898549,0.06666666666666667,0.9875629340682911,0.011933174224343675,30,3771,0.9100553505535055
emb_tf-exemplar-human,10,blood_C,blood_A,blood_B,donor_weighted,0.8985626210209039,0.9026783346592416,0.6891891891891891,0.8310406011898549,0.06666666666666667,0.9875629340682911,0.011933174224343675,30,3771,
emb_tf-exemplar-human,10,blood_C,blood_A,blood_B,donor_crc,0.9115303195211484,0.9156722354813047,0.7162162162162162,0.8451205510907004,0.06666666666666667,1.015578735845698,0.0,30,3771,
emb_tf-exemplar-human,11,blood_C,blood_B,blood_A,cell_pooled,0.9254693903920039,0.9257460097154754,0.8571428571428571,0.8738013698630137,0.0,0.98838254590315,0.011566042100393246,30,4323,0.8940509915014164
emb_tf-exemplar-human,11,blood_C,blood_B,blood_A,donor_weighted,0.9730260697690176,0.9731667823270876,0.9246575342465754,0.9473384424192212,0.0,1.2973354745301557,0.0,30,4323,
emb_tf-exemplar-human,11,blood_C,blood_B,blood_A,donor_crc,0.9918387253953619,0.9919037705297248,0.9383561643835616,0.9787800331400166,0.0,2.1134376025077843,0.0,30,4323,
emb_tf-exemplar-human,12,blood_A,blood_B,blood_C,cell_pooled,0.7208517458565523,0.720866590649943,0.19310344827586207,0.541188637617209,0.6666666666666666,0.7299847801962717,0.2700114025085519,30,4385,0.9075144508670521
emb_tf-exemplar-human,12,blood_A,blood_B,blood_C,donor_weighted,0.7281093807533002,0.7281641961231471,0.19310344827586207,0.5557361557361558,0.6666666666666666,0.7372424150930195,0.26271379703534775,30,4385,
emb_tf-exemplar-human,12,blood_A,blood_B,blood_C,donor_crc,0.9189337281856377,0.9190421892816419,0.8482758620689655,0.8734265734265735,0.0,0.9636791157417963,0.0362599771949829,30,4385,
emb_tf-exemplar-human,13,blood_A,blood_C,blood_B,cell_pooled,0.9179513902299207,0.9223194748358862,0.7432432432432432,0.8465333333333334,0.06666666666666667,0.9802667252188288,0.02024070021881838,30,3656,0.9023831347387717
emb_tf-exemplar-human,13,blood_A,blood_C,blood_B,donor_weighted,0.9179513902299207,0.9223194748358862,0.7432432432432432,0.8465333333333334,0.06666666666666667,0.9802667252188288,0.02024070021881838,30,3656,
emb_tf-exemplar-human,13,blood_A,blood_C,blood_B,donor_crc,0.9264999668511963,0.9313457330415755,0.7567567567567568,0.8537333333333333,0.06666666666666667,1.001277980422961,0.0002735229759299781,30,3656,
emb_tf-exemplar-human,14,blood_B,blood_A,blood_C,cell_pooled,0.8329236188617452,0.8329901624342255,0.2689655172413793,0.7217934377330351,0.23333333333333334,1.1185720826987893,0.0025165865934568747,30,4371,0.9026629935720845
emb_tf-exemplar-human,14,blood_B,blood_A,blood_C,donor_weighted,0.8329236188617452,0.8329901624342255,0.2689655172413793,0.7217934377330351,0.23333333333333334,1.1185720826987893,0.0025165865934568747,30,4371,
emb_tf-exemplar-human,14,blood_B,blood_A,blood_C,donor_crc,0.866267378838488,0.8663921299473805,0.296551724137931,0.7930975018642804,0.13333333333333333,1.3078948572762499,0.0,30,4371,
emb_tf-exemplar-human,15,blood_B,blood_C,blood_A,cell_pooled,0.8994667730768509,0.8994928538497003,0.7291666666666666,0.7912511948483171,0.13333333333333333,3.6213630645080794,0.0,30,4338,0.8927589367552704
emb_tf-exemplar-human,15,blood_B,blood_C,blood_A,donor_weighted,0.8994667730768509,0.8994928538497003,0.7291666666666666,0.7912511948483171,0.13333333333333333,3.619969915863953,0.0,30,4338,
emb_tf-exemplar-human,15,blood_B,blood_C,blood_A,donor_crc,0.9350160519147224,0.9349930843706777,0.8206896551724138,0.8473621103117507,0.0,3.8953410534246973,0.0,30,4338,
emb_tf-exemplar-human,16,blood_C,blood_A,blood_B,cell_pooled,0.9009647177166383,0.9042097302747668,0.75,0.8176708074534161,0.06666666666666667,0.9817409255276492,0.01890597428787497,30,3967,0.8963302752293578
emb_tf-exemplar-human,16,blood_C,blood_A,blood_B,donor_weighted,0.9009647177166383,0.9042097302747668,0.75,0.8176708074534161,0.06666666666666667,0.9817409255276492,0.01890597428787497,30,3967,
emb_tf-exemplar-human,16,blood_C,blood_A,blood_B,donor_crc,0.914817168339788,0.9185782707335518,0.75,0.8451863354037267,0.03333333333333333,1.0099573163089457,0.0,30,3967,
emb_tf-exemplar-human,17,blood_C,blood_B,blood_A,cell_pooled,0.7599924576916887,0.7603400735294118,0.375,0.6443230813452142,0.6666666666666666,0.7910149282449078,0.20863970588235295,30,4352,0.902281746031746
emb_tf-exemplar-human,17,blood_C,blood_B,blood_A,donor_weighted,0.7593089936153673,0.7596507352941176,0.3680555555555556,0.6443230813452142,0.6666666666666666,0.7903314641685866,0.20932904411764705,30,4352,
emb_tf-exemplar-human,17,blood_C,blood_B,blood_A,donor_crc,0.8656435140454107,0.8658088235294118,0.6388888888888888,0.7877697841726619,0.13333333333333333,0.9429633242138421,0.05698529411764706,30,4352,
emb_tf-exemplar-human,18,blood_A,blood_B,blood_C,cell_pooled,0.7276501121980307,0.727355692448095,0.43243243243243246,0.5172087604846226,0.6333333333333333,0.7372706818395064,0.26306182979694276,30,4383,0.8975012748597654
emb_tf-exemplar-human,18,blood_A,blood_B,blood_C,donor_weighted,0.7732566454970632,0.7729865389002966,0.47297297297297297,0.5962837837837838,0.5333333333333333,0.7844708963521673,0.21583390371891398,30,4383,
emb_tf-exemplar-human,18,blood_A,blood_B,blood_C,donor_crc,0.9137875287646636,0.9137577002053389,0.7702702702702703,0.8580277777777777,0.03333333333333333,0.9498459187923952,0.05019393109742186,30,4383,
emb_tf-exemplar-human,19,blood_A,blood_C,blood_B,cell_pooled,0.9220817544356262,0.9361250993904056,0.6111111111111112,0.8385654885654886,0.1,0.9936007735401772,0.0058309037900874635,30,3773,0.9108045977011494
emb_tf-exemplar-human,19,blood_A,blood_C,blood_B,donor_weighted,0.9220817544356262,0.9361250993904056,0.6111111111111112,0.8385654885654886,0.1,0.9936007735401772,0.0058309037900874635,30,3773,
emb_tf-exemplar-human,19,blood_A,blood_C,blood_B,donor_crc,0.9264244552451736,0.9408958388550225,0.6111111111111112,0.8385654885654886,0.1,1.0033075041221766,0.00026504108136761196,30,3773,
emb_tf-exemplar-human,20,blood_B,blood_A,blood_C,cell_pooled,0.8548087494512887,0.8547982676088444,0.673469387755102,0.7719329771733852,0.16666666666666666,3.353084265426447,0.0,30,4387,0.9085872576177285
emb_tf-exemplar-human,20,blood_B,blood_A,blood_C,donor_weighted,0.8548087494512887,0.8547982676088444,0.673469387755102,0.7719329771733852,0.16666666666666666,3.353084265426447,0.0,30,4387,
emb_tf-exemplar-human,20,blood_B,blood_A,blood_C,donor_crc,0.8940831668266708,0.8940050148165033,0.7006802721088435,0.8412413793103448,0.06666666666666667,3.5967659226804938,0.0,30,4387,
emb_tf-exemplar-human,21,blood_B,blood_C,blood_A,cell_pooled,0.9023543198296463,0.9022869022869023,0.6458333333333334,0.8131469979296067,0.1,2.44603833426556,0.0,30,4329,0.903063557384545
emb_tf-exemplar-human,21,blood_B,blood_C,blood_A,donor_weighted,0.9021179132102607,0.902055902055902,0.6458333333333334,0.8131469979296067,0.1,2.44396918208076,0.0,30,4329,
emb_tf-exemplar-human,21,blood_B,blood_C,blood_A,donor_crc,0.9345314355092669,0.9343959343959344,0.7152777777777778,0.8583449818283478,0.06666666666666667,2.7028191797512164,0.0,30,4329,
emb_tf-exemplar-human,22,blood_C,blood_A,blood_B,cell_pooled,0.886732881272453,0.8971291866028708,0.6818181818181818,0.7936729936729937,0.13333333333333333,0.9887033977677478,0.01036682615629984,30,3762,0.8985707699400646
emb_tf-exemplar-human,22,blood_C,blood_A,blood_B,donor_weighted,0.886732881272453,0.8971291866028708,0.6818181818181818,0.7936729936729937,0.13333333333333333,0.9887033977677478,0.01036682615629984,30,3762,
emb_tf-exemplar-human,22,blood_C,blood_A,blood_B,donor_crc,0.9025438027916011,0.9109516214779373,0.7045454545454546,0.8149650349650349,0.03333333333333333,1.0225631100990746,0.0,30,3762,
emb_tf-exemplar-human,23,blood_C,blood_B,blood_A,cell_pooled,0.9349772059522689,0.9351575074729823,0.8802816901408451,0.8901810518248875,0.0,1.0050478530717843,0.0,30,4349,0.8651804670912951
emb_tf-exemplar-human,23,blood_C,blood_B,blood_A,donor_weighted,0.9409722693133785,0.9411358933088066,0.8802816901408451,0.9030116841257051,0.0,1.0171921967567978,0.0,30,4349,
emb_tf-exemplar-human,23,blood_C,blood_B,blood_A,donor_crc,0.9792494347435301,0.9793055874913773,0.9246575342465754,0.9644498358784073,0.0,1.1888991522243577,0.0,30,4349,
emb_tf-exemplar-human,24,blood_A,blood_B,blood_C,cell_pooled,0.549550864503544,0.5485492346355951,0.32432432432432434,0.39000136967538696,1.0,0.5550740767387335,0.4459675576879141,30,4377,0.9050984351337709
emb_tf-exemplar-human,24,blood_A,blood_B,blood_C,donor_weighted,0.549550864503544,0.5485492346355951,0.32432432432432434,0.39000136967538696,1.0,0.5550740767387335,0.4459675576879141,30,4377,
emb_tf-exemplar-human,24,blood_A,blood_B,blood_C,donor_crc,0.7115101436824568,0.7109892620516335,0.42567567567567566,0.5978359128886453,0.8333333333333334,0.7257131787550273,0.2748457847840987,30,4377,
emb_tf-exemplar-human,25,blood_A,blood_C,blood_B,cell_pooled,0.9063867769349236,0.908457968024755,0.7746478873239436,0.8142857142857143,0.06666666666666667,1.003917157090432,0.0,30,3878,0.8950984883188273
emb_tf-exemplar-human,25,blood_A,blood_C,blood_B,donor_weighted,0.9063867769349236,0.908457968024755,0.7746478873239436,0.8142857142857143,0.06666666666666667,1.003917157090432,0.0,30,3878,
emb_tf-exemplar-human,25,blood_A,blood_C,blood_B,donor_crc,0.9181063968124882,0.9185146982980918,0.7902097902097902,0.8350177574835109,0.06666666666666667,1.0269993891297653,0.0,30,3878,
emb_tf-exemplar-human,26,blood_B,blood_A,blood_C,cell_pooled,0.9312555561385712,0.9309633027522936,0.7379310344827587,0.8432656063252735,0.06666666666666667,2.4103638972476107,0.0,30,4360,0.8920166128287955
emb_tf-exemplar-human,26,blood_B,blood_A,blood_C,donor_weighted,0.9312555561385712,0.9309633027522936,0.7379310344827587,0.8432656063252735,0.06666666666666667,2.4083241678497758,0.0,30,4360,
emb_tf-exemplar-human,26,blood_B,blood_A,blood_C,donor_crc,0.953681228382045,0.953440366972477,0.7655172413793103,0.9044773375011492,0.03333333333333333,2.7887630302990782,0.0,30,4360,
emb_tf-exemplar-human,27,blood_B,blood_C,blood_A,cell_pooled,0.9408928994347042,0.9405940594059405,0.7569444444444444,0.8729653086303053,0.06666666666666667,2.5405346634347192,0.0,30,4343,0.9027522935779817
emb_tf-exemplar-human,27,blood_B,blood_C,blood_A,donor_weighted,0.9408928994347042,0.9405940594059405,0.7569444444444444,0.8729653086303053,0.06666666666666667,2.540071499445719,0.0,30,4343,
emb_tf-exemplar-human,27,blood_B,blood_C,blood_A,donor_crc,0.9584907123220346,0.9583237393506793,0.8263888888888888,0.9159945977233264,0.0,2.7657775934770106,0.0,30,4343,
emb_tf-exemplar-human,28,blood_C,blood_A,blood_B,cell_pooled,0.88282158557346,0.8873598369011213,0.7222222222222222,0.7566055566055566,0.16666666666666666,0.9714381058140727,0.028797145769622834,30,3924,0.8827046918123275
emb_tf-exemplar-human,28,blood_C,blood_A,blood_B,donor_weighted,0.88282158557346,0.8873598369011213,0.7222222222222222,0.7566055566055566,0.16666666666666666,0.9714381058140727,0.028797145769622834,30,3924,
emb_tf-exemplar-human,28,blood_C,blood_A,blood_B,donor_crc,0.898872758272432,0.9036697247706422,0.7222222222222222,0.7701663201663201,0.13333333333333333,1.0039651771056337,0.0,30,3924,
emb_tf-exemplar-human,29,blood_C,blood_B,blood_A,cell_pooled,0.9019221282452684,0.9021864211737629,0.823943661971831,0.8593371417315079,0.0,0.9538160713303415,0.04602991944764097,30,4345,0.8883547008547008
emb_tf-exemplar-human,29,blood_C,blood_B,blood_A,donor_weighted,0.9335516722635425,0.933716915995397,0.8661971830985915,0.8997260273972603,0.0,1.0062553772824596,0.0,30,4345,
emb_tf-exemplar-human,29,blood_C,blood_B,blood_A,donor_crc,0.9709364866005811,0.9710011507479862,0.9178082191780822,0.9455409561084709,0.0,1.3651811145931092,0.0,30,4345,
emb_tf-exemplar-human,30,blood_A,blood_B,blood_C,cell_pooled,0.9187825145602692,0.9188014638609332,0.8243243243243243,0.8690901360544218,0.0,0.9719270377247435,0.028133577310155537,30,4372,0.9069643806485912
emb_tf-exemplar-human,30,blood_A,blood_B,blood_C,donor_weighted,0.9320537921239396,0.932067703568161,0.8648648648648649,0.890235260770975,0.0,0.9990705729822039,0.0018298261665141812,30,4372,
emb_tf-exemplar-human,30,blood_A,blood_B,blood_C,donor_crc,0.9811559054931369,0.9812442817932296,0.9387755102040817,0.9589174800354924,0.0,1.1946209704027118,0.0,30,4372,
emb_tf-exemplar-human,31,blood_A,blood_C,blood_B,cell_pooled,0.9214363726712185,0.9207193515704154,0.7883211678832117,0.8436195804195804,0.06666666666666667,0.9761799887059717,0.023556231003039513,30,3948,0.9030054644808743
emb_tf-exemplar-human,31,blood_A,blood_C,blood_B,donor_weighted,0.9214363726712185,0.9207193515704154,0.7883211678832117,0.8436195804195804,0.06666666666666667,0.9761799887059717,0.023556231003039513,30,3948,
emb_tf-exemplar-human,31,blood_A,blood_C,blood_B,donor_crc,0.9289741256785579,0.9283181357649443,0.8041958041958042,0.8515594202898551,0.0,0.9925093516769788,0.007598784194528876,30,3948,
emb_tf-exemplar-human,32,blood_B,blood_A,blood_C,cell_pooled,0.8888151919223527,0.8889904065783463,0.3931034482758621,0.8305782844534338,0.1,2.78148666505708,0.0,30,4378,0.8925925925925926
emb_tf-exemplar-human,32,blood_B,blood_A,blood_C,donor_weighted,0.8888151919223527,0.8889904065783463,0.3931034482758621,0.8305782844534338,0.1,2.780807841127851,0.0,30,4378,
emb_tf-exemplar-human,32,blood_B,blood_A,blood_C,donor_crc,0.908957539369631,0.9090909090909091,0.42758620689655175,0.8647559069596397,0.06666666666666667,3.045927275888121,0.0,30,4378,
emb_tf-exemplar-human,33,blood_B,blood_C,blood_A,cell_pooled,0.9253160450307271,0.9253045276947828,0.8175675675675675,0.8452119309262166,0.0,2.4536966880289293,0.0,30,4351,0.8969448244414044
emb_tf-exemplar-human,33,blood_B,blood_C,blood_A,donor_weighted,0.9253160450307271,0.9253045276947828,0.8175675675675675,0.8452119309262166,0.0,2.4536966880289293,0.0,30,4351,
emb_tf-exemplar-human,33,blood_B,blood_C,blood_A,donor_crc,0.9450922706782663,0.9450700988278556,0.8435374149659864,0.8808448308448309,0.0,2.811605910914899,0.0,30,4351,
emb_tf-exemplar-human,34,blood_C,blood_A,blood_B,cell_pooled,0.8924080049087812,0.8992436520799568,0.6521739130434783,0.7768339768339768,0.16666666666666666,0.999724517906336,0.0002701242571582928,30,3702,0.899171270718232
emb_tf-exemplar-human,34,blood_C,blood_A,blood_B,donor_weighted,0.8924080049087812,0.8992436520799568,0.6521739130434783,0.7768339768339768,0.16666666666666666,0.999724517906336,0.0002701242571582928,30,3702,
emb_tf-exemplar-human,34,blood_C,blood_A,blood_B,donor_crc,0.9040056591945832,0.9100486223662885,0.6666666666666666,0.7963740458015267,0.1,1.031168453413941,0.0,30,3702,
emb_tf-exemplar-human,35,blood_C,blood_B,blood_A,cell_pooled,0.9643156296673185,0.9643350207086977,0.9166666666666666,0.9427717866511222,0.0,1.1675797400815935,0.0,30,4346,0.9005524861878453
emb_tf-exemplar-human,35,blood_C,blood_B,blood_A,donor_weighted,0.9749304891440047,0.9749194661757938,0.9383561643835616,0.9497635933806147,0.0,1.265195258296896,0.0,30,4346,
emb_tf-exemplar-human,35,blood_C,blood_B,blood_A,donor_crc,0.9903613179145112,0.99033594109526,0.9591836734693877,0.9791071428571428,0.0,1.72845339656316,0.0,30,4346,
emb_tf-exemplar-human,36,blood_A,blood_B,blood_C,cell_pooled,0.5685726630909954,0.5682285714285714,0.3108108108108108,0.3995606991025036,0.9,0.5742598859052176,0.42605714285714286,30,4375,0.8921933085501859
emb_tf-exemplar-human,36,blood_A,blood_B,blood_C,donor_weighted,0.5619304138393934,0.5616,0.30612244897959184,0.3995606991025036,0.9333333333333333,0.567154651363044,0.43314285714285716,30,4375,
emb_tf-exemplar-human,36,blood_A,blood_B,blood_C,donor_crc,0.7031595678500379,0.7028571428571428,0.3581081081081081,0.5651299008030232,0.7,0.7134355435103179,0.28685714285714287,30,4375,
emb_tf-exemplar-human,37,blood_A,blood_C,blood_B,cell_pooled,0.8643834939852416,0.8695216629100927,0.5675675675675675,0.7954887218045114,0.1,0.9624352463481105,0.03681442524417731,30,3993,0.9009584664536742
emb_tf-exemplar-human,37,blood_A,blood_C,blood_B,donor_weighted,0.8643834939852416,0.8695216629100927,0.5675675675675675,0.7954887218045114,0.1,0.9624352463481105,0.03681442524417731,30,3993,
emb_tf-exemplar-human,37,blood_A,blood_C,blood_B,donor_crc,0.8835133221786988,0.8885549711995993,0.5945945945945946,0.8257309941520469,0.1,1.0,0.0,30,3993,
emb_tf-exemplar-human,38,blood_B,blood_A,blood_C,cell_pooled,0.9112918992268517,0.9110907424381302,0.5172413793103449,0.7990106544901066,0.1,4.2082937602093065,0.0,30,4364,0.8793024323083983
emb_tf-exemplar-human,38,blood_B,blood_A,blood_C,donor_weighted,0.9110604177453702,0.9108615948670944,0.5172413793103449,0.7990106544901066,0.1,4.204615664243814,0.0,30,4364,
emb_tf-exemplar-human,38,blood_B,blood_A,blood_C,donor_crc,0.9318250386017025,0.9317140238313474,0.5517241379310345,0.8246017871017871,0.06666666666666667,4.390273468509299,0.0,30,4364,
emb_tf-exemplar-human,39,blood_B,blood_C,blood_A,cell_pooled,0.901403010966869,0.9012175511141741,0.738255033557047,0.8136054421768708,0.1,1.542149194851544,0.0,30,4353,0.8940852819807428
emb_tf-exemplar-human,39,blood_B,blood_C,blood_A,donor_weighted,0.9011649157287738,0.9009878244888583,0.738255033557047,0.8136054421768708,0.1,1.5412163619482677,0.0,30,4353,
emb_tf-exemplar-human,39,blood_B,blood_C,blood_A,donor_crc,0.9248048363305778,0.9246496668963933,0.825503355704698,0.8489795918367347,0.0,1.6931312763603608,0.0,30,4353,
emb_tf-exemplar-human,40,blood_C,blood_A,blood_B,cell_pooled,0.8918459590535929,0.8964556962025316,0.71875,0.8418123667377398,0.03333333333333333,0.9844794933050504,0.014936708860759493,30,3950,0.8829787234042553
emb_tf-exemplar-human,40,blood_C,blood_A,blood_B,donor_weighted,0.8918459590535929,0.8964556962025316,0.71875,0.8418123667377398,0.03333333333333333,0.9844794933050504,0.014936708860759493,30,3950,
emb_tf-exemplar-human,40,blood_C,blood_A,blood_B,donor_crc,0.9031518331864112,0.9078481012658228,0.71875,0.8625704887218045,0.03333333333333333,1.0085875761084726,0.0,30,3950,
emb_tf-exemplar-human,41,blood_C,blood_B,blood_A,cell_pooled,0.9552366457553172,0.9552649690295939,0.8571428571428571,0.9083857756467886,0.0,1.048598878455891,0.0,30,4359,0.8984771573604061
emb_tf-exemplar-human,41,blood_C,blood_B,blood_A,donor_weighted,0.9543342127100269,0.9543473273686626,0.8571428571428571,0.9083857756467886,0.0,1.0454250137969288,0.0,30,4359,
emb_tf-exemplar-human,41,blood_C,blood_B,blood_A,donor_crc,0.9705786223251569,0.970635466850195,0.8707482993197279,0.9429127959244831,0.0,1.1472709583621687,0.0,30,4359,
emb_tf-exemplar-human,42,blood_A,blood_B,blood_C,cell_pooled,0.6030379427790437,0.602329830973047,0.19310344827586207,0.4180764719680976,0.9333333333333333,0.6213513046198547,0.3793969849246231,30,4378,0.9061181434599156
emb_tf-exemplar-human,42,blood_A,blood_B,blood_C,donor_weighted,0.6294758953107037,0.6288259479214253,0.2,0.4574728072205508,0.8666666666666667,0.6493958427465951,0.351301964367291,30,4378,
emb_tf-exemplar-human,42,blood_A,blood_B,blood_C,donor_crc,0.8734937927766812,0.8734582000913659,0.6068965517241379,0.7530184101612672,0.16666666666666666,0.9344752298903387,0.06555504796710827,30,4378,
emb_tf-exemplar-human,43,blood_A,blood_C,blood_B,cell_pooled,0.9223509799853528,0.9291338582677166,0.6666666666666666,0.8549495198227037,0.03333333333333333,0.9763767925573654,0.023622047244094488,30,3810,0.9000916590284143
emb_tf-exemplar-human,43,blood_A,blood_C,blood_B,donor_weighted,0.9221111718318755,0.9288713910761155,0.6666666666666666,0.8549495198227037,0.03333333333333333,0.9761369844038881,0.023884514435695538,30,3810,
emb_tf-exemplar-human,43,blood_A,blood_C,blood_B,donor_crc,0.9322313310638614,0.9391076115485564,0.6666666666666666,0.8795704295704295,0.03333333333333333,0.9947316506243319,0.004724409448818898,30,3810,
emb_tf-exemplar-human,44,blood_B,blood_A,blood_C,cell_pooled,0.8875356193492153,0.8874141876430206,0.5724137931034483,0.7965697240865026,0.13333333333333333,2.1946131452551847,0.0,30,4370,0.8997701149425288
emb_tf-exemplar-human,44,blood_B,blood_A,blood_C,donor_weighted,0.8875356193492153,0.8874141876430206,0.5724137931034483,0.7965697240865026,0.13333333333333333,2.1946131452551847,0.0,30,4370,
emb_tf-exemplar-human,44,blood_B,blood_A,blood_C,donor_crc,0.9081307278927653,0.9080091533180779,0.6689655172413793,0.8221196868008949,0.1,2.3849393764072997,0.0,30,4370,
emb_tf-exemplar-human,45,blood_B,blood_C,blood_A,cell_pooled,0.909733856036313,0.9094897252366659,0.5625,0.8639455782312925,0.03333333333333333,1.772920467472942,0.0,30,4331,0.9078404401650619
emb_tf-exemplar-human,45,blood_B,blood_C,blood_A,donor_weighted,0.9092818734414733,0.9090279381205264,0.5625,0.8639455782312925,0.03333333333333333,1.771776685936303,0.0,30,4331,
emb_tf-exemplar-human,45,blood_B,blood_C,blood_A,donor_crc,0.9444890771324306,0.9443546525051951,0.6875,0.9004342162396873,0.03333333333333333,2.13709128302507,0.0,30,4331,
emb_tf-exemplar-human,46,blood_C,blood_A,blood_B,cell_pooled,0.9122062639248749,0.917937927406628,0.7196969696969697,0.8332167832167833,0.06666666666666667,1.019950604347675,0.0,30,3802,0.8932661475034357
emb_tf-exemplar-human,46,blood_C,blood_A,blood_B,donor_weighted,0.9122062639248749,0.917937927406628,0.7196969696969697,0.8332167832167833,0.06666666666666667,1.019950604347675,0.0,30,3802,
emb_tf-exemplar-human,46,blood_C,blood_A,blood_B,donor_crc,0.9266735385445121,0.9310889005786428,0.7424242424242424,0.8498834498834499,0.03333333333333333,1.0615941721655713,0.0,30,3802,
emb_tf-exemplar-human,47,blood_C,blood_B,blood_A,cell_pooled,0.93754648448957,0.9375,0.8424657534246576,0.8977493010251631,0.0,1.077221897952029,0.0,30,4352,0.9002610966057442
emb_tf-exemplar-human,47,blood_C,blood_B,blood_A,donor_weighted,0.9430796351746749,0.9430147058823529,0.8424657534246576,0.9100633356790993,0.0,1.0908007272032243,0.0,30,4352,
emb_tf-exemplar-human,47,blood_C,blood_B,blood_A,donor_crc,0.9855718206851619,0.9855238970588235,0.9383561643835616,0.9715277777777778,0.0,1.3628270499758581,0.0,30,4352,
emb_tf-exemplar-human,48,blood_A,blood_B,blood_C,cell_pooled,0.9458258903976163,0.9457116788321168,0.8027210884353742,0.9183114341627062,0.0,1.0166187141372767,0.0004562043795620438,30,4384,0.8833619210977701
emb_tf-exemplar-human,48,blood_A,blood_B,blood_C,donor_weighted,0.9560257447112427,0.9559762773722628,0.8775510204081632,0.9312412636287392,0.0,1.0404660023836134,0.0,30,4384,
emb_tf-exemplar-human,48,blood_A,blood_B,blood_C,donor_crc,0.9858007185680826,0.9858576642335767,0.9172413793103448,0.9714238142809571,0.0,1.319438332654756,0.0,30,4384,
emb_tf-exemplar-human,49,blood_A,blood_C,blood_B,cell_pooled,0.9291048015697196,0.9372406639004149,0.6875,0.8636256872898095,0.06666666666666667,0.9728162538670778,0.026452282157676348,30,3856,0.8995873452544704
emb_tf-exemplar-human,49,blood_A,blood_C,blood_B,donor_weighted,0.9291048015697196,0.9372406639004149,0.6875,0.8636256872898095,0.06666666666666667,0.9728162538670778,0.026452282157676348,30,3856,
emb_tf-exemplar-human,49,blood_A,blood_C,blood_B,donor_crc,0.9374269174824742,0.945798755186722,0.6875,0.8817174825174825,0.06666666666666667,0.9871249752218255,0.01270746887966805,30,3856,
emb_tf-exemplar-human,50,blood_B,blood_A,blood_C,cell_pooled,0.8751487017413404,0.874741913282863,0.5608108108108109,0.7265202702702702,0.16666666666666666,1.7919255421098799,0.0,30,4359,0.9032855159648311
emb_tf-exemplar-human,50,blood_B,blood_A,blood_C,donor_weighted,0.8751487017413404,0.874741913282863,0.5608108108108109,0.7265202702702702,0.16666666666666666,1.7919255421098799,0.0,30,4359,
emb_tf-exemplar-human,50,blood_B,blood_A,blood_C,donor_crc,0.9148860631986189,0.9146593255333793,0.6148648648648649,0.8310810810810811,0.06666666666666667,2.187556850324746,0.0,30,4359,
emb_tf-exemplar-human,51,blood_B,blood_C,blood_A,cell_pooled,0.9551077030016082,0.9549861495844876,0.8541666666666666,0.9028142763954896,0.0,3.7012869199809497,0.0,30,4332,0.9062214089661482
emb_tf-exemplar-human,51,blood_B,blood_C,blood_A,donor_weighted,0.9551077030016082,0.9549861495844876,0.8541666666666666,0.9028142763954896,0.0,3.7010570349234784,0.0,30,4332,
emb_tf-exemplar-human,51,blood_B,blood_C,blood_A,donor_crc,0.967727482269258,0.9676823638042474,0.8888888888888888,0.9387335756220296,0.0,3.8726358749718615,0.0,30,4332,
emb_tf-exemplar-human,52,blood_C,blood_A,blood_B,cell_pooled,0.8953906767516446,0.903969957081545,0.7101449275362319,0.8074137931034483,0.1,0.9828826548018292,0.017435622317596565,30,3728,0.9081255771006463
emb_tf-exemplar-human,52,blood_C,blood_A,blood_B,donor_weighted,0.8953906767516446,0.903969957081545,0.7101449275362319,0.8074137931034483,0.1,0.9828826548018292,0.017435622317596565,30,3728,
emb_tf-exemplar-human,52,blood_C,blood_A,blood_B,donor_crc,0.9110261114287611,0.9197961373390557,0.7463768115942029,0.8446551724137932,0.1,1.0134049032822383,0.0,30,3728,
emb_tf-exemplar-human,53,blood_C,blood_B,blood_A,cell_pooled,0.8708412359173096,0.8710946540152742,0.7847222222222222,0.8113171355498722,0.06666666666666667,0.9374062914801657,0.06248553575561213,30,4321,0.8796703296703297
emb_tf-exemplar-human,53,blood_C,blood_B,blood_A,donor_weighted,0.9150698961872262,0.9152973848646146,0.8260869565217391,0.8582394366197182,0.0,1.0171407655107056,0.0,30,4321,
emb_tf-exemplar-human,53,blood_C,blood_B,blood_A,donor_crc,0.9648823162103944,0.9650543855588984,0.8985507246376812,0.9381274131274131,0.0,1.5045661562322203,0.0,30,4321,
emb_tf-exemplar-human,54,blood_A,blood_B,blood_C,cell_pooled,0.7585698776706047,0.7585969738651994,0.2206896551724138,0.6842705239965514,0.6333333333333333,0.7681781024065135,0.23177441540577717,30,4362,0.9106939704209329
emb_tf-exemplar-human,54,blood_A,blood_B,blood_C,donor_weighted,0.8605090409997694,0.8606143970655663,0.47586206896551725,0.7900620506254309,0.13333333333333333,0.8827423578974977,0.11714809720311783,30,4362,
emb_tf-exemplar-human,54,blood_A,blood_B,blood_C,donor_crc,0.9688052185577981,0.9688216414488766,0.9300699300699301,0.9510344827586207,0.0,1.084867659286428,0.0,30,4362,
emb_tf-exemplar-human,55,blood_A,blood_C,blood_B,cell_pooled,0.9247924906505655,0.9305696846388606,0.6875,0.8678214914856136,0.03333333333333333,1.001487882237574,0.000254323499491353,30,3932,0.9111212397447584
emb_tf-exemplar-human,55,blood_A,blood_C,blood_B,donor_weighted,0.9247924906505655,0.9305696846388606,0.6875,0.8678214914856136,0.03333333333333333,1.001487882237574,0.000254323499491353,30,3932,
emb_tf-exemplar-human,55,blood_A,blood_C,blood_B,donor_crc,0.9359014571924047,0.9420142421159715,0.6875,0.8926279827043186,0.03333333333333333,1.0246819363296056,0.0,30,3932,
emb_tf-exemplar-human,56,blood_B,blood_A,blood_C,cell_pooled,0.8608034539035673,0.8609722853248524,0.32413793103448274,0.7486849265372756,0.13333333333333333,2.0882923326494374,0.0,30,4402,0.8883248730964467
emb_tf-exemplar-human,56,blood_B,blood_A,blood_C,donor_weighted,0.858752936155853,0.8589277601090414,0.32413793103448274,0.7480092508616,0.13333333333333333,2.065364241217159,0.0,30,4402,
emb_tf-exemplar-human,56,blood_B,blood_A,blood_C,donor_crc,0.8915012008932734,0.8916401635620173,0.3724137931034483,0.798399238164339,0.1,2.394817625644541,0.0,30,4402,
emb_tf-exemplar-human,57,blood_B,blood_C,blood_A,cell_pooled,0.953763337839311,0.9539170506912442,0.8741258741258742,0.8911919113357962,0.0,3.93265529028352,0.0,30,4340,0.9018798716185236
emb_tf-exemplar-human,57,blood_B,blood_C,blood_A,donor_weighted,0.953763337839311,0.9539170506912442,0.8741258741258742,0.8911919113357962,0.0,3.93265529028352,0.0,30,4340,
emb_tf-exemplar-human,57,blood_B,blood_C,blood_A,donor_crc,0.9690202839484355,0.9691244239631336,0.9103448275862069,0.9218900817492367,0.0,4.165243800791317,0.0,30,4340,
emb_tf-exemplar-human,58,blood_C,blood_A,blood_B,cell_pooled,0.851422184415494,0.8590085287846482,0.6737588652482269,0.7132275132275132,0.23333333333333334,0.9828318798787133,0.01572494669509595,30,3752,0.8770794824399261
emb_tf-exemplar-human,58,blood_C,blood_A,blood_B,donor_weighted,0.851422184415494,0.8590085287846482,0.6737588652482269,0.7132275132275132,0.23333333333333334,0.9828318798787133,0.01572494669509595,30,3752,
emb_tf-exemplar-human,58,blood_C,blood_A,blood_B,donor_crc,0.8612243085539156,0.8694029850746269,0.6737588652482269,0.7260846560846561,0.16666666666666666,1.0065961965885923,0.0,30,3752,
emb_tf-exemplar-human,59,blood_C,blood_B,blood_A,cell_pooled,0.8808437396451676,0.8810511756569848,0.7152777777777778,0.8245414006283572,0.06666666666666667,0.9201478382563373,0.07976025818349469,30,4338,0.8964081207704321
emb_tf-exemplar-human,59,blood_C,blood_B,blood_A,donor_weighted,0.8768788578117294,0.8771323190410327,0.6875,0.8153491436100132,0.1,0.9143159195550967,0.0855232826187183,30,4338,
emb_tf-exemplar-human,59,blood_C,blood_B,blood_A,donor_crc,0.9498435166346249,0.9499769479022591,0.8680555555555556,0.9026915113871635,0.0,1.0535100174829883,0.0,30,4338,
emb_scvi,0,blood_A,blood_B,blood_C,cell_pooled,0.8779900958650345,0.8782887211164493,0.6830985915492958,0.7953918139710748,0.13333333333333333,0.9546692766286162,0.045298558682223745,30,4371,0.904862579281184
emb_scvi,0,blood_A,blood_B,blood_C,donor_weighted,0.883918725443714,0.8842370167009838,0.6830985915492958,0.8051139049059457,0.06666666666666667,0.965445421828731,0.03454587051018074,30,4371,
emb_scvi,0,blood_A,blood_B,blood_C,donor_crc,0.9276651122704737,0.9279341111873713,0.7887323943661971,0.8917437985931137,0.03333333333333333,1.05542944937046,0.0,30,4371,
emb_scvi,1,blood_A,blood_C,blood_B,cell_pooled,0.9052240435432723,0.9057471264367816,0.8043478260869565,0.8595352323838081,0.0,1.030782750997036,0.0,30,3915,0.9046967624259006
emb_scvi,1,blood_A,blood_C,blood_B,donor_weighted,0.9054539286007437,0.9060025542784164,0.8043478260869565,0.860224887556222,0.0,1.031012636054507,0.0,30,3915,
emb_scvi,1,blood_A,blood_C,blood_B,donor_crc,0.9349183072121162,0.9361430395913155,0.8321678321678322,0.8918331374853113,0.0,1.1160221263577774,0.0,30,3915,
emb_scvi,2,blood_B,blood_A,blood_C,cell_pooled,0.8844618621757561,0.8843521897810219,0.75,0.8321013966987122,0.06666666666666667,0.9944532885998701,0.009124087591240875,30,4384,0.8918545789231477
emb_scvi,2,blood_B,blood_A,blood_C,donor_weighted,0.8844618621757561,0.8843521897810219,0.75,0.8321013966987122,0.06666666666666667,0.9944532885998701,0.009124087591240875,30,4384,
emb_scvi,2,blood_B,blood_A,blood_C,donor_crc,0.9166422419771675,0.9165145985401459,0.8243243243243243,0.8703654997279158,0.0,1.0760002994472202,0.0,30,4384,
emb_scvi,3,blood_B,blood_C,blood_A,cell_pooled,0.8995989039147475,0.8997926744989634,0.7959183673469388,0.845948275862069,0.03333333333333333,1.0034776814004283,0.0018428933425478,30,4341,0.8994951812758146
emb_scvi,3,blood_B,blood_C,blood_A,donor_weighted,0.8993721465451331,0.8995623128311449,0.7959183673469388,0.845948275862069,0.03333333333333333,1.0032509240308138,0.0018428933425478,30,4341,
emb_scvi,3,blood_B,blood_C,blood_A,donor_crc,0.9268214660240128,0.9269753513015434,0.8367346938775511,0.8759376476145488,0.0,1.071979201074992,0.0,30,4341,
emb_scvi,4,blood_C,blood_A,blood_B,cell_pooled,0.9150250404640433,0.92745820345707,0.6785714285714286,0.8711138098542679,0.06666666666666667,0.9932467805470137,0.005383961462170587,30,3529,0.8959963184537506
emb_scvi,4,blood_C,blood_A,blood_B,donor_weighted,0.9150250404640433,0.92745820345707,0.6785714285714286,0.8711138098542679,0.06666666666666667,0.9932467805470137,0.005383961462170587,30,3529,
emb_scvi,4,blood_C,blood_A,blood_B,donor_crc,0.9356703499660706,0.9472938509492774,0.6875,0.8944529262086514,0.06666666666666667,1.0449744762960762,0.0,30,3529,
emb_scvi,5,blood_C,blood_B,blood_A,cell_pooled,0.7875039649165164,0.787474096246834,0.6283783783783784,0.6913912043690715,0.4666666666666667,0.8386048991293449,0.16163941975592908,30,4343,0.907563025210084
emb_scvi,5,blood_C,blood_B,blood_A,donor_weighted,0.7845249942159928,0.7844807736587612,0.6216216216216216,0.6852687553894797,0.5,0.8351691145491886,0.16509325351139764,30,4343,
emb_scvi,5,blood_C,blood_B,blood_A,donor_crc,0.854348716270818,0.8544784711029243,0.75,0.7885824600110314,0.16666666666666666,0.9302563138333978,0.06976744186046512,30,4343,
emb_scvi,6,blood_A,blood_B,blood_C,cell_pooled,0.8978617407729785,0.8977350720658888,0.7931034482758621,0.8456375838926175,0.03333333333333333,0.9864877204741684,0.013498055364905056,30,4371,0.9022869022869023
emb_scvi,6,blood_A,blood_B,blood_C,donor_weighted,0.9115802559162914,0.911461908030199,0.8275862068965517,0.8522492290948667,0.0,1.0118848506100104,0.0009151223976206818,30,4371,
emb_scvi,6,blood_A,blood_B,blood_C,donor_crc,0.9431084908206981,0.9430336307481125,0.8733333333333333,0.9024328859060403,0.0,1.0965112711463114,0.0,30,4371,
emb_scvi,7,blood_A,blood_C,blood_B,cell_pooled,0.8689663740295592,0.8854314002828855,0.5925925925925926,0.7681818181818182,0.13333333333333333,0.9805328005413017,0.01782178217821782,30,3535,0.8927589367552704
emb_scvi,7,blood_A,blood_C,blood_B,donor_weighted,0.8689663740295592,0.8854314002828855,0.5925925925925926,0.7681818181818182,0.13333333333333333,0.9805328005413017,0.01782178217821782,30,3535,
emb_scvi,7,blood_A,blood_C,blood_B,donor_crc,0.8911588626842392,0.9080622347949081,0.5925925925925926,0.8289772727272727,0.1,1.0335056875430326,0.0,30,3535,
emb_scvi,8,blood_B,blood_A,blood_C,cell_pooled,0.8783623638532653,0.8785730619711868,0.8287671232876712,0.8332167832167833,0.0,0.9447074693133558,0.05511090784358564,30,4373,0.9165898617511521
emb_scvi,8,blood_B,blood_A,blood_C,donor_weighted,0.8783623638532653,0.8785730619711868,0.8287671232876712,0.8332167832167833,0.0,0.9447074693133558,0.05511090784358564,30,4373,
emb_scvi,8,blood_B,blood_A,blood_C,donor_crc,0.9098045751333511,0.909901669334553,0.8503401360544217,0.8756884494815529,0.0,1.007558632651951,0.00457351932311914,30,4373,
emb_scvi,9,blood_B,blood_C,blood_A,cell_pooled,0.9229086666016251,0.9229885057471264,0.7430555555555556,0.8696601339617961,0.03333333333333333,1.0552876531697115,0.0,30,4350,0.9128649635036497
emb_scvi,9,blood_B,blood_C,blood_A,donor_weighted,0.9229086666016251,0.9229885057471264,0.7430555555555556,0.8696601339617961,0.03333333333333333,1.0552876531697115,0.0,30,4350,
emb_scvi,9,blood_B,blood_C,blood_A,donor_crc,0.9451131988783487,0.9452873563218391,0.7847222222222222,0.9090716467921554,0.03333333333333333,1.1301880405080396,0.0,30,4350,
emb_scvi,10,blood_C,blood_A,blood_B,cell_pooled,0.9066149537439966,0.9116945107398569,0.7045454545454546,0.8261194029850746,0.06666666666666667,0.9955541528962607,0.004508088040307611,30,3771,0.9142066420664207
emb_scvi,10,blood_C,blood_A,blood_B,donor_weighted,0.9066149537439966,0.9116945107398569,0.7045454545454546,0.8261194029850746,0.06666666666666667,0.9955541528962607,0.004508088040307611,30,3771,
emb_scvi,10,blood_C,blood_A,blood_B,donor_crc,0.9301299087763865,0.9342349509413949,0.7727272727272727,0.8502870264064294,0.03333333333333333,1.049982212537398,0.00026518164942985947,30,3771,
emb_scvi,11,blood_C,blood_B,blood_A,cell_pooled,0.8478922431264574,0.8477908859588249,0.7297297297297297,0.7926663428848956,0.13333333333333333,0.911398858432264,0.08882720333102012,30,4323,0.9008498583569405
emb_scvi,11,blood_C,blood_B,blood_A,donor_weighted,0.8806184651794374,0.8806384455239417,0.8098591549295775,0.8433220009713454,0.0,0.9581933530769056,0.04186907240342355,30,4323,
emb_scvi,11,blood_C,blood_B,blood_A,donor_crc,0.9381121727713226,0.9382373351839001,0.8661971830985915,0.9107290803645401,0.0,1.0953729467183602,0.0,30,4323,
emb_scvi,12,blood_A,blood_B,blood_C,cell_pooled,0.8811158274778691,0.8811858608893957,0.7162162162162162,0.8208449085161413,0.03333333333333333,0.9579676534753159,0.0419612314709236,30,4385,0.9227535470310037
emb_scvi,12,blood_A,blood_B,blood_C,donor_weighted,0.8879555644942454,0.8880273660205246,0.7364864864864865,0.82300810735253,0.03333333333333333,0.9675604094913953,0.03238312428734322,30,4385,
emb_scvi,12,blood_A,blood_B,blood_C,donor_crc,0.9240700037837101,0.9240592930444698,0.7972972972972973,0.8767822197372099,0.03333333333333333,1.043631065687216,0.00022805017103762827,30,4385,
emb_scvi,13,blood_A,blood_C,blood_B,cell_pooled,0.9325628564849249,0.9332603938730853,0.8391608391608392,0.8825779967159277,0.0,1.0145611684156095,0.0005470459518599562,30,3656,0.8955087076076994
emb_scvi,13,blood_A,blood_C,blood_B,donor_weighted,0.9325628564849249,0.9332603938730853,0.8391608391608392,0.8825779967159277,0.0,1.0145611684156095,0.0005470459518599562,30,3656,
emb_scvi,13,blood_A,blood_C,blood_B,donor_crc,0.9489182849350393,0.9510393873085339,0.8601398601398601,0.8980761831473644,0.0,1.0579527756637472,0.0,30,3656,
emb_scvi,14,blood_B,blood_A,blood_C,cell_pooled,0.8653843044381906,0.8654770075497598,0.7718120805369127,0.8,0.1,0.9515960568665807,0.048501487073896135,30,4371,0.891643709825528
emb_scvi,14,blood_B,blood_A,blood_C,donor_weighted,0.8653843044381906,0.8654770075497598,0.7718120805369127,0.8,0.1,0.9515960568665807,0.048501487073896135,30,4371,
emb_scvi,14,blood_B,blood_A,blood_C,donor_crc,0.8962038312353598,0.8963623884694578,0.8120805369127517,0.8426319493314568,0.0,1.0184568395688465,0.004575611988103409,30,4371,
emb_scvi,15,blood_B,blood_C,blood_A,cell_pooled,0.8794995818845,0.8796680497925311,0.7083333333333334,0.8341237600377893,0.06666666666666667,0.9630378305159258,0.036883356385431075,30,4338,0.8964252978918423
emb_scvi,15,blood_B,blood_C,blood_A,donor_weighted,0.8792681004030185,0.8794375288151222,0.7013888888888888,0.8341237600377893,0.06666666666666667,0.9628063490344444,0.03711387736284002,30,4338,
emb_scvi,15,blood_B,blood_C,blood_A,donor_crc,0.9100129736193866,0.9100968188105117,0.8055555555555556,0.8683939537080775,0.0,1.024474924457605,0.0006915629322268327,30,4338,
emb_scvi,16,blood_C,blood_A,blood_B,cell_pooled,0.9167938477087799,0.9223594655911268,0.6875,0.8606642360715506,0.06666666666666667,0.9868794146034193,0.011091504915553314,30,3967,0.8981651376146789
emb_scvi,16,blood_C,blood_A,blood_B,donor_weighted,0.9167938477087799,0.9223594655911268,0.6875,0.8606642360715506,0.06666666666666667,0.9868794146034193,0.011091504915553314,30,3967,
emb_scvi,16,blood_C,blood_A,blood_B,donor_crc,0.9358901350930741,0.9420216788505168,0.6875,0.8773897687136835,0.03333333333333333,1.0323546094793872,0.0,30,3967,
emb_scvi,17,blood_C,blood_B,blood_A,cell_pooled,0.8242276083369767,0.82421875,0.6486486486486487,0.7428507194244605,0.3,0.8727627158016571,0.12729779411764705,30,4352,0.9072420634920635
emb_scvi,17,blood_C,blood_B,blood_A,donor_weighted,0.8242276083369767,0.82421875,0.6486486486486487,0.7428507194244605,0.3,0.8727627158016571,0.12729779411764705,30,4352,
emb_scvi,17,blood_C,blood_B,blood_A,donor_crc,0.88640942496015,0.8864889705882353,0.7635135135135135,0.8305755395683454,0.03333333333333333,0.9597892536112558,0.04021139705882353,30,4352,
emb_scvi,18,blood_A,blood_B,blood_C,cell_pooled,0.8608376191384143,0.8610540725530459,0.6619718309859155,0.7963513513513514,0.1,0.9407830217570967,0.059091946155601184,30,4383,0.8934217236104028
emb_scvi,18,blood_A,blood_B,blood_C,donor_weighted,0.8619809645218577,0.862194843714351,0.6690140845070423,0.7963513513513514,0.1,0.9430650281067873,0.0568104038329911,30,4383,
emb_scvi,18,blood_A,blood_B,blood_C,donor_crc,0.9148038686554875,0.9148984713666438,0.8028169014084507,0.8534389561975769,0.0,1.0397612170644464,0.0,30,4383,
emb_scvi,19,blood_A,blood_C,blood_B,cell_pooled,0.9022701075127825,0.9069705804399681,0.6666666666666666,0.8446213512961829,0.06666666666666667,0.9828434442184436,0.016432547044791943,30,3773,0.9029885057471264
emb_scvi,19,blood_A,blood_C,blood_B,donor_weighted,0.9022701075127825,0.9069705804399681,0.6666666666666666,0.8446213512961829,0.06666666666666667,0.9828434442184436,0.016432547044791943,30,3773,
emb_scvi,19,blood_A,blood_C,blood_B,donor_crc,0.9305417305247439,0.935064935064935,0.7037037037037037,0.8855480710349051,0.03333333333333333,1.0487037706326878,0.0,30,3773,
emb_scvi,20,blood_B,blood_A,blood_C,cell_pooled,0.9002398542414305,0.9003875085479827,0.8333333333333334,0.8618760549795033,0.0,0.9970049413040655,0.0059266013220879874,30,4387,0.8822714681440443
emb_scvi,20,blood_B,blood_A,blood_C,donor_weighted,0.9002398542414305,0.9003875085479827,0.8333333333333334,0.8618760549795033,0.0,0.9970049413040655,0.0059266013220879874,30,4387,
emb_scvi,20,blood_B,blood_A,blood_C,donor_crc,0.9327502200061061,0.9327558696147709,0.8783783783783784,0.896551724137931,0.0,1.076476035563456,0.0,30,4387,
emb_scvi,21,blood_B,blood_C,blood_A,cell_pooled,0.89732495765705,0.8974358974358975,0.7638888888888888,0.8513350020859407,0.03333333333333333,1.0093122607913576,0.003003003003003003,30,4329,0.9058070416095108
emb_scvi,21,blood_B,blood_C,blood_A,donor_weighted,0.8961296091472756,0.8962808962808962,0.7638888888888888,0.8380997079682937,0.03333333333333333,1.0074288097955357,0.003465003465003465,30,4329,
emb_scvi,21,blood_B,blood_C,blood_A,donor_crc,0.9290353727363421,0.9290829290829291,0.8263888888888888,0.8886785565289945,0.0,1.084571468547968,0.0,30,4329,
emb_scvi,22,blood_C,blood_A,blood_B,cell_pooled,0.9321103288349601,0.9343434343434344,0.8251748251748252,0.8842481521870835,0.0,0.993883215609944,0.005582137161084529,30,3762,0.8879668049792531
emb_scvi,22,blood_C,blood_A,blood_B,donor_weighted,0.9321103288349601,0.9343434343434344,0.8251748251748252,0.8842481521870835,0.0,0.993883215609944,0.005582137161084529,30,3762,
emb_scvi,22,blood_C,blood_A,blood_B,donor_crc,0.9510142569871469,0.9537480063795853,0.8461538461538461,0.9043620501635768,0.0,1.0452696988938597,0.0,30,3762,
emb_scvi,23,blood_C,blood_B,blood_A,cell_pooled,0.8910968600925616,0.8912393653713497,0.8450704225352113,0.8501337086558761,0.0,0.9758117890726621,0.024143481260059784,30,4349,0.8768577494692145
emb_scvi,23,blood_C,blood_B,blood_A,donor_weighted,0.9035230161183302,0.9036560128765233,0.8591549295774648,0.8629192253188475,0.0,1.0020778999523272,0.0006898137502874224,30,4349,
emb_scvi,23,blood_C,blood_B,blood_A,donor_crc,0.9467538357647328,0.9468843412278685,0.9041095890410958,0.9116227180527383,0.0,1.1277256654843595,0.0,30,4349,
emb_scvi,24,blood_A,blood_B,blood_C,cell_pooled,0.8829907281048078,0.8832533698880511,0.647887323943662,0.832054794520548,0.06666666666666667,0.9518604364503944,0.047978067169294036,30,4377,0.895507319535588
emb_scvi,24,blood_A,blood_B,blood_C,donor_weighted,0.8827639707351934,0.8830249029015307,0.647887323943662,0.832054794520548,0.06666666666666667,0.95163367908078,0.04820653415581448,30,4377,
emb_scvi,24,blood_A,blood_B,blood_C,donor_crc,0.9171296484834357,0.9172949508795979,0.7112676056338029,0.8677042985356637,0.03333333333333333,1.0180712016467635,0.0006854009595613434,30,4377,
emb_scvi,25,blood_A,blood_C,blood_B,cell_pooled,0.9326593719482614,0.9316658071170707,0.8321678321678322,0.8669642857142857,0.0,1.0121973939584965,0.0007735946364105209,30,3878,0.8854786990380211
emb_scvi,25,blood_A,blood_C,blood_B,donor_weighted,0.9326593719482614,0.9316658071170707,0.8321678321678322,0.8669642857142857,0.0,1.0121973939584965,0.0007735946364105209,30,3878,
emb_scvi,25,blood_A,blood_C,blood_B,donor_crc,0.9494025716659487,0.9494584837545126,0.8531468531468531,0.9045634920634921,0.0,1.0559188555507526,0.0,30,3878,
emb_scvi,26,blood_B,blood_A,blood_C,cell_pooled,0.9124666822845711,0.9123853211009174,0.8187919463087249,0.8681913976434524,0.0,1.006866660807034,0.004128440366972477,30,4360,0.9003230272265805
emb_scvi,26,blood_B,blood_A,blood_C,donor_weighted,0.9124666822845711,0.9123853211009174,0.8187919463087249,0.8681913976434524,0.0,1.006866660807034,0.004128440366972477,30,4360,
emb_scvi,26,blood_B,blood_A,blood_C,donor_crc,0.9395955132606121,0.9394495412844037,0.8657718120805369,0.897044736085832,0.0,1.0768467696044688,0.0,30,4360,
emb_scvi,27,blood_B,blood_C,blood_A,cell_pooled,0.9145845804134322,0.9145751784480773,0.8137931034482758,0.8843537414965986,0.0,1.0098961821233041,0.0011512779184895234,30,4343,0.8940366972477064
emb_scvi,27,blood_B,blood_C,blood_A,donor_weighted,0.9143546953559608,0.9143449228643794,0.8068965517241379,0.8843537414965986,0.0,1.0094348155843516,0.0011512779184895234,30,4343,
emb_scvi,27,blood_B,blood_C,blood_A,donor_crc,0.9395089743675769,0.9394427814874511,0.8865248226950354,0.9101554152501214,0.0,1.0736606916179876,0.0,30,4343,
emb_scvi,28,blood_C,blood_A,blood_B,cell_pooled,0.9262952627039357,0.9334862385321101,0.6296296296296297,0.8832069339111593,0.03333333333333333,0.9952082263146186,0.004332313965341488,30,3924,0.8992640294388224
emb_scvi,28,blood_C,blood_A,blood_B,donor_weighted,0.9262952627039357,0.9334862385321101,0.6296296296296297,0.8832069339111593,0.03333333333333333,0.9952082263146186,0.004332313965341488,30,3924,
emb_scvi,28,blood_C,blood_A,blood_B,donor_crc,0.9425272092114574,0.9492864424057085,0.6481481481481481,0.9071481826654241,0.03333333333333333,1.0402072997050777,0.0,30,3924,
emb_scvi,29,blood_C,blood_B,blood_A,cell_pooled,0.8771882907149037,0.8773302646720368,0.795774647887324,0.8361598160390917,0.03333333333333333,0.9461479281612449,0.05385500575373993,30,4345,0.9022435897435898
emb_scvi,29,blood_C,blood_B,blood_A,donor_weighted,0.8912016116599577,0.8913693901035673,0.795774647887324,0.8579568638880793,0.03333333333333333,0.968875990515878,0.031070195627157654,30,4345,
emb_scvi,29,blood_C,blood_B,blood_A,donor_crc,0.9305866085093104,0.9307249712313004,0.8380281690140845,0.8971894189891356,0.0,1.0577704051923382,0.0,30,4345,
emb_scvi,30,blood_A,blood_B,blood_C,cell_pooled,0.8656893706319698,0.8657365050320219,0.647887323943662,0.7926206896551724,0.13333333333333333,0.9373273431921582,0.0626715462031107,30,4372,0.8809144072301966
emb_scvi,30,blood_A,blood_B,blood_C,donor_weighted,0.8732225884965263,0.8732845379688929,0.6549295774647887,0.8130804597701149,0.06666666666666667,0.9494487401378646,0.05054894784995426,30,4372,
emb_scvi,30,blood_A,blood_B,blood_C,donor_crc,0.9166319231279428,0.9167429094236048,0.7605633802816901,0.8655172413793104,0.03333333333333333,1.0358753634635758,0.00022872827081427266,30,4372,
emb_scvi,31,blood_A,blood_C,blood_B,cell_pooled,0.9235774238092335,0.9242654508611955,0.8251748251748252,0.873731884057971,0.0,1.0017149672682018,0.0035460992907801418,30,3948,0.9034608378870674
emb_scvi,31,blood_A,blood_C,blood_B,donor_weighted,0.9235774238092335,0.9242654508611955,0.8251748251748252,0.873731884057971,0.0,1.0014818670351016,0.0035460992907801418,30,3948,
emb_scvi,31,blood_A,blood_C,blood_B,donor_crc,0.9488457784187727,0.9488348530901722,0.8321678321678322,0.9113224637681159,0.0,1.0579952408818973,0.00025329280648429586,30,3948,
emb_scvi,32,blood_B,blood_A,blood_C,cell_pooled,0.9382283294109717,0.9383280036546369,0.8851351351351351,0.8957604895104896,0.0,1.0503750935796703,0.0,30,4378,0.899537037037037
emb_scvi,32,blood_B,blood_A,blood_C,donor_weighted,0.937768362401709,0.9378711740520785,0.8783783783783784,0.8957604895104896,0.0,1.0496868160681245,0.0,30,4378,
emb_scvi,32,blood_B,blood_A,blood_C,donor_crc,0.9632052870782455,0.9632252169940612,0.910958904109589,0.9435692685692686,0.0,1.138045397053302,0.0,30,4378,
emb_scvi,33,blood_B,blood_C,blood_A,cell_pooled,0.9294769549247965,0.9294415076993795,0.8783783783783784,0.8898833765272122,0.0,1.0365520291307047,0.00022983222247759135,30,4351,0.8964888280893752
emb_scvi,33,blood_B,blood_C,blood_A,donor_weighted,0.9294769549247965,0.9294415076993795,0.8783783783783784,0.8898833765272122,0.0,1.0365520291307047,0.00022983222247759135,30,4351,
emb_scvi,33,blood_B,blood_C,blood_A,donor_crc,0.9545275062014817,0.9544932199494369,0.9115646258503401,0.9309237319511292,0.0,1.1107807650606678,0.0,30,4351,
emb_scvi,34,blood_C,blood_A,blood_B,cell_pooled,0.897516640285424,0.9095083738519719,0.6785714285714286,0.8250897750897751,0.06666666666666667,0.975318848231881,0.02377093462992977,30,3702,0.919889502762431
emb_scvi,34,blood_C,blood_A,blood_B,donor_weighted,0.897516640285424,0.9095083738519719,0.6785714285714286,0.8250897750897751,0.06666666666666667,0.975318848231881,0.02377093462992977,30,3702,
emb_scvi,34,blood_C,blood_A,blood_B,donor_crc,0.919508941431681,0.9313884386817937,0.6785714285714286,0.8737458193979933,0.06666666666666667,1.0194660379673255,0.0,30,3702,
emb_scvi,35,blood_C,blood_B,blood_A,cell_pooled,0.8906968689521004,0.8909341923607915,0.8028169014084507,0.8399379432624113,0.0,0.9757850668733549,0.024160147261849976,30,4346,0.8939226519337017
emb_scvi,35,blood_C,blood_B,blood_A,donor_weighted,0.9153716596814611,0.9155545329038196,0.823943661971831,0.8755099046221569,0.0,1.0263084727041312,0.0,30,4346,
emb_scvi,35,blood_C,blood_B,blood_A,donor_crc,0.9525225414308764,0.9526000920386563,0.8873239436619719,0.924433883142298,0.0,1.188643831698802,0.0,30,4346,
emb_scvi,36,blood_A,blood_B,blood_C,cell_pooled,0.886814517818279,0.8868571428571429,0.7837837837837838,0.8174825174825175,0.03333333333333333,0.9816514754081499,0.018285714285714287,30,4375,0.8953797132235793
emb_scvi,36,blood_A,blood_B,blood_C,donor_weighted,0.8836252161101839,0.8836571428571428,0.777027027027027,0.8111888111888111,0.06666666666666667,0.9775410151773374,0.0224,30,4375,
emb_scvi,36,blood_A,blood_B,blood_C,donor_crc,0.9188937454524916,0.9188571428571428,0.8243243243243243,0.8596431155051845,0.0,1.0556672883617966,0.00022857142857142857,30,4375,
emb_scvi,37,blood_A,blood_C,blood_B,cell_pooled,0.9131934410547963,0.912847483095417,0.8041958041958042,0.8544858523119393,0.0,1.001661313836674,0.002253944402704733,30,3993,0.8776814240073026
emb_scvi,37,blood_A,blood_C,blood_B,donor_weighted,0.9131934410547963,0.912847483095417,0.8041958041958042,0.8544858523119393,0.0,1.001661313836674,0.002253944402704733,30,3993,
emb_scvi,37,blood_A,blood_C,blood_B,donor_crc,0.9317057543713161,0.9313799148509893,0.8111888111888111,0.8944444444444445,0.0,1.0549101302833606,0.0,30,3993,
emb_scvi,38,blood_B,blood_A,blood_C,cell_pooled,0.8759206049031091,0.8760311640696609,0.7162162162162162,0.8313454151482321,0.06666666666666667,0.9511559778853589,0.048808432630614115,30,4364,0.9072969251950436
emb_scvi,38,blood_B,blood_A,blood_C,donor_weighted,0.875692294400826,0.8758020164986251,0.7162162162162162,0.8313454151482321,0.06666666666666667,0.9509276673830757,0.04903758020164986,30,4364,
emb_scvi,38,blood_B,blood_A,blood_C,donor_crc,0.9087736548263151,0.9087992667277727,0.7702702702702703,0.8696822678843227,0.03333333333333333,1.014926191419556,0.0036663611365719525,30,4364,
emb_scvi,39,blood_B,blood_C,blood_A,cell_pooled,0.9216344520510528,0.9216632207672869,0.8285714285714286,0.870439538779935,0.0,1.0527692250329048,0.0,30,4353,0.8872077028885832
emb_scvi,39,blood_B,blood_C,blood_A,donor_weighted,0.9216344520510528,0.9216632207672869,0.8285714285714286,0.870439538779935,0.0,1.0523059045695846,0.0,30,4353,
emb_scvi,39,blood_B,blood_C,blood_A,donor_crc,0.9442905985259891,0.9444061566735584,0.85,0.909791071252587,0.0,1.1251581843424183,0.0,30,4353,
emb_scvi,40,blood_C,blood_A,blood_B,cell_pooled,0.9185790571743379,0.9245569620253165,0.6875,0.8795669539625816,0.03333333333333333,0.9962818156447683,0.0037974683544303796,30,3950,0.8908418131359852
emb_scvi,40,blood_C,blood_A,blood_B,donor_weighted,0.9185790571743379,0.9245569620253165,0.6875,0.8795669539625816,0.03333333333333333,0.9962818156447683,0.0037974683544303796,30,3950,
emb_scvi,40,blood_C,blood_A,blood_B,donor_crc,0.9345197682608396,0.94,0.71875,0.8927018633540373,0.03333333333333333,1.0386030671953754,0.0,30,3950,
emb_scvi,41,blood_C,blood_B,blood_A,cell_pooled,0.8143851220715853,0.8144069740766231,0.6959459459459459,0.7461704106102873,0.36666666666666664,0.8620784741802888,0.1378756595549438,30,4359,0.8984771573604061
emb_scvi,41,blood_C,blood_B,blood_A,donor_weighted,0.8075248511539058,0.8075246616196375,0.6891891891891891,0.7253854059609456,0.36666666666666664,0.8538415760762951,0.14613443450332644,30,4359,
emb_scvi,41,blood_C,blood_B,blood_A,donor_crc,0.8812325390254192,0.8811654049093829,0.7891156462585034,0.8296440807004187,0.03333333333333333,0.9518740835410332,0.04817618719889883,30,4359,
emb_scvi,42,blood_A,blood_B,blood_C,cell_pooled,0.8610986177826329,0.8611238008222933,0.7762237762237763,0.7978129253297038,0.16666666666666666,0.9286326069269809,0.07149383280036546,30,4378,0.9203586497890295
emb_scvi,42,blood_A,blood_B,blood_C,donor_weighted,0.8649681352497962,0.8650068524440384,0.7762237762237763,0.7985122260290045,0.13333333333333333,0.9347640061095487,0.06532663316582915,30,4378,
emb_scvi,42,blood_A,blood_B,blood_C,donor_crc,0.9055511887741973,0.9056646870717222,0.8391608391608392,0.8558626305201648,0.0,1.0059221107474952,0.0022841480127912287,30,4378,
emb_scvi,43,blood_A,blood_C,blood_B,cell_pooled,0.8946879793902934,0.9002624671916011,0.5925925925925926,0.8511737089201878,0.03333333333333333,0.9671929035571502,0.032020997375328084,30,3810,0.886801099908341
emb_scvi,43,blood_A,blood_C,blood_B,donor_weighted,0.8944580943328222,0.9,0.5925925925925926,0.8511737089201878,0.03333333333333333,0.9669630184996788,0.03228346456692913,30,3810,
emb_scvi,43,blood_A,blood_C,blood_B,donor_crc,0.9203205708852813,0.9270341207349081,0.6111111111111112,0.8938184663536777,0.03333333333333333,1.0214807944779896,0.0,30,3810,
emb_scvi,44,blood_B,blood_A,blood_C,cell_pooled,0.8916204317983554,0.891533180778032,0.7891156462585034,0.8411339967600093,0.03333333333333333,0.9874224353961182,0.012814645308924484,30,4370,0.8937931034482759
emb_scvi,44,blood_B,blood_A,blood_C,donor_weighted,0.8911699607822084,0.8910755148741418,0.782312925170068,0.8411339967600093,0.03333333333333333,0.9867452070103567,0.013501144164759725,30,4370,
emb_scvi,44,blood_B,blood_A,blood_C,donor_crc,0.9199445422502529,0.919908466819222,0.8620689655172413,0.8838378304341871,0.0,1.0515449664284733,0.0002288329519450801,30,4370,
emb_scvi,45,blood_B,blood_C,blood_A,cell_pooled,0.9058589221140029,0.9057954283075502,0.8435374149659864,0.8563600782778864,0.0,1.013623796058147,0.0009235742322789194,30,4331,0.9055479138010087
emb_scvi,45,blood_B,blood_C,blood_A,donor_weighted,0.9058589221140029,0.9057954283075502,0.8435374149659864,0.8563600782778864,0.0,1.013623796058147,0.0009235742322789194,30,4331,
emb_scvi,45,blood_B,blood_C,blood_A,donor_crc,0.9335191314946056,0.9335026552759178,0.8794326241134752,0.8904761904761904,0.0,1.0872314371208553,0.0,30,4331,
emb_scvi,46,blood_C,blood_A,blood_B,cell_pooled,0.9053488219254135,0.9182009468700684,0.6111111111111112,0.8624875124875125,0.06666666666666667,0.9826503798941457,0.01551814834297738,30,3802,0.8923499770957398
emb_scvi,46,blood_C,blood_A,blood_B,donor_weighted,0.9053488219254135,0.9182009468700684,0.6111111111111112,0.8624875124875125,0.06666666666666667,0.982174165121283,0.01604418726985797,30,3802,
emb_scvi,46,blood_C,blood_A,blood_B,donor_crc,0.928405226497341,0.9402945817990531,0.6666666666666666,0.8846153846153846,0.06666666666666667,1.034214807561823,0.0,30,3802,
emb_scvi,47,blood_C,blood_B,blood_A,cell_pooled,0.8781127665989714,0.8782169117647058,0.795774647887324,0.8362729033219127,0.03333333333333333,0.959202194827247,0.04090073529411765,30,4352,0.8887728459530027
emb_scvi,47,blood_C,blood_B,blood_A,donor_weighted,0.8916140865659391,0.8917738970588235,0.795774647887324,0.8429864903707962,0.03333333333333333,0.9844024000141385,0.015625,30,4352,
emb_scvi,47,blood_C,blood_B,blood_A,donor_crc,0.9359372565908096,0.9361213235294118,0.8591549295774648,0.8890108230556255,0.0,1.0871366433774734,0.0,30,4352,
emb_scvi,48,blood_A,blood_B,blood_C,cell_pooled,0.8819220971820368,0.8818430656934306,0.7094594594594594,0.8132080536912752,0.06666666666666667,0.9728269747719692,0.027144160583941607,30,4384,0.8942252715837622
emb_scvi,48,blood_A,blood_B,blood_C,donor_weighted,0.8981291381414921,0.8980383211678832,0.7162162162162162,0.8328767123287671,0.03333333333333333,1.0025007499641745,0.002509124087591241,30,4384,
emb_scvi,48,blood_A,blood_B,blood_C,donor_crc,0.9469848712013359,0.9468521897810219,0.8378378378378378,0.8999328859060403,0.0,1.1171044041735827,0.0,30,4384,
emb_scvi,49,blood_A,blood_C,blood_B,cell_pooled,0.9103634407982436,0.9162344398340249,0.6875,0.8713079365079365,0.03333333333333333,0.9781840745502682,0.021524896265560166,30,3856,0.9050894085281981
emb_scvi,49,blood_A,blood_C,blood_B,donor_weighted,0.9103634407982436,0.9162344398340249,0.6875,0.8713079365079365,0.03333333333333333,0.9781840745502682,0.021524896265560166,30,3856,
emb_scvi,49,blood_A,blood_C,blood_B,donor_crc,0.9324486936591229,0.9382780082987552,0.71875,0.8959522388059702,0.03333333333333333,1.0274488490559626,0.0,30,3856,
emb_scvi,50,blood_B,blood_A,blood_C,cell_pooled,0.9002449826479625,0.9002064693737095,0.75,0.8527318272048398,0.1,1.0028423738877206,0.005964670796054141,30,4359,0.8917167977788061
emb_scvi,50,blood_B,blood_A,blood_C,donor_weighted,0.9000118824148623,0.8999770589584767,0.75,0.8474096326209002,0.1,1.002384048429395,0.005964670796054141,30,4359,
emb_scvi,50,blood_B,blood_A,blood_C,donor_crc,0.926418574100839,0.9263592567102547,0.8108108108108109,0.8735481381439321,0.0,1.062726473021283,0.0,30,4359,
emb_scvi,51,blood_B,blood_C,blood_A,cell_pooled,0.9248003323171179,0.9249769159741459,0.8602941176470589,0.877774583093732,0.0,1.0124797587288226,0.0018467220683287165,30,4332,0.8902104300091491
emb_scvi,51,blood_B,blood_C,blood_A,donor_weighted,0.9248003323171179,0.9249769159741459,0.8602941176470589,0.877774583093732,0.0,1.0124797587288226,0.0018467220683287165,30,4332,
emb_scvi,51,blood_B,blood_C,blood_A,donor_crc,0.9482372286868017,0.948291782086796,0.8823529411764706,0.9177468284611142,0.0,1.0759578574591984,0.0,30,4332,
emb_scvi,52,blood_C,blood_A,blood_B,cell_pooled,0.9082962441971209,0.9232832618025751,0.6785714285714286,0.8538610038610038,0.06666666666666667,0.9783375616960924,0.014216738197424892,30,3728,0.8896583564173592
emb_scvi,52,blood_C,blood_A,blood_B,donor_weighted,0.9082962441971209,0.9232832618025751,0.6785714285714286,0.8538610038610038,0.06666666666666667,0.9783375616960924,0.014216738197424892,30,3728,
emb_scvi,52,blood_C,blood_A,blood_B,donor_crc,0.9318232226064431,0.943401287553648,0.7142857142857143,0.8918018018018018,0.06666666666666667,1.030892087592533,0.000536480686695279,30,3728,
emb_scvi,53,blood_C,blood_B,blood_A,cell_pooled,0.8210736318226045,0.8208747975005786,0.6554054054054054,0.7552760207015526,0.23333333333333334,0.8895079853691539,0.11085396898866003,30,4321,0.9005494505494506
emb_scvi,53,blood_C,blood_B,blood_A,donor_weighted,0.8524255158859675,0.8523489932885906,0.7364864864864865,0.7875618576322801,0.2,0.9340684543211992,0.06618838231890765,30,4321,
emb_scvi,53,blood_C,blood_B,blood_A,donor_crc,0.9155956073201458,0.9157602406850266,0.823943661971831,0.8600755166931638,0.0,1.0555449568578847,0.0,30,4321,
emb_scvi,54,blood_A,blood_B,blood_C,cell_pooled,0.9014964800913648,0.9016506189821183,0.6549295774647887,0.858916083916084,0.03333333333333333,0.9776428684849201,0.022237505731315912,30,4362,0.8873720136518771
emb_scvi,54,blood_A,blood_B,blood_C,donor_weighted,0.9190121487908768,0.9190738193489225,0.7112676056338029,0.8750814176245211,0.03333333333333333,1.0106137453104365,0.0009170105456212746,30,4362,
emb_scvi,54,blood_A,blood_B,blood_C,donor_crc,0.9502324459822865,0.9502521779000459,0.8380281690140845,0.9104670405442677,0.0,1.0960099344050618,0.0,30,4362,
emb_scvi,55,blood_A,blood_C,blood_B,cell_pooled,0.9187444230094787,0.9242115971515769,0.6875,0.8699193935835158,0.03333333333333333,1.0138948335423128,0.000508646998982706,30,3932,0.9029170464904285
emb_scvi,55,blood_A,blood_C,blood_B,donor_weighted,0.9187444230094787,0.9242115971515769,0.6875,0.8699193935835158,0.03333333333333333,1.0136497355030971,0.000508646998982706,30,3932,
emb_scvi,55,blood_A,blood_C,blood_B,donor_crc,0.9438387053600267,0.9501525940996948,0.6875,0.9194095980355522,0.03333333333333333,1.0830947142872336,0.0,30,3932,
emb_scvi,56,blood_B,blood_A,blood_C,cell_pooled,0.8698560403134442,0.8698318945933666,0.6959459459459459,0.8136218467947234,0.06666666666666667,0.9863795455518221,0.016129032258064516,30,4402,0.8823257960313798
emb_scvi,56,blood_B,blood_A,blood_C,donor_weighted,0.8696323266669118,0.8696047251249432,0.6959459459459459,0.8136218467947234,0.06666666666666667,0.9856960399215251,0.01635620172648796,30,4402,
emb_scvi,56,blood_B,blood_A,blood_C,donor_crc,0.904830712629456,0.904815992730577,0.7702702702702703,0.8449899094194396,0.06666666666666667,1.0731082534435916,0.0,30,4402,
emb_scvi,57,blood_B,blood_C,blood_A,cell_pooled,0.9460497604613894,0.9460829493087558,0.8705035971223022,0.9081461743433574,0.0,1.070959428985393,0.0,30,4340,0.8986703347088492
emb_scvi,57,blood_B,blood_C,blood_A,donor_weighted,0.9460497604613894,0.9460829493087558,0.8705035971223022,0.9081461743433574,0.0,1.070959428985393,0.0,30,4340,
emb_scvi,57,blood_B,blood_C,blood_A,donor_crc,0.9649982567272757,0.9649769585253456,0.9256756756756757,0.9381825197761914,0.0,1.1521357166142516,0.0,30,4340,
emb_scvi,58,blood_C,blood_A,blood_B,cell_pooled,0.9165704286931522,0.9309701492537313,0.6111111111111112,0.8606060606060606,0.06666666666666667,1.0123832788004923,0.0010660980810234541,30,3752,0.8923290203327172
emb_scvi,58,blood_C,blood_A,blood_B,donor_weighted,0.9165704286931522,0.9309701492537313,0.6111111111111112,0.8606060606060606,0.06666666666666667,1.0123832788004923,0.0010660980810234541,30,3752,
emb_scvi,58,blood_C,blood_A,blood_B,donor_crc,0.9388686725258857,0.9520255863539445,0.6851851851851852,0.8887848932676519,0.06666666666666667,1.0704485527515362,0.0,30,3752,
emb_scvi,59,blood_C,blood_B,blood_A,cell_pooled,0.8665664865646512,0.8667588750576303,0.7569444444444444,0.8020264443805691,0.1,0.9352070130270078,0.06477639465191333,30,4338,0.8865174388339406
emb_scvi,59,blood_C,blood_B,blood_A,donor_weighted,0.8849894439692498,0.8852005532503457,0.7847222222222222,0.8377275234418091,0.03333333333333333,0.9654338042372139,0.034578146611341634,30,4338,
emb_scvi,59,blood_C,blood_B,blood_A,donor_crc,0.9265226812778773,0.9266943291839558,0.8472222222222222,0.883680342927128,0.0,1.051915167024147,0.0,30,4338,
