embedding,rep,reference,calibration,target,method,donor_mean_coverage,cell_pooled_coverage,donor_min_coverage,donor_q10_coverage,frac_donors_poorly_covered,mean_set_size,frac_empty_sets,n_donors,n_cells,reported_random_split_coverage
emb_tf-sapiens,0,gingiva,oral_normal_multisite,oral_scc,cell_pooled,0.9594931895589683,0.9693682195277601,0.8902439024390244,0.908186066890609,0.0,1.0042030379361033,0.0006381620931716656,10,1567,0.8836662749706228
emb_tf-sapiens,0,gingiva,oral_normal_multisite,oral_scc,donor_weighted,0.9654065409806121,0.9738353541799617,0.9024390243902439,0.9141875644108554,0.0,1.0167664075142402,0.0,10,1567,
emb_tf-sapiens,0,gingiva,oral_normal_multisite,oral_scc,donor_crc,0.9891985974840466,0.9929802169751116,0.9436619718309859,0.9724149776709035,0.0,1.8349290086578212,0.0,10,1567,
emb_tf-sapiens,1,gingiva,oral_normal_multisite,oral_scc,cell_pooled,0.9734429797028724,0.981888745148771,0.926829268292683,0.9293026451391274,0.0,1.0325729197350264,0.0,10,1546,0.9170353982300885
emb_tf-sapiens,1,gingiva,oral_normal_multisite,oral_scc,donor_weighted,0.9722234675077503,0.98124191461837,0.9146341463414634,0.9280831329440055,0.0,1.0313534075399045,0.0,10,1546,
emb_tf-sapiens,1,gingiva,oral_normal_multisite,oral_scc,donor_crc,0.9867012846993877,0.9922380336351876,0.9436619718309859,0.9712892741061755,0.0,1.8928457631629048,0.0,10,1546,
emb_tf-sapiens,2,gingiva,oral_normal_multisite,oral_scc,cell_pooled,0.9973674998873365,0.9979281767955801,0.9859154929577465,0.9926312843951124,0.0,1.709591296089671,0.0,10,1448,0.8995584988962473
emb_tf-sapiens,2,gingiva,oral_normal_multisite,oral_scc,donor_weighted,0.9973674998873365,0.9979281767955801,0.9859154929577465,0.9926312843951124,0.0,1.667249521195771,0.0,10,1448,
emb_tf-sapiens,2,gingiva,oral_normal_multisite,oral_scc,donor_crc,1.0,1.0,1.0,1.0,0.0,2.6637860751683156,0.0,10,1448,
emb_tf-sapiens,3,gingiva,oral_normal_multisite,oral_scc,cell_pooled,0.9953908603726547,0.9958419958419958,0.9878048780487805,0.9879371143109021,0.0,1.0577074589864996,0.0,10,1443,0.9365256124721604
emb_tf-sapiens,3,gingiva,oral_normal_multisite,oral_scc,donor_weighted,0.9953908603726547,0.9958419958419958,0.9878048780487805,0.9879371143109021,0.0,1.0492865323998162,0.0,10,1443,
emb_tf-sapiens,3,gingiva,oral_normal_multisite,oral_scc,donor_crc,1.0,1.0,1.0,1.0,0.0,2.097283040858361,0.0,10,1443,
emb_tf-sapiens,4,gingiva,oral_normal_multisite,oral_scc,cell_pooled,0.9690067241135892,0.9764379764379765,0.9281437125748503,0.9294340895673442,0.0,1.0288273495903641,0.0,10,1443,0.9068736141906873
emb_tf-sapiens,4,gingiva,oral_normal_multisite,oral_scc,donor_weighted,0.9708250387039209,0.9778239778239778,0.9295774647887324,0.9336763093531247,0.0,1.032937120871275,0.0,10,1443,
emb_tf-sapiens,4,gingiva,oral_normal_multisite,oral_scc,donor_crc,0.9963378363748083,0.9972279972279973,0.9871794871794872,0.9877423389618512,0.0,1.710656608923643,0.0,10,1443,
emb_tf-sapiens,5,gingiva,oral_normal_multisite,oral_scc,cell_pooled,0.9795986061956621,0.9854469854469855,0.9390243902439024,0.9558742700103057,0.0,1.015978925148341,0.0,10,1443,0.9203268641470889
emb_tf-sapiens,5,gingiva,oral_normal_multisite,oral_scc,donor_weighted,0.9763463064565764,0.9833679833679834,0.9390243902439024,0.9431982136722775,0.0,1.0096643954388165,0.0,10,1443,
emb_tf-sapiens,5,gingiva,oral_normal_multisite,oral_scc,donor_crc,0.9982228992129982,0.9986139986139986,0.9871794871794872,0.9942625031733943,0.0,1.9624446360414847,0.0,10,1443,
emb_tf-sapiens,6,gingiva,oral_normal_multisite,oral_scc,cell_pooled,0.9950936293077903,0.9963325183374083,0.971830985915493,0.991222833690887,0.0,1.282040382129929,0.0,10,1636,0.9016881827209533
emb_tf-sapiens,6,gingiva,oral_normal_multisite,oral_scc,donor_weighted,0.9944948269125808,0.9957212713936431,0.971830985915493,0.991222833690887,0.0,1.2345331142159663,0.0,10,1636,
emb_tf-sapiens,6,gingiva,oral_normal_multisite,oral_scc,donor_crc,1.0,1.0,1.0,1.0,0.0,2.699263791677857,0.0,10,1636,
emb_tf-sapiens,7,gingiva,oral_normal_multisite,oral_scc,cell_pooled,0.9603254606110327,0.9674289674289674,0.8902439024390244,0.9129680522157334,0.0,1.0219262894048582,0.0,10,1443,0.9047029702970297
emb_tf-sapiens,7,gingiva,oral_normal_multisite,oral_scc,donor_weighted,0.9642584508772648,0.9708939708939709,0.9146341463414634,0.9154070766059773,0.0,1.0371036309899975,0.0,10,1443,
emb_tf-sapiens,7,gingiva,oral_normal_multisite,oral_scc,donor_crc,0.988725455383799,0.990990990990991,0.9436619718309859,0.9674200893986674,0.0,1.7819763415546628,0.0,10,1443,
emb_tf-sapiens,8,gingiva,oral_normal_multisite,oral_scc,cell_pooled,0.9800536265765173,0.9859845830413455,0.9436619718309859,0.9504637581587083,0.0,1.005679494602839,0.0,10,1427,0.8987485779294653
emb_tf-sapiens,8,gingiva,oral_normal_multisite,oral_scc,donor_weighted,0.9848958088810955,0.9894884372810091,0.9577464788732394,0.9628478186190312,0.0,1.0215940758979893,0.0,10,1427,
emb_tf-sapiens,8,gingiva,oral_normal_multisite,oral_scc,donor_crc,0.9987179487179487,0.9992992291520673,0.9871794871794872,0.9987179487179487,0.0,2.1695636697470464,0.0,10,1427,
emb_tf-sapiens,9,gingiva,oral_normal_multisite,oral_scc,cell_pooled,0.9793283068066279,0.9823917828319882,0.9436619718309859,0.9674200893986674,0.0,1.183792784659232,0.0,10,1363,0.9128491620111732
emb_tf-sapiens,9,gingiva,oral_normal_multisite,oral_scc,donor_weighted,0.9740763316028351,0.9772560528246516,0.9436619718309859,0.9614393679148059,0.0,1.1386868493769506,0.0,10,1363,
emb_tf-sapiens,9,gingiva,oral_normal_multisite,oral_scc,donor_crc,0.9886405097935018,0.9911958914159942,0.9577464788732394,0.9726977248104008,0.0,1.8837106989777386,0.0,10,1363,
emb_tf-sapiens,10,gingiva,oral_normal_multisite,oral_scc,cell_pooled,0.9790706678486296,0.984486102133161,0.9295774647887324,0.9626206678271879,0.0,1.1140610614118711,0.0,10,1547,0.9140461215932913
emb_tf-sapiens,10,gingiva,oral_normal_multisite,oral_scc,donor_weighted,0.97801382059087,0.9831932773109243,0.9295774647887324,0.957564488051907,0.0,1.0916273114241952,0.0,10,1547,
emb_tf-sapiens,10,gingiva,oral_normal_multisite,oral_scc,donor_crc,0.9953392495566892,0.9974143503555268,0.971830985915493,0.9856446370530878,0.0,2.6455351761119728,0.0,10,1547,
emb_tf-sapiens,11,gingiva,oral_normal_multisite,oral_scc,cell_pooled,0.9849491024368178,0.9907346128391793,0.9390243902439024,0.9558742700103057,0.0,1.0876233000582132,0.0,10,1511,0.8943248532289628
emb_tf-sapiens,11,gingiva,oral_normal_multisite,oral_scc,donor_weighted,0.9849491024368178,0.9907346128391793,0.9390243902439024,0.9558742700103057,0.0,1.0760093148516066,0.0,10,1511,
emb_tf-sapiens,11,gingiva,oral_normal_multisite,oral_scc,donor_crc,0.9969366387700178,0.9980145598941098,0.9871794871794872,0.9877423389618512,0.0,1.4653382105096728,0.0,10,1511,
emb_tf-sapiens,12,gingiva,oral_normal_multisite,oral_scc,cell_pooled,0.9598289557764937,0.9680111265646731,0.9014084507042254,0.9093025217171291,0.0,0.9824714235641112,0.014603616133518776,10,1438,0.928391959798995
emb_tf-sapiens,12,gingiva,oral_normal_multisite,oral_scc,donor_weighted,0.962807870514844,0.9707927677329624,0.9014084507042254,0.9200809648309016,0.0,0.992864640717249,0.006258692628650904,10,1438,
emb_tf-sapiens,12,gingiva,oral_normal_multisite,oral_scc,donor_crc,0.9897583174383456,0.9930458970792768,0.971830985915493,0.9741061755146262,0.0,1.5867499193072174,0.0,10,1438,
emb_tf-sapiens,13,gingiva,oral_normal_multisite,oral_scc,cell_pooled,0.9386647856548885,0.945983379501385,0.8622754491017964,0.9101712068820106,0.0,0.9824790557430274,0.01592797783933518,10,1444,0.916751269035533
emb_tf-sapiens,13,gingiva,oral_normal_multisite,oral_scc,donor_weighted,0.9386647856548885,0.945983379501385,0.8622754491017964,0.9101712068820106,0.0,0.9824790557430274,0.01592797783933518,10,1444,
emb_tf-sapiens,13,gingiva,oral_normal_multisite,oral_scc,donor_crc,0.9743057309988817,0.9785318559556787,0.9295774647887324,0.9498439740237834,0.0,1.266206517100589,0.0,10,1444,
emb_tf-sapiens,14,gingiva,oral_normal_multisite,oral_scc,cell_pooled,0.9727998789848536,0.9805959805959806,0.9154929577464789,0.93667124699416,0.0,1.0145970034906064,0.0,10,1443,0.8907741251325557
emb_tf-sapiens,14,gingiva,oral_normal_multisite,oral_scc,donor_weighted,0.9703202229123832,0.9785169785169785,0.9154929577464789,0.93667124699416,0.0,1.0048149275724552,0.000693000693000693,10,1443,
emb_tf-sapiens,14,gingiva,oral_normal_multisite,oral_scc,donor_crc,0.9981561509651398,0.9986139986139986,0.9871794871794872,0.9936617689426678,0.0,2.0301943769261204,0.0,10,1443,
emb_tf-sapiens,15,gingiva,oral_normal_multisite,oral_scc,cell_pooled,0.9940803790008694,0.9955328653477984,0.9743589743589743,0.9865925239419215,0.0,1.1004551381658167,0.0,10,1567,0.883349012229539
emb_tf-sapiens,15,gingiva,oral_normal_multisite,oral_scc,donor_weighted,0.9928755597237611,0.9948947032546267,0.9743589743589743,0.9757491504479456,0.0,1.0915228670563304,0.0,10,1567,
emb_tf-sapiens,15,gingiva,oral_normal_multisite,oral_scc,donor_crc,0.999438202247191,0.9993618379068283,0.9943820224719101,0.999438202247191,0.0,1.6589428530661685,0.0,10,1567,
emb_tf-sapiens,16,gingiva,oral_normal_multisite,oral_scc,cell_pooled,0.9989673779740006,0.9987834549878345,0.9933774834437086,0.9960044150110375,0.0,1.230022065920222,0.0,10,1644,0.898238747553816
emb_tf-sapiens,16,gingiva,oral_normal_multisite,oral_scc,donor_weighted,0.9976853266919491,0.9981751824817519,0.9871794871794872,0.9927576838172865,0.0,1.1556467226412588,0.0,10,1644,
emb_tf-sapiens,16,gingiva,oral_normal_multisite,oral_scc,donor_crc,0.9993377483443708,0.9993917274939172,0.9933774834437086,0.9993377483443708,0.0,2.3046081687337345,0.0,10,1644,
emb_tf-sapiens,17,gingiva,oral_normal_multisite,oral_scc,cell_pooled,0.9956202735578756,0.9955328653477984,0.9801980198019802,0.9871764284862221,0.0,1.0292384543378528,0.0,10,1567,0.9061413673232909
emb_tf-sapiens,17,gingiva,oral_normal_multisite,oral_scc,donor_weighted,0.995021471162666,0.9948947032546267,0.9801980198019802,0.9871764284862221,0.0,1.0228265740184088,0.0,10,1567,
emb_tf-sapiens,17,gingiva,oral_normal_multisite,oral_scc,donor_crc,1.0,1.0,1.0,1.0,0.0,1.736112057178227,0.0,10,1567,
emb_tf-sapiens,18,gingiva,oral_normal_multisite,oral_scc,cell_pooled,0.9746023388000162,0.9819471308833011,0.9014084507042254,0.9679186228482003,0.0,1.0239405591657782,0.0,10,1551,0.9133949191685913
emb_tf-sapiens,18,gingiva,oral_normal_multisite,oral_scc,donor_weighted,0.9751641365528252,0.9825918762088974,0.9014084507042254,0.9679186228482003,0.0,1.0285312638743234,0.0,10,1551,
emb_tf-sapiens,18,gingiva,oral_normal_multisite,oral_scc,donor_crc,0.9969971295169662,0.9974210186976145,0.9859154929577465,0.9926312843951124,0.0,1.76438357046954,0.0,10,1551,
emb_tf-sapiens,19,gingiva,oral_normal_multisite,oral_scc,cell_pooled,0.9932127756305296,0.9951010410287814,0.971830985915493,0.9856446370530878,0.0,1.1765042662294953,0.0,10,1633,0.8923395445134575
emb_tf-sapiens,19,gingiva,oral_normal_multisite,oral_scc,donor_weighted,0.9932127756305296,0.9951010410287814,0.971830985915493,0.9856446370530878,0.0,1.130632724210665,0.0,10,1633,
emb_tf-sapiens,19,gingiva,oral_normal_multisite,oral_scc,donor_crc,0.9993377483443708,0.9993876301285977,0.9933774834437086,0.9993377483443708,0.0,2.230782494115408,0.0,10,1633,
emb_tf-sapiens,20,gingiva,oral_normal_multisite,oral_scc,cell_pooled,0.9747954788250814,0.9824807288016818,0.9295774647887324,0.9380796976983854,0.0,1.0526219749893686,0.0,10,1427,0.8986731001206273
emb_tf-sapiens,20,gingiva,oral_normal_multisite,oral_scc,donor_weighted,0.9700817578597668,0.979677645409951,0.9014084507042254,0.9352627962899347,0.0,1.036098301912689,0.0,10,1427,
emb_tf-sapiens,20,gingiva,oral_normal_multisite,oral_scc,donor_crc,0.987957588959047,0.9922915206727401,0.9577464788732394,0.9628478186190312,0.0,1.8691010867834557,0.0,10,1427,
emb_tf-sapiens,21,gingiva,oral_normal_multisite,oral_scc,cell_pooled,0.9922461853992471,0.9933211900425015,0.975609756097561,0.9797391934315383,0.0,1.0144913988354727,0.0,10,1647,0.9239350912778904
emb_tf-sapiens,21,gingiva,oral_normal_multisite,oral_scc,donor_weighted,0.9901164124856487,0.9908925318761385,0.975609756097561,0.9760040893822112,0.0,1.0019361004947362,0.0018214936247723133,10,1647,
emb_tf-sapiens,21,gingiva,oral_normal_multisite,oral_scc,donor_crc,1.0,1.0,1.0,1.0,0.0,2.1091686292049956,0.0,10,1647,
emb_tf-sapiens,22,gingiva,oral_normal_multisite,oral_scc,cell_pooled,0.9862893671928947,0.9902597402597403,0.9436619718309859,0.9728093109555537,0.0,1.1766743216184608,0.0,10,1540,0.898360655737705
emb_tf-sapiens,22,gingiva,oral_normal_multisite,oral_scc,donor_weighted,0.9856905647976852,0.9896103896103896,0.9436619718309859,0.9674200893986674,0.0,1.1727199890581343,0.0,10,1540,
emb_tf-sapiens,22,gingiva,oral_normal_multisite,oral_scc,donor_crc,1.0,1.0,1.0,1.0,0.0,2.702038367965001,0.0,10,1540,
emb_tf-sapiens,23,gingiva,oral_normal_multisite,oral_scc,cell_pooled,0.9932543884731377,0.994475138121547,0.971830985915493,0.9838167619578859,0.0,1.289309843645538,0.0,10,1448,0.9071100917431193
emb_tf-sapiens,23,gingiva,oral_normal_multisite,oral_scc,donor_weighted,0.9874468156076632,0.9903314917127072,0.9436619718309859,0.9765444150048808,0.0,1.14300322886919,0.0,10,1448,
emb_tf-sapiens,23,gingiva,oral_normal_multisite,oral_scc,donor_crc,1.0,1.0,1.0,1.0,0.0,2.457494009723558,0.0,10,1448,
emb_tf-sapiens,24,gingiva,oral_normal_multisite,oral_scc,cell_pooled,0.9910337780102594,0.9923273657289002,0.9752475247524752,0.9755735329630524,0.0,1.0168942766354765,0.0,10,1564,0.9021852237252862
emb_tf-sapiens,24,gingiva,oral_normal_multisite,oral_scc,donor_weighted,0.9910337780102594,0.9923273657289002,0.9752475247524752,0.9755735329630524,0.0,1.0193811471946361,0.0,10,1564,
emb_tf-sapiens,24,gingiva,oral_normal_multisite,oral_scc,donor_crc,0.9982228992129982,0.9987212276214834,0.9871794871794872,0.9942625031733943,0.0,1.9514502173338166,0.0,10,1564,
emb_tf-sapiens,25,gingiva,oral_normal_multisite,oral_scc,cell_pooled,0.9898092532952457,0.9911054637865311,0.9743589743589743,0.9757491504479456,0.0,1.0550567995820077,0.0,10,1574,0.9044516829533116
emb_tf-sapiens,25,gingiva,oral_normal_multisite,oral_scc,donor_weighted,0.9898092532952457,0.9911054637865311,0.9743589743589743,0.9757491504479456,0.0,1.0574994510120779,0.0,10,1574,
emb_tf-sapiens,25,gingiva,oral_normal_multisite,oral_scc,donor_crc,0.999438202247191,0.9993646759847522,0.9943820224719101,0.999438202247191,0.0,1.6648487391153595,0.0,10,1574,
emb_tf-sapiens,26,gingiva,oral_normal_multisite,oral_scc,cell_pooled,0.9737174079696503,0.9830047586675731,0.9295774647887324,0.9380796976983854,0.0,1.0329997223783285,0.0,10,1471,0.8786848072562359
emb_tf-sapiens,26,gingiva,oral_normal_multisite,oral_scc,donor_weighted,0.9707165858265974,0.9809653297076818,0.9146341463414634,0.9280831329440055,0.0,1.0225355708387007,0.0,10,1471,
emb_tf-sapiens,26,gingiva,oral_normal_multisite,oral_scc,donor_crc,0.9987179487179487,0.9993201903467029,0.9871794871794872,0.9987179487179487,0.0,2.248031384440041,0.0,10,1471,
emb_tf-sapiens,27,gingiva,oral_normal_multisite,oral_scc,cell_pooled,0.9792589233305445,0.9868073878627969,0.9390243902439024,0.9396855715545107,0.0,1.0145868968224516,0.0,10,1516,0.920935412026726
emb_tf-sapiens,27,gingiva,oral_normal_multisite,oral_scc,donor_weighted,0.9792589233305445,0.9868073878627969,0.9390243902439024,0.9396855715545107,0.0,1.0145868968224516,0.0,10,1516,
emb_tf-sapiens,27,gingiva,oral_normal_multisite,oral_scc,donor_crc,0.9993377483443708,0.9993403693931399,0.9933774834437086,0.9993377483443708,0.0,2.2785682739266133,0.0,10,1516,
emb_tf-sapiens,28,gingiva,oral_normal_multisite,oral_scc,cell_pooled,0.9641335437594545,0.9727272727272728,0.9154929577464789,0.921489415535127,0.0,1.0853777748534061,0.0,10,1540,0.8914646996838778
emb_tf-sapiens,28,gingiva,oral_normal_multisite,oral_scc,donor_weighted,0.9604668031665662,0.9701298701298702,0.9101796407185628,0.9149616260436872,0.0,1.0539125659804913,0.0,10,1540,
emb_tf-sapiens,28,gingiva,oral_normal_multisite,oral_scc,donor_crc,0.9847434173893141,0.9896103896103896,0.9295774647887324,0.9600309172105805,0.0,2.1925841649702993,0.0,10,1540,
emb_tf-sapiens,29,gingiva,oral_normal_multisite,oral_scc,cell_pooled,0.9732609723541756,0.9826478149100257,0.9154929577464789,0.9338569880823402,0.0,0.9923186045625844,0.004498714652956298,10,1556,0.8963474827245804
emb_tf-sapiens,29,gingiva,oral_normal_multisite,oral_scc,donor_weighted,0.9720369229457374,0.9813624678663239,0.9154929577464789,0.9338569880823402,0.0,0.9910945551541464,0.005784061696658098,10,1556,
emb_tf-sapiens,29,gingiva,oral_normal_multisite,oral_scc,donor_crc,0.9989673779740006,0.9987146529562982,0.9933774834437086,0.9960044150110375,0.0,1.7273937025898838,0.0,10,1556,
emb_tf-sapiens,30,gingiva,oral_normal_multisite,oral_scc,cell_pooled,0.9613298716276042,0.9726810673443456,0.8902439024390244,0.9082551594746716,0.0,0.9905443993949913,0.007623888182973317,10,1574,0.9298056155507559
emb_tf-sapiens,30,gingiva,oral_normal_multisite,oral_scc,donor_weighted,0.9618916693804133,0.9733163913595934,0.8902439024390244,0.9082551594746716,0.0,0.9911061971478002,0.00698856416772554,10,1574,
emb_tf-sapiens,30,gingiva,oral_normal_multisite,oral_scc,donor_crc,0.9958797915122585,0.9968233799237611,0.9871794871794872,0.9877423389618512,0.0,2.1073964307033926,0.0,10,1574,
emb_tf-sapiens,31,gingiva,oral_normal_multisite,oral_scc,cell_pooled,0.9586671176249949,0.964935064935065,0.9041916167664671,0.9143628236484777,0.0,0.9980246913580247,0.001948051948051948,10,1540,0.896551724137931
emb_tf-sapiens,31,gingiva,oral_normal_multisite,oral_scc,donor_weighted,0.9586671176249949,0.964935064935065,0.9041916167664671,0.9143628236484777,0.0,0.9980246913580247,0.001948051948051948,10,1540,
emb_tf-sapiens,31,gingiva,oral_normal_multisite,oral_scc,donor_crc,0.9809826649283254,0.9857142857142858,0.9295774647887324,0.9600309172105805,0.0,1.299548219897841,0.0,10,1540,
emb_tf-sapiens,32,gingiva,oral_normal_multisite,oral_scc,cell_pooled,0.977420343238574,0.9819444444444444,0.9295774647887324,0.9606224171375559,0.0,1.1728606708337197,0.0,10,1440,0.8945615982241953
emb_tf-sapiens,32,gingiva,oral_normal_multisite,oral_scc,donor_weighted,0.9762597430905553,0.9805555555555555,0.9295774647887324,0.9552331955806697,0.0,1.1318245276816357,0.0,10,1440,
emb_tf-sapiens,32,gingiva,oral_normal_multisite,oral_scc,donor_crc,0.9860003453016617,0.9895833333333334,0.9436619718309859,0.9712892741061755,0.0,2.010145054175008,0.0,10,1440,
emb_tf-sapiens,33,gingiva,oral_normal_multisite,oral_scc,cell_pooled,0.9965247265439305,0.9969549330085262,0.9871794871794872,0.9927576838172865,0.0,1.4687214460296996,0.0,10,1642,0.9160696008188332
emb_tf-sapiens,33,gingiva,oral_normal_multisite,oral_scc,donor_weighted,0.9965247265439305,0.9969549330085262,0.9871794871794872,0.9927576838172865,0.0,1.3807731419899372,0.0,10,1642,
emb_tf-sapiens,33,gingiva,oral_normal_multisite,oral_scc,donor_crc,0.9987179487179487,0.9993909866017052,0.9871794871794872,0.9987179487179487,0.0,2.770304102786679,0.0,10,1642,
emb_tf-sapiens,34,gingiva,oral_normal_multisite,oral_scc,cell_pooled,0.9776058556004059,0.9826923076923076,0.9295774647887324,0.949055307454483,0.0,1.1531684235197899,0.0,10,1560,0.8953107960741549
emb_tf-sapiens,34,gingiva,oral_normal_multisite,oral_scc,donor_weighted,0.974686474623225,0.9807692307692307,0.9295774647887324,0.9380796976983854,0.0,1.1228026345238957,0.0,10,1560,
emb_tf-sapiens,34,gingiva,oral_normal_multisite,oral_scc,donor_crc,0.9866812391735487,0.9910256410256411,0.9295774647887324,0.9714008602513283,0.0,2.155785190668817,0.0,10,1560,
emb_tf-sapiens,35,gingiva,oral_normal_multisite,oral_scc,cell_pooled,0.9776117854386287,0.9833836858006042,0.9295774647887324,0.9600309172105805,0.0,1.1135563709642207,0.0,10,1324,0.8942093541202673
emb_tf-sapiens,35,gingiva,oral_normal_multisite,oral_scc,donor_weighted,0.9763922732435066,0.9826283987915407,0.9295774647887324,0.949055307454483,0.0,1.0831510481878186,0.0,10,1324,
emb_tf-sapiens,35,gingiva,oral_normal_multisite,oral_scc,donor_crc,0.9980556970623196,0.9984894259818731,0.9871794871794872,0.9927576838172865,0.0,2.1423308003259236,0.0,10,1324,
emb_tf-sapiens,36,gingiva,oral_normal_multisite,oral_scc,cell_pooled,0.964637087465495,0.9709114414996768,0.9014084507042254,0.9345228675423326,0.0,1.0022978174393333,0.001292824822236587,10,1547,0.8961625282167043
emb_tf-sapiens,36,gingiva,oral_normal_multisite,oral_scc,donor_weighted,0.9633550361834438,0.9702650290885585,0.9014084507042254,0.9345228675423326,0.0,1.0004539684044733,0.001292824822236587,10,1547,
emb_tf-sapiens,36,gingiva,oral_normal_multisite,oral_scc,donor_crc,0.9889664262866409,0.9935358758888171,0.9295774647887324,0.9698808234019501,0.0,1.617432608016158,0.0,10,1547,
emb_tf-sapiens,37,gingiva,oral_normal_multisite,oral_scc,cell_pooled,0.9817625587108342,0.9877813504823151,0.9295774647887324,0.9600309172105805,0.0,1.0762923110884466,0.0,10,1555,0.9085903083700441
emb_tf-sapiens,37,gingiva,oral_normal_multisite,oral_scc,donor_weighted,0.9793235343205904,0.9864951768488746,0.9295774647887324,0.9380796976983854,0.0,1.0658770277880245,0.0,10,1555,
emb_tf-sapiens,37,gingiva,oral_normal_multisite,oral_scc,donor_crc,0.9919310524008653,0.9948553054662379,0.971830985915493,0.9752318790793542,0.0,2.37759351754631,0.0,10,1555,
emb_tf-sapiens,38,gingiva,oral_normal_multisite,oral_scc,cell_pooled,0.9649040056942727,0.9730077120822622,0.9230769230769231,0.9289274106175515,0.0,0.9939593668996594,0.005141388174807198,10,1556,0.8822916666666667
emb_tf-sapiens,38,gingiva,oral_normal_multisite,oral_scc,donor_weighted,0.9634955549900474,0.9723650385604113,0.9154929577464789,0.9223185265438787,0.0,0.990543663095999,0.007069408740359897,10,1556,
emb_tf-sapiens,38,gingiva,oral_normal_multisite,oral_scc,donor_crc,0.9914416322500482,0.9922879177377892,0.971830985915493,0.9810154339208906,0.0,1.2228369578711924,0.0,10,1556,
emb_tf-sapiens,39,gingiva,oral_normal_multisite,oral_scc,cell_pooled,0.9600103364700887,0.9721448467966574,0.9024390243902439,0.9141875644108554,0.0,1.0050132051755263,0.001392757660167131,10,1436,0.9131905298759865
emb_tf-sapiens,39,gingiva,oral_normal_multisite,oral_scc,donor_weighted,0.9624529879001587,0.974233983286908,0.9024390243902439,0.9141875644108554,0.0,1.012290049045093,0.0,10,1436,
emb_tf-sapiens,39,gingiva,oral_normal_multisite,oral_scc,donor_crc,0.9963983271217567,0.9965181058495822,0.9859154929577465,0.9926312843951124,0.0,1.8086496651906305,0.0,10,1436,
emb_tf-sapiens,40,gingiva,oral_normal_multisite,oral_scc,cell_pooled,0.9782111935391933,0.981445937300064,0.9358974358974359,0.9666436358053124,0.0,0.9956560076811709,0.004478566858605247,10,1563,0.892570281124498
emb_tf-sapiens,40,gingiva,oral_normal_multisite,oral_scc,donor_weighted,0.971188246390897,0.9769673704414588,0.9358974358974359,0.95021624961384,0.0,0.9850523380735549,0.011516314779270634,10,1563,
emb_tf-sapiens,40,gingiva,oral_normal_multisite,oral_scc,donor_crc,0.9982228992129982,0.9987204094689699,0.9871794871794872,0.9942625031733943,0.0,1.6433064651619564,0.0,10,1563,
emb_tf-sapiens,41,gingiva,oral_normal_multisite,oral_scc,cell_pooled,0.9974938993095106,0.9978976874562018,0.9871794871794872,0.9927576838172865,0.0,1.2321756603210985,0.0,10,1427,0.9198435972629521
emb_tf-sapiens,41,gingiva,oral_normal_multisite,oral_scc,donor_weighted,0.9974938993095106,0.9978976874562018,0.9871794871794872,0.9927576838172865,0.0,1.2100727571651873,0.0,10,1427,
emb_tf-sapiens,41,gingiva,oral_normal_multisite,oral_scc,donor_crc,1.0,1.0,1.0,1.0,0.0,2.3094633095476262,0.0,10,1427,
emb_tf-sapiens,42,gingiva,oral_normal_multisite,oral_scc,cell_pooled,0.9627375957961457,0.971190781049936,0.9014084507042254,0.9352627962899347,0.0,0.9917150172507837,0.008322663252240717,10,1562,0.9113355780022446
emb_tf-sapiens,42,gingiva,oral_normal_multisite,oral_scc,donor_weighted,0.9602209766128599,0.9699103713188221,0.9014084507042254,0.9324485373781148,0.0,0.9886366003146889,0.010243277848911651,10,1562,
emb_tf-sapiens,42,gingiva,oral_normal_multisite,oral_scc,donor_crc,0.9862090893080573,0.9910371318822023,0.9436619718309859,0.9712892741061755,0.0,1.21810728496737,0.0,10,1562,
emb_tf-sapiens,43,gingiva,oral_normal_multisite,oral_scc,cell_pooled,0.97059853091117,0.9768185451638689,0.9295774647887324,0.946803900325027,0.0,1.0005841094771961,0.0015987210231814548,10,1251,0.9068577277379734
emb_tf-sapiens,43,gingiva,oral_normal_multisite,oral_scc,donor_weighted,0.97059853091117,0.9768185451638689,0.9295774647887324,0.946803900325027,0.0,0.9993020581951448,0.0015987210231814548,10,1251,
emb_tf-sapiens,43,gingiva,oral_normal_multisite,oral_scc,donor_crc,1.0,1.0,1.0,1.0,0.0,1.9772572130180837,0.0,10,1251,
emb_tf-sapiens,44,gingiva,oral_normal_multisite,oral_scc,cell_pooled,0.9561168120635358,0.9684931506849315,0.8902439024390244,0.9129680522157334,0.0,0.9897534282996826,0.00821917808219178,10,1460,0.9134107708553326
emb_tf-sapiens,44,gingiva,oral_normal_multisite,oral_scc,donor_weighted,0.959130201039366,0.9705479452054795,0.8902439024390244,0.9256441085537616,0.0,0.9946703174846888,0.004794520547945206,10,1460,
emb_tf-sapiens,44,gingiva,oral_normal_multisite,oral_scc,donor_crc,0.9970033870178762,0.9979452054794521,0.9871794871794872,0.9877423389618512,0.0,2.0791421144121136,0.0,10,1460,
emb_tf-sapiens,45,gingiva,oral_normal_multisite,oral_scc,cell_pooled,0.9551356059697204,0.9644846796657381,0.8780487804878049,0.9177449978092596,0.0,1.1454765605868187,0.0,10,1436,0.9040404040404041
emb_tf-sapiens,45,gingiva,oral_normal_multisite,oral_scc,donor_weighted,0.9529986185694325,0.9623955431754875,0.8780487804878049,0.9177449978092596,0.0,1.1063434818191022,0.0,10,1436,
emb_tf-sapiens,45,gingiva,oral_normal_multisite,oral_scc,donor_crc,0.9822941137595202,0.9874651810584958,0.9436619718309859,0.9614393679148059,0.0,2.196027909740045,0.0,10,1436,
emb_tf-sapiens,46,gingiva,oral_normal_multisite,oral_scc,cell_pooled,0.9688502428612848,0.9775928297055058,0.9154929577464789,0.9476468567502576,0.0,1.0408068381486466,0.0,10,1562,0.8942505133470225
emb_tf-sapiens,46,gingiva,oral_normal_multisite,oral_scc,donor_weighted,0.9671356811612123,0.9763124199743918,0.9154929577464789,0.93667124699416,0.0,1.0339315699796974,0.0,10,1562,
emb_tf-sapiens,46,gingiva,oral_normal_multisite,oral_scc,donor_crc,0.9867260462177103,0.9910371318822023,0.9436619718309859,0.9712892741061755,0.0,1.5034019191392043,0.0,10,1562,
emb_tf-sapiens,47,gingiva,oral_normal_multisite,oral_scc,cell_pooled,0.9870328484139833,0.9917038927887684,0.9512195121951219,0.9570937822054276,0.0,1.030096540775297,0.0,10,1567,0.9010123734533183
emb_tf-sapiens,47,gingiva,oral_normal_multisite,oral_scc,donor_weighted,0.9870328484139833,0.9917038927887684,0.9512195121951219,0.9570937822054276,0.0,1.030096540775297,0.0,10,1567,
emb_tf-sapiens,47,gingiva,oral_normal_multisite,oral_scc,donor_crc,1.0,1.0,1.0,1.0,0.0,1.928910138406692,0.0,10,1567,
emb_tf-sapiens,48,gingiva,oral_normal_multisite,oral_scc,cell_pooled,0.9683229480093394,0.9759450171821306,0.9102564102564102,0.9361475922451532,0.0,0.9950645807314767,0.004810996563573883,10,1455,0.8807339449541285
emb_tf-sapiens,48,gingiva,oral_normal_multisite,oral_scc,donor_weighted,0.9683229480093394,0.9759450171821306,0.9102564102564102,0.9361475922451532,0.0,0.9950645807314767,0.004810996563573883,10,1455,
emb_tf-sapiens,48,gingiva,oral_normal_multisite,oral_scc,donor_crc,0.9941530282196933,0.9945017182130584,0.9871794871794872,0.9877423389618512,0.0,1.326694344440257,0.0,10,1455,
emb_tf-sapiens,49,gingiva,oral_normal_multisite,oral_scc,cell_pooled,0.9924740856819554,0.9930555555555556,0.9871794871794872,0.9877423389618512,0.0,1.1086737931024984,0.0,10,1440,0.8869123252858958
emb_tf-sapiens,49,gingiva,oral_normal_multisite,oral_scc,donor_weighted,0.9901607215866732,0.9909722222222223,0.975609756097561,0.9813933109390974,0.0,1.0686168625911026,0.0,10,1440,
emb_tf-sapiens,49,gingiva,oral_normal_multisite,oral_scc,donor_crc,0.9970993037073803,0.9972222222222222,0.9871794871794872,0.9886055891673869,0.0,2.0793112154358964,0.0,10,1440,
emb_tf-sapiens,50,gingiva,oral_normal_multisite,oral_scc,cell_pooled,0.9993377483443708,0.9993403693931399,0.9933774834437086,0.9993377483443708,0.0,1.2998530468577825,0.0,10,1516,0.901296111665005
emb_tf-sapiens,50,gingiva,oral_normal_multisite,oral_scc,donor_weighted,0.9993377483443708,0.9993403693931399,0.9933774834437086,0.9993377483443708,0.0,1.2496530451184042,0.0,10,1516,
emb_tf-sapiens,50,gingiva,oral_normal_multisite,oral_scc,donor_crc,1.0,1.0,1.0,1.0,0.0,2.8315169103364353,0.0,10,1516,
emb_tf-sapiens,51,gingiva,oral_normal_multisite,oral_scc,cell_pooled,0.9803910598776675,0.9869055823569952,0.9154929577464789,0.9586224665063552,0.0,1.0441259959585727,0.0,10,1451,0.927663734115347
emb_tf-sapiens,51,gingiva,oral_normal_multisite,oral_scc,donor_weighted,0.9803910598776675,0.9869055823569952,0.9154929577464789,0.9586224665063552,0.0,1.0299633820433842,0.0,10,1451,
emb_tf-sapiens,51,gingiva,oral_normal_multisite,oral_scc,donor_crc,0.9971280661524563,0.9979324603721571,0.9871794871794872,0.9877423389618512,0.0,2.1118820323981784,0.0,10,1451,
emb_tf-sapiens,52,gingiva,oral_normal_multisite,oral_scc,cell_pooled,0.9867255996115851,0.9896840747904577,0.963855421686747,0.9744343226564796,0.0,1.009065490057798,0.0,10,1551,0.8890063424947146
emb_tf-sapiens,52,gingiva,oral_normal_multisite,oral_scc,donor_weighted,0.9867255996115851,0.9896840747904577,0.963855421686747,0.9744343226564796,0.0,1.0079375291604424,0.0,10,1551,
emb_tf-sapiens,52,gingiva,oral_normal_multisite,oral_scc,donor_crc,0.9993377483443708,0.9993552546744036,0.9933774834437086,0.9993377483443708,0.0,1.8631227175283602,0.0,10,1551,
emb_tf-sapiens,53,gingiva,oral_normal_multisite,oral_scc,cell_pooled,0.9593155120352337,0.9681576952236542,0.9024390243902439,0.9141875644108554,0.0,1.0409277369799237,0.0,10,1319,0.8935483870967742
emb_tf-sapiens,53,gingiva,oral_normal_multisite,oral_scc,donor_weighted,0.9574484411024962,0.9666413949962093,0.9024390243902439,0.9141875644108554,0.0,1.0339670756329356,0.0,10,1319,
emb_tf-sapiens,53,gingiva,oral_normal_multisite,oral_scc,donor_crc,0.986634494919944,0.9901440485216073,0.9436619718309859,0.9712892741061755,0.0,1.787448229724053,0.0,10,1319,
emb_tf-sapiens,54,gingiva,oral_normal_multisite,oral_scc,cell_pooled,0.9711109091337855,0.9793187347931873,0.9102564102564102,0.9471232020012508,0.0,1.0349756633454315,0.0,10,1644,0.9096638655462185
emb_tf-sapiens,54,gingiva,oral_normal_multisite,oral_scc,donor_weighted,0.9758316378521453,0.9835766423357665,0.9102564102564102,0.9471232020012508,0.0,1.057084691732079,0.0,10,1644,
emb_tf-sapiens,54,gingiva,oral_normal_multisite,oral_scc,donor_crc,0.9959040167440183,0.9969586374695864,0.9871794871794872,0.9877423389618512,0.0,1.7731577940008296,0.0,10,1644,
emb_tf-sapiens,55,gingiva,oral_normal_multisite,oral_scc,cell_pooled,0.9821382516687758,0.9864253393665159,0.9154929577464789,0.9684723726977248,0.0,1.0157068978661448,0.0,10,1547,0.9123196448390677
emb_tf-sapiens,55,gingiva,oral_normal_multisite,oral_scc,donor_weighted,0.9821382516687758,0.9864253393665159,0.9154929577464789,0.9684723726977248,0.0,1.0157068978661448,0.0,10,1547,
emb_tf-sapiens,55,gingiva,oral_normal_multisite,oral_scc,donor_crc,0.9912882781901411,0.9941822882999354,0.9577464788732394,0.9726977248104008,0.0,1.2779495640760437,0.0,10,1547,
emb_tf-sapiens,56,gingiva,oral_normal_multisite,oral_scc,cell_pooled,0.9914188693912921,0.9938144329896907,0.9615384615384616,0.985042735042735,0.0,1.0545341498801586,0.0,10,1455,0.8832997987927566
emb_tf-sapiens,56,gingiva,oral_normal_multisite,oral_scc,donor_weighted,0.9895380157140312,0.9924398625429554,0.9487179487179487,0.9837606837606837,0.0,1.036657670435677,0.0,10,1455,
emb_tf-sapiens,56,gingiva,oral_normal_multisite,oral_scc,donor_crc,0.9987179487179487,0.9993127147766323,0.9871794871794872,0.9987179487179487,0.0,1.6822191928695578,0.0,10,1455,
emb_tf-sapiens,57,gingiva,oral_normal_multisite,oral_scc,cell_pooled,0.9810032163044499,0.9866468842729971,0.8974358974358975,0.9568167604752971,0.0,1.0410897270100867,0.0,10,1348,0.9054197662061636
emb_tf-sapiens,57,gingiva,oral_normal_multisite,oral_scc,donor_weighted,0.9760147822681168,0.983679525222552,0.8717948717948718,0.9432770481550969,0.0,1.0185986285860975,0.0,10,1348,
emb_tf-sapiens,57,gingiva,oral_normal_multisite,oral_scc,donor_crc,0.9975606475573692,0.9977744807121661,0.9871794871794872,0.9927576838172865,0.0,2.1310035449480695,0.0,10,1348,
emb_tf-sapiens,58,gingiva,oral_normal_multisite,oral_scc,cell_pooled,0.9896244303236184,0.9925575101488497,0.971830985915493,0.9741061755146262,0.0,1.0941700915215327,0.0,10,1478,0.8753959873284055
emb_tf-sapiens,58,gingiva,oral_normal_multisite,oral_scc,donor_weighted,0.9870603277595158,0.9912043301759134,0.9487179487179487,0.9695196821957386,0.0,1.0806011784871774,0.0,10,1478,
emb_tf-sapiens,58,gingiva,oral_normal_multisite,oral_scc,donor_crc,1.0,1.0,1.0,1.0,0.0,2.206024181796989,0.0,10,1478,
emb_tf-sapiens,59,gingiva,oral_normal_multisite,oral_scc,cell_pooled,0.9954043952900395,0.996042216358839,0.9876543209876543,0.9879220586047895,0.0,1.0908877731385977,0.0,10,1516,0.8884120171673819
emb_tf-sapiens,59,gingiva,oral_normal_multisite,oral_scc,donor_weighted,0.9954043952900395,0.996042216358839,0.9876543209876543,0.9879220586047895,0.0,1.0892828348669927,0.0,10,1516,
emb_tf-sapiens,59,gingiva,oral_normal_multisite,oral_scc,donor_crc,1.0,1.0,1.0,1.0,0.0,2.4706864449599246,0.0,10,1516,
emb_tf-exemplar-human,0,gingiva,oral_normal_multisite,oral_scc,cell_pooled,0.9834332231004203,0.9878749202297383,0.9436619718309859,0.9614393679148059,0.0,1.0831875711472612,0.0,10,1567,0.9048178613396005
emb_tf-exemplar-human,0,gingiva,oral_normal_multisite,oral_scc,donor_weighted,0.9834332231004203,0.9878749202297383,0.9436619718309859,0.9614393679148059,0.0,1.058767146129537,0.0,10,1567,
emb_tf-exemplar-human,0,gingiva,oral_normal_multisite,oral_scc,donor_crc,1.0,1.0,1.0,1.0,0.0,2.816964852554478,0.0,10,1567,
emb_tf-exemplar-human,1,gingiva,oral_normal_multisite,oral_scc,cell_pooled,0.9809998569270248,0.9864165588615783,0.9436619718309859,0.9482123510292524,0.0,1.0780484135619646,0.0,10,1546,0.9148230088495575
emb_tf-exemplar-human,1,gingiva,oral_normal_multisite,oral_scc,donor_weighted,0.9805048074220745,0.9857697283311773,0.9436619718309859,0.9482123510292524,0.0,1.0705321483790984,0.0,10,1546,
emb_tf-exemplar-human,1,gingiva,oral_normal_multisite,oral_scc,donor_crc,0.9955903991003348,0.9967658473479948,0.9859154929577465,0.9870530877573132,0.0,2.068113331147282,0.0,10,1546,
emb_tf-exemplar-human,2,gingiva,oral_normal_multisite,oral_scc,cell_pooled,0.9956478256079857,0.9958563535911602,0.9801324503311258,0.9871698715391366,0.0,2.0097222542320408,0.0,10,1448,0.8896247240618101
emb_tf-exemplar-human,2,gingiva,oral_normal_multisite,oral_scc,donor_weighted,0.9956478256079857,0.9958563535911602,0.9801324503311258,0.9871698715391366,0.0,1.9466222366699892,0.0,10,1448,
emb_tf-exemplar-human,2,gingiva,oral_normal_multisite,oral_scc,donor_crc,1.0,1.0,1.0,1.0,0.0,4.0,0.0,10,1448,
emb_tf-exemplar-human,3,gingiva,oral_normal_multisite,oral_scc,cell_pooled,0.9883805727039651,0.9902979902979903,0.971830985915493,0.9754963516035975,0.0,1.044760528391514,0.0,10,1443,0.9265033407572383
emb_tf-exemplar-human,3,gingiva,oral_normal_multisite,oral_scc,donor_weighted,0.9864770724947892,0.988911988911989,0.9577464788732394,0.9740879008993721,0.0,1.0321661596282818,0.0,10,1443,
emb_tf-exemplar-human,3,gingiva,oral_normal_multisite,oral_scc,donor_crc,0.9993377483443708,0.9993069993069993,0.9933774834437086,0.9993377483443708,0.0,1.6103778871590442,0.0,10,1443,
emb_tf-exemplar-human,4,gingiva,oral_normal_multisite,oral_scc,cell_pooled,0.9816488999399352,0.9847539847539848,0.9436619718309859,0.9690852983066941,0.0,1.0903683394604078,0.0,10,1443,0.9035476718403548
emb_tf-exemplar-human,4,gingiva,oral_normal_multisite,oral_scc,donor_weighted,0.9816488999399352,0.9847539847539848,0.9436619718309859,0.9690852983066941,0.0,1.0903683394604078,0.0,10,1443,
emb_tf-exemplar-human,4,gingiva,oral_normal_multisite,oral_scc,donor_crc,0.999438202247191,0.9993069993069993,0.9943820224719101,0.999438202247191,0.0,2.0178859628715746,0.0,10,1443,
emb_tf-exemplar-human,5,gingiva,oral_normal_multisite,oral_scc,cell_pooled,0.9633035231078798,0.9722799722799723,0.9146341463414634,0.9222326454033771,0.0,1.0048149275724552,0.0,10,1443,0.9080694586312564
emb_tf-exemplar-human,5,gingiva,oral_normal_multisite,oral_scc,donor_weighted,0.963865320860689,0.972972972972973,0.9146341463414634,0.9222326454033771,0.0,1.0066587766073156,0.0,10,1443,
emb_tf-exemplar-human,5,gingiva,oral_normal_multisite,oral_scc,donor_crc,0.9973934454066905,0.997920997920998,0.9867549668874173,0.9871370351502803,0.0,2.259531216291497,0.0,10,1443,
emb_tf-exemplar-human,6,gingiva,oral_normal_multisite,oral_scc,cell_pooled,0.9902277643500955,0.9932762836185819,0.9577464788732394,0.9778938531853372,0.0,1.4984721470812292,0.0,10,1636,0.8897715988083416
emb_tf-exemplar-human,6,gingiva,oral_normal_multisite,oral_scc,donor_weighted,0.9885086654367067,0.991442542787286,0.9577464788732394,0.9719335882846749,0.0,1.3653596646771589,0.0,10,1636,
emb_tf-exemplar-human,6,gingiva,oral_normal_multisite,oral_scc,donor_crc,1.0,1.0,1.0,1.0,0.0,4.0,0.0,10,1636,
emb_tf-exemplar-human,7,gingiva,oral_normal_multisite,oral_scc,cell_pooled,0.9612715185012195,0.966042966042966,0.9154929577464789,0.9256956372380626,0.0,1.0108065724072461,0.0,10,1443,0.9183168316831684
emb_tf-exemplar-human,7,gingiva,oral_normal_multisite,oral_scc,donor_weighted,0.9649097892499936,0.9695079695079695,0.9154929577464789,0.93667124699416,0.0,1.0229466466075152,0.0,10,1443,
emb_tf-exemplar-human,7,gingiva,oral_normal_multisite,oral_scc,donor_crc,0.9912038022435006,0.9930699930699931,0.9436619718309859,0.9835877540693262,0.0,1.4964409829590732,0.0,10,1443,
emb_tf-exemplar-human,8,gingiva,oral_normal_multisite,oral_scc,cell_pooled,0.9717054985890188,0.9789768745620182,0.9436619718309859,0.9482123510292524,0.0,1.0184703948496394,0.0,10,1427,0.9010238907849829
emb_tf-exemplar-human,8,gingiva,oral_normal_multisite,oral_scc,donor_weighted,0.9729002077342328,0.9803784162578837,0.9436619718309859,0.9482123510292524,0.0,1.0262561685726581,0.0,10,1427,
emb_tf-exemplar-human,8,gingiva,oral_normal_multisite,oral_scc,donor_crc,0.9920869498176035,0.9950946040644709,0.9577464788732394,0.9726977248104008,0.0,1.4712964402611046,0.0,10,1427,
emb_tf-exemplar-human,9,gingiva,oral_normal_multisite,oral_scc,cell_pooled,0.9858375795296122,0.9882611885546588,0.9436619718309859,0.9705251375804496,0.0,1.4997386231000576,0.0,10,1363,0.9106145251396648
emb_tf-exemplar-human,9,gingiva,oral_normal_multisite,oral_scc,donor_weighted,0.9840339578572941,0.9867938371239912,0.9436619718309859,0.9705251375804496,0.0,1.4283001336152434,0.0,10,1363,
emb_tf-exemplar-human,9,gingiva,oral_normal_multisite,oral_scc,donor_crc,0.999438202247191,0.9992663242846662,0.9943820224719101,0.999438202247191,0.0,2.4948572188587304,0.0,10,1363,
emb_tf-exemplar-human,10,gingiva,oral_normal_multisite,oral_scc,cell_pooled,0.9797470693398364,0.9851325145442793,0.9295774647887324,0.9583423618634886,0.0,1.068809574001587,0.0,10,1547,0.8825995807127882
emb_tf-exemplar-human,10,gingiva,oral_normal_multisite,oral_scc,donor_weighted,0.9797470693398364,0.9851325145442793,0.9295774647887324,0.9583423618634886,0.0,1.0675750061003526,0.0,10,1547,
emb_tf-exemplar-human,10,gingiva,oral_normal_multisite,oral_scc,donor_crc,0.9976611014601893,0.9980607627666451,0.9871794871794872,0.9936617689426678,0.0,2.2833709968350093,0.0,10,1547,
emb_tf-exemplar-human,11,gingiva,oral_normal_multisite,oral_scc,cell_pooled,0.981720746575097,0.985440105890139,0.9577464788732394,0.9688285401028928,0.0,1.0363227315613246,0.0,10,1511,0.9001956947162426
emb_tf-exemplar-human,11,gingiva,oral_normal_multisite,oral_scc,donor_weighted,0.9785523942289783,0.9827928524156188,0.9577464788732394,0.9600130584833505,0.0,1.0236068927666402,0.0,10,1511,
emb_tf-exemplar-human,11,gingiva,oral_normal_multisite,oral_scc,donor_crc,0.9955281880657925,0.9973527465254798,0.9859154929577465,0.9870530877573132,0.0,1.57332638678514,0.0,10,1511,
emb_tf-exemplar-human,12,gingiva,oral_normal_multisite,oral_scc,cell_pooled,0.9645069057506495,0.9714881780250347,0.9146341463414634,0.9280831329440055,0.0,1.0081333433985211,0.0,10,1438,0.9158291457286433
emb_tf-exemplar-human,12,gingiva,oral_normal_multisite,oral_scc,donor_weighted,0.9676857765895646,0.9735744089012517,0.9146341463414634,0.9280831329440055,0.0,1.0240100093540074,0.0,10,1438,
emb_tf-exemplar-human,12,gingiva,oral_normal_multisite,oral_scc,donor_crc,0.9871666200541866,0.9909596662030598,0.9436619718309859,0.9724149776709035,0.0,1.7045232955584275,0.0,10,1438,
emb_tf-exemplar-human,13,gingiva,oral_normal_multisite,oral_scc,cell_pooled,0.961788574341498,0.96398891966759,0.9154929577464789,0.921489415535127,0.0,1.0080311608232015,0.0,10,1444,0.8944162436548223
emb_tf-exemplar-human,13,gingiva,oral_normal_multisite,oral_scc,donor_weighted,0.961788574341498,0.96398891966759,0.9154929577464789,0.921489415535127,0.0,1.0073689091675724,0.0006925207756232687,10,1444,
emb_tf-exemplar-human,13,gingiva,oral_normal_multisite,oral_scc,donor_crc,0.9879936385545889,0.989612188365651,0.9577464788732394,0.9688285401028928,0.0,1.5627787245246112,0.0,10,1444,
emb_tf-exemplar-human,14,gingiva,oral_normal_multisite,oral_scc,cell_pooled,0.9701455016565482,0.9792099792099792,0.9230769230769231,0.9416034669555796,0.0,1.0031230124042978,0.000693000693000693,10,1443,0.8992576882290562
emb_tf-exemplar-human,14,gingiva,oral_normal_multisite,oral_scc,donor_weighted,0.9689259894614264,0.9785169785169785,0.9230769230769231,0.9416034669555796,0.0,0.998780487804878,0.001386001386001386,10,1443,
emb_tf-exemplar-human,14,gingiva,oral_normal_multisite,oral_scc,donor_crc,0.9987759505915619,0.9986139986139986,0.9933774834437086,0.99428156856909,0.0,1.529229918030383,0.0,10,1443,
emb_tf-exemplar-human,15,gingiva,oral_normal_multisite,oral_scc,cell_pooled,0.9896320882668613,0.9910657306955967,0.9743589743589743,0.9751586697131251,0.0,1.0750398670887735,0.0,10,1567,0.8664158043273753
emb_tf-exemplar-human,15,gingiva,oral_normal_multisite,oral_scc,donor_weighted,0.9846983520980344,0.9878749202297383,0.9615384615384616,0.9738766184310739,0.0,1.0601571986453955,0.0,10,1567,
emb_tf-exemplar-human,15,gingiva,oral_normal_multisite,oral_scc,donor_crc,0.9964562821830809,0.9974473516273133,0.9871794871794872,0.9878745752239728,0.0,1.6093051826632379,0.0,10,1567,
emb_tf-exemplar-human,16,gingiva,oral_normal_multisite,oral_scc,cell_pooled,0.9932067060654719,0.995742092457421,0.9743589743589743,0.9757491504479456,0.0,1.3359133076833036,0.0,10,1644,0.9168297455968689
emb_tf-exemplar-human,16,gingiva,oral_normal_multisite,oral_scc,donor_weighted,0.990641417408092,0.9933090024330901,0.963855421686747,0.9733086190917516,0.0,1.2811156572732512,0.0,10,1644,
emb_tf-exemplar-human,16,gingiva,oral_normal_multisite,oral_scc,donor_crc,1.0,1.0,1.0,1.0,0.0,2.7827301217171017,0.0,10,1644,
emb_tf-exemplar-human,17,gingiva,oral_normal_multisite,oral_scc,cell_pooled,0.9889191787797333,0.9910657306955967,0.971830985915493,0.974905870868777,0.0,1.0283612534820747,0.0,10,1567,0.9084588644264194
emb_tf-exemplar-human,17,gingiva,oral_normal_multisite,oral_scc,donor_weighted,0.9884241292747828,0.990427568602425,0.9702970297029703,0.9716775902942407,0.0,1.0230861564397915,0.0,10,1567,
emb_tf-exemplar-human,17,gingiva,oral_normal_multisite,oral_scc,donor_crc,0.9996296296296296,0.9993618379068283,0.9962962962962963,0.9996296296296296,0.0,1.6814143966345465,0.0,10,1567,
emb_tf-exemplar-human,18,gingiva,oral_normal_multisite,oral_scc,cell_pooled,0.9609857510371039,0.9677627337201805,0.9154929577464789,0.9264890548107925,0.0,1.0203505858084914,0.0,10,1551,0.8995381062355658
emb_tf-exemplar-human,18,gingiva,oral_normal_multisite,oral_scc,donor_weighted,0.9634338498539801,0.970341715022566,0.9154929577464789,0.9264890548107925,0.0,1.024123187936626,0.0,10,1551,
emb_tf-exemplar-human,18,gingiva,oral_normal_multisite,oral_scc,donor_crc,0.9927487080152109,0.9935525467440361,0.9735099337748344,0.9846749370394553,0.0,1.7654851844111925,0.0,10,1551,
emb_tf-exemplar-human,19,gingiva,oral_normal_multisite,oral_scc,cell_pooled,0.9969088796588244,0.9975505205143906,0.9867549668874173,0.9878321231947658,0.0,1.6363776019245169,0.0,10,1633,0.8964803312629399
emb_tf-exemplar-human,19,gingiva,oral_normal_multisite,oral_scc,donor_weighted,0.9969088796588244,0.9975505205143906,0.9867549668874173,0.9878321231947658,0.0,1.5460674798519753,0.0,10,1633,
emb_tf-exemplar-human,19,gingiva,oral_normal_multisite,oral_scc,donor_crc,1.0,1.0,1.0,1.0,0.0,3.020051704351611,0.0,10,1633,
emb_tf-exemplar-human,20,gingiva,oral_normal_multisite,oral_scc,cell_pooled,0.9789083787465878,0.98458304134548,0.9436619718309859,0.9526443428784628,0.0,1.2945423323638747,0.0,10,1427,0.8781664656212304
emb_tf-exemplar-human,20,gingiva,oral_normal_multisite,oral_scc,donor_weighted,0.9779762106234079,0.9831814996496145,0.9436619718309859,0.9526443428784628,0.0,1.1984032441945298,0.0,10,1427,
emb_tf-exemplar-human,20,gingiva,oral_normal_multisite,oral_scc,donor_crc,0.9981136989359328,0.9978976874562018,0.9867549668874173,0.9936193169134608,0.0,2.825305780029769,0.0,10,1427,
emb_tf-exemplar-human,21,gingiva,oral_normal_multisite,oral_scc,cell_pooled,0.9833281043299273,0.9860352155434122,0.9512195121951219,0.9728447234967399,0.0,1.0019283008068982,0.0006071645415907711,10,1647,0.9016227180527383
emb_tf-exemplar-human,21,gingiva,oral_normal_multisite,oral_scc,donor_weighted,0.9816282355478684,0.9848208864602307,0.9512195121951219,0.9683892779521854,0.0,0.9990089198297174,0.0012143290831815423,10,1647,
emb_tf-exemplar-human,21,gingiva,oral_normal_multisite,oral_scc,donor_crc,0.9960309862517489,0.9963570127504554,0.9878048780487805,0.9880020446911056,0.0,1.4089133660719568,0.0,10,1647,
emb_tf-exemplar-human,22,gingiva,oral_normal_multisite,oral_scc,cell_pooled,0.994430802286199,0.9954545454545455,0.9801324503311258,0.9853371886950845,0.0,1.5454042132159123,0.0,10,1540,0.8972677595628415
emb_tf-exemplar-human,22,gingiva,oral_normal_multisite,oral_scc,donor_weighted,0.994430802286199,0.9954545454545455,0.9801324503311258,0.9853371886950845,0.0,1.5454042132159123,0.0,10,1540,
emb_tf-exemplar-human,22,gingiva,oral_normal_multisite,oral_scc,donor_crc,1.0,1.0,1.0,1.0,0.0,4.0,0.0,10,1540,
emb_tf-exemplar-human,23,gingiva,oral_normal_multisite,oral_scc,cell_pooled,0.9968691513949471,0.9972375690607734,0.9859154929577465,0.9884791897452129,0.0,1.6497045028951522,0.0,10,1448,0.8967889908256881
emb_tf-exemplar-human,23,gingiva,oral_normal_multisite,oral_scc,donor_weighted,0.996206899739318,0.9965469613259669,0.9859154929577465,0.9884791897452129,0.0,1.5056578088851578,0.0,10,1448,
emb_tf-exemplar-human,23,gingiva,oral_normal_multisite,oral_scc,donor_crc,0.999438202247191,0.9993093922651933,0.9943820224719101,0.999438202247191,0.0,2.6746971069096324,0.0,10,1448,
emb_tf-exemplar-human,24,gingiva,oral_normal_multisite,oral_scc,cell_pooled,0.9954144856127657,0.9961636828644501,0.9851485148514851,0.986976389946687,0.0,1.128430608165048,0.0,10,1564,0.9063475546305931
emb_tf-exemplar-human,24,gingiva,oral_normal_multisite,oral_scc,donor_weighted,0.9906659485187381,0.9929667519181585,0.9743589743589743,0.9757491504479456,0.0,1.0921063861960352,0.0,10,1564,
emb_tf-exemplar-human,24,gingiva,oral_normal_multisite,oral_scc,donor_crc,0.9982228992129982,0.9987212276214834,0.9871794871794872,0.9942625031733943,0.0,2.066385513912061,0.0,10,1564,
emb_tf-exemplar-human,25,gingiva,oral_normal_multisite,oral_scc,cell_pooled,0.9770801708076053,0.9834815756035579,0.926829268292683,0.9493094328533647,0.0,1.0091679588908622,0.0,10,1574,0.9174809989142236
emb_tf-exemplar-human,25,gingiva,oral_normal_multisite,oral_scc,donor_weighted,0.9774505411779757,0.9841168996188056,0.926829268292683,0.9493094328533647,0.0,1.0122846028138146,0.0,10,1574,
emb_tf-exemplar-human,25,gingiva,oral_normal_multisite,oral_scc,donor_crc,0.9983475783475784,0.9987293519695044,0.9871794871794872,0.9953846153846154,0.0,1.8402883056031736,0.0,10,1574,
emb_tf-exemplar-human,26,gingiva,oral_normal_multisite,oral_scc,cell_pooled,0.9648592759796925,0.9741672331747111,0.9230769230769231,0.9289274106175515,0.0,1.0224160052950735,0.0,10,1471,0.8741496598639455
emb_tf-exemplar-human,26,gingiva,oral_normal_multisite,oral_scc,donor_weighted,0.9607199837681112,0.9714479945615228,0.8974358974358975,0.9263633080534489,0.0,1.0171531175778743,0.0,10,1471,
emb_tf-exemplar-human,26,gingiva,oral_normal_multisite,oral_scc,donor_crc,0.9960854486052853,0.9972807613868117,0.9859154929577465,0.9870530877573132,0.0,2.0340077381190276,0.0,10,1471,
emb_tf-exemplar-human,27,gingiva,oral_normal_multisite,oral_scc,cell_pooled,0.9783095506276485,0.9841688654353562,0.9518072289156626,0.9571525538774817,0.0,1.0134311374755551,0.0,10,1516,0.920935412026726
emb_tf-exemplar-human,27,gingiva,oral_normal_multisite,oral_scc,donor_weighted,0.9783095506276485,0.9841688654353562,0.9518072289156626,0.9571525538774817,0.0,1.0134311374755551,0.0,10,1516,
emb_tf-exemplar-human,27,gingiva,oral_normal_multisite,oral_scc,donor_crc,0.9993377483443708,0.9993403693931399,0.9933774834437086,0.9993377483443708,0.0,2.171248945398438,0.0,10,1516,
emb_tf-exemplar-human,28,gingiva,oral_normal_multisite,oral_scc,cell_pooled,0.9680502895960341,0.9746753246753247,0.926829268292683,0.9293026451391274,0.0,1.0551072493203353,0.0,10,1540,0.8872497365648051
emb_tf-exemplar-human,28,gingiva,oral_normal_multisite,oral_scc,donor_weighted,0.9668929884354543,0.9733766233766233,0.926829268292683,0.9293026451391274,0.0,1.0364627176526917,0.0,10,1540,
emb_tf-exemplar-human,28,gingiva,oral_normal_multisite,oral_scc,donor_crc,0.9900404674091032,0.9935064935064936,0.9436619718309859,0.9781985325124399,0.0,2.2990279449018782,0.0,10,1540,
emb_tf-exemplar-human,29,gingiva,oral_normal_multisite,oral_scc,cell_pooled,0.9761878082065325,0.9839331619537275,0.9230769230769231,0.9489341983317887,0.0,1.0056287782872593,0.0,10,1556,0.9032576505429417
emb_tf-exemplar-human,29,gingiva,oral_normal_multisite,oral_scc,donor_weighted,0.9743841865342144,0.9826478149100257,0.9230769230769231,0.9380908248378128,0.0,1.0021937321937322,0.0006426735218508997,10,1556,
emb_tf-exemplar-human,29,gingiva,oral_normal_multisite,oral_scc,donor_crc,0.9993377483443708,0.9993573264781491,0.9933774834437086,0.9993377483443708,0.0,2.5495190436267365,0.0,10,1556,
emb_tf-exemplar-human,30,gingiva,oral_normal_multisite,oral_scc,cell_pooled,0.963970697476816,0.974587039390089,0.9102564102564102,0.9251719824890557,0.0,0.9923749158395528,0.005082592121982211,10,1574,0.937365010799136
emb_tf-exemplar-human,30,gingiva,oral_normal_multisite,oral_scc,donor_weighted,0.963970697476816,0.974587039390089,0.9102564102564102,0.9251719824890557,0.0,0.9910928645575016,0.005717916137229987,10,1574,
emb_tf-exemplar-human,30,gingiva,oral_normal_multisite,oral_scc,donor_crc,0.9905756849730611,0.9930114358322745,0.9743589743589743,0.9754846779237023,0.0,1.474854188496483,0.0,10,1574,
emb_tf-exemplar-human,31,gingiva,oral_normal_multisite,oral_scc,cell_pooled,0.9506704479904405,0.9616883116883117,0.9014084507042254,0.9133115767777397,0.0,1.013001914822281,0.0,10,1540,0.90935960591133
emb_tf-exemplar-human,31,gingiva,oral_normal_multisite,oral_scc,donor_weighted,0.9488668263181225,0.9603896103896103,0.9014084507042254,0.9133115767777397,0.0,1.0111982931499628,0.0,10,1540,
emb_tf-exemplar-human,31,gingiva,oral_normal_multisite,oral_scc,donor_crc,0.9912868285419284,0.9948051948051948,0.9436619718309859,0.983390587427001,0.0,2.1675900384629863,0.0,10,1540,
emb_tf-exemplar-human,32,gingiva,oral_normal_multisite,oral_scc,cell_pooled,0.988922395557589,0.9923611111111111,0.9436619718309859,0.9712892741061755,0.0,1.6889498246572934,0.0,10,1440,0.9012208657047724
emb_tf-exemplar-human,32,gingiva,oral_normal_multisite,oral_scc,donor_weighted,0.987702883362467,0.9916666666666667,0.9436619718309859,0.9712892741061755,0.0,1.6028024790175492,0.0,10,1440,
emb_tf-exemplar-human,32,gingiva,oral_normal_multisite,oral_scc,donor_crc,0.999438202247191,0.9993055555555556,0.9943820224719101,0.999438202247191,0.0,2.757344232252547,0.0,10,1440,
emb_tf-exemplar-human,33,gingiva,oral_normal_multisite,oral_scc,cell_pooled,0.9917300648080671,0.9926918392204629,0.9743589743589743,0.9822673581100547,0.0,1.2369053751954362,0.0,10,1642,0.9242579324462641
emb_tf-exemplar-human,33,gingiva,oral_normal_multisite,oral_scc,donor_weighted,0.991067813152438,0.9920828258221681,0.9743589743589743,0.9795551027339107,0.0,1.207781446054327,0.0,10,1642,
emb_tf-exemplar-human,33,gingiva,oral_normal_multisite,oral_scc,donor_crc,0.9981561509651398,0.9987819732034104,0.9871794871794872,0.9936617689426678,0.0,2.4513478476813026,0.0,10,1642,
emb_tf-exemplar-human,34,gingiva,oral_normal_multisite,oral_scc,cell_pooled,0.979596737109085,0.9833333333333333,0.9295774647887324,0.9691166868762242,0.0,1.1413602855422087,0.0,10,1560,0.9007633587786259
emb_tf-exemplar-human,34,gingiva,oral_normal_multisite,oral_scc,donor_weighted,0.9789344854534558,0.9826923076923076,0.9295774647887324,0.9631564219755621,0.0,1.1357931361683884,0.0,10,1560,
emb_tf-exemplar-human,34,gingiva,oral_normal_multisite,oral_scc,donor_crc,0.9970605787773857,0.9974358974358974,0.9859154929577465,0.9932023277388884,0.0,2.3415026102238534,0.0,10,1560,
emb_tf-exemplar-human,35,gingiva,oral_normal_multisite,oral_scc,cell_pooled,0.9845335445755609,0.9879154078549849,0.9436619718309859,0.9724149776709035,0.0,1.4126975151208196,0.0,10,1324,0.8930957683741648
emb_tf-exemplar-human,35,gingiva,oral_normal_multisite,oral_scc,donor_weighted,0.9807847097920723,0.9848942598187311,0.9436619718309859,0.9614393679148059,0.0,1.2837653553401664,0.0,10,1324,
emb_tf-exemplar-human,35,gingiva,oral_normal_multisite,oral_scc,donor_crc,0.99755643839644,0.9977341389728097,0.9878048780487805,0.9928202229042158,0.0,2.7288612430468477,0.0,10,1324,
emb_tf-exemplar-human,36,gingiva,oral_normal_multisite,oral_scc,cell_pooled,0.9563237164561065,0.9663865546218487,0.9014084507042254,0.9209100758396533,0.0,0.9813626105588769,0.012928248222365869,10,1547,0.9051918735891648
emb_tf-exemplar-human,36,gingiva,oral_normal_multisite,oral_scc,donor_weighted,0.9563237164561065,0.9663865546218487,0.9014084507042254,0.9209100758396533,0.0,0.9813626105588769,0.012928248222365869,10,1547,
emb_tf-exemplar-human,36,gingiva,oral_normal_multisite,oral_scc,donor_crc,0.9860592988803502,0.9903038138332256,0.9436619718309859,0.9712892741061755,0.0,1.2807411393284582,0.0,10,1547,
emb_tf-exemplar-human,37,gingiva,oral_normal_multisite,oral_scc,cell_pooled,0.9809917463122485,0.9858520900321543,0.9295774647887324,0.9660116386944421,0.0,1.0276152128407579,0.0,10,1555,0.9074889867841409
emb_tf-exemplar-human,37,gingiva,oral_normal_multisite,oral_scc,donor_weighted,0.9809917463122485,0.9858520900321543,0.9295774647887324,0.9660116386944421,0.0,1.0276152128407579,0.0,10,1555,
emb_tf-exemplar-human,37,gingiva,oral_normal_multisite,oral_scc,donor_crc,0.9974309491477561,0.9980707395498393,0.9859154929577465,0.9932023277388884,0.0,1.820702719178382,0.0,10,1555,
emb_tf-exemplar-human,38,gingiva,oral_normal_multisite,oral_scc,cell_pooled,0.9526640512170894,0.9652956298200515,0.8873239436619719,0.9079631635969664,0.0,0.9830511902862662,0.010925449871465296,10,1556,0.9052083333333333
emb_tf-exemplar-human,38,gingiva,oral_normal_multisite,oral_scc,donor_weighted,0.9516948784515094,0.9640102827763496,0.8873239436619719,0.9079631635969664,0.0,0.9808771982435778,0.012853470437017995,10,1556,
emb_tf-exemplar-human,38,gingiva,oral_normal_multisite,oral_scc,donor_crc,0.988543659578905,0.9897172236503856,0.9743589743589743,0.9812682327652388,0.0,1.3135477915948375,0.0,10,1556,
emb_tf-exemplar-human,39,gingiva,oral_normal_multisite,oral_scc,cell_pooled,0.9555660505498496,0.9672701949860725,0.9102564102564102,0.9276453593355002,0.0,1.0290184110859444,0.0,10,1436,0.9098083427282976
emb_tf-exemplar-human,39,gingiva,oral_normal_multisite,oral_scc,donor_weighted,0.9562283022054787,0.967966573816156,0.9102564102564102,0.9276453593355002,0.0,1.0332928541126134,0.0,10,1436,
emb_tf-exemplar-human,39,gingiva,oral_normal_multisite,oral_scc,donor_crc,0.991908241577813,0.9944289693593314,0.9743589743589743,0.9847598410978693,0.0,1.9633284231841561,0.0,10,1436,
emb_tf-exemplar-human,40,gingiva,oral_normal_multisite,oral_scc,cell_pooled,0.9701502075886272,0.9776071657069738,0.9358974358974359,0.9428855182376309,0.0,0.9918798713532706,0.005758157389635317,10,1563,0.8795180722891566
emb_tf-exemplar-human,40,gingiva,oral_normal_multisite,oral_scc,donor_weighted,0.9674597056023506,0.9763275751759437,0.9230769230769231,0.9289274106175515,0.0,0.987285869157818,0.008317338451695458,10,1563,
emb_tf-exemplar-human,40,gingiva,oral_normal_multisite,oral_scc,donor_crc,0.9983475783475784,0.9987204094689699,0.9871794871794872,0.9953846153846154,0.0,1.779805234872524,0.0,10,1563,
emb_tf-exemplar-human,41,gingiva,oral_normal_multisite,oral_scc,cell_pooled,0.9980556970623196,0.9985984583041345,0.9871794871794872,0.9927576838172865,0.0,1.6590335154741769,0.0,10,1427,0.9178885630498533
emb_tf-exemplar-human,41,gingiva,oral_normal_multisite,oral_scc,donor_weighted,0.9973934454066905,0.9978976874562018,0.9867549668874173,0.9871370351502803,0.0,1.6324567713208993,0.0,10,1427,
emb_tf-exemplar-human,41,gingiva,oral_normal_multisite,oral_scc,donor_crc,1.0,1.0,1.0,1.0,0.0,2.6717437546372347,0.0,10,1427,
emb_tf-exemplar-human,42,gingiva,oral_normal_multisite,oral_scc,cell_pooled,0.9632733412265331,0.9731113956466069,0.8974358974358975,0.9136872517154208,0.0,1.0009691727655798,0.0,10,1562,0.8956228956228957
emb_tf-exemplar-human,42,gingiva,oral_normal_multisite,oral_scc,donor_weighted,0.9596270408582978,0.970550576184379,0.8974358974358975,0.9010111953773926,0.0,0.9951560948413455,0.0038412291933418692,10,1562,
emb_tf-exemplar-human,42,gingiva,oral_normal_multisite,oral_scc,donor_crc,0.9955644535809809,0.9967989756722151,0.971830985915493,0.9870707390409875,0.0,1.7406268960387312,0.0,10,1562,
emb_tf-exemplar-human,43,gingiva,oral_normal_multisite,oral_scc,cell_pooled,0.9729267692135892,0.9776179056754596,0.9518072289156626,0.9571525538774817,0.0,1.017544405768334,0.0,10,1251,0.9058341862845445
emb_tf-exemplar-human,43,gingiva,oral_normal_multisite,oral_scc,donor_weighted,0.9724317197086385,0.9768185451638689,0.9518072289156626,0.9571525538774817,0.0,1.0105752395178822,0.0,10,1251,
emb_tf-exemplar-human,43,gingiva,oral_normal_multisite,oral_scc,donor_crc,0.9980556970623196,0.9984012789768185,0.9871794871794872,0.9927576838172865,0.0,1.6236056094524147,0.0,10,1251,
emb_tf-exemplar-human,44,gingiva,oral_normal_multisite,oral_scc,cell_pooled,0.9736893263884164,0.9801369863013699,0.9295774647887324,0.9600309172105805,0.0,0.9990723690901369,0.0013698630136986301,10,1460,0.9091869060190074
emb_tf-exemplar-human,44,gingiva,oral_normal_multisite,oral_scc,donor_weighted,0.9736893263884164,0.9801369863013699,0.9295774647887324,0.9600309172105805,0.0,0.9990723690901369,0.0013698630136986301,10,1460,
emb_tf-exemplar-human,44,gingiva,oral_normal_multisite,oral_scc,donor_crc,0.9953107327225066,0.9958904109589041,0.9871794871794872,0.9877423389618512,0.0,1.5263251875792148,0.0,10,1460,
emb_tf-exemplar-human,45,gingiva,oral_normal_multisite,oral_scc,cell_pooled,0.9676535646848468,0.9763231197771588,0.9146341463414634,0.9280831329440055,0.0,1.1545060312980535,0.0,10,1436,0.897979797979798
emb_tf-exemplar-human,45,gingiva,oral_normal_multisite,oral_scc,donor_weighted,0.9646157378993934,0.974233983286908,0.8902439024390244,0.9256441085537616,0.0,1.1117842965068598,0.0,10,1436,
emb_tf-exemplar-human,45,gingiva,oral_normal_multisite,oral_scc,donor_crc,0.9963748410172089,0.9972144846796658,0.9871794871794872,0.9877423389618512,0.0,2.714354310168264,0.0,10,1436,
emb_tf-exemplar-human,46,gingiva,oral_normal_multisite,oral_scc,cell_pooled,0.9770871663265819,0.9833546734955185,0.9295774647887324,0.9380796976983854,0.0,1.0954962806011252,0.0,10,1562,0.9075975359342916
emb_tf-exemplar-human,46,gingiva,oral_normal_multisite,oral_scc,donor_weighted,0.9764883639313723,0.9827144686299616,0.9295774647887324,0.9380796976983854,0.0,1.0766381712795732,0.0,10,1562,
emb_tf-exemplar-human,46,gingiva,oral_normal_multisite,oral_scc,donor_crc,0.9946140477393055,0.9967989756722151,0.9577464788732394,0.9903854263304377,0.0,2.117023741484954,0.0,10,1562,
emb_tf-exemplar-human,47,gingiva,oral_normal_multisite,oral_scc,cell_pooled,0.987994688740368,0.9917038927887684,0.963855421686747,0.9710334294926184,0.0,1.0305937124095437,0.0,10,1567,0.8965129358830146
emb_tf-exemplar-human,47,gingiva,oral_normal_multisite,oral_scc,donor_weighted,0.987994688740368,0.9917038927887684,0.963855421686747,0.9710334294926184,0.0,1.0315628851751237,0.0,10,1567,
emb_tf-exemplar-human,47,gingiva,oral_normal_multisite,oral_scc,donor_crc,0.9995049504950495,0.9993618379068283,0.995049504950495,0.9995049504950495,0.0,1.8751221423499334,0.0,10,1567,
emb_tf-exemplar-human,48,gingiva,oral_normal_multisite,oral_scc,cell_pooled,0.9693049259220787,0.9745704467353952,0.9102564102564102,0.9476521470497373,0.0,1.0049321550167964,0.0,10,1455,0.8878695208970439
emb_tf-exemplar-human,48,gingiva,oral_normal_multisite,oral_scc,donor_weighted,0.9687431281692698,0.9738831615120275,0.9102564102564102,0.9476521470497373,0.0,1.0037374458715824,0.0006872852233676976,10,1455,
emb_tf-exemplar-human,48,gingiva,oral_normal_multisite,oral_scc,donor_crc,0.9916070687731834,0.993127147766323,0.9743589743589743,0.9863247863247863,0.0,1.3202978418475433,0.0,10,1455,
emb_tf-exemplar-human,49,gingiva,oral_normal_multisite,oral_scc,cell_pooled,0.9740059224380058,0.9784722222222222,0.9397590361445783,0.9559477346003733,0.0,1.0083118474150148,0.0,10,1440,0.8653113087674714
emb_tf-exemplar-human,49,gingiva,oral_normal_multisite,oral_scc,donor_weighted,0.9764927929971655,0.9798611111111111,0.9518072289156626,0.9571525538774817,0.0,1.0107987179741744,0.0,10,1440,
emb_tf-exemplar-human,49,gingiva,oral_normal_multisite,oral_scc,donor_crc,0.9925114936665898,0.9930555555555556,0.9871794871794872,0.9877423389618512,0.0,1.2834088263186438,0.0,10,1440,
emb_tf-exemplar-human,50,gingiva,oral_normal_multisite,oral_scc,cell_pooled,0.9962658581345248,0.9973614775725593,0.9759036144578314,0.9856698316444586,0.0,1.2359829359911183,0.0,10,1516,0.8953140578265204
emb_tf-exemplar-human,50,gingiva,oral_normal_multisite,oral_scc,donor_weighted,0.9958954877641546,0.9967018469656992,0.9759036144578314,0.9856698316444586,0.0,1.2128476287721424,0.0,10,1516,
emb_tf-exemplar-human,50,gingiva,oral_normal_multisite,oral_scc,donor_crc,0.9993377483443708,0.9993403693931399,0.9933774834437086,0.9993377483443708,0.0,2.7985714765394736,0.0,10,1516,
emb_tf-exemplar-human,51,gingiva,oral_normal_multisite,oral_scc,cell_pooled,0.9701781517465216,0.980013783597519,0.9014084507042254,0.9242871865338372,0.0,1.0106123792072068,0.0,10,1451,0.9364613880742912
emb_tf-exemplar-human,51,gingiva,oral_normal_multisite,oral_scc,donor_weighted,0.9684485343403365,0.9786354238456237,0.9014084507042254,0.9242871865338372,0.0,1.002441072730225,0.0,10,1451,
emb_tf-exemplar-human,51,gingiva,oral_normal_multisite,oral_scc,donor_crc,0.995774647887324,0.9979324603721571,0.9577464788732394,0.995774647887324,0.0,1.632576675134325,0.0,10,1451,
emb_tf-exemplar-human,52,gingiva,oral_normal_multisite,oral_scc,cell_pooled,0.9756913588274434,0.9806576402321083,0.9518072289156626,0.9534588685869305,0.0,0.9952181348296097,0.0038684719535783366,10,1551,0.9101479915433404
emb_tf-exemplar-human,52,gingiva,oral_normal_multisite,oral_scc,donor_weighted,0.9788682857262287,0.9832366215344939,0.9518072289156626,0.965379398388255,0.0,0.998395061728395,0.0012894906511927789,10,1551,
emb_tf-exemplar-human,52,gingiva,oral_normal_multisite,oral_scc,donor_crc,0.9974706774116333,0.9980657640232108,0.9867549668874173,0.9878321231947658,0.0,1.4705339597292564,0.0,10,1551,
emb_tf-exemplar-human,53,gingiva,oral_normal_multisite,oral_scc,cell_pooled,0.9866979392199922,0.9886277482941622,0.9577464788732394,0.9719335882846749,0.0,1.2742174540492257,0.0,10,1319,0.9161290322580645
emb_tf-exemplar-human,53,gingiva,oral_normal_multisite,oral_scc,donor_weighted,0.9803098501181537,0.9833206974981046,0.9436619718309859,0.9645648726797874,0.0,1.1538860329378422,0.0,10,1319,
emb_tf-exemplar-human,53,gingiva,oral_normal_multisite,oral_scc,donor_crc,0.999438202247191,0.9992418498862775,0.9943820224719101,0.999438202247191,0.0,2.585021139035951,0.0,10,1319,
emb_tf-exemplar-human,54,gingiva,oral_normal_multisite,oral_scc,cell_pooled,0.9755984829864699,0.9805352798053528,0.9337748344370861,0.9472236372898625,0.0,1.0538689048259742,0.0,10,1644,0.9191176470588235
emb_tf-exemplar-human,54,gingiva,oral_normal_multisite,oral_scc,donor_weighted,0.9755984829864699,0.9805352798053528,0.9337748344370861,0.9472236372898625,0.0,1.0538689048259742,0.0,10,1644,
emb_tf-exemplar-human,54,gingiva,oral_normal_multisite,oral_scc,donor_crc,0.9993377483443708,0.9993917274939172,0.9933774834437086,0.9993377483443708,0.0,2.514399845112586,0.0,10,1644,
emb_tf-exemplar-human,55,gingiva,oral_normal_multisite,oral_scc,cell_pooled,0.9583063078944551,0.9696186166774402,0.9102564102564102,0.914969302997472,0.0,0.9920516763838461,0.006464124111182934,10,1547,0.904550499445061
emb_tf-exemplar-human,55,gingiva,oral_normal_multisite,oral_scc,donor_weighted,0.9583063078944551,0.9696186166774402,0.9102564102564102,0.914969302997472,0.0,0.9925467258887964,0.005817711700064641,10,1547,
emb_tf-exemplar-human,55,gingiva,oral_normal_multisite,oral_scc,donor_crc,0.9873197775652267,0.9915966386554622,0.9577464788732394,0.9726977248104008,0.0,1.2871860179316783,0.0,10,1547,
emb_tf-exemplar-human,56,gingiva,oral_normal_multisite,oral_scc,cell_pooled,0.9870178168167714,0.9896907216494846,0.9743589743589743,0.9754846779237023,0.0,1.077814259951465,0.0,10,1455,0.8752515090543259
emb_tf-exemplar-human,56,gingiva,oral_normal_multisite,oral_scc,donor_weighted,0.9857357655347201,0.9890034364261169,0.9615384615384616,0.974202626641651,0.0,1.0576691314562896,0.0,10,1455,
emb_tf-exemplar-human,56,gingiva,oral_normal_multisite,oral_scc,donor_crc,1.0,1.0,1.0,1.0,0.0,2.1389801987650574,0.0,10,1455,
emb_tf-exemplar-human,57,gingiva,oral_normal_multisite,oral_scc,cell_pooled,0.9534692770471459,0.9658753709198813,0.8846153846153846,0.9226078799249532,0.0,1.012232967644342,0.0,10,1348,0.9128586609989373
emb_tf-exemplar-human,57,gingiva,oral_normal_multisite,oral_scc,donor_weighted,0.9483721783453294,0.9629080118694362,0.8846153846153846,0.9116322701688556,0.0,0.997740687183429,0.002967359050445104,10,1348,
emb_tf-exemplar-human,57,gingiva,oral_normal_multisite,oral_scc,donor_crc,0.9944887573475232,0.9955489614243324,0.9759036144578314,0.9856698316444586,0.0,1.9285919762192532,0.0,10,1348,
emb_tf-exemplar-human,58,gingiva,oral_normal_multisite,oral_scc,cell_pooled,0.9850212617648818,0.9884979702300406,0.9615384615384616,0.9636237256719185,0.0,1.0812266293275563,0.0,10,1478,0.8901795142555439
emb_tf-exemplar-human,58,gingiva,oral_normal_multisite,oral_scc,donor_weighted,0.9817453317670168,0.986468200270636,0.9615384615384616,0.9636237256719185,0.0,1.0665184476722676,0.0,10,1478,
emb_tf-exemplar-human,58,gingiva,oral_normal_multisite,oral_scc,donor_crc,0.9987951807228915,0.9993234100135318,0.9879518072289156,0.9987951807228915,0.0,2.1402035805563515,0.0,10,1478,
emb_tf-exemplar-human,59,gingiva,oral_normal_multisite,oral_scc,cell_pooled,0.9813527852148989,0.9868073878627969,0.9518072289156626,0.9594191334875928,0.0,1.0357063198954737,0.0,10,1516,0.9002145922746781
emb_tf-exemplar-human,59,gingiva,oral_normal_multisite,oral_scc,donor_weighted,0.9825873531161337,0.987467018469657,0.9518072289156626,0.9594191334875928,0.0,1.0369408877967081,0.0,10,1516,
emb_tf-exemplar-human,59,gingiva,oral_normal_multisite,oral_scc,donor_crc,0.9974706774116333,0.9980211081794196,0.9867549668874173,0.9878321231947658,0.0,1.9595954989755113,0.0,10,1516,
emb_scvi,0,gingiva,oral_normal_multisite,oral_scc,cell_pooled,0.9704633200701451,0.9795788130185067,0.927710843373494,0.9378930355568615,0.0,1.0264488177358753,0.0,10,1567,0.9036427732079906
emb_scvi,0,gingiva,oral_normal_multisite,oral_scc,donor_weighted,0.9621971457764186,0.97319719208679,0.9154929577464789,0.9256956372380626,0.0,1.0158420246147437,0.0,10,1567,
emb_scvi,0,gingiva,oral_normal_multisite,oral_scc,donor_crc,0.9967350517023567,0.9968091895341417,0.9879518072289156,0.9930989781912459,0.0,1.2683313358570925,0.0,10,1567,
emb_scvi,1,gingiva,oral_normal_multisite,oral_scc,cell_pooled,0.9844557555342982,0.9864165588615783,0.9702970297029703,0.9716775902942407,0.0,0.9964440781384025,0.00258732212160414,10,1546,0.9148230088495575
emb_scvi,1,gingiva,oral_normal_multisite,oral_scc,donor_weighted,0.9849508050392488,0.9870633893919794,0.971830985915493,0.9741061755146262,0.0,0.9973094980137234,0.00129366106080207,10,1546,
emb_scvi,1,gingiva,oral_normal_multisite,oral_scc,donor_crc,0.9987179487179487,0.999353169469599,0.9871794871794872,0.9987179487179487,0.0,1.7721190669649278,0.0,10,1546,
emb_scvi,2,gingiva,oral_normal_multisite,oral_scc,cell_pooled,0.984113504209339,0.9854972375690608,0.9518072289156626,0.9698998240151618,0.0,1.0189082808123995,0.0,10,1448,0.8852097130242825
emb_scvi,2,gingiva,oral_normal_multisite,oral_scc,donor_weighted,0.984113504209339,0.9854972375690608,0.9518072289156626,0.9698998240151618,0.0,1.0225668173977656,0.0,10,1448,
emb_scvi,2,gingiva,oral_normal_multisite,oral_scc,donor_crc,1.0,1.0,1.0,1.0,0.0,1.9742959971856433,0.0,10,1448,
emb_scvi,3,gingiva,oral_normal_multisite,oral_scc,cell_pooled,0.9760476454751883,0.9799029799029799,0.9397590361445783,0.9432716782623451,0.0,0.9966880490865988,0.002079002079002079,10,1443,0.9120267260579065
emb_scvi,3,gingiva,oral_normal_multisite,oral_scc,donor_weighted,0.9779511456843641,0.9812889812889813,0.9397590361445783,0.9559477346003733,0.0,1.0,0.0,10,1443,
emb_scvi,3,gingiva,oral_normal_multisite,oral_scc,donor_crc,1.0,1.0,1.0,1.0,0.0,1.7468476007060794,0.0,10,1443,
emb_scvi,4,gingiva,oral_normal_multisite,oral_scc,cell_pooled,0.9466375816433785,0.9577269577269577,0.8658536585365854,0.9058161350844277,0.0,0.9661752803573005,0.02564102564102564,10,1443,0.8636363636363636
emb_scvi,4,gingiva,oral_normal_multisite,oral_scc,donor_weighted,0.9478570938385005,0.9584199584199584,0.8780487804878049,0.9070356472795497,0.0,0.9673947925524227,0.02494802494802495,10,1443,
emb_scvi,4,gingiva,oral_normal_multisite,oral_scc,donor_crc,1.0,1.0,1.0,1.0,0.0,1.802964334036465,0.0,10,1443,
emb_scvi,5,gingiva,oral_normal_multisite,oral_scc,cell_pooled,0.9561549799041664,0.963963963963964,0.9102564102564102,0.914969302997472,0.0,0.9727036564617672,0.021483021483021482,10,1443,0.8947906026557712
emb_scvi,5,gingiva,oral_normal_multisite,oral_scc,donor_weighted,0.9579732944944981,0.9653499653499653,0.9102564102564102,0.914969302997472,0.0,0.9764662739897793,0.018711018711018712,10,1443,
emb_scvi,5,gingiva,oral_normal_multisite,oral_scc,donor_crc,0.9920865350207679,0.9930699930699931,0.9743589743589743,0.9840695608022341,0.0,1.1363350075997734,0.0,10,1443,
emb_scvi,6,gingiva,oral_normal_multisite,oral_scc,cell_pooled,0.9721102266102438,0.9779951100244498,0.9295774647887324,0.9495842525029696,0.0,0.9918735471177313,0.006112469437652812,10,1636,0.9106256206554121
emb_scvi,6,gingiva,oral_normal_multisite,oral_scc,donor_weighted,0.9721102266102438,0.9779951100244498,0.9295774647887324,0.9495842525029696,0.0,0.9918735471177313,0.006112469437652812,10,1636,
emb_scvi,6,gingiva,oral_normal_multisite,oral_scc,donor_crc,0.9981963783276819,0.9987775061124694,0.9879518072289156,0.9934059591660053,0.0,1.1633466730040758,0.0,10,1636,
emb_scvi,7,gingiva,oral_normal_multisite,oral_scc,cell_pooled,0.9771192714811303,0.9819819819819819,0.9390243902439024,0.9431982136722775,0.0,1.055477584903507,0.0,10,1443,0.9121287128712872
emb_scvi,7,gingiva,oral_normal_multisite,oral_scc,donor_weighted,0.9771192714811303,0.9819819819819819,0.9390243902439024,0.9431982136722775,0.0,1.054844673511102,0.0,10,1443,
emb_scvi,7,gingiva,oral_normal_multisite,oral_scc,donor_crc,1.0,1.0,1.0,1.0,0.0,1.7536938461506293,0.0,10,1443,
emb_scvi,8,gingiva,oral_normal_multisite,oral_scc,cell_pooled,0.9865020395676846,0.9894884372810091,0.9615384615384616,0.9723127865511971,0.0,1.0739351298768542,0.0,10,1427,0.9044368600682594
emb_scvi,8,gingiva,oral_normal_multisite,oral_scc,donor_weighted,0.9840329037652153,0.9880868955851436,0.9615384615384616,0.9628205128205127,0.0,1.059277447555546,0.0,10,1427,
emb_scvi,8,gingiva,oral_normal_multisite,oral_scc,donor_crc,1.0,1.0,1.0,1.0,0.0,1.7079160205349386,0.0,10,1427,
emb_scvi,9,gingiva,oral_normal_multisite,oral_scc,cell_pooled,0.9885377543049845,0.9889948642699926,0.9759036144578314,0.9797685792675653,0.0,1.0450568752980318,0.0,10,1363,0.8837988826815643
emb_scvi,9,gingiva,oral_normal_multisite,oral_scc,donor_weighted,0.9885377543049845,0.9889948642699926,0.9759036144578314,0.9797685792675653,0.0,1.0435259047796428,0.0,10,1363,
emb_scvi,9,gingiva,oral_normal_multisite,oral_scc,donor_crc,0.9982228992129982,0.9985326485693323,0.9871794871794872,0.9942625031733943,0.0,1.60790394619235,0.0,10,1363,
emb_scvi,10,gingiva,oral_normal_multisite,oral_scc,cell_pooled,0.9672786906103108,0.9773755656108597,0.9154929577464789,0.9156456813168166,0.0,0.9877804917065228,0.007110536522301228,10,1547,0.8962264150943396
emb_scvi,10,gingiva,oral_normal_multisite,oral_scc,donor_weighted,0.9672786906103108,0.9773755656108597,0.9154929577464789,0.9156456813168166,0.0,0.9877804917065228,0.007110536522301228,10,1547,
emb_scvi,10,gingiva,oral_normal_multisite,oral_scc,donor_crc,0.9982228992129982,0.9987071751777634,0.9871794871794872,0.9942625031733943,0.0,1.7625905736091532,0.0,10,1547,
emb_scvi,11,gingiva,oral_normal_multisite,oral_scc,cell_pooled,0.9626770043636533,0.970880211780278,0.9154929577464789,0.9223185265438787,0.0,0.9784544927441461,0.01654533421575116,10,1511,0.9099804305283757
emb_scvi,11,gingiva,oral_normal_multisite,oral_scc,donor_weighted,0.9651160287538973,0.972203838517538,0.9154929577464789,0.9223185265438787,0.0,0.9808935171343899,0.015221707478491065,10,1511,
emb_scvi,11,gingiva,oral_normal_multisite,oral_scc,donor_crc,0.9977857805947694,0.9980145598941098,0.9871794871794872,0.9936617689426678,0.0,1.2967699756246513,0.0,10,1511,
emb_scvi,12,gingiva,oral_normal_multisite,oral_scc,cell_pooled,0.9774361726539874,0.980528511821975,0.9358974358974359,0.955561574575659,0.0,1.0303805947878248,0.0,10,1438,0.9384422110552764
emb_scvi,12,gingiva,oral_normal_multisite,oral_scc,donor_weighted,0.9779979704067964,0.9812239221140473,0.9358974358974359,0.955561574575659,0.0,1.0315411949358435,0.0,10,1438,
emb_scvi,12,gingiva,oral_normal_multisite,oral_scc,donor_crc,0.9987179487179487,0.9993045897079277,0.9871794871794872,0.9987179487179487,0.0,2.179731431393688,0.0,10,1438,
emb_scvi,13,gingiva,oral_normal_multisite,oral_scc,cell_pooled,0.9676473941989976,0.9750692520775623,0.927710843373494,0.9293908026472085,0.0,1.0039073541805554,0.0006925207756232687,10,1444,0.8984771573604061
emb_scvi,13,gingiva,oral_normal_multisite,oral_scc,donor_weighted,0.9689294454810489,0.9757617728531855,0.927710843373494,0.9293908026472085,0.0,1.0057882078578164,0.0006925207756232687,10,1444,
emb_scvi,13,gingiva,oral_normal_multisite,oral_scc,donor_crc,0.9970390771671024,0.997229916897507,0.9879518072289156,0.9928349158222293,0.0,1.5834949916342542,0.0,10,1444,
emb_scvi,14,gingiva,oral_normal_multisite,oral_scc,cell_pooled,0.9851727075393791,0.988911988911989,0.9436619718309859,0.9712892741061755,0.0,1.0229523430705743,0.0,10,1443,0.8992576882290562
emb_scvi,14,gingiva,oral_normal_multisite,oral_scc,donor_weighted,0.9851727075393791,0.988911988911989,0.9436619718309859,0.9712892741061755,0.0,1.0203832922183307,0.0,10,1443,
emb_scvi,14,gingiva,oral_normal_multisite,oral_scc,donor_crc,0.9967980377553509,0.9972279972279973,0.9859154929577465,0.992895346764129,0.0,1.2042967691983926,0.0,10,1443,
emb_scvi,15,gingiva,oral_normal_multisite,oral_scc,cell_pooled,0.9633511620992656,0.9706445437141034,0.9156626506024096,0.9257126065236556,0.0,0.9741991733538458,0.021059349074664963,10,1567,0.8927563499529633
emb_scvi,15,gingiva,oral_normal_multisite,oral_scc,donor_weighted,0.9633511620992656,0.9706445437141034,0.9156626506024096,0.9257126065236556,0.0,0.9737041238488953,0.02169751116783663,10,1567,
emb_scvi,15,gingiva,oral_normal_multisite,oral_scc,donor_crc,0.9974821584722575,0.9974473516273133,0.9871794871794872,0.992051282051282,0.0,1.1626815731764664,0.0,10,1567,
emb_scvi,16,gingiva,oral_normal_multisite,oral_scc,cell_pooled,0.9706079089413558,0.9787104622871047,0.927710843373494,0.9350787766450417,0.0,0.9974358974358974,0.0012165450121654502,10,1644,0.8776908023483366
emb_scvi,16,gingiva,oral_normal_multisite,oral_scc,donor_weighted,0.9731720115054584,0.9799270072992701,0.927710843373494,0.9488686453129591,0.0,1.0012820512820513,0.0,10,1644,
emb_scvi,16,gingiva,oral_normal_multisite,oral_scc,donor_crc,0.9974821584722575,0.9975669099756691,0.9871794871794872,0.992051282051282,0.0,1.2185583807492022,0.0,10,1644,
emb_scvi,17,gingiva,oral_normal_multisite,oral_scc,cell_pooled,0.969624258078324,0.9757498404594767,0.927710843373494,0.9293908026472085,0.0,0.9873078674076081,0.01021059349074665,10,1567,0.8876013904982619
emb_scvi,17,gingiva,oral_normal_multisite,oral_scc,donor_weighted,0.969624258078324,0.9757498404594767,0.927710843373494,0.9293908026472085,0.0,0.9873078674076081,0.01021059349074665,10,1567,
emb_scvi,17,gingiva,oral_normal_multisite,oral_scc,donor_crc,1.0,1.0,1.0,1.0,0.0,1.5311001040813956,0.0,10,1567,
emb_scvi,18,gingiva,oral_normal_multisite,oral_scc,cell_pooled,0.9908795484900004,0.9922630560928434,0.9759036144578314,0.9842240248121198,0.0,1.1140457971263182,0.0,10,1551,0.9122401847575058
emb_scvi,18,gingiva,oral_normal_multisite,oral_scc,donor_weighted,0.9896600362948785,0.9916183107672469,0.975609756097561,0.9758742286218043,0.0,1.1087318828272452,0.0,10,1551,
emb_scvi,18,gingiva,oral_normal_multisite,oral_scc,donor_crc,0.999134580124679,0.9987105093488072,0.995049504950495,0.9961716171617162,0.0,1.4187267294114572,0.0,10,1551,
emb_scvi,19,gingiva,oral_normal_multisite,oral_scc,cell_pooled,0.9795318580084963,0.9846907532149418,0.9518072289156626,0.9571525538774817,0.0,1.0228270420830845,0.0,10,1633,0.8840579710144928
emb_scvi,19,gingiva,oral_normal_multisite,oral_scc,donor_weighted,0.9795318580084963,0.9846907532149418,0.9518072289156626,0.9571525538774817,0.0,1.0228270420830845,0.0,10,1633,
emb_scvi,19,gingiva,oral_normal_multisite,oral_scc,donor_crc,1.0,1.0,1.0,1.0,0.0,1.7457578116727555,0.0,10,1633,
emb_scvi,20,gingiva,oral_normal_multisite,oral_scc,cell_pooled,0.9704034939637722,0.9789768745620182,0.9358974358974359,0.9428855182376309,0.0,1.0652755652846062,0.0,10,1427,0.9384800965018094
emb_scvi,20,gingiva,oral_normal_multisite,oral_scc,donor_weighted,0.9716855452458237,0.979677645409951,0.9436619718309859,0.9466840779778005,0.0,1.0710618850089004,0.0,10,1427,
emb_scvi,20,gingiva,oral_normal_multisite,oral_scc,donor_crc,1.0,1.0,1.0,1.0,0.0,2.352426373034066,0.0,10,1427,
emb_scvi,21,gingiva,oral_normal_multisite,oral_scc,cell_pooled,0.9677640024036999,0.9732847601700061,0.9156626506024096,0.9308921077568701,0.0,0.9857483216318312,0.01092896174863388,10,1647,0.9117647058823529
emb_scvi,21,gingiva,oral_normal_multisite,oral_scc,donor_weighted,0.9719107317767577,0.97632058287796,0.927710843373494,0.9422092865845404,0.0,0.9944991955318045,0.0036429872495446266,10,1647,
emb_scvi,21,gingiva,oral_normal_multisite,oral_scc,donor_crc,0.9974121822238515,0.9969641772920461,0.9887640449438202,0.9934871829374957,0.0,1.2322936246145182,0.0,10,1647,
emb_scvi,22,gingiva,oral_normal_multisite,oral_scc,cell_pooled,0.9778072669352526,0.9818181818181818,0.9577464788732394,0.9624413145539905,0.0,1.0289236050420445,0.0,10,1540,0.9158469945355191
emb_scvi,22,gingiva,oral_normal_multisite,oral_scc,donor_weighted,0.9778072669352526,0.9818181818181818,0.9577464788732394,0.9624413145539905,0.0,1.0289236050420445,0.0,10,1540,
emb_scvi,22,gingiva,oral_normal_multisite,oral_scc,donor_crc,1.0,1.0,1.0,1.0,0.0,1.9621531244039243,0.0,10,1540,
emb_scvi,23,gingiva,oral_normal_multisite,oral_scc,cell_pooled,0.981979675262844,0.9854972375690608,0.9436619718309859,0.9614393679148059,0.0,1.0270073948342513,0.0,10,1448,0.908256880733945
emb_scvi,23,gingiva,oral_normal_multisite,oral_scc,donor_weighted,0.981979675262844,0.9854972375690608,0.9436619718309859,0.9614393679148059,0.0,1.0270073948342513,0.0,10,1448,
emb_scvi,23,gingiva,oral_normal_multisite,oral_scc,donor_crc,1.0,1.0,1.0,1.0,0.0,1.5691316176765817,0.0,10,1448,
emb_scvi,24,gingiva,oral_normal_multisite,oral_scc,cell_pooled,0.9783625220869491,0.9833759590792839,0.9397590361445783,0.9593605189990733,0.0,1.0185336589735425,0.0,10,1564,0.890738813735692
emb_scvi,24,gingiva,oral_normal_multisite,oral_scc,donor_weighted,0.9783625220869491,0.9833759590792839,0.9397590361445783,0.9593605189990733,0.0,1.0219123581348022,0.0,10,1564,
emb_scvi,24,gingiva,oral_normal_multisite,oral_scc,donor_crc,0.9974821584722575,0.9974424552429667,0.9871794871794872,0.992051282051282,0.0,1.2783027558957527,0.0,10,1564,
emb_scvi,25,gingiva,oral_normal_multisite,oral_scc,cell_pooled,0.9594160639089448,0.9695044472681067,0.891566265060241,0.9123273582133412,0.0,0.968346666736351,0.022871664548919948,10,1574,0.9087947882736156
emb_scvi,25,gingiva,oral_normal_multisite,oral_scc,donor_weighted,0.9648265246062147,0.9726810673443456,0.9156626506024096,0.9366882162797531,0.0,0.9749619467107289,0.01905972045743329,10,1574,
emb_scvi,25,gingiva,oral_normal_multisite,oral_scc,donor_crc,1.0,1.0,1.0,1.0,0.0,1.907646507013378,0.0,10,1574,
emb_scvi,26,gingiva,oral_normal_multisite,oral_scc,cell_pooled,0.9642893232578107,0.9721278042148198,0.927710843373494,0.9378930355568615,0.0,0.9812122416127608,0.01291638341264446,10,1471,0.8900226757369615
emb_scvi,26,gingiva,oral_normal_multisite,oral_scc,donor_weighted,0.965571374539862,0.972807613868117,0.927710843373494,0.9378930355568615,0.0,0.9841941616768709,0.010876954452753228,10,1471,
emb_scvi,26,gingiva,oral_normal_multisite,oral_scc,donor_crc,0.996277339195149,0.9966009517335146,0.9871794871794872,0.9878745752239728,0.0,1.4597219502386258,0.0,10,1471,
emb_scvi,27,gingiva,oral_normal_multisite,oral_scc,cell_pooled,0.9878500885869445,0.9894459102902374,0.9518072289156626,0.9800121835657235,0.0,1.0202012610562627,0.0,10,1516,0.8875278396436526
emb_scvi,27,gingiva,oral_normal_multisite,oral_scc,donor_weighted,0.9878500885869445,0.9894459102902374,0.9518072289156626,0.9800121835657235,0.0,1.0202012610562627,0.0,10,1516,
emb_scvi,27,gingiva,oral_normal_multisite,oral_scc,donor_crc,0.9982211789254043,0.9986807387862797,0.9859154929577465,0.9952582159624414,0.0,1.2839955731649508,0.0,10,1516,
emb_scvi,28,gingiva,oral_normal_multisite,oral_scc,cell_pooled,0.9558495994628405,0.9668831168831169,0.9146341463414634,0.9154070766059773,0.0,0.9740007914908823,0.01818181818181818,10,1540,0.8904109589041096
emb_scvi,28,gingiva,oral_normal_multisite,oral_scc,donor_weighted,0.9599501596865189,0.9701298701298702,0.9146341463414634,0.9154070766059773,0.0,0.97870015410977,0.014285714285714285,10,1540,
emb_scvi,28,gingiva,oral_normal_multisite,oral_scc,donor_crc,0.9971428300573614,0.9974025974025974,0.9879518072289156,0.9898842896337826,0.0,1.3669884224797901,0.0,10,1540,
emb_scvi,29,gingiva,oral_normal_multisite,oral_scc,cell_pooled,0.964339282162603,0.9755784061696658,0.9014084507042254,0.9439869989165763,0.0,1.0084502006676659,0.0,10,1556,0.8825271470878578
emb_scvi,29,gingiva,oral_normal_multisite,oral_scc,donor_weighted,0.9631152327541646,0.974293059125964,0.9014084507042254,0.9439869989165763,0.0,1.0038738608247475,0.0,10,1556,
emb_scvi,29,gingiva,oral_normal_multisite,oral_scc,donor_crc,0.9983475783475784,0.9987146529562982,0.9871794871794872,0.9953846153846154,0.0,1.5333052696505391,0.0,10,1556,
emb_scvi,30,gingiva,oral_normal_multisite,oral_scc,cell_pooled,0.9795352874619839,0.9841168996188056,0.9358974358974359,0.9393728761198641,0.0,1.021185613309111,0.0,10,1574,0.9006479481641468
emb_scvi,30,gingiva,oral_normal_multisite,oral_scc,donor_weighted,0.9795352874619839,0.9841168996188056,0.9358974358974359,0.9393728761198641,0.0,1.018894198150117,0.0,10,1574,
emb_scvi,30,gingiva,oral_normal_multisite,oral_scc,donor_crc,1.0,1.0,1.0,1.0,0.0,2.238241651969738,0.0,10,1574,
emb_scvi,31,gingiva,oral_normal_multisite,oral_scc,cell_pooled,0.9504797300483739,0.9636363636363636,0.8658536585365854,0.9105290278254895,0.0,0.9713765557655833,0.02142857142857143,10,1540,0.9103448275862069
emb_scvi,31,gingiva,oral_normal_multisite,oral_scc,donor_weighted,0.9529338101447304,0.964935064935065,0.8780487804878049,0.9117485400206115,0.0,0.9761439999572218,0.01818181818181818,10,1540,
emb_scvi,31,gingiva,oral_normal_multisite,oral_scc,donor_crc,0.9971721703205855,0.9974025974025974,0.9879518072289156,0.9898842896337826,0.0,1.2475047038856546,0.0,10,1540,
emb_scvi,32,gingiva,oral_normal_multisite,oral_scc,cell_pooled,0.9488846159917564,0.9618055555555556,0.8780487804878049,0.8990724836825833,0.0,0.9794413873660126,0.014583333333333334,10,1440,0.8901220865704772
emb_scvi,32,gingiva,oral_normal_multisite,oral_scc,donor_weighted,0.9541392205421356,0.9645833333333333,0.8780487804878049,0.9117485400206115,0.0,0.9865155447326007,0.009722222222222222,10,1440,
emb_scvi,32,gingiva,oral_normal_multisite,oral_scc,donor_crc,0.9987179487179487,0.9993055555555556,0.9871794871794872,0.9987179487179487,0.0,1.6116241886880025,0.0,10,1440,
emb_scvi,33,gingiva,oral_normal_multisite,oral_scc,cell_pooled,0.9696546562685577,0.9762484774665042,0.9024390243902439,0.9440900562851782,0.0,0.9852752452280699,0.010353227771010963,10,1642,0.9068577277379734
emb_scvi,33,gingiva,oral_normal_multisite,oral_scc,donor_weighted,0.9700250266389281,0.976857490864799,0.9024390243902439,0.9440900562851782,0.0,0.9860159859688105,0.009135200974421437,10,1642,
emb_scvi,33,gingiva,oral_normal_multisite,oral_scc,donor_crc,0.9953982075621963,0.9951278928136419,0.9801980198019802,0.9864813404417365,0.0,1.1802096309665262,0.0,10,1642,
emb_scvi,34,gingiva,oral_normal_multisite,oral_scc,cell_pooled,0.9876201439447805,0.9903846153846154,0.971830985915493,0.9752318790793542,0.0,1.0789114545534733,0.0,10,1560,0.9171210468920392
emb_scvi,34,gingiva,oral_normal_multisite,oral_scc,donor_weighted,0.9864006317496585,0.9897435897435898,0.9634146341463414,0.9709893507385778,0.0,1.0770296907027221,0.0,10,1560,
emb_scvi,34,gingiva,oral_normal_multisite,oral_scc,donor_crc,1.0,1.0,1.0,1.0,0.0,1.5847548512359402,0.0,10,1560,
emb_scvi,35,gingiva,oral_normal_multisite,oral_scc,cell_pooled,0.9684512594645843,0.9758308157099698,0.9397590361445783,0.9432716782623451,0.0,0.995322743046836,0.0037764350453172208,10,1324,0.8997772828507795
emb_scvi,35,gingiva,oral_normal_multisite,oral_scc,donor_weighted,0.9710578140578938,0.9780966767371602,0.9397590361445783,0.9432716782623451,0.0,0.9985915492957746,0.0015105740181268882,10,1324,
emb_scvi,35,gingiva,oral_normal_multisite,oral_scc,donor_crc,1.0,1.0,1.0,1.0,0.0,2.0826088906062057,0.0,10,1324,
emb_scvi,36,gingiva,oral_normal_multisite,oral_scc,cell_pooled,0.9688819981765568,0.9773755656108597,0.9154929577464789,0.9264890548107925,0.0,0.9908296579616289,0.006464124111182934,10,1547,0.9424379232505643
emb_scvi,36,gingiva,oral_normal_multisite,oral_scc,donor_weighted,0.9688819981765568,0.9773755656108597,0.9154929577464789,0.9264890548107925,0.0,0.9908296579616289,0.006464124111182934,10,1547,
emb_scvi,36,gingiva,oral_normal_multisite,oral_scc,donor_crc,0.9944102682624114,0.995475113122172,0.9759036144578314,0.9860518999073217,0.0,1.2114289800484517,0.0,10,1547,
emb_scvi,37,gingiva,oral_normal_multisite,oral_scc,cell_pooled,0.9833744759253988,0.9864951768488746,0.9577464788732394,0.9726977248104008,0.0,1.0122005311857332,0.0,10,1555,0.9151982378854625
emb_scvi,37,gingiva,oral_normal_multisite,oral_scc,donor_weighted,0.9839732783206084,0.9871382636655949,0.9577464788732394,0.9726977248104008,0.0,1.0162938185496322,0.0,10,1555,
emb_scvi,37,gingiva,oral_normal_multisite,oral_scc,donor_crc,0.9994011976047904,0.9993569131832798,0.9940119760479041,0.9994011976047904,0.0,1.6920043488115795,0.0,10,1555,
emb_scvi,38,gingiva,oral_normal_multisite,oral_scc,cell_pooled,0.9765933498857942,0.9813624678663239,0.927710843373494,0.9547429153232648,0.0,1.0287420828617517,0.0,10,1556,0.9010416666666666
emb_scvi,38,gingiva,oral_normal_multisite,oral_scc,donor_weighted,0.9788107972915725,0.9839331619537275,0.927710843373494,0.9547429153232648,0.0,1.0309595302675298,0.0,10,1556,
emb_scvi,38,gingiva,oral_normal_multisite,oral_scc,donor_crc,0.9974821584722575,0.9974293059125964,0.9871794871794872,0.992051282051282,0.0,1.328636746524214,0.0,10,1556,
emb_scvi,39,gingiva,oral_normal_multisite,oral_scc,cell_pooled,0.9578655303092949,0.967966573816156,0.9014084507042254,0.9250806041065671,0.0,0.9810628657458134,0.013927576601671309,10,1436,0.910935738444194
emb_scvi,39,gingiva,oral_normal_multisite,oral_scc,donor_weighted,0.9596838448996264,0.9693593314763231,0.9014084507042254,0.9250806041065671,0.0,0.9828811803361448,0.012534818941504178,10,1436,
emb_scvi,39,gingiva,oral_normal_multisite,oral_scc,donor_crc,0.9979772079772079,0.9979108635097493,0.9871794871794872,0.992051282051282,0.0,1.707453265740939,0.0,10,1436,
emb_scvi,40,gingiva,oral_normal_multisite,oral_scc,cell_pooled,0.9555134839895022,0.9660908509277031,0.8795180722891566,0.9118954692007466,0.0,0.9694853153102982,0.023032629558541268,10,1563,0.8734939759036144
emb_scvi,40,gingiva,oral_normal_multisite,oral_scc,donor_weighted,0.9543086647123937,0.9654510556621881,0.8674698795180723,0.9106906499236382,0.0,0.9677854465282394,0.02431222008957134,10,1563,
emb_scvi,40,gingiva,oral_normal_multisite,oral_scc,donor_crc,0.9960147981731143,0.9968010236724248,0.9871794871794872,0.9878745752239728,0.0,1.2077225190702972,0.0,10,1563,
emb_scvi,41,gingiva,oral_normal_multisite,oral_scc,cell_pooled,0.9784351869194767,0.9824807288016818,0.927710843373494,0.9581556997219648,0.0,1.0080190048035118,0.0,10,1427,0.916911045943304
emb_scvi,41,gingiva,oral_normal_multisite,oral_scc,donor_weighted,0.9784351869194767,0.9824807288016818,0.927710843373494,0.9581556997219648,0.0,1.00679949260839,0.0,10,1427,
emb_scvi,41,gingiva,oral_normal_multisite,oral_scc,donor_crc,0.9979772079772079,0.9978976874562018,0.9871794871794872,0.992051282051282,0.0,1.3088033191969948,0.0,10,1427,
emb_scvi,42,gingiva,oral_normal_multisite,oral_scc,cell_pooled,0.9789575464315353,0.9839948783610756,0.9487179487179487,0.9568436258577103,0.0,1.0079845011075026,0.0,10,1562,0.8888888888888888
emb_scvi,42,gingiva,oral_normal_multisite,oral_scc,donor_weighted,0.9720316128693861,0.9795134443021767,0.9358974358974359,0.9387116948092558,0.0,0.994020193632237,0.003201024327784891,10,1562,
emb_scvi,42,gingiva,oral_normal_multisite,oral_scc,donor_crc,0.9982228992129982,0.998719590268886,0.9871794871794872,0.9942625031733943,0.0,1.3483108493843607,0.0,10,1562,
emb_scvi,43,gingiva,oral_normal_multisite,oral_scc,cell_pooled,0.9747005850288671,0.9776179056754596,0.9436619718309859,0.9482123510292524,0.0,0.993260882817658,0.004796163069544364,10,1251,0.8792221084953941
emb_scvi,43,gingiva,oral_normal_multisite,oral_scc,donor_weighted,0.9720873150475333,0.9760191846522782,0.9295774647887324,0.946803900325027,0.0,0.9906476128363242,0.006394884092725819,10,1251,
emb_scvi,43,gingiva,oral_normal_multisite,oral_scc,donor_crc,0.9950209369683491,0.9952038369304557,0.9859154929577465,0.9870530877573132,0.0,1.1855937776311443,0.0,10,1251,
emb_scvi,44,gingiva,oral_normal_multisite,oral_scc,cell_pooled,0.9687382669008864,0.9767123287671233,0.927710843373494,0.9293908026472085,0.0,0.996939127643353,0.002054794520547945,10,1460,0.8944033790918691
emb_scvi,44,gingiva,oral_normal_multisite,oral_scc,donor_weighted,0.9691086372712567,0.9773972602739726,0.927710843373494,0.9293908026472085,0.0,0.9976798683840936,0.0013698630136986301,10,1460,
emb_scvi,44,gingiva,oral_normal_multisite,oral_scc,donor_crc,0.9987179487179487,0.9993150684931507,0.9871794871794872,0.9987179487179487,0.0,1.6364707482232137,0.0,10,1460,
emb_scvi,45,gingiva,oral_normal_multisite,oral_scc,cell_pooled,0.9640532304518068,0.9728412256267409,0.926829268292683,0.9293026451391274,0.0,0.9852676623129362,0.011142061281337047,10,1436,0.9141414141414141
emb_scvi,45,gingiva,oral_normal_multisite,oral_scc,donor_weighted,0.970525193157297,0.9784122562674095,0.9295774647887324,0.9380796976983854,0.0,0.9928632205240445,0.004178272980501393,10,1436,
emb_scvi,45,gingiva,oral_normal_multisite,oral_scc,donor_crc,0.9979772079772079,0.9979108635097493,0.9871794871794872,0.992051282051282,0.0,1.3069770312834303,0.0,10,1436,
emb_scvi,46,gingiva,oral_normal_multisite,oral_scc,cell_pooled,0.9751952492233192,0.9820742637644047,0.9146341463414634,0.9407591892820336,0.0,1.0296997632684508,0.0,10,1562,0.8726899383983573
emb_scvi,46,gingiva,oral_normal_multisite,oral_scc,donor_weighted,0.9775753615664596,0.9839948783610756,0.926829268292683,0.9419787014771556,0.0,1.0390888354721686,0.0,10,1562,
emb_scvi,46,gingiva,oral_normal_multisite,oral_scc,donor_crc,0.9967586769424678,0.9967989756722151,0.9871794871794872,0.9898070576288398,0.0,1.2512668567219765,0.0,10,1562,
emb_scvi,47,gingiva,oral_normal_multisite,oral_scc,cell_pooled,0.9840041700188191,0.9872367581365666,0.9577464788732394,0.9632445274053962,0.0,1.0290141548038445,0.0,10,1567,0.8965129358830146
emb_scvi,47,gingiva,oral_normal_multisite,oral_scc,donor_weighted,0.9854126207230445,0.9878749202297383,0.963855421686747,0.9710334294926184,0.0,1.033602491672694,0.0,10,1567,
emb_scvi,47,gingiva,oral_normal_multisite,oral_scc,donor_crc,0.999134580124679,0.9987236758136566,0.995049504950495,0.9961716171617162,0.0,1.696378927881853,0.0,10,1567,
emb_scvi,48,gingiva,oral_normal_multisite,oral_scc,cell_pooled,0.9580296807498199,0.9649484536082474,0.9102564102564102,0.9151220265678096,0.0,0.9737409265010107,0.02268041237113402,10,1455,0.8929663608562691
emb_scvi,48,gingiva,oral_normal_multisite,oral_scc,donor_weighted,0.9629908768623748,0.970446735395189,0.9102564102564102,0.9151220265678096,0.0,0.9804984882676091,0.015807560137457044,10,1455,
emb_scvi,48,gingiva,oral_normal_multisite,oral_scc,donor_crc,0.9933172701001866,0.9945017182130584,0.9743589743589743,0.9865925239419215,0.0,1.279667572875459,0.0,10,1455,
emb_scvi,49,gingiva,oral_normal_multisite,oral_scc,cell_pooled,0.9648414813705998,0.9708333333333333,0.9295774647887324,0.9387408790089937,0.0,1.0029193809771808,0.0006944444444444445,10,1440,0.8894536213468869
emb_scvi,49,gingiva,oral_normal_multisite,oral_scc,donor_weighted,0.9695614024270413,0.975,0.9295774647887324,0.9387408790089937,0.0,1.0119695116079284,0.0,10,1440,
emb_scvi,49,gingiva,oral_normal_multisite,oral_scc,donor_crc,0.9981561509651398,0.9986111111111111,0.9871794871794872,0.9936617689426678,0.0,1.662062522398926,0.0,10,1440,
emb_scvi,50,gingiva,oral_normal_multisite,oral_scc,cell_pooled,0.9743207216134964,0.9808707124010554,0.927710843373494,0.9293908026472085,0.0,0.9924650910424807,0.005277044854881266,10,1516,0.905284147557328
emb_scvi,50,gingiva,oral_normal_multisite,oral_scc,donor_weighted,0.9791861258159515,0.9841688654353562,0.9397590361445783,0.9432716782623451,0.0,1.0016533318259118,0.0013192612137203166,10,1516,
emb_scvi,50,gingiva,oral_normal_multisite,oral_scc,donor_crc,0.9953508262298912,0.996042216358839,0.9859154929577465,0.9877481758017987,0.0,1.1593835131871653,0.0,10,1516,
emb_scvi,51,gingiva,oral_normal_multisite,oral_scc,cell_pooled,0.9679904655139794,0.9779462439696761,0.926829268292683,0.9293026451391274,0.0,1.0098966986288975,0.0,10,1451,0.9286412512218963
emb_scvi,51,gingiva,oral_normal_multisite,oral_scc,donor_weighted,0.9679904655139794,0.9779462439696761,0.926829268292683,0.9293026451391274,0.0,1.0098966986288975,0.0,10,1451,
emb_scvi,51,gingiva,oral_normal_multisite,oral_scc,donor_crc,0.9981329290672625,0.9986216402481047,0.9879518072289156,0.9928349158222293,0.0,1.2861526016048694,0.0,10,1451,
emb_scvi,52,gingiva,oral_normal_multisite,oral_scc,cell_pooled,0.9703004164849867,0.9780786589297228,0.927710843373494,0.9293908026472085,0.0,0.99680133674279,0.0025789813023855577,10,1551,0.904862579281184
emb_scvi,52,gingiva,oral_normal_multisite,oral_scc,donor_weighted,0.9715349843862212,0.9787234042553191,0.927710843373494,0.9293908026472085,0.0,1.0010342379137422,0.0019342359767891683,10,1551,
emb_scvi,52,gingiva,oral_normal_multisite,oral_scc,donor_crc,0.9954886881173458,0.9961315280464217,0.9859154929577465,0.9877481758017987,0.0,1.2186874232597131,0.0,10,1551,
emb_scvi,53,gingiva,oral_normal_multisite,oral_scc,cell_pooled,0.9622593783193585,0.9704321455648218,0.9146341463414634,0.9280831329440055,0.0,0.986859938972783,0.009855951478392721,10,1319,0.910752688172043
emb_scvi,53,gingiva,oral_normal_multisite,oral_scc,donor_weighted,0.964665025107028,0.9727065959059894,0.9146341463414634,0.9280831329440055,0.0,0.995984994702465,0.003032600454890068,10,1319,
emb_scvi,53,gingiva,oral_normal_multisite,oral_scc,donor_crc,0.9987951807228915,0.9992418498862775,0.9879518072289156,0.9987951807228915,0.0,1.3092324909771533,0.0,10,1319,
emb_scvi,54,gingiva,oral_normal_multisite,oral_scc,cell_pooled,0.9812725109815796,0.9847931873479319,0.963855421686747,0.9665842176653635,0.0,1.0389436059569719,0.0,10,1644,0.9138655462184874
emb_scvi,54,gingiva,oral_normal_multisite,oral_scc,donor_weighted,0.98067370858637,0.9841849148418491,0.963855421686747,0.9665842176653635,0.0,1.0336664779284677,0.0,10,1644,
emb_scvi,54,gingiva,oral_normal_multisite,oral_scc,donor_crc,1.0,1.0,1.0,1.0,0.0,2.00169014964471,0.0,10,1644,
emb_scvi,55,gingiva,oral_normal_multisite,oral_scc,cell_pooled,0.9737278210380488,0.9793148028442146,0.9295774647887324,0.9387408790089937,0.0,0.9886366925028682,0.007756948933419522,10,1547,0.897891231964484
emb_scvi,55,gingiva,oral_normal_multisite,oral_scc,donor_weighted,0.9743607324304537,0.9799612152553329,0.9295774647887324,0.9387408790089937,0.0,0.9924551553865003,0.005171299288946348,10,1547,
emb_scvi,55,gingiva,oral_normal_multisite,oral_scc,donor_crc,0.9960960219446049,0.9961215255332903,0.9871794871794872,0.9886055891673869,0.0,1.2825201684508853,0.0,10,1547,
emb_scvi,56,gingiva,oral_normal_multisite,oral_scc,cell_pooled,0.9677372435142859,0.9752577319587629,0.9102564102564102,0.9259654000617856,0.0,0.981650794589496,0.013058419243986255,10,1455,0.8943661971830986
emb_scvi,56,gingiva,oral_normal_multisite,oral_scc,donor_weighted,0.9715061653554968,0.977319587628866,0.9358974358974359,0.9393728761198641,0.0,0.985419716430707,0.010996563573883162,10,1455,
emb_scvi,56,gingiva,oral_normal_multisite,oral_scc,donor_crc,0.9981622693304864,0.9986254295532646,0.9879518072289156,0.9930989781912459,0.0,1.3261259196921373,0.0,10,1455,
emb_scvi,57,gingiva,oral_normal_multisite,oral_scc,cell_pooled,0.9573347679328167,0.9643916913946587,0.9102564102564102,0.9151220265678096,0.0,0.9942078939154634,0.004451038575667656,10,1348,0.8820403825717322
emb_scvi,57,gingiva,oral_normal_multisite,oral_scc,donor_weighted,0.9596968883705047,0.9666172106824926,0.9102564102564102,0.9259654000617856,0.0,0.9965700143531514,0.00370919881305638,10,1348,
emb_scvi,57,gingiva,oral_normal_multisite,oral_scc,donor_crc,0.9951510090031522,0.9962908011869436,0.9759036144578314,0.9860518999073217,0.0,1.4301522471853232,0.0,10,1348,
emb_scvi,58,gingiva,oral_normal_multisite,oral_scc,cell_pooled,0.9747294581923434,0.9817320703653586,0.9230769230769231,0.9380908248378128,0.0,1.0024581541022475,0.0006765899864682003,10,1478,0.9176346356916578
emb_scvi,58,gingiva,oral_normal_multisite,oral_scc,donor_weighted,0.9816881406857106,0.9857916102841678,0.9487179487179487,0.9514983008958913,0.0,1.017623477128172,0.0,10,1478,
emb_scvi,58,gingiva,oral_normal_multisite,oral_scc,donor_crc,0.9983475783475784,0.9986468200270636,0.9871794871794872,0.9953846153846154,0.0,1.607299688085435,0.0,10,1478,
emb_scvi,59,gingiva,oral_normal_multisite,oral_scc,cell_pooled,0.9637603977686346,0.9709762532981531,0.9036144578313253,0.9367190616771723,0.0,1.0012048192771084,0.0,10,1516,0.8851931330472103
emb_scvi,59,gingiva,oral_normal_multisite,oral_scc,donor_weighted,0.9661746191089706,0.9729551451187335,0.9036144578313253,0.9367190616771723,0.0,1.0073979709317378,0.0,10,1516,
emb_scvi,59,gingiva,oral_normal_multisite,oral_scc,donor_crc,0.9971885568994047,0.9973614775725593,0.9859154929577465,0.9919248826291079,0.0,1.4861222659730822,0.0,10,1516,
