embedding,rep,method,donor_mean_coverage,cell_pooled_coverage,donor_min_coverage,donor_q10_coverage,frac_donors_poorly_covered,mean_set_size,frac_empty_sets,n_donors,n_cells,reported_random_split_coverage
emb_tf-sapiens,0,cell_pooled,0.916013708968715,0.9158846020159889,0.8677966101694915,0.8774046610169491,0.0,1.0412772924746647,0.0006951685783802572,10,2877,0.8954171562867215
emb_tf-sapiens,0,donor_weighted,0.9163683188977932,0.916232186305179,0.8677966101694915,0.8774046610169491,0.0,1.0416319024037428,0.0006951685783802572,10,2877,
emb_tf-sapiens,0,donor_crc,0.983283146252969,0.9833159541188738,0.9714285714285714,0.9718796992481203,0.0,1.898775200839457,0.0,10,2877,
emb_tf-sapiens,1,cell_pooled,0.8820589619293286,0.8822901849217639,0.8033333333333333,0.8572864583333334,0.0,1.0318962080854797,0.0017780938833570413,10,2812,0.9130434782608695
emb_tf-sapiens,1,donor_weighted,0.8817256285959953,0.8819345661450925,0.8,0.856953125,0.0,1.0308670521082621,0.0017780938833570413,10,2812,
emb_tf-sapiens,1,donor_crc,0.9700588203278382,0.9704836415362731,0.9366666666666666,0.9402768361581921,0.0,1.6552403658178974,0.0,10,2812,
emb_tf-sapiens,2,cell_pooled,0.8601494673899627,0.8608633606849804,0.8163265306122449,0.8213586804584847,0.0,0.9810620442651811,0.019265073135925792,10,2803,0.8980667838312829
emb_tf-sapiens,2,donor_weighted,0.8598093313355409,0.8605066000713522,0.8129251700680272,0.821018544404063,0.0,0.9807219082107593,0.01962183374955405,10,2803,
emb_tf-sapiens,2,donor_crc,0.9704333642955593,0.9711023902961113,0.9428571428571428,0.9447094430992736,0.0,1.6530734676080474,0.0,10,2803,
emb_tf-sapiens,3,cell_pooled,0.8914273377591411,0.8931826467371491,0.8220338983050848,0.8450940148305085,0.0,1.0387176731165395,0.001093693036820999,10,2743,0.9142689371697005
emb_tf-sapiens,3,donor_weighted,0.8914273377591411,0.8931826467371491,0.8220338983050848,0.8450940148305085,0.0,1.0383704508943172,0.001093693036820999,10,2743,
emb_tf-sapiens,3,donor_crc,0.9559916353013346,0.957345971563981,0.9067796610169492,0.9097427143031338,0.0,1.755513355139692,0.0,10,2743,
emb_tf-sapiens,4,cell_pooled,0.8898352044810242,0.8912886969042476,0.7985865724381626,0.8273162843624603,0.1,1.0240835223032367,0.0021598272138228943,10,2778,0.9112567004169149
emb_tf-sapiens,4,donor_weighted,0.8898352044810242,0.8912886969042476,0.7985865724381626,0.8273162843624603,0.1,1.0247902360841554,0.0021598272138228943,10,2778,
emb_tf-sapiens,4,donor_crc,0.9663382108048101,0.9672426205903528,0.921146953405018,0.9234706275438916,0.0,1.6876978564779652,0.0,10,2778,
emb_tf-sapiens,5,cell_pooled,0.8786637779305193,0.8793352601156069,0.7733333333333333,0.8226458333333333,0.1,0.9991860684944583,0.00541907514450867,10,2768,0.8998252766453116
emb_tf-sapiens,5,donor_weighted,0.8776249574751255,0.8782514450867052,0.77,0.8223125,0.1,0.9963853966019611,0.006502890173410405,10,2768,
emb_tf-sapiens,5,donor_crc,0.9600569483291675,0.9598988439306358,0.8966666666666666,0.9439039548022599,0.0,1.3705572794297975,0.0,10,2768,
emb_tf-sapiens,6,cell_pooled,0.8981484263666385,0.8985915492957747,0.833922261484099,0.8474210031268272,0.0,1.0521887148883955,0.0,10,2840,0.8982142857142857
emb_tf-sapiens,6,donor_weighted,0.8985017832570978,0.898943661971831,0.8374558303886925,0.8477743600172866,0.0,1.0528905038346041,0.0,10,2840,
emb_tf-sapiens,6,donor_crc,0.9729689340917125,0.9732394366197183,0.9316546762589928,0.9486424994280194,0.0,1.6707109671571243,0.0,10,2840,
emb_tf-sapiens,7,cell_pooled,0.894121930205021,0.8947178002894356,0.8687943262411347,0.873964303472822,0.0,1.0220529365771838,0.00361794500723589,10,2764,0.9018118059614261
emb_tf-sapiens,7,donor_weighted,0.894121930205021,0.8947178002894356,0.8687943262411347,0.873964303472822,0.0,1.0220529365771838,0.00361794500723589,10,2764,
emb_tf-sapiens,7,donor_crc,0.9800261431390214,0.9801013024602026,0.9605734767025089,0.9644167226702509,0.0,2.114181872717539,0.0,10,2764,
emb_tf-sapiens,8,cell_pooled,0.8689262811541006,0.8694404591104734,0.7632508833922261,0.8181219633392226,0.1,1.018268432884594,0.002152080344332855,10,2788,0.9215801886792453
emb_tf-sapiens,8,donor_weighted,0.8710726468303165,0.8715925394548063,0.7703180212014135,0.8188286771201414,0.1,1.0218147553251962,0.002152080344332855,10,2788,
emb_tf-sapiens,8,donor_crc,0.9638166884674753,0.9641319942611191,0.9283154121863799,0.9324075129500867,0.0,1.6001158099734851,0.0,10,2788,
emb_tf-sapiens,9,cell_pooled,0.8965823276175658,0.8981648074847067,0.8021201413427562,0.8360713891342756,0.0,1.0215125531606826,0.0021590500179920835,10,2779,0.8979472140762463
emb_tf-sapiens,9,donor_weighted,0.8962433445667184,0.8978049658150414,0.8021201413427562,0.8360713891342756,0.0,1.020434513054086,0.0021590500179920835,10,2779,
emb_tf-sapiens,9,donor_crc,0.973714056053771,0.974091399784095,0.9576271186440678,0.9592313465507536,0.0,1.599746954259358,0.0,10,2779,
emb_tf-sapiens,10,cell_pooled,0.8684764983544195,0.8685133239831697,0.784452296819788,0.8380196977670852,0.1,0.9873713294795039,0.01332398316970547,10,2852,0.9022687609075044
emb_tf-sapiens,10,donor_weighted,0.8674233294318517,0.8674614305750351,0.784452296819788,0.8348282084053831,0.1,0.9859780245025143,0.014375876577840112,10,2852,
emb_tf-sapiens,10,donor_crc,0.9703587628900013,0.97054698457223,0.9354838709677419,0.9493378607809847,0.0,1.7771513320243664,0.0,10,2852,
emb_tf-sapiens,11,cell_pooled,0.8976407236806944,0.8976711362032463,0.8666666666666667,0.8726666666666666,0.0,1.0186034284552523,0.001058574453069866,10,2834,0.9065966141272621
emb_tf-sapiens,11,donor_weighted,0.8976407236806944,0.8976711362032463,0.8666666666666667,0.8726666666666666,0.0,1.0186034284552523,0.001058574453069866,10,2834,
emb_tf-sapiens,11,donor_crc,0.9707435400710137,0.970712773465067,0.9388489208633094,0.9553134635149024,0.0,1.4214278478677307,0.0,10,2834,
emb_tf-sapiens,12,cell_pooled,0.9166373803049547,0.9159663865546218,0.82,0.8599661016949153,0.0,1.0677129980122677,0.0,10,2856,0.9079975947083584
emb_tf-sapiens,12,donor_weighted,0.9169932521910757,0.9163165266106442,0.82,0.8599661016949153,0.0,1.0684022032317217,0.0,10,2856,
emb_tf-sapiens,12,donor_crc,0.9704720922820792,0.9702380952380952,0.9355932203389831,0.9395593220338982,0.0,1.9454179213240952,0.0,10,2856,
emb_tf-sapiens,13,cell_pooled,0.8707342652031983,0.8706957132817991,0.7695035460992907,0.8200108528305696,0.1,1.0228706062103714,0.003162333099086437,10,2846,0.8974668275030157
emb_tf-sapiens,13,donor_weighted,0.8710888751322763,0.8710470836261419,0.7730496453900709,0.8203654627596477,0.1,1.0242640474749347,0.003162333099086437,10,2846,
emb_tf-sapiens,13,donor_crc,0.9712987355335734,0.9715390021082221,0.9532374100719424,0.9536867303310377,0.0,2.1954703122246197,0.0,10,2846,
emb_tf-sapiens,14,cell_pooled,0.9097726200800865,0.9102698913424465,0.8642857142857143,0.8743289273004575,0.0,1.026105804871332,0.0007010164738871364,10,2853,0.8991793669402111
emb_tf-sapiens,14,donor_weighted,0.9090670451671945,0.9095688748685594,0.8607142857142858,0.8731794425087108,0.0,1.0250456200293623,0.0010515247108307045,10,2853,
emb_tf-sapiens,14,donor_crc,0.9726190082526776,0.9726603575184016,0.9464285714285714,0.9567481203007518,0.0,1.468741841640886,0.0,10,2853,
emb_tf-sapiens,15,cell_pooled,0.8752325472600428,0.8757786735067791,0.83984375,0.8466962394067796,0.0,1.0040696330769134,0.00659582264565775,10,2729,0.9203488372093023
emb_tf-sapiens,15,donor_weighted,0.8752325472600428,0.8757786735067791,0.83984375,0.8466962394067796,0.0,1.0040696330769134,0.00659582264565775,10,2729,
emb_tf-sapiens,15,donor_crc,0.9655550196000536,0.9659215829974349,0.946236559139785,0.9479569892473119,0.0,1.486442717295637,0.0,10,2729,
emb_tf-sapiens,16,cell_pooled,0.9271090594043396,0.9273429273429273,0.8949152542372881,0.9122527194535796,0.0,1.0648913278696324,0.0,10,2849,0.900177200236267
emb_tf-sapiens,16,donor_weighted,0.9271090594043396,0.9273429273429273,0.8949152542372881,0.9122527194535796,0.0,1.0648913278696324,0.0,10,2849,
emb_tf-sapiens,16,donor_crc,0.9792279582912936,0.9792909792909793,0.96415770609319,0.9661127403062887,0.0,1.7116481904282081,0.0,10,2849,
emb_tf-sapiens,17,cell_pooled,0.904586194910013,0.9048618398041273,0.8466666666666667,0.8588602150537634,0.0,1.0648570718379688,0.0003497726477789437,10,2859,0.9091988130563798
emb_tf-sapiens,17,donor_weighted,0.904586194910013,0.9048618398041273,0.8466666666666667,0.8588602150537634,0.0,1.0648570718379688,0.0003497726477789437,10,2859,
emb_tf-sapiens,17,donor_crc,0.9676171229787321,0.9674711437565582,0.9247311827956989,0.9384731182795698,0.0,1.7151737494981998,0.0,10,2859,
emb_tf-sapiens,18,cell_pooled,0.8982953296508394,0.8997852541159628,0.8135593220338984,0.8257627118644068,0.0,1.0348374635362492,0.00035790980672870435,10,2794,0.898936170212766
emb_tf-sapiens,18,donor_weighted,0.8986377954042639,0.9001431639226914,0.8135593220338984,0.8257627118644068,0.0,1.0369504262457983,0.00035790980672870435,10,2794,
emb_tf-sapiens,18,donor_crc,0.9743272325472688,0.9753042233357194,0.9279661016949152,0.9502511556240371,0.0,1.7218768522580699,0.0,10,2794,
emb_tf-sapiens,19,cell_pooled,0.8802265246215389,0.8803810868031051,0.8406779661016949,0.8448225135913016,0.0,1.0101296550398033,0.0035285815102328866,10,2834,0.8989424206815512
emb_tf-sapiens,19,donor_weighted,0.8802265246215389,0.8803810868031051,0.8406779661016949,0.8448225135913016,0.0,1.0101296550398033,0.0035285815102328866,10,2834,
emb_tf-sapiens,19,donor_crc,0.9742690281466404,0.9742413549753,0.9438596491228071,0.9545335663882956,0.0,1.7906765796714734,0.0,10,2834,
emb_tf-sapiens,20,cell_pooled,0.9016446800310434,0.9020709020709021,0.7915194346289752,0.8570090863200405,0.1,1.0512833271390079,0.0,10,2849,0.9041420118343195
emb_tf-sapiens,20,donor_weighted,0.9016446800310434,0.9020709020709021,0.7915194346289752,0.8570090863200405,0.1,1.0512833271390079,0.0,10,2849,
emb_tf-sapiens,20,donor_crc,0.97462108741547,0.9747279747279747,0.95,0.9600176678445229,0.0,1.822938093951958,0.0,10,2849,
emb_tf-sapiens,21,cell_pooled,0.918416930612455,0.919024045261669,0.86328125,0.882599311440678,0.0,1.0374763333947834,0.0,10,2828,0.9036287923854849
emb_tf-sapiens,21,donor_weighted,0.9187740734695978,0.9193776520509194,0.86328125,0.882599311440678,0.0,1.0378334762519263,0.0,10,2828,
emb_tf-sapiens,21,donor_crc,0.9765205894814782,0.9766619519094767,0.9498207885304659,0.9596249359959038,0.0,1.5093200969576208,0.0,10,2828,
emb_tf-sapiens,22,cell_pooled,0.8849849496432659,0.8846153846153846,0.7667844522968198,0.835678445229682,0.1,1.0440309048644068,0.0017642907551164433,10,2834,0.8748517200474496
emb_tf-sapiens,22,donor_weighted,0.8849849496432659,0.8846153846153846,0.7667844522968198,0.835678445229682,0.1,1.044401275234777,0.0017642907551164433,10,2834,
emb_tf-sapiens,22,donor_crc,0.9642905511128828,0.9640084685956246,0.92,0.9411166077738516,0.0,2.00129881536566,0.0,10,2834,
emb_tf-sapiens,23,cell_pooled,0.8965873998531595,0.8967468175388967,0.8433333333333334,0.8592485875706215,0.0,1.0285333470802576,0.0031824611032531826,10,2828,0.9108851674641149
emb_tf-sapiens,23,donor_weighted,0.8972770878288067,0.8974540311173974,0.8433333333333334,0.8592485875706215,0.0,1.0300013737985416,0.002828854314002829,10,2828,
emb_tf-sapiens,23,donor_crc,0.9769731646835187,0.9773691654879774,0.9533898305084746,0.9648305084745763,0.0,1.8788071562063515,0.0,10,2828,
emb_tf-sapiens,24,cell_pooled,0.9154397625748173,0.9166962070187876,0.83203125,0.8711276533018868,0.0,1.1249216280586565,0.0,10,2821,0.9140486069946651
emb_tf-sapiens,24,donor_weighted,0.915782228328242,0.9170506912442397,0.83203125,0.8711276533018868,0.0,1.125264093812081,0.0,10,2821,
emb_tf-sapiens,24,donor_crc,0.9931925407585076,0.9932647997164126,0.9712230215827338,0.987907285093427,0.0,3.4788531124388173,0.0,10,2821,
emb_tf-sapiens,25,cell_pooled,0.9277149533764752,0.9278350515463918,0.89419795221843,0.9055488274799075,0.0,1.1041799669900128,0.0,10,2813,0.8933017190278602
emb_tf-sapiens,25,donor_weighted,0.9277149533764752,0.9278350515463918,0.89419795221843,0.9055488274799075,0.0,1.1041799669900128,0.0,10,2813,
emb_tf-sapiens,25,donor_crc,0.9749424815103402,0.9747600426590828,0.9522184300341296,0.959737972035671,0.0,1.8453056307015516,0.0,10,2813,
emb_tf-sapiens,26,cell_pooled,0.894918546325029,0.8955223880597015,0.8601694915254238,0.8609322033898305,0.0,1.0150427496651324,0.0017768301350390902,10,2814,0.9053814311058546
emb_tf-sapiens,26,donor_weighted,0.8959718242010656,0.896588486140725,0.8601694915254238,0.8639830508474576,0.0,1.0186933159966578,0.0010660980810234541,10,2814,
emb_tf-sapiens,26,donor_crc,0.9686779014499016,0.9690831556503199,0.9192982456140351,0.9499806720190307,0.0,1.648885142661792,0.0,10,2814,
emb_tf-sapiens,27,cell_pooled,0.902546149860493,0.9024304332511448,0.83,0.8535035971223022,0.0,1.0630078086020418,0.0,10,2839,0.9046208530805687
emb_tf-sapiens,27,donor_weighted,0.902546149860493,0.9024304332511448,0.83,0.8535035971223022,0.0,1.0630078086020418,0.0,10,2839,
emb_tf-sapiens,27,donor_crc,0.9619251977832969,0.9619584360690384,0.9316546762589928,0.9316546762589928,0.0,1.8795734586327764,0.0,10,2839,
emb_tf-sapiens,28,cell_pooled,0.9239046667778948,0.924408336276934,0.8829787234042553,0.8982978723404256,0.0,1.0582895994020098,0.0,10,2831,0.8874484384207425
emb_tf-sapiens,28,donor_weighted,0.9239046667778948,0.924408336276934,0.8829787234042553,0.8982978723404256,0.0,1.0582895994020098,0.0,10,2831,
emb_tf-sapiens,28,donor_crc,0.9838775398221807,0.9837513246202755,0.9678571428571429,0.9719581280788177,0.0,1.7853785111414233,0.0,10,2831,
emb_tf-sapiens,29,cell_pooled,0.8960662170939726,0.8959802538787024,0.8303886925795053,0.8579541234952387,0.0,1.0791360917515713,0.0,10,2836,0.9009489916963227
emb_tf-sapiens,29,donor_weighted,0.8960662170939726,0.8959802538787024,0.8303886925795053,0.8579541234952387,0.0,1.0791360917515713,0.0,10,2836,
emb_tf-sapiens,29,donor_crc,0.9819654754538242,0.9820169252468265,0.9559322033898305,0.972931349835386,0.0,2.795543932220824,0.0,10,2836,
emb_tf-sapiens,30,cell_pooled,0.8969381536582068,0.8970484891075193,0.8057553956834532,0.8646433361785149,0.0,1.0140303503898056,0.0017568517217146872,10,2846,0.8920353982300885
emb_tf-sapiens,30,donor_weighted,0.8969381536582068,0.8970484891075193,0.8057553956834532,0.8646433361785149,0.0,1.0140303503898056,0.0017568517217146872,10,2846,
emb_tf-sapiens,30,donor_crc,0.9737109542469152,0.9739985945186226,0.9244604316546763,0.9537363657461129,0.0,1.7791309674676943,0.0,10,2846,
emb_tf-sapiens,31,cell_pooled,0.8912370810040103,0.8912967493883258,0.8256227758007118,0.8357537669417733,0.0,1.0095386063434577,0.004543865781195386,10,2861,0.8969879518072289
emb_tf-sapiens,31,donor_weighted,0.8940320264672108,0.894092974484446,0.8362989323843416,0.8432043613235406,0.0,1.0140683136116362,0.003844809507165327,10,2861,
emb_tf-sapiens,31,donor_crc,0.9753323161496358,0.9755330304089479,0.9532374100719424,0.965020710704164,0.0,1.643524889016123,0.0,10,2861,
emb_tf-sapiens,32,cell_pooled,0.886815092662659,0.8880086424198775,0.8389830508474576,0.843171032357473,0.0,1.046719997041821,0.0,10,2777,0.8939213349225268
emb_tf-sapiens,32,donor_weighted,0.886815092662659,0.8880086424198775,0.8389830508474576,0.843171032357473,0.0,1.046719997041821,0.0,10,2777,
emb_tf-sapiens,32,donor_crc,0.9539727451457856,0.954267194814548,0.9354838709677419,0.9363449972662656,0.0,1.6427042804725995,0.0,10,2777,
emb_tf-sapiens,33,cell_pooled,0.9087512675119097,0.9089600575746671,0.8669064748201439,0.8777062724820144,0.0,1.0538909961515874,0.0003598416696653472,10,2779,0.9033989266547406
emb_tf-sapiens,33,donor_weighted,0.9094579812928284,0.9096797409139978,0.8669064748201439,0.8777062724820144,0.0,1.0581657601669767,0.0,10,2779,
emb_tf-sapiens,33,donor_crc,0.9819553960329139,0.9820079165167327,0.9532374100719424,0.9664981182313935,0.0,1.9642651338362485,0.0,10,2779,
emb_tf-sapiens,34,cell_pooled,0.8709087427639025,0.8709792709077913,0.8271186440677966,0.837123629112662,0.0,0.9605930230376865,0.03967119370979271,10,2798,0.8905882352941177
emb_tf-sapiens,34,donor_weighted,0.872366338592002,0.8724088634739099,0.8271186440677966,0.837123629112662,0.0,0.9638353524228821,0.036454610436025735,10,2798,
emb_tf-sapiens,34,donor_crc,0.963450632983181,0.9635453895639743,0.9485294117647058,0.9490902293120639,0.0,1.4158164076542235,0.0,10,2798,
emb_tf-sapiens,35,cell_pooled,0.8942370016622615,0.8946624248851184,0.784452296819788,0.8628202296819788,0.1,1.0170960957122863,0.0042417815482502655,10,2829,0.8933889219773675
emb_tf-sapiens,35,donor_weighted,0.8942370016622615,0.8946624248851184,0.784452296819788,0.8628202296819788,0.1,1.0181500317154275,0.0042417815482502655,10,2829,
emb_tf-sapiens,35,donor_crc,0.975096115978895,0.9752562743018734,0.9424460431654677,0.9609112709832134,0.0,1.6324706710267534,0.0,10,2829,
emb_tf-sapiens,36,cell_pooled,0.917590021382108,0.9177413733008016,0.8853046594982079,0.8859569365380561,0.0,1.048967851460845,0.0003485535029627048,10,2869,0.9128113879003559
emb_tf-sapiens,36,donor_weighted,0.9168919219669036,0.9170442662948762,0.8853046594982079,0.8859569365380561,0.0,1.044487231854307,0.0006971070059254096,10,2869,
emb_tf-sapiens,36,donor_crc,0.9806356712759561,0.9808295573370512,0.9390681003584229,0.9511949456290626,0.0,1.9719487192172784,0.0,10,2869,
emb_tf-sapiens,37,cell_pooled,0.8973659093579499,0.8985299390462531,0.8268551236749117,0.8530244954183387,0.0,1.084425129161977,0.0,10,2789,0.8982951205173427
emb_tf-sapiens,37,donor_weighted,0.8970269263071025,0.8981713875941197,0.8268551236749117,0.8530244954183387,0.0,1.0840861461111297,0.0,10,2789,
emb_tf-sapiens,37,donor_crc,0.9630107734056754,0.9641448547866619,0.9110169491525424,0.9201339529797704,0.0,1.7604250690638596,0.0,10,2789,
emb_tf-sapiens,38,cell_pooled,0.9034989079737599,0.9044222539229672,0.8327526132404182,0.8404708332797615,0.0,1.08528806262365,0.0,10,2804,0.8946135831381733
emb_tf-sapiens,38,donor_weighted,0.902446032217697,0.9033523537803139,0.8292682926829268,0.8401224012240123,0.0,1.0831493280901916,0.0,10,2804,
emb_tf-sapiens,38,donor_crc,0.9754745410685043,0.9757489300998573,0.9520295202952029,0.953417237743806,0.0,2.003048966273206,0.0,10,2804,
emb_tf-sapiens,39,cell_pooled,0.9237067735292985,0.9252136752136753,0.8686440677966102,0.8840072639225182,0.0,1.0577432510633422,0.0,10,2808,0.8946439081812831
emb_tf-sapiens,39,donor_weighted,0.9237067735292985,0.9252136752136753,0.8686440677966102,0.8840072639225182,0.0,1.0573923738703594,0.0,10,2808,
emb_tf-sapiens,39,donor_crc,0.9815066147854603,0.9821937321937322,0.9491525423728814,0.9563438256658596,0.0,1.9421888626634705,0.0,10,2808,
emb_tf-sapiens,40,cell_pooled,0.8989267153249445,0.8987386124737211,0.78,0.8489433962264151,0.1,1.0040231769528267,0.002803083391730904,10,2854,0.9079497907949791
emb_tf-sapiens,40,donor_weighted,0.8989267153249445,0.8987386124737211,0.78,0.8489433962264151,0.1,1.0040231769528267,0.002803083391730904,10,2854,
emb_tf-sapiens,40,donor_crc,0.9764342437567948,0.9761737911702874,0.9366666666666666,0.9420537634408602,0.0,1.7938196606868975,0.0,10,2854,
emb_tf-sapiens,41,cell_pooled,0.8971629362100646,0.8971266406527137,0.8432055749128919,0.8463205574912892,0.0,1.0613559600519193,0.000354735721887194,10,2819,0.892325996430696
emb_tf-sapiens,41,donor_weighted,0.8985662679832543,0.8985455835402625,0.85,0.8501567944250871,0.0,1.0655935248130528,0.000354735721887194,10,2819,
emb_tf-sapiens,41,donor_crc,0.9886433436429531,0.9886484568996098,0.9777777777777777,0.9789624467673248,0.0,2.615060930813209,0.0,10,2819,
emb_tf-sapiens,42,cell_pooled,0.9138722176635774,0.9144689950106913,0.8771186440677966,0.8805690072639225,0.0,1.0747391416679775,0.0,10,2806,0.9004683840749415
emb_tf-sapiens,42,donor_weighted,0.9138722176635774,0.9144689950106913,0.8771186440677966,0.8805690072639225,0.0,1.0747391416679775,0.0,10,2806,
emb_tf-sapiens,42,donor_crc,0.973575124830378,0.9743406985032074,0.9354838709677419,0.9401585565882996,0.0,1.6655601663637192,0.0,10,2806,
emb_tf-sapiens,43,cell_pooled,0.8879415524674327,0.8889289578074288,0.8347457627118644,0.8370338983050848,0.0,0.9859047333999749,0.014785430941218897,10,2773,0.9085081585081585
emb_tf-sapiens,43,donor_weighted,0.887217825206603,0.8882077172737107,0.8347457627118644,0.8370338983050848,0.0,0.9851810061391453,0.015146051208077894,10,2773,
emb_tf-sapiens,43,donor_crc,0.9774204322560227,0.9780021637216012,0.940677966101695,0.9696610169491525,0.0,1.6239047516152891,0.0,10,2773,
emb_tf-sapiens,44,cell_pooled,0.8698625223038701,0.8705799151343706,0.8256227758007118,0.8278747775800712,0.0,0.9900363355067417,0.013437057991513438,10,2828,0.8861885002963841
emb_tf-sapiens,44,donor_weighted,0.8719923077906235,0.8727015558698727,0.8256227758007118,0.8313904025800711,0.0,0.9942896470232535,0.010254596888260255,10,2828,
emb_tf-sapiens,44,donor_crc,0.975686914062728,0.9759547383309759,0.9028776978417267,0.9542877697841726,0.0,2.1261565638695146,0.0,10,2828,
emb_tf-sapiens,45,cell_pooled,0.884563187619688,0.8848204763597582,0.86328125,0.8642942266949153,0.0,1.0223538291318186,0.0035549235691432635,10,2813,0.8991097922848664
emb_tf-sapiens,45,donor_weighted,0.884563187619688,0.8848204763597582,0.86328125,0.8642942266949153,0.0,1.0230486840687871,0.003199431212228937,10,2813,
emb_tf-sapiens,45,donor_crc,0.9583446870718341,0.9580519018841095,0.9152542372881356,0.9462016827216193,0.0,1.4528763048734648,0.0,10,2813,
emb_tf-sapiens,46,cell_pooled,0.9365709354262981,0.9375891583452212,0.8359375,0.9124597293814433,0.0,1.0963422200453592,0.0,10,2804,0.9119951778179626
emb_tf-sapiens,46,donor_weighted,0.9365709354262981,0.9375891583452212,0.8359375,0.9124597293814433,0.0,1.0963422200453592,0.0,10,2804,
emb_tf-sapiens,46,donor_crc,0.9845247484965022,0.9846647646219686,0.97265625,0.9746037544964029,0.0,1.78590265910114,0.0,10,2804,
emb_tf-sapiens,47,cell_pooled,0.9248890856004177,0.9249649368863955,0.9035714285714286,0.9038802745297407,0.0,1.067934721167653,0.0,10,2852,0.9053814311058546
emb_tf-sapiens,47,donor_weighted,0.9248890856004177,0.9249649368863955,0.9035714285714286,0.9038802745297407,0.0,1.065147845966614,0.0,10,2852,
emb_tf-sapiens,47,donor_crc,0.9855754791345019,0.9856241234221599,0.9676258992805755,0.9711398141273458,0.0,2.4067554942062954,0.0,10,2852,
emb_tf-sapiens,48,cell_pooled,0.9086099653142723,0.9096126255380201,0.847457627118644,0.864961590049994,0.0,1.0288147510109387,0.0010760401721664275,10,2788,0.9007633587786259
emb_tf-sapiens,48,donor_weighted,0.9086099653142723,0.9096126255380201,0.847457627118644,0.864961590049994,0.0,1.0288147510109387,0.0010760401721664275,10,2788,
emb_tf-sapiens,48,donor_crc,0.9673814365949293,0.9677187948350072,0.9316546762589928,0.9504536032191196,0.0,1.4170022297970657,0.0,10,2788,
emb_tf-sapiens,49,cell_pooled,0.9441342739263741,0.9443854055968828,0.9185185185185185,0.920884109916368,0.0,1.0550744345785925,0.0,10,2823,0.9004124926340601
emb_tf-sapiens,49,donor_weighted,0.9441342739263741,0.9443854055968828,0.9185185185185185,0.920884109916368,0.0,1.0557729935720823,0.0,10,2823,
emb_tf-sapiens,49,donor_crc,0.9854770765438887,0.9854764434998229,0.9649122807017544,0.9706847764572721,0.0,1.4940009976516848,0.0,10,2823,
emb_tf-sapiens,50,cell_pooled,0.9143374159332891,0.9140461215932913,0.8466666666666667,0.8854019607843137,0.0,1.0850102803699646,0.0,10,2862,0.9207207207207208
emb_tf-sapiens,50,donor_weighted,0.9153790825999559,0.9150943396226415,0.8466666666666667,0.8854019607843137,0.0,1.0881245099618695,0.0,10,2862,
emb_tf-sapiens,50,donor_crc,0.9686211996519832,0.9685534591194969,0.9228070175438596,0.9382807017543859,0.0,2.225796861734816,0.0,10,2862,
emb_tf-sapiens,51,cell_pooled,0.8772074503733268,0.8774846404047705,0.7526501766784452,0.8342650176678446,0.1,0.9974544048411872,0.0046982291290206,10,2767,0.8918283362727807
emb_tf-sapiens,51,donor_weighted,0.8772074503733268,0.8774846404047705,0.7526501766784452,0.8342650176678446,0.1,0.9974544048411872,0.0046982291290206,10,2767,
emb_tf-sapiens,51,donor_crc,0.9534137788994774,0.9533791109504879,0.89568345323741,0.9265683453237411,0.0,1.3399553724679292,0.0,10,2767,
emb_tf-sapiens,52,cell_pooled,0.8715022350564003,0.8707703383729302,0.8101694915254237,0.8220169491525424,0.0,1.0084945054611822,0.0032397408207343412,10,2778,0.9116959064327486
emb_tf-sapiens,52,donor_weighted,0.8718458776680842,0.871130309575234,0.8101694915254237,0.8220169491525424,0.0,1.008838148072866,0.0028797696184305254,10,2778,
emb_tf-sapiens,52,donor_crc,0.9611041791072399,0.9604031677465803,0.8949152542372881,0.9215059139129375,0.0,2.005961482504885,0.0,10,2778,
emb_tf-sapiens,53,cell_pooled,0.885363415795233,0.8857948537187169,0.8541666666666666,0.8553385416666667,0.0,0.9955467307917705,0.009517095523440254,10,2837,0.90253987005316
emb_tf-sapiens,53,donor_weighted,0.885363415795233,0.8857948537187169,0.8541666666666666,0.8553385416666667,0.0,0.9955467307917705,0.009517095523440254,10,2837,
emb_tf-sapiens,53,donor_crc,0.9708002292981707,0.9710962284102925,0.9283154121863799,0.947831541218638,0.0,1.4633332348531543,0.0,10,2837,
emb_tf-sapiens,54,cell_pooled,0.8931572821364513,0.8936553713049747,0.8529411764705882,0.8631512605042018,0.0,1.0558607430896987,0.0,10,2774,0.9072769953051644
emb_tf-sapiens,54,donor_weighted,0.8931572821364513,0.8936553713049747,0.8529411764705882,0.8631512605042018,0.0,1.0558607430896987,0.0,10,2774,
emb_tf-sapiens,54,donor_crc,0.9706852167122971,0.9708002883922134,0.9448275862068966,0.9547768762677485,0.0,1.9652619687826856,0.0,10,2774,
emb_tf-sapiens,55,cell_pooled,0.8917737547047574,0.8942826321467098,0.7966101694915254,0.8179422669491525,0.1,1.047122155723026,0.0,10,2781,0.9049025398700532
emb_tf-sapiens,55,donor_weighted,0.8914336186503355,0.893923049262855,0.7966101694915254,0.8179422669491525,0.1,1.0460897709381263,0.0,10,2781,
emb_tf-sapiens,55,donor_crc,0.9588480901895029,0.9597267170082704,0.9152542372881356,0.9183050847457627,0.0,1.6038682528559545,0.0,10,2781,
emb_tf-sapiens,56,cell_pooled,0.8984716400626507,0.8982161594963274,0.839041095890411,0.8557685163687021,0.0,1.0506413729583137,0.0006995452955578874,10,2859,0.9016587677725119
emb_tf-sapiens,56,donor_weighted,0.8984716400626507,0.8982161594963274,0.839041095890411,0.8557685163687021,0.0,1.0506413729583137,0.0006995452955578874,10,2859,
emb_tf-sapiens,56,donor_crc,0.9752992850330624,0.9755159146554739,0.95,0.9593884892086331,0.0,1.6566043567172462,0.0,10,2859,
emb_tf-sapiens,57,cell_pooled,0.8961773417923163,0.8960992907801418,0.7950530035335689,0.8390797684384633,0.1,1.0267234760294621,0.0028368794326241137,10,2820,0.899878640776699
emb_tf-sapiens,57,donor_weighted,0.8961773417923163,0.8960992907801418,0.7950530035335689,0.8390797684384633,0.1,1.030640381633684,0.0017730496453900709,10,2820,
emb_tf-sapiens,57,donor_crc,0.9772453020777012,0.9773049645390071,0.9575971731448764,0.9655358367174727,0.0,1.8393360227214424,0.0,10,2820,
emb_tf-sapiens,58,cell_pooled,0.8965769426705622,0.8970227670753065,0.8374558303886925,0.8617116847337846,0.0,1.022849691367333,0.0017513134851138354,10,2855,0.8856132075471698
emb_tf-sapiens,58,donor_weighted,0.8965769426705622,0.8970227670753065,0.8374558303886925,0.8617116847337846,0.0,1.0224899791371171,0.0017513134851138354,10,2855,
emb_tf-sapiens,58,donor_crc,0.9685619078244875,0.9688266199649738,0.920863309352518,0.9528136036625245,0.0,1.5913227297310977,0.0,10,2855,
emb_tf-sapiens,59,cell_pooled,0.9115825431401502,0.9117647058823529,0.8406779661016949,0.8815766934073226,0.0,1.0331127485810039,0.0,10,2856,0.8964285714285715
emb_tf-sapiens,59,donor_weighted,0.9115825431401502,0.9117647058823529,0.8406779661016949,0.8815766934073226,0.0,1.0331127485810039,0.0,10,2856,
emb_tf-sapiens,59,donor_crc,0.9788182866260178,0.9789915966386554,0.9528619528619529,0.9554337967622101,0.0,1.7106144433070867,0.0,10,2856,
emb_tf-sapiens,60,cell_pooled,0.9059004303471129,0.9064056939501779,0.7703180212014135,0.8575005521201413,0.1,1.0727894962749647,0.0,10,2810,0.8780929390464696
emb_tf-sapiens,60,donor_weighted,0.906991794617646,0.9074733096085409,0.773851590106007,0.8578539090106007,0.1,1.0763572551209282,0.0,10,2810,
emb_tf-sapiens,60,donor_crc,0.986978405642917,0.9871886120996441,0.9681978798586572,0.9686947879858657,0.0,3.0715116954525863,0.0,10,2810,
emb_tf-sapiens,61,cell_pooled,0.8778742175287746,0.8791519434628975,0.7491166077738516,0.7991304107773851,0.1,1.0080587213283319,0.0035335689045936395,10,2830,0.8904933814681107
emb_tf-sapiens,61,donor_weighted,0.8796294462524967,0.8809187279151943,0.7526501766784452,0.7994837676678446,0.1,1.0115518131347991,0.0017667844522968198,10,2830,
emb_tf-sapiens,61,donor_crc,0.9802604116966854,0.980565371024735,0.9578947368421052,0.9630622009569378,0.0,1.7180474565744208,0.0,10,2830,
emb_tf-sapiens,62,cell_pooled,0.8977015714107747,0.8979879985880692,0.83,0.83534375,0.0,1.068306106488915,0.0,10,2833,0.899641577060932
emb_tf-sapiens,62,donor_weighted,0.8977015714107747,0.8979879985880692,0.83,0.83534375,0.0,1.068306106488915,0.0,10,2833,
emb_tf-sapiens,62,donor_crc,0.9803477427474201,0.9805859512883869,0.95703125,0.9604718082740213,0.0,2.0869200499306646,0.0,10,2833,
emb_tf-sapiens,63,cell_pooled,0.8848456725512813,0.8858695652173914,0.84765625,0.8589181673728814,0.0,0.9939851586254278,0.009057971014492754,10,2760,0.8972286374133949
emb_tf-sapiens,63,donor_weighted,0.8848456725512813,0.8858695652173914,0.84765625,0.8589181673728814,0.0,0.9939851586254278,0.009057971014492754,10,2760,
emb_tf-sapiens,63,donor_crc,0.9713185869066516,0.9721014492753624,0.9283154121863799,0.9356281513881295,0.0,1.4956854662590502,0.0,10,2760,
emb_tf-sapiens,64,cell_pooled,0.9182675594782846,0.9185840707964602,0.8714285714285714,0.8915949119373777,0.0,1.0488177996055765,0.0021238938053097347,10,2825,0.8901869158878505
emb_tf-sapiens,64,donor_weighted,0.91792509372486,0.9182300884955752,0.8714285714285714,0.8885127201565558,0.0,1.046725661730251,0.00247787610619469,10,2825,
emb_tf-sapiens,64,donor_crc,0.9780352509943218,0.9780530973451328,0.95,0.9646969696969697,0.0,1.6329658085374668,0.0,10,2825,
emb_tf-sapiens,65,cell_pooled,0.8789832354041689,0.8796561604584527,0.7208480565371025,0.8158583905593707,0.1,1.043139130970537,0.0035816618911174787,10,2792,0.9016298020954598
emb_tf-sapiens,65,donor_weighted,0.8789832354041689,0.8796561604584527,0.7208480565371025,0.8158583905593707,0.1,1.043139130970537,0.0035816618911174787,10,2792,
emb_tf-sapiens,65,donor_crc,0.9772682038689385,0.9774355300859598,0.9469964664310954,0.9590881358517427,0.0,1.6866393297030118,0.0,10,2792,
emb_tf-sapiens,66,cell_pooled,0.897322904199622,0.8974813763746009,0.8268551236749117,0.8564265195617358,0.0,1.018760732567779,0.002128414331323164,10,2819,0.8832074375363161
emb_tf-sapiens,66,donor_weighted,0.897322904199622,0.8974813763746009,0.8268551236749117,0.8564265195617358,0.0,1.018760732567779,0.002128414331323164,10,2819,
emb_tf-sapiens,66,donor_crc,0.9701881903825396,0.9702021993614757,0.9136690647482014,0.9575785105703832,0.0,1.6114035191346403,0.0,10,2819,
emb_tf-sapiens,67,cell_pooled,0.9227568323053494,0.9229676961306355,0.8949152542372881,0.8977934122161817,0.0,1.0749179273444214,0.0,10,2817,0.8764988009592326
emb_tf-sapiens,67,donor_weighted,0.9227568323053494,0.9229676961306355,0.8949152542372881,0.8977934122161817,0.0,1.0749179273444214,0.0,10,2817,
emb_tf-sapiens,67,donor_crc,0.9857007301172283,0.9858004969826056,0.9664179104477612,0.9678161682689754,0.0,2.444592395371509,0.0,10,2817,
emb_tf-sapiens,68,cell_pooled,0.9126157393071177,0.9137199434229137,0.8359375,0.8682912588967971,0.0,1.0416038111013415,0.0003536067892503536,10,2828,0.9013747758517633
emb_tf-sapiens,68,donor_weighted,0.9126157393071177,0.9137199434229137,0.8359375,0.8682912588967971,0.0,1.0419944361013416,0.0003536067892503536,10,2828,
emb_tf-sapiens,68,donor_crc,0.9802975254722563,0.9805516265912305,0.95703125,0.9672820723684211,0.0,1.8068272946039876,0.0,10,2828,
emb_tf-sapiens,69,cell_pooled,0.8707632472692689,0.8705293276108726,0.8292682926829268,0.8437181961747675,0.0,0.9833369177489695,0.016809728183118742,10,2796,0.9029411764705882
emb_tf-sapiens,69,donor_weighted,0.8707632472692689,0.8705293276108726,0.8292682926829268,0.8437181961747675,0.0,0.9833369177489695,0.016809728183118742,10,2796,
emb_tf-sapiens,69,donor_crc,0.9655474440528096,0.9656652360515021,0.9172661870503597,0.9465653283824553,0.0,1.4086160391688138,0.0,10,2796,
emb_tf-sapiens,70,cell_pooled,0.9192291374999197,0.9198581560283688,0.859375,0.8730561440677966,0.0,1.0531764528116176,0.0,10,2820,0.9103325415676959
emb_tf-sapiens,70,donor_weighted,0.9192291374999197,0.9198581560283688,0.859375,0.8730561440677966,0.0,1.0531764528116176,0.0,10,2820,
emb_tf-sapiens,70,donor_crc,0.9832850373586964,0.9833333333333333,0.9712230215827338,0.9748608180593334,0.0,1.963685143377166,0.0,10,2820,
emb_tf-sapiens,71,cell_pooled,0.913032229212478,0.913196894848271,0.8642857142857143,0.8833035714285714,0.0,1.0608894041583663,0.00035285815102328866,10,2834,0.91651865008881
emb_tf-sapiens,71,donor_weighted,0.913032229212478,0.913196894848271,0.8642857142857143,0.8833035714285714,0.0,1.0608894041583663,0.00035285815102328866,10,2834,
emb_tf-sapiens,71,donor_crc,0.9709450649068199,0.9710656316160904,0.9520295202952029,0.953417237743806,0.0,1.6584742235753116,0.0,10,2834,
emb_tf-sapiens,72,cell_pooled,0.895523214260207,0.8954593453009504,0.84,0.8682857142857143,0.0,1.0155473988650345,0.0031678986272439284,10,2841,0.9101868595539482
emb_tf-sapiens,72,donor_weighted,0.8965643307067855,0.8965153115100317,0.8433333333333334,0.8686190476190476,0.0,1.0172977351697692,0.0024639211545230554,10,2841,
emb_tf-sapiens,72,donor_crc,0.969320660825417,0.9693769799366421,0.9433333333333334,0.9557619047619048,0.0,1.679683414656586,0.0,10,2841,
emb_tf-sapiens,73,cell_pooled,0.8929674846765451,0.8931165686613628,0.8233333333333334,0.8642482269503546,0.0,1.0126205743308365,0.003113109650639917,10,2891,0.9098015634395671
emb_tf-sapiens,73,donor_weighted,0.8929674846765451,0.8931165686613628,0.8233333333333334,0.8642482269503546,0.0,1.0126205743308365,0.003113109650639917,10,2891,
emb_tf-sapiens,73,donor_crc,0.9782855293619587,0.9782082324455206,0.9466666666666667,0.9670216154721274,0.0,1.8268279548183066,0.0,10,2891,
emb_tf-sapiens,74,cell_pooled,0.9055404366836216,0.9068610024884465,0.8432203389830508,0.8500847457627119,0.0,1.017261419396635,0.0017774617845716318,10,2813,0.8994047619047619
emb_tf-sapiens,74,donor_weighted,0.9055404366836216,0.9068610024884465,0.8432203389830508,0.8500847457627119,0.0,1.017261419396635,0.0017774617845716318,10,2813,
emb_tf-sapiens,74,donor_crc,0.9830801343756589,0.9836473515819409,0.9576271186440678,0.9669370890886061,0.0,1.933275497039535,0.0,10,2813,
emb_tf-sapiens,75,cell_pooled,0.8543144191875299,0.8542181433109778,0.7526501766784452,0.807468407498353,0.1,0.966127115707418,0.03423932227320861,10,2833,0.9199057714958775
emb_tf-sapiens,75,donor_weighted,0.8546477525208631,0.8545711260148253,0.7526501766784452,0.807468407498353,0.1,0.9671384151424464,0.033180374161666075,10,2833,
emb_tf-sapiens,75,donor_crc,0.9581021723444983,0.9583480409459937,0.9375,0.9505765682656826,0.0,1.3898126122128793,0.0,10,2833,
emb_tf-sapiens,76,cell_pooled,0.9016987566555775,0.9018143009605123,0.8508474576271187,0.8717753932447263,0.0,1.0566346896471568,0.0,10,2811,0.9046208530805687
emb_tf-sapiens,76,donor_weighted,0.9013441467264995,0.9014585556741374,0.8508474576271187,0.8717753932447263,0.0,1.0559279670420225,0.0,10,2811,
emb_tf-sapiens,76,donor_crc,0.9727039829347912,0.9726076129491285,0.9423728813559322,0.9553883672722839,0.0,1.8270923561728203,0.0,10,2811,
emb_tf-sapiens,77,cell_pooled,0.8381124634307546,0.8377412437455325,0.7491166077738516,0.7679116607773852,0.3,0.9673488883522678,0.032880629020729094,10,2798,0.9052941176470588
emb_tf-sapiens,77,donor_weighted,0.8381124634307546,0.8377412437455325,0.7491166077738516,0.7679116607773852,0.3,0.967682221685601,0.03252323087919943,10,2798,
emb_tf-sapiens,77,donor_crc,0.975700726039632,0.9760543245175125,0.9466666666666667,0.9469634864546524,0.0,2.3034843172031065,0.0,10,2798,
emb_tf-sapiens,78,cell_pooled,0.9130020356106199,0.9139402560455192,0.850909090909091,0.8550127840909091,0.0,1.0774653987956333,0.0,10,2812,0.9075178997613366
emb_tf-sapiens,78,donor_weighted,0.9130020356106199,0.9139402560455192,0.850909090909091,0.8550127840909091,0.0,1.080045729866741,0.0,10,2812,
emb_tf-sapiens,78,donor_crc,0.9886025864798841,0.9889758179231863,0.96,0.96084375,0.0,3.1871717521277922,0.0,10,2812,
emb_tf-sapiens,79,cell_pooled,0.8891002378387363,0.8890454385346953,0.8056537102473498,0.8616367995961636,0.0,1.0356776396843048,0.0007044734061289186,10,2839,0.9026128266033254
emb_tf-sapiens,79,donor_weighted,0.8891002378387363,0.8890454385346953,0.8056537102473498,0.8616367995961636,0.0,1.0356776396843048,0.0007044734061289186,10,2839,
emb_tf-sapiens,79,donor_crc,0.9767305419556763,0.9767523775977457,0.9453924914675768,0.9627371290054149,0.0,2.3099833336525073,0.0,10,2839,
emb_tf-sapiens,80,cell_pooled,0.8926881496037407,0.8929824561403509,0.864406779661017,0.8647324929127209,0.0,1.052348684956097,0.0010526315789473684,10,2850,0.8959672706019871
emb_tf-sapiens,80,donor_weighted,0.8926881496037407,0.8929824561403509,0.864406779661017,0.8647324929127209,0.0,1.052348684956097,0.0010526315789473684,10,2850,
emb_tf-sapiens,80,donor_crc,0.9676353567776255,0.9677192982456141,0.9280575539568345,0.9348396537007683,0.0,2.3963898194887863,0.0,10,2850,
emb_tf-sapiens,81,cell_pooled,0.9081335831464967,0.9087078651685393,0.8480565371024735,0.8648056537102474,0.0,1.0656299439823704,0.0,10,2848,0.9009489916963227
emb_tf-sapiens,81,donor_weighted,0.9070796471433559,0.9076544943820225,0.8409893992932862,0.8640989399293286,0.0,1.063188070589904,0.0,10,2848,
emb_tf-sapiens,81,donor_crc,0.9712768166995623,0.9715589887640449,0.9175627240143369,0.9222825881909074,0.0,2.044119250276098,0.0,10,2848,
emb_tf-sapiens,82,cell_pooled,0.8988475264890361,0.8987697715289983,0.8305084745762712,0.8663841807909605,0.0,1.0451832792850742,0.00070298769771529,10,2845,0.9039715471250741
emb_tf-sapiens,82,donor_weighted,0.899207238719252,0.8991212653778559,0.8305084745762712,0.8663841807909605,0.0,1.0465951515124217,0.00070298769771529,10,2845,
emb_tf-sapiens,82,donor_crc,0.9799952814417635,0.9799648506151142,0.9423728813559322,0.9586257773442264,0.0,2.334559189210896,0.0,10,2845,
emb_tf-sapiens,83,cell_pooled,0.9107958544139662,0.9110953058321479,0.833922261484099,0.8741065118626956,0.0,1.0531031167890847,0.0,10,2812,0.901706886403767
emb_tf-sapiens,83,donor_weighted,0.9097188839043918,0.9100284495021337,0.8303886925795053,0.8737531549722363,0.0,1.050978269584385,0.0,10,2812,
emb_tf-sapiens,83,donor_crc,0.9735214714690068,0.9733285917496444,0.9494949494949495,0.9550970964255098,0.0,1.7944301707690737,0.0,10,2812,
emb_tf-sapiens,84,cell_pooled,0.9064631420791815,0.9064265536723164,0.8741007194244604,0.8764511678328569,0.0,1.0750019693366422,0.00035310734463276836,10,2832,0.9114676173499703
emb_tf-sapiens,84,donor_weighted,0.9064631420791815,0.9064265536723164,0.8741007194244604,0.8764511678328569,0.0,1.0750019693366422,0.00035310734463276836,10,2832,
emb_tf-sapiens,84,donor_crc,0.9746183625236787,0.9749293785310734,0.9316546762589928,0.9544557902065445,0.0,1.766016351580884,0.0,10,2832,
emb_tf-sapiens,85,cell_pooled,0.8660168013475182,0.8668585822238215,0.7584905660377359,0.8164740566037736,0.1,0.9469145694388768,0.05289672544080604,10,2779,0.8907809747504404
emb_tf-sapiens,85,donor_weighted,0.8660168013475182,0.8668585822238215,0.7584905660377359,0.8164740566037736,0.1,0.9469145694388768,0.05289672544080604,10,2779,
emb_tf-sapiens,85,donor_crc,0.9764046472386635,0.9769701331414178,0.940677966101695,0.9585839256424276,0.0,1.7567854604786628,0.0,10,2779,
emb_tf-sapiens,86,cell_pooled,0.9061548200503917,0.9064595834804094,0.8305084745762712,0.8697414949396415,0.0,1.0326293151102903,0.00035298270384751147,10,2833,0.8916816277678037
emb_tf-sapiens,86,donor_weighted,0.9061548200503917,0.9064595834804094,0.8305084745762712,0.8697414949396415,0.0,1.0326293151102903,0.00035298270384751147,10,2833,
emb_tf-sapiens,86,donor_crc,0.9683487134956623,0.968231556653724,0.911864406779661,0.9296756493110596,0.0,1.5957740340531354,0.0,10,2833,
emb_tf-sapiens,87,cell_pooled,0.9008670280056172,0.900776836158192,0.8333333333333334,0.8635491606714629,0.0,1.0329249126022084,0.0007062146892655367,10,2832,0.9033033033033033
emb_tf-sapiens,87,donor_weighted,0.9033372429679721,0.9032485875706214,0.8366666666666667,0.8638824940047962,0.0,1.0377891240360673,0.0,10,2832,
emb_tf-sapiens,87,donor_crc,0.9734171066358586,0.9735169491525424,0.9244604316546763,0.9534460431654677,0.0,2.2413662223563775,0.0,10,2832,
emb_tf-sapiens,88,cell_pooled,0.8624325407134392,0.8634076204169662,0.7700348432055749,0.8139846163960293,0.1,0.9653493866051264,0.03450754852624011,10,2782,0.877030162412993
emb_tf-sapiens,88,donor_weighted,0.8617462708198523,0.8626887131560029,0.7665505226480837,0.8136361843402801,0.1,0.9646631167115395,0.03522645578720345,10,2782,
emb_tf-sapiens,88,donor_crc,0.967767440252849,0.9683680805176133,0.9322033898305084,0.9450060532687651,0.0,1.5444945171131446,0.0,10,2782,
emb_tf-sapiens,89,cell_pooled,0.9043527219373069,0.9044428772919605,0.8508474576271187,0.8661016949152542,0.0,1.0249303019149711,0.001763046544428773,10,2836,0.8961352657004831
emb_tf-sapiens,89,donor_weighted,0.9046917049881541,0.9047954866008463,0.8542372881355932,0.8664406779661017,0.0,1.0256466434563847,0.001763046544428773,10,2836,
emb_tf-sapiens,89,donor_crc,0.9859864151564169,0.9858956276445698,0.9559322033898305,0.966456529691501,0.0,2.3306435092056814,0.0,10,2836,
emb_tf-sapiens,90,cell_pooled,0.8978462242274128,0.8978663868485485,0.7915194346289752,0.8471519434628976,0.1,1.014394796097784,0.0038474991255683807,10,2859,0.9055164319248826
emb_tf-sapiens,90,donor_weighted,0.8978462242274128,0.8978663868485485,0.7915194346289752,0.8471519434628976,0.1,1.0133371576280426,0.0038474991255683807,10,2859,
emb_tf-sapiens,90,donor_crc,0.965005388656594,0.9646729625743267,0.9433333333333334,0.9434499411071849,0.0,1.4258581062984528,0.0,10,2859,
emb_tf-sapiens,91,cell_pooled,0.89011780962989,0.8897499119408242,0.82,0.8492661870503597,0.0,1.03825408752409,0.0,10,2839,0.8913681738109219
emb_tf-sapiens,91,donor_weighted,0.89011780962989,0.8897499119408242,0.82,0.8492661870503597,0.0,1.03825408752409,0.0,10,2839,
emb_tf-sapiens,91,donor_crc,0.9612928423605158,0.9612539626629095,0.8992805755395683,0.9119280575539568,0.0,1.4722560668382663,0.0,10,2839,
emb_tf-sapiens,92,cell_pooled,0.9055674901821072,0.9054867256637168,0.8605442176870748,0.8824572994665493,0.0,1.0482409332529985,0.001415929203539823,10,2825,0.8960280373831776
emb_tf-sapiens,92,donor_weighted,0.9055674901821072,0.9054867256637168,0.8605442176870748,0.8824572994665493,0.0,1.0478984674995737,0.001415929203539823,10,2825,
emb_tf-sapiens,92,donor_crc,0.9778438530984056,0.9780530973451328,0.9568345323741008,0.9600719424460432,0.0,2.399536654829651,0.0,10,2825,
emb_tf-sapiens,93,cell_pooled,0.9080900425838312,0.9080701754385965,0.864406779661017,0.8770656779661017,0.0,1.0382296685426777,0.0007017543859649122,10,2850,0.9037900874635568
emb_tf-sapiens,93,donor_weighted,0.9080900425838312,0.9080701754385965,0.864406779661017,0.8770656779661017,0.0,1.0382296685426777,0.0007017543859649122,10,2850,
emb_tf-sapiens,93,donor_crc,0.9768114096799592,0.9768421052631578,0.9522184300341296,0.9604850008981498,0.0,1.929048511882677,0.0,10,2850,
emb_tf-sapiens,94,cell_pooled,0.9312902414860286,0.9330935251798561,0.8432203389830508,0.8958474576271186,0.0,1.0702049860477967,0.0,10,2780,0.8962875662934591
emb_tf-sapiens,94,donor_weighted,0.9298142592388418,0.9316546762589928,0.8389830508474576,0.8923728813559323,0.0,1.0659707373266962,0.0,10,2780,
emb_tf-sapiens,94,donor_crc,0.9854692788169694,0.9863309352517986,0.9533898305084746,0.9672139830508475,0.0,2.0114843911571056,0.0,10,2780,
emb_tf-sapiens,95,cell_pooled,0.870480139962682,0.8710488505747126,0.7455830388692579,0.8334566089716715,0.1,0.9914053782801974,0.010775862068965518,10,2784,0.8921800947867299
emb_tf-sapiens,95,donor_weighted,0.870480139962682,0.8710488505747126,0.7455830388692579,0.8334566089716715,0.1,0.9914053782801974,0.010775862068965518,10,2784,
emb_tf-sapiens,95,donor_crc,0.9665787787918957,0.9673132183908046,0.9064748201438849,0.929630532861846,0.0,1.8752373237045312,0.0,10,2784,
emb_tf-sapiens,96,cell_pooled,0.9119605293367681,0.9117543240381222,0.8666666666666667,0.89,0.0,1.0407076017099952,0.0007059654076950229,10,2833,0.8849821215733016
emb_tf-sapiens,96,donor_weighted,0.9126492443675884,0.9124602894458171,0.8666666666666667,0.89,0.0,1.0427655873271913,0.0007059654076950229,10,2833,
emb_tf-sapiens,96,donor_crc,0.980684139946265,0.9805859512883869,0.96,0.963741935483871,0.0,2.1195456443727623,0.0,10,2833,
emb_tf-sapiens,97,cell_pooled,0.8920544122992864,0.8916580131533403,0.7966101694915254,0.8515254237288136,0.1,1.0088967349302396,0.00761509172724126,10,2889,0.9082183563287343
emb_tf-sapiens,97,donor_weighted,0.8937586712710706,0.8933887158186223,0.7966101694915254,0.8576271186440678,0.1,1.0126861384734265,0.006922810661128418,10,2889,
emb_tf-sapiens,97,donor_crc,0.968227310867101,0.9681550709588093,0.888135593220339,0.9522821940083808,0.0,1.7817101520930538,0.0,10,2889,
emb_tf-sapiens,98,cell_pooled,0.8837414414087428,0.8841247342310418,0.8150943396226416,0.8551395709485655,0.0,0.9994312306180776,0.008504606661941885,10,2822,0.8990554899645808
emb_tf-sapiens,98,donor_weighted,0.8819639865653427,0.8823529411764706,0.8075471698113208,0.8513026621866115,0.0,0.9976537757746773,0.009213323883770375,10,2822,
emb_tf-sapiens,98,donor_crc,0.9609514705253858,0.961020552799433,0.9100719424460432,0.9361684845671849,0.0,1.4563029279509843,0.0,10,2822,
emb_tf-sapiens,99,cell_pooled,0.9150091886629983,0.9151707145371348,0.8466666666666667,0.8787843137254902,0.0,1.0373245864937775,0.00035198873636043646,10,2841,0.881316098707403
emb_tf-sapiens,99,donor_weighted,0.9150091886629983,0.9151707145371348,0.8466666666666667,0.8787843137254902,0.0,1.0373245864937775,0.00035198873636043646,10,2841,
emb_tf-sapiens,99,donor_crc,0.9702693600754657,0.970080957409363,0.9333333333333333,0.9515476190476191,0.0,1.5017653788005791,0.0,10,2841,
emb_tf-exemplar-human,0,cell_pooled,0.9105249329553402,0.9103232533889468,0.8372881355932204,0.8899788135593221,0.0,1.0316180454312198,0.0031282586027111575,10,2877,0.9130434782608695
emb_tf-exemplar-human,0,donor_weighted,0.9112123480619367,0.9110184219673271,0.8406779661016949,0.8903177966101695,0.0,1.03299635834699,0.0031282586027111575,10,2877,
emb_tf-exemplar-human,0,donor_crc,0.9829922558664916,0.9829683698296837,0.968421052631579,0.9693844781445139,0.0,2.0618424797774724,0.0,10,2877,
emb_tf-exemplar-human,1,cell_pooled,0.8795114651460553,0.8805120910384068,0.8333333333333334,0.8384180790960452,0.0,1.045630022039245,0.001422475106685633,10,2812,0.9159811985898942
emb_tf-exemplar-human,1,donor_weighted,0.8795114651460553,0.8805120910384068,0.8333333333333334,0.8384180790960452,0.0,1.045630022039245,0.001422475106685633,10,2812,
emb_tf-exemplar-human,1,donor_crc,0.9689553251995147,0.9694167852062588,0.940677966101695,0.9430677966101695,0.0,1.7391194774199086,0.0,10,2812,
emb_tf-exemplar-human,2,cell_pooled,0.8568691259504165,0.8580092757759543,0.7978723404255319,0.8164310696589916,0.1,0.972140194718649,0.02818408847663218,10,2803,0.9050966608084359
emb_tf-exemplar-human,2,donor_weighted,0.8568691259504165,0.8580092757759543,0.7978723404255319,0.8164310696589916,0.1,0.972140194718649,0.02818408847663218,10,2803,
emb_tf-exemplar-human,2,donor_crc,0.966727785097494,0.9675347841598287,0.9364406779661016,0.9454297820823244,0.0,1.4732512532816142,0.0,10,2803,
emb_tf-exemplar-human,3,cell_pooled,0.8905462678671462,0.8924535180459351,0.8050847457627118,0.8539459745762712,0.0,1.0326013364474793,0.002187386073641998,10,2743,0.901937756899589
emb_tf-exemplar-human,3,donor_weighted,0.8894407735861003,0.8913598250091141,0.8050847457627118,0.8504303495762712,0.0,1.0311486199442113,0.002187386073641998,10,2743,
emb_tf-exemplar-human,3,donor_crc,0.961067419857271,0.9620853080568721,0.9064748201438849,0.9132281271756788,0.0,1.7739249183771206,0.0,10,2743,
emb_tf-exemplar-human,4,cell_pooled,0.8843654160518529,0.8858891288696904,0.7879858657243817,0.8186290950470144,0.1,1.0181208500689944,0.0028797696184305254,10,2778,0.9100655151876117
emb_tf-exemplar-human,4,donor_weighted,0.8843654160518529,0.8858891288696904,0.7879858657243817,0.8186290950470144,0.1,1.0181208500689944,0.0028797696184305254,10,2778,
emb_tf-exemplar-human,4,donor_crc,0.9749879344169103,0.9755219582433405,0.942652329749104,0.9523160804325376,0.0,2.0013538018807906,0.0,10,2778,
emb_tf-exemplar-human,5,cell_pooled,0.8690365494406622,0.8703034682080925,0.79296875,0.805296875,0.1,0.9952964281399094,0.008309248554913294,10,2768,0.900990099009901
emb_tf-exemplar-human,5,donor_weighted,0.8690365494406622,0.8703034682080925,0.79296875,0.805296875,0.1,0.9952964281399094,0.008309248554913294,10,2768,
emb_tf-exemplar-human,5,donor_crc,0.9648758531958226,0.9649566473988439,0.9366666666666666,0.9517175141242938,0.0,1.3924051669660604,0.0,10,2768,
emb_tf-exemplar-human,6,cell_pooled,0.9018226445999018,0.902112676056338,0.8162544169611308,0.8443373061028927,0.0,1.0546792763096984,0.0028169014084507044,10,2840,0.9041666666666667
emb_tf-exemplar-human,6,donor_weighted,0.902171076655651,0.9024647887323943,0.8162544169611308,0.8443373061028927,0.0,1.0567707751298439,0.0024647887323943664,10,2840,
emb_tf-exemplar-human,6,donor_crc,0.9736177111196487,0.973943661971831,0.9316546762589928,0.942282075399751,0.0,1.694158818705833,0.0,10,2840,
emb_tf-exemplar-human,7,cell_pooled,0.8929968183810864,0.8936324167872648,0.8603773584905661,0.8702289123196448,0.0,1.036731006771063,0.001447178002894356,10,2764,0.9018118059614261
emb_tf-exemplar-human,7,donor_weighted,0.8929968183810864,0.8936324167872648,0.8603773584905661,0.8702289123196448,0.0,1.036731006771063,0.001447178002894356,10,2764,
emb_tf-exemplar-human,7,donor_crc,0.9730370708281393,0.9728654124457308,0.9488054607508533,0.9497192557525047,0.0,2.1607563212154046,0.0,10,2764,
emb_tf-exemplar-human,8,cell_pooled,0.8691135828592376,0.870157819225251,0.76953125,0.7861404041519435,0.2,1.0037562532217934,0.00824964131994261,10,2788,0.9068396226415094
emb_tf-exemplar-human,8,donor_weighted,0.8698514300814597,0.8708751793400287,0.7734375,0.7865310291519435,0.2,1.0062644275787727,0.007532281205164993,10,2788,
emb_tf-exemplar-human,8,donor_crc,0.9520135678157937,0.953012912482066,0.86328125,0.914328125,0.0,1.507723808264062,0.0,10,2788,
emb_tf-exemplar-human,9,cell_pooled,0.904626533501046,0.905721482547679,0.7950530035335689,0.859974050353357,0.1,1.0443084039001607,0.0003598416696653472,10,2779,0.8914956011730205
emb_tf-exemplar-human,9,donor_weighted,0.9042756563080635,0.9053616408780136,0.7950530035335689,0.859974050353357,0.1,1.0410761455114004,0.0003598416696653472,10,2779,
emb_tf-exemplar-human,9,donor_crc,0.9700274276246643,0.9704929830874415,0.9449152542372882,0.9467883452117146,0.0,1.5928450866676187,0.0,10,2779,
emb_tf-exemplar-human,10,cell_pooled,0.876472179021814,0.876577840112202,0.8162544169611308,0.8380084204195174,0.0,1.0045335109582132,0.006661991584852735,10,2852,0.89586969168121
emb_tf-exemplar-human,10,donor_weighted,0.876472179021814,0.876577840112202,0.8162544169611308,0.8380084204195174,0.0,1.0045335109582132,0.006661991584852735,10,2852,
emb_tf-exemplar-human,10,donor_crc,0.9707244706762019,0.9708976157082749,0.9403508771929825,0.9424221844934918,0.0,2.013880243239623,0.0,10,2852,
emb_tf-exemplar-human,11,cell_pooled,0.8981026192124963,0.8980239943542696,0.86,0.8662158273381295,0.0,1.0215208509339646,0.00035285815102328866,10,2834,0.9036777583187391
emb_tf-exemplar-human,11,donor_weighted,0.8970032426276466,0.8969654199011997,0.86,0.8662158273381295,0.0,1.0193771688495856,0.00035285815102328866,10,2834,
emb_tf-exemplar-human,11,donor_crc,0.9658048975738727,0.965772759350741,0.9136690647482014,0.9463669064748201,0.0,1.4195798175425698,0.0,10,2834,
emb_tf-exemplar-human,12,cell_pooled,0.9138836700662095,0.913515406162465,0.83,0.8640169491525423,0.0,1.064215052510231,0.0,10,2856,0.9116055321707757
emb_tf-exemplar-human,12,donor_weighted,0.9138836700662095,0.913515406162465,0.83,0.8640169491525423,0.0,1.064215052510231,0.0,10,2856,
emb_tf-exemplar-human,12,donor_crc,0.9745978755481655,0.9744397759103641,0.9322033898305084,0.9542203389830508,0.0,1.9196910859703287,0.0,10,2856,
emb_tf-exemplar-human,13,cell_pooled,0.8754425275929849,0.8752635277582572,0.8338983050847457,0.8446912003714884,0.0,1.0289080501016474,0.0014054813773717498,10,2846,0.8854041013268998
emb_tf-exemplar-human,13,donor_weighted,0.8758156619213432,0.8756148981026002,0.8338983050847457,0.8446912003714884,0.0,1.0303160664679272,0.0014054813773717498,10,2846,
emb_tf-exemplar-human,13,donor_crc,0.9730622600588491,0.9732958538299368,0.9388489208633094,0.9542238751371784,0.0,2.0527169763536035,0.0,10,2846,
emb_tf-exemplar-human,14,cell_pooled,0.9168598971891748,0.9172800560813179,0.875,0.888211743772242,0.0,1.0262527645462651,0.0010515247108307045,10,2853,0.8909730363423212
emb_tf-exemplar-human,14,donor_weighted,0.9168598971891748,0.9172800560813179,0.875,0.888211743772242,0.0,1.0255410117600443,0.0014020329477742728,10,2853,
emb_tf-exemplar-human,14,donor_crc,0.9778234984143654,0.9779179810725552,0.9543859649122807,0.963295739348371,0.0,1.6474233349897607,0.0,10,2853,
emb_tf-exemplar-human,15,cell_pooled,0.8678410560271287,0.868083547086845,0.7915194346289752,0.8314956934628975,0.1,1.0011760412294095,0.007328691828508612,10,2729,0.9238372093023256
emb_tf-exemplar-human,15,donor_weighted,0.8678410560271287,0.868083547086845,0.7915194346289752,0.8314956934628975,0.1,1.0011760412294095,0.007328691828508612,10,2729,
emb_tf-exemplar-human,15,donor_crc,0.9638902568828017,0.9640894100403078,0.931899641577061,0.9474272522932994,0.0,1.6390374241225891,0.0,10,2729,
emb_tf-exemplar-human,16,cell_pooled,0.9287850300013897,0.9287469287469288,0.8745762711864407,0.9143127507935557,0.0,1.0706339553624455,0.0,10,2849,0.9066745422327229
emb_tf-exemplar-human,16,donor_weighted,0.9287850300013897,0.9287469287469288,0.8745762711864407,0.9143127507935557,0.0,1.0706339553624455,0.0,10,2849,
emb_tf-exemplar-human,16,donor_crc,0.9774997450000882,0.9775359775359775,0.956989247311828,0.9590887552396573,0.0,1.7499234728950224,0.0,10,2849,
emb_tf-exemplar-human,17,cell_pooled,0.9039315289482415,0.9038125218607905,0.83,0.8604193548387097,0.0,1.071073404490034,0.0003497726477789437,10,2859,0.8991097922848664
emb_tf-exemplar-human,17,donor_weighted,0.9039315289482415,0.9038125218607905,0.83,0.8604193548387097,0.0,1.071073404490034,0.0003497726477789437,10,2859,
emb_tf-exemplar-human,17,donor_crc,0.9755930292642571,0.9755159146554739,0.946236559139785,0.9598868138087153,0.0,2.172847947525051,0.0,10,2859,
emb_tf-exemplar-human,18,cell_pooled,0.8982823548454058,0.8994273443092341,0.8389830508474576,0.8496610169491525,0.0,1.0305156660258052,0.003937007874015748,10,2794,0.9107565011820331
emb_tf-exemplar-human,18,donor_weighted,0.8993087530028498,0.9005010737294202,0.8389830508474576,0.8557627118644068,0.0,1.033266799980239,0.0032211882605583395,10,2794,
emb_tf-exemplar-human,18,donor_crc,0.979536563711884,0.9803149606299213,0.940677966101695,0.964613251155624,0.0,1.9159388811889646,0.0,10,2794,
emb_tf-exemplar-human,19,cell_pooled,0.8939577337455639,0.8937896965419901,0.83,0.861909090909091,0.0,1.0467016459319338,0.0007057163020465773,10,2834,0.9077555816686251
emb_tf-exemplar-human,19,donor_weighted,0.8939577337455639,0.8937896965419901,0.83,0.861909090909091,0.0,1.0467016459319338,0.0007057163020465773,10,2834,
emb_tf-exemplar-human,19,donor_crc,0.9771085431198319,0.9770642201834863,0.9438596491228071,0.9644966660192917,0.0,2.0024990626934445,0.0,10,2834,
emb_tf-exemplar-human,20,cell_pooled,0.8942224050968299,0.8946998946998947,0.7773851590106007,0.8533748795374237,0.1,1.0340469964207442,0.001404001404001404,10,2849,0.9047337278106509
emb_tf-exemplar-human,20,donor_weighted,0.8959946478887517,0.8964548964548964,0.784452296819788,0.8573543205910698,0.1,1.0372492472100254,0.001404001404001404,10,2849,
emb_tf-exemplar-human,20,donor_crc,0.9707224090921608,0.9708669708669708,0.950530035335689,0.9534159928574124,0.0,1.6956268026608163,0.0,10,2849,
emb_tf-exemplar-human,21,cell_pooled,0.9145086451222303,0.9151343705799151,0.8671875,0.8834929435483871,0.0,1.0350504018587117,0.0,10,2828,0.8994646044021416
emb_tf-exemplar-human,21,donor_weighted,0.9151973601530508,0.9158415841584159,0.8671875,0.8834929435483871,0.0,1.0372024505428858,0.0,10,2828,
emb_tf-exemplar-human,21,donor_crc,0.9745352372337248,0.9745403111739745,0.942652329749104,0.9515533685681307,0.0,1.4687164876304775,0.0,10,2828,
emb_tf-exemplar-human,22,cell_pooled,0.8890291310212634,0.8884968242766408,0.7561837455830389,0.8436183745583039,0.1,1.0653074163596812,0.0,10,2834,0.8801897983392646
emb_tf-exemplar-human,22,donor_weighted,0.8890291310212634,0.8884968242766408,0.7561837455830389,0.8436183745583039,0.1,1.0653074163596812,0.0,10,2834,
emb_tf-exemplar-human,22,donor_crc,0.9719633887512616,0.9717713479181369,0.9328621908127208,0.9512862190812721,0.0,2.04611597419951,0.0,10,2834,
emb_tf-exemplar-human,23,cell_pooled,0.8834168236059895,0.8836633663366337,0.8266666666666667,0.8415649717514124,0.0,1.0034590343322338,0.00884016973125884,10,2828,0.9186602870813397
emb_tf-exemplar-human,23,donor_weighted,0.8834168236059895,0.8836633663366337,0.8266666666666667,0.8415649717514124,0.0,1.0034590343322338,0.00884016973125884,10,2828,
emb_tf-exemplar-human,23,donor_crc,0.9757088253912787,0.9759547383309759,0.9566666666666667,0.9575310734463277,0.0,1.815101086055379,0.0,10,2828,
emb_tf-exemplar-human,24,cell_pooled,0.9324786437653024,0.9330024813895782,0.8984375,0.8991962679856115,0.0,1.1598754413481962,0.0,10,2821,0.9069353882631891
emb_tf-exemplar-human,24,donor_weighted,0.9324786437653024,0.9330024813895782,0.8984375,0.8991962679856115,0.0,1.1598754413481962,0.0,10,2821,
emb_tf-exemplar-human,24,donor_crc,0.9935055710749141,0.9936192839418646,0.9532374100719424,0.9890079515335101,0.0,4.6715317049898415,0.0,10,2821,
emb_tf-exemplar-human,25,cell_pooled,0.9152267616133688,0.9157483114113046,0.8716981132075472,0.8903956177723676,0.0,1.0519801566034228,0.00035549235691432633,10,2813,0.8927089508002372
emb_tf-exemplar-human,25,donor_weighted,0.9173600338828178,0.9178812655527906,0.8754716981132076,0.8907729762629336,0.0,1.05737927308041,0.00035549235691432633,10,2813,
emb_tf-exemplar-human,25,donor_crc,0.9792140483629208,0.9790259509420548,0.9556313993174061,0.9600792689639986,0.0,1.7937163334880857,0.0,10,2813,
emb_tf-exemplar-human,26,cell_pooled,0.8973305977889471,0.8994314143567875,0.7923728813559322,0.8631082558775287,0.1,1.0326300995928888,0.0007107320540156361,10,2814,0.9107037256061502
emb_tf-exemplar-human,26,donor_weighted,0.8973305977889471,0.8994314143567875,0.7923728813559322,0.8631082558775287,0.1,1.0326300995928888,0.0007107320540156361,10,2814,
emb_tf-exemplar-human,26,donor_crc,0.9759704480118012,0.9769012082444918,0.9364406779661016,0.9494335414808207,0.0,2.0275809094043167,0.0,10,2814,
emb_tf-exemplar-human,27,cell_pooled,0.9021119269697984,0.9020781965480803,0.8333333333333334,0.8570743405275779,0.0,1.0585605879375186,0.0,10,2839,0.9034360189573459
emb_tf-exemplar-human,27,donor_weighted,0.9021119269697984,0.9020781965480803,0.8333333333333334,0.8570743405275779,0.0,1.0585605879375186,0.0,10,2839,
emb_tf-exemplar-human,27,donor_crc,0.9655922402839201,0.965480803099683,0.9244604316546763,0.9264460431654676,0.0,1.938672642900034,0.0,10,2839,
emb_tf-exemplar-human,28,cell_pooled,0.9270831078310435,0.9279406570116566,0.8641509433962264,0.8899865229110513,0.0,1.06089015840621,0.0,10,2831,0.8986446670595168
emb_tf-exemplar-human,28,donor_weighted,0.9274604663216095,0.9282938890851289,0.8679245283018868,0.8903638814016173,0.0,1.0616221268258539,0.0,10,2831,
emb_tf-exemplar-human,28,donor_crc,0.9838185481883164,0.9837513246202755,0.9678571428571429,0.9725432900432901,0.0,1.836914598090495,0.0,10,2831,
emb_tf-exemplar-human,29,cell_pooled,0.860798261654064,0.860719322990127,0.7455830388692579,0.8220159310055699,0.1,1.0068350178044496,0.005289139633286318,10,2836,0.8985765124555161
emb_tf-exemplar-human,29,donor_weighted,0.8625342593053945,0.8624823695345557,0.7455830388692579,0.8220159310055699,0.1,1.0120641013174718,0.004936530324400564,10,2836,
emb_tf-exemplar-human,29,donor_crc,0.9781235076628843,0.9781382228490832,0.9423728813559322,0.9560747439659819,0.0,2.5729978091425982,0.0,10,2836,
emb_tf-exemplar-human,30,cell_pooled,0.895664258333014,0.8956430077301476,0.823728813559322,0.843164248262407,0.0,1.0010208790339081,0.005270555165144062,10,2846,0.9026548672566371
emb_tf-exemplar-human,30,donor_weighted,0.895664258333014,0.8956430077301476,0.823728813559322,0.843164248262407,0.0,1.0010208790339081,0.005270555165144062,10,2846,
emb_tf-exemplar-human,30,donor_crc,0.9652599279389124,0.9655657062543921,0.9280575539568345,0.9347412392666512,0.0,1.4821933588954386,0.0,10,2846,
emb_tf-exemplar-human,31,cell_pooled,0.9021944384581205,0.9024816497728068,0.8475177304964538,0.8502322000959087,0.0,1.011061573945314,0.0031457532331352674,10,2861,0.8957831325301204
emb_tf-exemplar-human,31,donor_weighted,0.9050216976291774,0.905277874868927,0.8576512455516014,0.8644885288104793,0.0,1.0166765110075535,0.0027962250961202375,10,2861,
emb_tf-exemplar-human,31,donor_crc,0.9757446285742715,0.975882558545963,0.9568345323741008,0.9593198168737737,0.0,1.676891507153486,0.0,10,2861,
emb_tf-exemplar-human,32,cell_pooled,0.8859714490064514,0.8876485415916456,0.809322033898305,0.830386748844376,0.0,1.0239681912232794,0.00036010082823190496,10,2777,0.8957091775923719
emb_tf-exemplar-human,32,donor_weighted,0.8859714490064514,0.8876485415916456,0.809322033898305,0.830386748844376,0.0,1.0251074858330496,0.00036010082823190496,10,2777,
emb_tf-exemplar-human,32,donor_crc,0.9514102689851132,0.9521065898451566,0.8836363636363637,0.9235331278890601,0.0,1.665117711461334,0.0,10,2777,
emb_tf-exemplar-human,33,cell_pooled,0.90428043365413,0.9046419575386829,0.8597122302158273,0.8734712230215828,0.0,1.0712052330918636,0.0,10,2779,0.9099582587954681
emb_tf-exemplar-human,33,donor_weighted,0.9060602689910698,0.9064411658870097,0.8597122302158273,0.8769868480215828,0.0,1.075138673983107,0.0,10,2779,
emb_tf-exemplar-human,33,donor_crc,0.9759402006748426,0.9758906081324218,0.920863309352518,0.9632607081594511,0.0,1.8915821576512326,0.0,10,2779,
emb_tf-exemplar-human,34,cell_pooled,0.8631574606973886,0.862759113652609,0.8067796610169492,0.828135593220339,0.0,0.9683022102977006,0.032165832737669764,10,2798,0.8994117647058824
emb_tf-exemplar-human,34,donor_weighted,0.8631574606973886,0.862759113652609,0.8067796610169492,0.828135593220339,0.0,0.9683022102977006,0.032165832737669764,10,2798,
emb_tf-exemplar-human,34,donor_crc,0.9639484836669011,0.963902787705504,0.9322033898305084,0.9414217778319718,0.0,1.4599040252243776,0.0,10,2798,
emb_tf-exemplar-human,35,cell_pooled,0.8855549942251667,0.8861788617886179,0.784452296819788,0.8521862368762234,0.1,1.011165639573249,0.005302226935312832,10,2829,0.9041095890410958
emb_tf-exemplar-human,35,donor_weighted,0.8858951302795883,0.8865323435843054,0.784452296819788,0.8521862368762234,0.1,1.0115057756276706,0.005302226935312832,10,2829,
emb_tf-exemplar-human,35,donor_crc,0.9690386303605706,0.9692470837751855,0.9316546762589928,0.9489549413101098,0.0,1.6693608013567929,0.0,10,2829,
emb_tf-exemplar-human,36,cell_pooled,0.9175080360955304,0.9177413733008016,0.8677966101694915,0.8742796610169492,0.0,1.058398106671043,0.0006971070059254096,10,2869,0.9062870699881376
emb_tf-exemplar-human,36,donor_weighted,0.916800252982285,0.9170442662948762,0.8677966101694915,0.8709708374875375,0.0,1.0559103175567652,0.0006971070059254096,10,2869,
emb_tf-exemplar-human,36,donor_crc,0.982816003384837,0.9829208783548274,0.9457627118644067,0.9623182066703116,0.0,2.1722432182091755,0.0,10,2869,
emb_tf-exemplar-human,37,cell_pooled,0.8909395876696818,0.8920760129078523,0.734982332155477,0.8362100976223273,0.1,1.075498912244268,0.0,10,2789,0.9141681363903587
emb_tf-exemplar-human,37,donor_weighted,0.8909395876696818,0.8920760129078523,0.734982332155477,0.8362100976223273,0.1,1.075498912244268,0.0,10,2789,
emb_tf-exemplar-human,37,donor_crc,0.9643256767485369,0.965220509143062,0.9151943462897526,0.926688926154399,0.0,1.783222789545818,0.0,10,2789,
emb_tf-exemplar-human,38,cell_pooled,0.9056812679400525,0.9065620542082738,0.8257839721254355,0.8349221472125435,0.0,1.0737003091012052,0.0,10,2804,0.8911007025761124
emb_tf-exemplar-human,38,donor_weighted,0.9056812679400525,0.9065620542082738,0.8257839721254355,0.8349221472125435,0.0,1.0733494319082226,0.0,10,2804,
emb_tf-exemplar-human,38,donor_crc,0.9791456850262715,0.9793152639087018,0.96875,0.9710685483870968,0.0,1.9745563934841748,0.0,10,2804,
emb_tf-exemplar-human,39,cell_pooled,0.9260631691034785,0.9273504273504274,0.8813559322033898,0.8855620638085743,0.0,1.079647433947392,0.0,10,2808,0.898175397292525
emb_tf-exemplar-human,39,donor_weighted,0.925695522044655,0.926994301994302,0.8813559322033898,0.8822532402791625,0.0,1.0740634973893886,0.0,10,2808,
emb_tf-exemplar-human,39,donor_crc,0.9822071424764814,0.9825498575498576,0.9678571428571429,0.970090799031477,0.0,2.0763583122800724,0.0,10,2808,
emb_tf-exemplar-human,40,cell_pooled,0.9025532669758561,0.9022424667133847,0.7933333333333333,0.8604654088050315,0.1,1.0055346701798027,0.003854239663629993,10,2854,0.9121338912133892
emb_tf-exemplar-human,40,donor_weighted,0.9025532669758561,0.9022424667133847,0.7933333333333333,0.8604654088050315,0.1,1.0055346701798027,0.003854239663629993,10,2854,
emb_tf-exemplar-human,40,donor_crc,0.9767130384778271,0.9765241765942537,0.942652329749104,0.9462652329749104,0.0,1.6944263026104145,0.0,10,2854,
emb_tf-exemplar-human,41,cell_pooled,0.904273346259522,0.9042213550904576,0.8566666666666667,0.869,0.0,1.0383459915278934,0.004256828662646328,10,2819,0.8822129684711482
emb_tf-exemplar-human,41,donor_weighted,0.9067969922516967,0.906704505143668,0.86,0.876,0.0,1.044422320983037,0.0031926214969847464,10,2819,
emb_tf-exemplar-human,41,donor_crc,0.990827611799126,0.9907768712309329,0.9777777777777777,0.9797777777777777,0.0,2.8321782126034645,0.0,10,2819,
emb_tf-exemplar-human,42,cell_pooled,0.9156254552319046,0.9166072701354241,0.8728813559322034,0.8883519653804544,0.0,1.0836245853600814,0.0,10,2806,0.9086651053864169
emb_tf-exemplar-human,42,donor_weighted,0.9156254552319046,0.9166072701354241,0.8728813559322034,0.8883519653804544,0.0,1.0836245853600814,0.0,10,2806,
emb_tf-exemplar-human,42,donor_crc,0.9663185907274737,0.9672131147540983,0.9279661016949152,0.9379579004920722,0.0,1.5729071895568743,0.0,10,2806,
emb_tf-exemplar-human,43,cell_pooled,0.8886491790905973,0.8896501983411468,0.8305084745762712,0.8396610169491525,0.0,1.0000972952432092,0.01298232960692391,10,2773,0.9131701631701632
emb_tf-exemplar-human,43,donor_weighted,0.8876035659300789,0.8885683375405697,0.8305084745762712,0.8335593220338983,0.0,0.9979904420439419,0.0144248106743599,10,2773,
emb_tf-exemplar-human,43,donor_crc,0.9790883150294281,0.9798052650558962,0.9449152542372882,0.9575512269162662,0.0,1.9574463826806727,0.0,10,2773,
emb_tf-exemplar-human,44,cell_pooled,0.8723662229026303,0.8727015558698727,0.8271186440677966,0.8385837505277761,0.0,0.9900447591753444,0.013083451202263084,10,2828,0.8927089508002372
emb_tf-exemplar-human,44,donor_weighted,0.8731028686638759,0.8734087694483734,0.8271186440677966,0.8385837505277761,0.0,0.9915356663002264,0.013083451202263084,10,2828,
emb_tf-exemplar-human,44,donor_crc,0.9758095572827156,0.9759547383309759,0.9460431654676259,0.9618770438194899,0.0,2.0884489766948358,0.0,10,2828,
emb_tf-exemplar-human,45,cell_pooled,0.8875352778010723,0.8876644152150729,0.8610169491525423,0.8630801121814412,0.0,1.0239791155139881,0.003199431212228937,10,2813,0.9050445103857567
emb_tf-exemplar-human,45,donor_weighted,0.8882528703936649,0.8883753999289016,0.8610169491525423,0.8630801121814412,0.0,1.0250356911574283,0.0028439388553146107,10,2813,
emb_tf-exemplar-human,45,donor_crc,0.9604853523322724,0.9601848560255954,0.9186440677966101,0.9381801962533453,0.0,1.4744243306340397,0.0,10,2813,
emb_tf-exemplar-human,46,cell_pooled,0.9271309301661672,0.9283166904422254,0.828125,0.8817920918367347,0.0,1.0956749847845852,0.0,10,2804,0.9156118143459916
emb_tf-exemplar-human,46,donor_weighted,0.9278582894552064,0.9290299572039943,0.828125,0.8817920918367347,0.0,1.0967459866853084,0.0,10,2804,
emb_tf-exemplar-human,46,donor_crc,0.9833596801230046,0.9835948644793152,0.96484375,0.9700137867647058,0.0,1.8625768940767533,0.0,10,2804,
emb_tf-exemplar-human,47,cell_pooled,0.929451535058029,0.929523141654979,0.9064748201438849,0.9105763076371642,0.0,1.100341265743305,0.0,10,2852,0.8953282081608516
emb_tf-exemplar-human,47,donor_weighted,0.929451535058029,0.929523141654979,0.9064748201438849,0.9105763076371642,0.0,1.0996137525157919,0.0,10,2852,
emb_tf-exemplar-human,47,donor_crc,0.9775809542487472,0.9775596072931276,0.960431654676259,0.9713008974263888,0.0,1.8939162501296267,0.0,10,2852,
emb_tf-exemplar-human,48,cell_pooled,0.8936190742222418,0.8941893830703013,0.8559322033898306,0.8722838678209974,0.0,1.0213095728249453,0.002152080344332855,10,2788,0.9036993540810335
emb_tf-exemplar-human,48,donor_weighted,0.8936190742222418,0.8941893830703013,0.8559322033898306,0.8722838678209974,0.0,1.0213095728249453,0.002152080344332855,10,2788,
emb_tf-exemplar-human,48,donor_crc,0.9607302430011003,0.9609038737446198,0.9333333333333333,0.9382973621103118,0.0,1.3999061575409315,0.0,10,2788,
emb_tf-exemplar-human,49,cell_pooled,0.9401129159747976,0.9404888416578109,0.9044117647058824,0.9083359133126936,0.0,1.0551550661940738,0.0,10,2823,0.8998232174425457
emb_tf-exemplar-human,49,donor_weighted,0.9401129159747976,0.9404888416578109,0.9044117647058824,0.9083359133126936,0.0,1.0551550661940738,0.0,10,2823,
emb_tf-exemplar-human,49,donor_crc,0.9808485311972837,0.9808714133900106,0.9473684210526315,0.9624787775891341,0.0,1.637400330857259,0.0,10,2823,
emb_tf-exemplar-human,50,cell_pooled,0.9195030120271166,0.9192872117400419,0.8466666666666667,0.8867719298245614,0.0,1.0859485886653666,0.0,10,2862,0.9141141141141141
emb_tf-exemplar-human,50,donor_weighted,0.9195030120271166,0.9192872117400419,0.8466666666666667,0.8867719298245614,0.0,1.0859485886653666,0.0,10,2862,
emb_tf-exemplar-human,50,donor_crc,0.9739073551629073,0.9737945492662474,0.9368421052631579,0.9456842105263158,0.0,2.196550946281959,0.0,10,2862,
emb_tf-exemplar-human,51,cell_pooled,0.8652894280539645,0.8659197687025659,0.6996466431095406,0.8136087321075642,0.1,0.9764358097460539,0.023491145645103,10,2767,0.91005291005291
emb_tf-exemplar-human,51,donor_weighted,0.8656427849444238,0.8662811709432598,0.7031802120141343,0.8139620889980236,0.1,0.9767891666365133,0.023129743404409108,10,2767,
emb_tf-exemplar-human,51,donor_crc,0.9466706309022748,0.9468738706179979,0.8992805755395683,0.9212839897573466,0.0,1.3354181345955944,0.0,10,2767,
emb_tf-exemplar-human,52,cell_pooled,0.8963771147902755,0.8959683225341972,0.8333333333333334,0.8704519774011299,0.0,1.059456978061661,0.0,10,2778,0.8929824561403509
emb_tf-exemplar-human,52,donor_weighted,0.8963771147902755,0.8959683225341972,0.8333333333333334,0.8704519774011299,0.0,1.059847603061661,0.0,10,2778,
emb_tf-exemplar-human,52,donor_crc,0.9722644403125136,0.9719222462203023,0.9457627118644067,0.9495762711864406,0.0,2.278138952403362,0.0,10,2778,
emb_tf-exemplar-human,53,cell_pooled,0.8922572341318468,0.8924920690870638,0.8611111111111112,0.863968253968254,0.0,1.0150653071112403,0.005992245329573493,10,2837,0.8966331955109273
emb_tf-exemplar-human,53,donor_weighted,0.8926105910223061,0.8928445541064505,0.8611111111111112,0.863968253968254,0.0,1.01651493416299,0.005639760310186817,10,2837,
emb_tf-exemplar-human,53,donor_crc,0.9738959643807442,0.9742685935847727,0.931899641577061,0.9514042498719919,0.0,1.5183770950340625,0.0,10,2837,
emb_tf-exemplar-human,54,cell_pooled,0.8984252279691433,0.8994232155731795,0.847457627118644,0.865817191283293,0.0,1.0399725763580618,0.0003604902667627974,10,2774,0.8902582159624414
emb_tf-exemplar-human,54,donor_weighted,0.8984252279691433,0.8994232155731795,0.847457627118644,0.865817191283293,0.0,1.0399725763580618,0.0003604902667627974,10,2774,
emb_tf-exemplar-human,54,donor_crc,0.9749013650747116,0.975126171593367,0.9576271186440678,0.9591525423728814,0.0,2.1503225601904803,0.0,10,2774,
emb_tf-exemplar-human,55,cell_pooled,0.8851365799351024,0.8881697231211795,0.7627118644067796,0.8040055614406779,0.1,1.0672662813331568,0.0,10,2781,0.8995865327820437
emb_tf-exemplar-human,55,donor_weighted,0.8843531388913272,0.88745055735347,0.7584745762711864,0.8035818326271187,0.1,1.066482840289382,0.0,10,2781,
emb_tf-exemplar-human,55,donor_crc,0.9549217443318743,0.9561308881697231,0.8728813559322034,0.9018644067796611,0.0,1.6972050695932115,0.0,10,2781,
emb_tf-exemplar-human,56,cell_pooled,0.8938279285442597,0.8936691150752011,0.8116438356164384,0.8469270954260506,0.0,1.0439875822813192,0.0017488632388947185,10,2859,0.9046208530805687
emb_tf-exemplar-human,56,donor_weighted,0.8938279285442597,0.8936691150752011,0.8116438356164384,0.8469270954260506,0.0,1.0439875822813192,0.0017488632388947185,10,2859,
emb_tf-exemplar-human,56,donor_crc,0.9739100789851651,0.9741168240643582,0.9464285714285714,0.9557939362795478,0.0,1.6606172661637366,0.0,10,2859,
emb_tf-exemplar-human,57,cell_pooled,0.896326636999451,0.8960992907801418,0.7597173144876325,0.8478361382284243,0.1,1.0330826007344391,0.0024822695035460994,10,2820,0.8913834951456311
emb_tf-exemplar-human,57,donor_weighted,0.896326636999451,0.8960992907801418,0.7597173144876325,0.8478361382284243,0.1,1.0344974412777173,0.0024822695035460994,10,2820,
emb_tf-exemplar-human,57,donor_crc,0.9815217376176211,0.9815602836879432,0.9681978798586572,0.97110550227158,0.0,2.1561334452007452,0.0,10,2820,
emb_tf-exemplar-human,58,cell_pooled,0.8959671492754753,0.896322241681261,0.8374558303886925,0.8434065999880218,0.0,1.0133845272710698,0.0031523642732049035,10,2855,0.8897405660377359
emb_tf-exemplar-human,58,donor_weighted,0.8959671492754753,0.896322241681261,0.8374558303886925,0.8434065999880218,0.0,1.0126875277689265,0.0031523642732049035,10,2855,
emb_tf-exemplar-human,58,donor_crc,0.9683364353757931,0.968476357267951,0.9280575539568345,0.9535330281229563,0.0,1.5361495702215624,0.0,10,2855,
emb_tf-exemplar-human,59,cell_pooled,0.916879997622017,0.917016806722689,0.8542372881355932,0.8818266065114011,0.0,1.0432725317788032,0.00035014005602240897,10,2856,0.8994047619047619
emb_tf-exemplar-human,59,donor_weighted,0.9165253876929389,0.9166666666666666,0.8542372881355932,0.8818266065114011,0.0,1.0418578247985866,0.00035014005602240897,10,2856,
emb_tf-exemplar-human,59,donor_crc,0.9800741426476574,0.9803921568627451,0.9424460431654677,0.9577132390028936,0.0,1.9597135276918123,0.0,10,2856,
emb_tf-exemplar-human,60,cell_pooled,0.9210320610013154,0.9220640569395018,0.8162544169611308,0.8269379416961131,0.0,1.1590504216373472,0.0,10,2810,0.8877489438744719
emb_tf-exemplar-human,60,donor_weighted,0.9224579298718378,0.9234875444839857,0.823321554770318,0.8276446554770318,0.0,1.1658308051903017,0.0,10,2810,
emb_tf-exemplar-human,60,donor_crc,0.9901113938949763,0.9903914590747331,0.9715302491103203,0.972543649911032,0.0,4.29145693287101,0.0,10,2810,
emb_tf-exemplar-human,61,cell_pooled,0.8719789949897088,0.8734982332155476,0.7137809187279152,0.7709874668727915,0.2,1.0194822039378963,0.0017667844522968198,10,2830,0.8826714801444043
emb_tf-exemplar-human,61,donor_weighted,0.8737304810609035,0.8752650176678445,0.7208480565371025,0.7716941806537102,0.2,1.0233198118750828,0.0014134275618374558,10,2830,
emb_tf-exemplar-human,61,donor_crc,0.9759431335047717,0.9763250883392226,0.9263157894736842,0.9539597039473684,0.0,1.8931857230101385,0.0,10,2830,
emb_tf-exemplar-human,62,cell_pooled,0.9140075438520627,0.9142252029650547,0.85,0.883046875,0.0,1.0953530590557827,0.0,10,2833,0.899641577060932
emb_tf-exemplar-human,62,donor_weighted,0.9147142664571971,0.9149311683727497,0.85,0.883046875,0.0,1.0974688043447236,0.0,10,2833,
emb_tf-exemplar-human,62,donor_crc,0.979545852774576,0.9795270031768444,0.9466666666666667,0.9657380952380953,0.0,2.507630294658875,0.0,10,2833,
emb_tf-exemplar-human,63,cell_pooled,0.8860103402683277,0.8876811594202898,0.8220338983050848,0.8380627648305085,0.0,1.0213112028719709,0.0036231884057971015,10,2760,0.913972286374134
emb_tf-exemplar-human,63,donor_weighted,0.8848816978391338,0.8865942028985507,0.8220338983050848,0.8345471398305084,0.0,1.019096110957834,0.0036231884057971015,10,2760,
emb_tf-exemplar-human,63,donor_crc,0.9701139096499871,0.9710144927536232,0.9283154121863799,0.9356281513881295,0.0,1.7639020444757374,0.0,10,2760,
emb_tf-exemplar-human,64,cell_pooled,0.9010088581518362,0.9015929203539823,0.8401360544217688,0.8644823554421769,0.0,1.0326665198053677,0.00247787610619469,10,2825,0.8878504672897196
emb_tf-exemplar-human,64,donor_weighted,0.9002913636068485,0.9008849557522124,0.8367346938775511,0.8641422193877552,0.0,1.0312605387457094,0.00247787610619469,10,2825,
emb_tf-exemplar-human,64,donor_crc,0.9782764248031762,0.9784070796460177,0.9571428571428572,0.9640736607142857,0.0,1.6521873149271784,0.0,10,2825,
emb_tf-exemplar-human,65,cell_pooled,0.8833527705194999,0.8839541547277937,0.773851590106007,0.8143662910860724,0.1,1.0250190337351872,0.0060888252148997134,10,2792,0.90046565774156
emb_tf-exemplar-human,65,donor_weighted,0.8833527705194999,0.8839541547277937,0.773851590106007,0.8143662910860724,0.1,1.0250190337351872,0.0060888252148997134,10,2792,
emb_tf-exemplar-human,65,donor_crc,0.9770437630211287,0.9770773638968482,0.9469964664310954,0.9590881358517427,0.0,1.6434746305740635,0.0,10,2792,
emb_tf-exemplar-human,66,cell_pooled,0.8915565230287557,0.8918056048244059,0.7915194346289752,0.8528929506571421,0.1,1.0127074330565933,0.0031926214969847464,10,2819,0.8866937826844857
emb_tf-exemplar-human,66,donor_weighted,0.8915565230287557,0.8918056048244059,0.7915194346289752,0.8528929506571421,0.1,1.0127074330565933,0.0031926214969847464,10,2819,
emb_tf-exemplar-human,66,donor_crc,0.9630793557832187,0.9631074849237318,0.9100719424460432,0.9464842260467244,0.0,1.4012156405575404,0.0,10,2819,
emb_tf-exemplar-human,67,cell_pooled,0.9227901667104487,0.9229676961306355,0.8779661016949153,0.896855843618969,0.0,1.0921785982197414,0.0,10,2817,0.8717026378896883
emb_tf-exemplar-human,67,donor_weighted,0.9238670396988194,0.92403265885694,0.8779661016949153,0.896855843618969,0.0,1.0939512938519962,0.0,10,2817,
emb_tf-exemplar-human,67,donor_crc,0.9896323703286443,0.9897053603123891,0.9750889679715302,0.9784276247123473,0.0,2.3693203981081914,0.0,10,2817,
emb_tf-exemplar-human,68,cell_pooled,0.9136215388435879,0.9147807637906648,0.828125,0.8691282894736843,0.0,1.0662838973474646,0.0003536067892503536,10,2828,0.9031679617453676
emb_tf-exemplar-human,68,donor_weighted,0.9136215388435879,0.9147807637906648,0.828125,0.8691282894736843,0.0,1.0666275399591485,0.0003536067892503536,10,2828,
emb_tf-exemplar-human,68,donor_crc,0.9775870511610647,0.978076379066478,0.9368421052631579,0.9409498355263158,0.0,1.7212560803227528,0.0,10,2828,
emb_tf-exemplar-human,69,cell_pooled,0.8695332382525549,0.8698140200286123,0.84,0.8415539568345324,0.0,0.9766078708917361,0.023605150214592276,10,2796,0.9017647058823529
emb_tf-exemplar-human,69,donor_weighted,0.8695332382525549,0.8698140200286123,0.84,0.8415539568345324,0.0,0.9769468539425835,0.023247496423462088,10,2796,
emb_tf-exemplar-human,69,donor_crc,0.9629913968020993,0.9631616595135909,0.8992805755395683,0.9286377349733117,0.0,1.4811589782867012,0.0,10,2796,
emb_tf-exemplar-human,70,cell_pooled,0.9141549831897662,0.9148936170212766,0.84765625,0.8627317266949153,0.0,1.048427903338069,0.0003546099290780142,10,2820,0.9067695961995249
emb_tf-exemplar-human,70,donor_weighted,0.9141549831897662,0.9148936170212766,0.84765625,0.8627317266949153,0.0,1.048427903338069,0.0003546099290780142,10,2820,
emb_tf-exemplar-human,70,donor_crc,0.9798384036804801,0.9801418439716312,0.9532374100719424,0.9654344421142054,0.0,1.935923803544141,0.0,10,2820,
emb_tf-exemplar-human,71,cell_pooled,0.9094084477635416,0.9096683133380381,0.8819444444444444,0.8821230158730159,0.0,1.0738555021436318,0.0,10,2834,0.9153345174659562
emb_tf-exemplar-human,71,donor_weighted,0.9094084477635416,0.9096683133380381,0.8819444444444444,0.8821230158730159,0.0,1.0738555021436318,0.0,10,2834,
emb_tf-exemplar-human,71,donor_crc,0.9716187959224305,0.9717713479181369,0.9464285714285714,0.9547904586188719,0.0,1.6591255698160166,0.0,10,2834,
emb_tf-exemplar-human,72,cell_pooled,0.9028573022870621,0.9028511087645196,0.8633333333333333,0.8706190476190476,0.0,1.0390974796268608,0.00035198873636043646,10,2841,0.9023508137432188
emb_tf-exemplar-human,72,donor_weighted,0.9038663112960712,0.9039070749736009,0.8666666666666667,0.8709523809523809,0.0,1.0408444960159438,0.00035198873636043646,10,2841,
emb_tf-exemplar-human,72,donor_crc,0.9718542828673943,0.971840901091165,0.9566666666666667,0.9577719298245614,0.0,1.7134593257504274,0.0,10,2841,
emb_tf-exemplar-human,73,cell_pooled,0.9114120457943979,0.911449325492909,0.86,0.8842876712328767,0.0,1.054838144559626,0.0003459010722933241,10,2891,0.920625375826819
emb_tf-exemplar-human,73,donor_weighted,0.9114120457943979,0.911449325492909,0.86,0.8842876712328767,0.0,1.054838144559626,0.0003459010722933241,10,2891,
emb_tf-exemplar-human,73,donor_crc,0.9824308511426869,0.9823590453130405,0.9566666666666667,0.9733262411347517,0.0,1.7580005910829022,0.0,10,2891,
emb_tf-exemplar-human,74,cell_pooled,0.9064368501505864,0.9075719872022752,0.8516949152542372,0.8570338983050848,0.0,1.0088136536046464,0.0039104159260575895,10,2813,0.9029761904761905
emb_tf-exemplar-human,74,donor_weighted,0.9060692030917629,0.9072164948453608,0.8516949152542372,0.8570338983050848,0.0,1.0081093062091226,0.0039104159260575895,10,2813,
emb_tf-exemplar-human,74,donor_crc,0.9821498755219922,0.982580874511198,0.961864406779661,0.9730246759720838,0.0,1.8803788159009378,0.0,10,2813,
emb_tf-exemplar-human,75,cell_pooled,0.8573373082794065,0.8573949876456054,0.7950530035335689,0.8086578427262382,0.1,0.965677540270842,0.03459230497705612,10,2833,0.9163722025912838
emb_tf-exemplar-human,75,donor_weighted,0.8573373082794065,0.8573949876456054,0.7950530035335689,0.8086578427262382,0.1,0.965677540270842,0.03459230497705612,10,2833,
emb_tf-exemplar-human,75,donor_crc,0.9605745509865551,0.9608189198729262,0.93359375,0.945359375,0.0,1.4460091687020156,0.0,10,2833,
emb_tf-exemplar-human,76,cell_pooled,0.9064079353359992,0.9064389896833867,0.8508474576271187,0.8814876234605536,0.0,1.0795033407507382,0.0,10,2811,0.8915876777251185
emb_tf-exemplar-human,76,donor_weighted,0.9060533254069212,0.9060832443970117,0.8508474576271187,0.8814876234605536,0.0,1.0784059931456038,0.0,10,2811,
emb_tf-exemplar-human,76,donor_crc,0.96803968950694,0.967982924226254,0.9491525423728814,0.9519118412680049,0.0,2.1618256449447757,0.0,10,2811,
emb_tf-exemplar-human,77,cell_pooled,0.8613780314761055,0.8613295210864903,0.7703180212014135,0.8210318021201414,0.1,1.0023675456341161,0.008220157255182273,10,2798,0.8976470588235295
emb_tf-exemplar-human,77,donor_weighted,0.8613780314761055,0.8613295210864903,0.7703180212014135,0.8210318021201414,0.1,1.0023675456341161,0.008220157255182273,10,2798,
emb_tf-exemplar-human,77,donor_crc,0.97737309698012,0.9778413152251608,0.9491525423728814,0.9559152542372882,0.0,2.1269892671856265,0.0,10,2798,
emb_tf-exemplar-human,78,cell_pooled,0.907286624590037,0.9078947368421053,0.84,0.8436610169491525,0.0,1.0626556360677948,0.001422475106685633,10,2812,0.8985680190930787
emb_tf-exemplar-human,78,donor_weighted,0.907286624590037,0.9078947368421053,0.84,0.8436610169491525,0.0,1.0626556360677948,0.001422475106685633,10,2812,
emb_tf-exemplar-human,78,donor_crc,0.985606385305809,0.9857752489331437,0.9661016949152542,0.96715562403698,0.0,2.6466985021155836,0.0,10,2812,
emb_tf-exemplar-human,79,cell_pooled,0.8745663931818726,0.8746037337090525,0.7102473498233216,0.8306857519314848,0.1,1.027515438246966,0.0010567101091933778,10,2839,0.8972684085510689
emb_tf-exemplar-human,79,donor_weighted,0.8756367433264277,0.8756604438182458,0.7173144876325088,0.8313924657124034,0.1,1.0289455006217367,0.0010567101091933778,10,2839,
emb_tf-exemplar-human,79,donor_crc,0.9637204737741962,0.9637196195843607,0.9151943462897526,0.9454443493047432,0.0,1.869469418336152,0.0,10,2839,
emb_tf-exemplar-human,80,cell_pooled,0.8898283961438285,0.8901754385964912,0.8566037735849057,0.8691136147685625,0.0,1.0545286485739216,0.0,10,2850,0.9064874342489772
emb_tf-exemplar-human,80,donor_weighted,0.888768443796607,0.8891228070175439,0.8528301886792453,0.8687362562779966,0.0,1.0505909518750403,0.0,10,2850,
emb_tf-exemplar-human,80,donor_crc,0.9722176345952883,0.972280701754386,0.9316546762589928,0.9443519083038654,0.0,2.4409289952374342,0.0,10,2850,
emb_tf-exemplar-human,81,cell_pooled,0.8899027154939898,0.8904494382022472,0.7703180212014135,0.8507160126464571,0.1,1.0460569141281106,0.0017556179775280898,10,2848,0.8944246737841044
emb_tf-exemplar-human,81,donor_weighted,0.8891960017130709,0.889747191011236,0.7632508833922261,0.8500092988655384,0.1,1.043582125891049,0.002106741573033708,10,2848,
emb_tf-exemplar-human,81,donor_crc,0.9705931824046067,0.9708567415730337,0.9175627240143369,0.9254404829277495,0.0,1.8792212699347366,0.0,10,2848,
emb_tf-exemplar-human,82,cell_pooled,0.9020260448373707,0.901933216168717,0.8305084745762712,0.8681572304363505,0.0,1.0458446094671774,0.0,10,2845,0.9081209247184351
emb_tf-exemplar-human,82,donor_weighted,0.9020260448373707,0.901933216168717,0.8305084745762712,0.8681572304363505,0.0,1.0458446094671774,0.0,10,2845,
emb_tf-exemplar-human,82,donor_crc,0.9789879702755238,0.9789103690685413,0.9389830508474576,0.9647616144372637,0.0,2.320454807688401,0.0,10,2845,
emb_tf-exemplar-human,83,cell_pooled,0.9139295650428764,0.9142958748221907,0.8303886925795053,0.8833960121150933,0.0,1.0278502651307113,0.0007112375533428165,10,2812,0.8928781636256622
emb_tf-exemplar-human,83,donor_weighted,0.9139295650428764,0.9142958748221907,0.8303886925795053,0.8833960121150933,0.0,1.0278502651307113,0.0007112375533428165,10,2812,
emb_tf-exemplar-human,83,donor_crc,0.9733953319636394,0.9733285917496444,0.9446494464944649,0.9526792303637323,0.0,1.6195418867894333,0.0,10,2812,
emb_tf-exemplar-human,84,cell_pooled,0.9039282523549665,0.9043079096045198,0.8741007194244604,0.879410071942446,0.0,1.08515872354836,0.0,10,2832,0.8995840760546643
emb_tf-exemplar-human,84,donor_weighted,0.9060079095889823,0.9064265536723164,0.8741007194244604,0.8826827992151733,0.0,1.0882918187019963,0.0,10,2832,
emb_tf-exemplar-human,84,donor_crc,0.9751959303596461,0.975635593220339,0.9244604316546763,0.95935780787135,0.0,1.9963817744009156,0.0,10,2832,
emb_tf-exemplar-human,85,cell_pooled,0.8811104433389053,0.8826916156890968,0.8113207547169812,0.8280070754716982,0.0,0.9703059351479894,0.02986685858222382,10,2779,0.9036993540810335
emb_tf-exemplar-human,85,donor_weighted,0.8811104433389053,0.8826916156890968,0.8113207547169812,0.8280070754716982,0.0,0.9703059351479894,0.02986685858222382,10,2779,
emb_tf-exemplar-human,85,donor_crc,0.9823027228035807,0.9827275998560633,0.9533898305084746,0.9663067249863314,0.0,2.2770288949345745,0.0,10,2779,
emb_tf-exemplar-human,86,cell_pooled,0.9020368849021668,0.9025767737380869,0.8033898305084746,0.8713546080508474,0.0,1.024086109703633,0.0017649135192375574,10,2833,0.9006582884500299
emb_tf-exemplar-human,86,donor_weighted,0.9020368849021668,0.9025767737380869,0.8033898305084746,0.8713546080508474,0.0,1.024086109703633,0.0017649135192375574,10,2833,
emb_tf-exemplar-human,86,donor_crc,0.9702422114616291,0.9699964701729615,0.9016949152542373,0.941608340446287,0.0,1.624559822376422,0.0,10,2833,
emb_tf-exemplar-human,87,cell_pooled,0.9127985378144663,0.9127824858757062,0.8669064748201439,0.8696906474820144,0.0,1.0718073997435975,0.0,10,2832,0.9033033033033033
emb_tf-exemplar-human,87,donor_weighted,0.9194488788640859,0.9194915254237288,0.8741007194244604,0.879410071942446,0.0,1.0871839395124372,0.0,10,2832,
emb_tf-exemplar-human,87,donor_crc,0.9872775971734372,0.9872881355932204,0.9496402877697842,0.9679640287769784,0.0,3.5352898904234378,0.0,10,2832,
emb_tf-exemplar-human,88,cell_pooled,0.8882837723823924,0.8889288281811646,0.8601694915254238,0.8649260400616333,0.0,0.9999908346700221,0.007189072609633357,10,2782,0.8781902552204176
emb_tf-exemplar-human,88,donor_weighted,0.8871889781460401,0.8878504672897196,0.8601694915254238,0.8649260400616333,0.0,0.9971089786112897,0.008626887131560028,10,2782,
emb_tf-exemplar-human,88,donor_crc,0.9722990888581489,0.9726815240833933,0.9449152542372882,0.9484164400994968,0.0,1.5389783984868655,0.0,10,2782,
emb_tf-exemplar-human,89,cell_pooled,0.9082687521365405,0.9083215796897038,0.8576271186440678,0.8728813559322034,0.0,1.0417243132863603,0.0014104372355430183,10,2836,0.8979468599033816
emb_tf-exemplar-human,89,donor_weighted,0.9107596822634166,0.9107898448519041,0.8610169491525423,0.8732203389830508,0.0,1.0506693165385772,0.0010578279266572638,10,2836,
emb_tf-exemplar-human,89,donor_crc,0.9849263597259368,0.9848377997179125,0.9496402877697842,0.9522521643701988,0.0,2.410602251477637,0.0,10,2836,
emb_tf-exemplar-human,90,cell_pooled,0.8934167044680847,0.8933193424274222,0.7773851590106007,0.8367385159010601,0.1,1.0191276454477456,0.0031479538300104933,10,2859,0.903169014084507
emb_tf-exemplar-human,90,donor_weighted,0.8934167044680847,0.8933193424274222,0.7773851590106007,0.8367385159010601,0.1,1.0191276454477456,0.0031479538300104933,10,2859,
emb_tf-exemplar-human,90,donor_crc,0.9657526154791853,0.9653725078698846,0.9419795221843004,0.9453843928963961,0.0,1.567781939102991,0.0,10,2859,
emb_tf-exemplar-human,91,cell_pooled,0.8848186974937002,0.8844663613948573,0.8433333333333334,0.8515995203836931,0.0,1.0195992356890282,0.0014089468122578373,10,2839,0.8866705813270699
emb_tf-exemplar-human,91,donor_weighted,0.8855381219541318,0.8851708348009862,0.8433333333333334,0.8515995203836931,0.0,1.0210212795639437,0.0010567101091933778,10,2839,
emb_tf-exemplar-human,91,donor_crc,0.9613858883071422,0.9612539626629095,0.9133333333333333,0.9136354916067146,0.0,1.5555814058217767,0.0,10,2839,
emb_tf-exemplar-human,92,cell_pooled,0.9047539631261371,0.904424778761062,0.826530612244898,0.8790559389223316,0.0,1.0535605394234087,0.0,10,2825,0.8925233644859814
emb_tf-exemplar-human,92,donor_weighted,0.9047539631261371,0.904424778761062,0.826530612244898,0.8790559389223316,0.0,1.0535605394234087,0.0,10,2825,
emb_tf-exemplar-human,92,donor_crc,0.9743931610115192,0.9745132743362832,0.960431654676259,0.960431654676259,0.0,2.2175602575024955,0.0,10,2825,
emb_tf-exemplar-human,93,cell_pooled,0.9081328330281855,0.9080701754385965,0.8576271186440678,0.8692159492744788,0.0,1.0500870108303224,0.0003508771929824561,10,2850,0.9049562682215744
emb_tf-exemplar-human,93,donor_weighted,0.9077651859693618,0.907719298245614,0.8576271186440678,0.8692159492744788,0.0,1.0490295035276689,0.0003508771929824561,10,2850,
emb_tf-exemplar-human,93,donor_crc,0.9724163408596981,0.972280701754386,0.9423728813559322,0.9531846565566459,0.0,2.0321473267830568,0.0,10,2850,
emb_tf-exemplar-human,94,cell_pooled,0.919298255629065,0.920863309352518,0.8389830508474576,0.8588135593220338,0.0,1.0346398178814051,0.002158273381294964,10,2780,0.8921626399528579
emb_tf-exemplar-human,94,donor_weighted,0.9189581195746431,0.9205035971223021,0.8389830508474576,0.8588135593220338,0.0,1.0336085861000794,0.002158273381294964,10,2780,
emb_tf-exemplar-human,94,donor_crc,0.9803195004327927,0.981294964028777,0.9449152542372882,0.9646022265307399,0.0,1.8146142812091568,0.0,10,2780,
emb_tf-exemplar-human,95,cell_pooled,0.883125296506682,0.8843390804597702,0.773851590106007,0.8210292268072109,0.1,1.0201434104992486,0.003232758620689655,10,2784,0.893957345971564
emb_tf-exemplar-human,95,donor_weighted,0.8853861816956382,0.8864942528735632,0.784452296819788,0.8297164161226568,0.1,1.0234533584342778,0.003232758620689655,10,2784,
emb_tf-exemplar-human,95,donor_crc,0.9737765785947632,0.9744971264367817,0.9172661870503597,0.9383367881965614,0.0,2.2228436434472045,0.0,10,2784,
emb_tf-exemplar-human,96,cell_pooled,0.9084501254056448,0.908224496999647,0.8766666666666667,0.8814166666666666,0.0,1.0502588385088318,0.00035298270384751147,10,2833,0.8903456495828367
emb_tf-exemplar-human,96,donor_weighted,0.9087879632434828,0.9085774797034946,0.8766666666666667,0.8814166666666666,0.0,1.0512911207911142,0.00035298270384751147,10,2833,
emb_tf-exemplar-human,96,donor_crc,0.985850828272989,0.9858806918460995,0.974910394265233,0.9764910394265233,0.0,2.588966310027717,0.0,10,2833,
emb_tf-exemplar-human,97,cell_pooled,0.8834252564257916,0.8830044998269297,0.8372881355932204,0.8403389830508474,0.0,0.996660198230322,0.010038075458636206,10,2889,0.9052189562087583
emb_tf-exemplar-human,97,donor_weighted,0.8841055285346352,0.8836967808930426,0.8372881355932204,0.8403389830508474,0.0,0.9983810695298923,0.010038075458636206,10,2889,
emb_tf-exemplar-human,97,donor_crc,0.9690932660763087,0.9691934925579785,0.9457627118644067,0.9457627118644067,0.0,1.8444412095498293,0.0,10,2889,
emb_tf-exemplar-human,98,cell_pooled,0.8872007306261113,0.8876683203401843,0.8301886792452831,0.8553825042881646,0.0,0.993519909648013,0.011693834160170093,10,2822,0.8966942148760331
emb_tf-exemplar-human,98,donor_weighted,0.8857771339640623,0.8862508858965273,0.8264150943396227,0.8517324185248714,0.0,0.9914137111781176,0.012048192771084338,10,2822,
emb_tf-exemplar-human,98,donor_crc,0.9661617999136871,0.9663359319631467,0.9064748201438849,0.9261313529821305,0.0,1.4858819782673518,0.0,10,2822,
emb_tf-exemplar-human,99,cell_pooled,0.9134138068758247,0.9134107708553326,0.8333333333333334,0.8786060606060606,0.0,1.0439611526517694,0.0,10,2841,0.8895417156286721
emb_tf-exemplar-human,99,donor_weighted,0.9130501705121883,0.9130587821189722,0.8333333333333334,0.8753333333333333,0.0,1.043253873676449,0.0,10,2841,
emb_tf-exemplar-human,99,donor_crc,0.9748490753888512,0.9746568109820486,0.94,0.9619715302491103,0.0,1.6377354524370893,0.0,10,2841,
emb_scvi,0,cell_pooled,0.9014519809102094,0.9012860618700035,0.8406779661016949,0.8554963680387409,0.0,1.0069436015383357,0.01737921445950643,10,2877,0.9077555816686251
emb_scvi,0,donor_weighted,0.9028385834985724,0.902676399026764,0.8406779661016949,0.8554963680387409,0.0,1.0093891359300504,0.015988877302745917,10,2877,
emb_scvi,0,donor_crc,0.9760949755064721,0.9760166840458812,0.9423728813559322,0.952451573849879,0.0,1.4191849994296817,0.0,10,2877,
emb_scvi,1,cell_pooled,0.8823632970755103,0.883357041251778,0.8389830508474576,0.8397576800847457,0.0,1.0448031709040706,0.007112375533428165,10,2812,0.9089306698002351
emb_scvi,1,donor_weighted,0.8823632970755103,0.883357041251778,0.8389830508474576,0.8397576800847457,0.0,1.044117014088403,0.007112375533428165,10,2812,
emb_scvi,1,donor_crc,0.9720395785139557,0.9726173541963016,0.940677966101695,0.9550677966101695,0.0,1.5153408280514429,0.0,10,2812,
emb_scvi,2,cell_pooled,0.8643151694428515,0.8658580092757759,0.8129251700680272,0.8134959068373112,0.0,0.9793277982236435,0.025330003567606136,10,2803,0.9062683069712947
emb_scvi,2,donor_weighted,0.8639580265857086,0.8655012486621477,0.8129251700680272,0.8134959068373112,0.0,0.9789706553665006,0.025686764181234393,10,2803,
emb_scvi,2,donor_crc,0.9525060820662853,0.9532643596146986,0.9194915254237288,0.9345023440317346,0.0,1.3123414071913968,0.0,10,2803,
emb_scvi,3,cell_pooled,0.8911362134046238,0.8931826467371491,0.7711864406779662,0.8396186440677966,0.1,1.03607144027436,0.0032810791104629965,10,2743,0.9083969465648855
emb_scvi,3,donor_weighted,0.8911362134046238,0.8931826467371491,0.7711864406779662,0.8396186440677966,0.1,1.03607144027436,0.0032810791104629965,10,2743,
emb_scvi,3,donor_crc,0.9724512529253208,0.973386802770689,0.9194915254237288,0.9433880014632362,0.0,1.483561647567972,0.0,10,2743,
emb_scvi,4,cell_pooled,0.8858165385941559,0.8873290136789057,0.7491166077738516,0.795674372641792,0.1,1.0199362516589683,0.007919366450683946,10,2778,0.9064919594997022
emb_scvi,4,donor_weighted,0.8858165385941559,0.8873290136789057,0.7491166077738516,0.795674372641792,0.1,1.0199362516589683,0.007919366450683946,10,2778,
emb_scvi,4,donor_crc,0.9683774018511683,0.968682505399568,0.9187279151943463,0.9537371982990956,0.0,1.4662513906963544,0.0,10,2778,
emb_scvi,5,cell_pooled,0.8829332158385734,0.8836705202312138,0.828125,0.8418125000000001,0.0,0.9974707622775423,0.016979768786127166,10,2768,0.9004076878276063
emb_scvi,5,donor_weighted,0.8829332158385734,0.8836705202312138,0.828125,0.8418125000000001,0.0,0.9974707622775423,0.016979768786127166,10,2768,
emb_scvi,5,donor_crc,0.963104950301388,0.9642341040462428,0.9067796610169492,0.9406779661016949,0.0,1.3481607375432294,0.0,10,2768,
emb_scvi,6,cell_pooled,0.9088936790968771,0.9091549295774648,0.7809187279151943,0.8682613643169432,0.1,1.075515688397004,0.002112676056338028,10,2840,0.893452380952381
emb_scvi,6,donor_weighted,0.9081484441677992,0.9084507042253521,0.7809187279151943,0.8682613643169432,0.1,1.0740624866483885,0.002112676056338028,10,2840,
emb_scvi,6,donor_crc,0.9767811126855397,0.9767605633802817,0.9222614840989399,0.9525651314607415,0.0,1.5044723289951656,0.0,10,2840,
emb_scvi,7,cell_pooled,0.8810852023663556,0.8816931982633864,0.8382352941176471,0.843397997496871,0.0,1.0045801922572744,0.012662807525325614,10,2764,0.907656341320865
emb_scvi,7,donor_weighted,0.8803039523663555,0.8809696092619392,0.8382352941176471,0.8431985294117648,0.0,1.0034552996455905,0.012662807525325614,10,2764,
emb_scvi,7,donor_crc,0.9644517873032479,0.9645441389290883,0.9446494464944649,0.9481414152376818,0.0,1.3811141989185143,0.0,10,2764,
emb_scvi,8,cell_pooled,0.861568174084017,0.8619081779053085,0.7455830388692579,0.8120583038869258,0.1,0.9869552123423867,0.021162123385939743,10,2788,0.8944575471698113
emb_scvi,8,donor_weighted,0.8622751085364552,0.8626255380200861,0.7455830388692579,0.8151833038869257,0.1,0.9901148381013758,0.018651362984218076,10,2788,
emb_scvi,8,donor_crc,0.9579005664374186,0.9583931133428981,0.9140625,0.9309822217314487,0.0,1.383718194845541,0.0,10,2788,
emb_scvi,9,cell_pooled,0.8957777678516958,0.897445124145376,0.7561837455830389,0.8314777495583039,0.1,1.0276109854475504,0.004318100035984167,10,2779,0.9043988269794722
emb_scvi,9,donor_weighted,0.8957777678516958,0.897445124145376,0.7561837455830389,0.8314777495583039,0.1,1.0276109854475504,0.004318100035984167,10,2779,
emb_scvi,9,donor_crc,0.9811225349741953,0.9816480748470673,0.9533898305084746,0.9539962268671018,0.0,1.4291109758850402,0.0,10,2779,
emb_scvi,10,cell_pooled,0.8563353296076699,0.8562412342215989,0.6996466431095406,0.7985360928823827,0.1,0.9829338277753414,0.025596072931276297,10,2852,0.9040139616055847
emb_scvi,10,donor_weighted,0.85564058362417,0.8555399719495091,0.6996466431095406,0.7954748683925867,0.1,0.9818857249013823,0.026297335203366058,10,2852,
emb_scvi,10,donor_crc,0.9690640669067259,0.9691444600280504,0.9392857142857143,0.9398649671882887,0.0,1.534892680279682,0.0,10,2852,
emb_scvi,11,cell_pooled,0.9109275033515761,0.9110797459421313,0.8678571428571429,0.883188591983556,0.0,1.041639725110996,0.003175723359209598,10,2834,0.8884997081144191
emb_scvi,11,donor_weighted,0.9109275033515761,0.9110797459421313,0.8678571428571429,0.883188591983556,0.0,1.0412693547406255,0.0035285815102328866,10,2834,
emb_scvi,11,donor_crc,0.9689500151233421,0.9689484827099506,0.9481481481481482,0.9498148148148148,0.0,1.3709490596625973,0.0,10,2834,
emb_scvi,12,cell_pooled,0.9300252072226449,0.9296218487394958,0.8766666666666667,0.893090395480226,0.0,1.0758163272686598,0.0,10,2856,0.9146121467227901
emb_scvi,12,donor_weighted,0.9300252072226449,0.9296218487394958,0.8766666666666667,0.893090395480226,0.0,1.0758163272686598,0.0,10,2856,
emb_scvi,12,donor_crc,0.978635877699584,0.978641456582633,0.9520295202952029,0.9555419350803678,0.0,1.4453032787179396,0.0,10,2856,
emb_scvi,13,cell_pooled,0.8855203699752945,0.8851018973998594,0.826530612244898,0.8422275293095962,0.0,1.0357535176472696,0.008081517919887562,10,2846,0.8998793727382388
emb_scvi,13,donor_weighted,0.8869223962435726,0.8865073787772312,0.8299319727891157,0.842567665364018,0.0,1.0382285265285436,0.008081517919887562,10,2846,
emb_scvi,13,donor_crc,0.9806228190735649,0.9806746310611384,0.9568345323741008,0.9637685596203888,0.0,1.5708190554444246,0.0,10,2846,
emb_scvi,14,cell_pooled,0.9180116790231059,0.9183315807921486,0.8652482269503546,0.8675962512664641,0.0,1.027268096725768,0.004907115317209955,10,2853,0.9032825322391559
emb_scvi,14,donor_weighted,0.9176480426594695,0.917981072555205,0.8652482269503546,0.8675962512664641,0.0,1.0265408239984952,0.004907115317209955,10,2853,
emb_scvi,14,donor_crc,0.9781675518966984,0.9782684893094987,0.9464285714285714,0.9531534954407295,0.0,1.35476033226552,0.0,10,2853,
emb_scvi,15,cell_pooled,0.8729465267513584,0.8735800659582265,0.734982332155477,0.8285829789782596,0.1,1.0075622619674964,0.010626603151337486,10,2729,0.897093023255814
emb_scvi,15,donor_weighted,0.8740376229942817,0.8746793697325027,0.734982332155477,0.8285829789782596,0.1,1.0093456981517268,0.009527299377061194,10,2729,
emb_scvi,15,donor_crc,0.9631628182523894,0.9629901062660315,0.9151943462897526,0.9304480060575467,0.0,1.4544163058916875,0.0,10,2729,
emb_scvi,16,cell_pooled,0.927703307080785,0.9276939276939277,0.8779661016949153,0.9109282827673564,0.0,1.0624477170213988,0.001404001404001404,10,2849,0.8895451860602481
emb_scvi,16,donor_weighted,0.927703307080785,0.9276939276939277,0.8779661016949153,0.9109282827673564,0.0,1.0624477170213988,0.001404001404001404,10,2849,
emb_scvi,16,donor_crc,0.9782336782691484,0.9782379782379782,0.9520295202952029,0.9555419350803678,0.0,1.412963982871998,0.0,10,2849,
emb_scvi,17,cell_pooled,0.9231099448208175,0.9233997901364114,0.8900709219858156,0.8905165261608458,0.0,1.1068769649804544,0.0,10,2859,0.8949554896142433
emb_scvi,17,donor_weighted,0.9224220015584061,0.9227002448408534,0.8865248226950354,0.8901619162317678,0.0,1.1048211974255735,0.0,10,2859,
emb_scvi,17,donor_crc,0.9848682581949036,0.9849597761455055,0.974910394265233,0.9751506138946084,0.0,1.551802548962786,0.0,10,2859,
emb_scvi,18,cell_pooled,0.9037951191091833,0.905511811023622,0.8220338983050848,0.866271186440678,0.0,1.0564241689219696,0.003937007874015748,10,2794,0.9054373522458629
emb_scvi,18,donor_weighted,0.9037951191091833,0.905511811023622,0.8220338983050848,0.866271186440678,0.0,1.0564241689219696,0.003937007874015748,10,2794,
emb_scvi,18,donor_crc,0.9711647902740358,0.972083035075161,0.9279661016949152,0.9561299435028249,0.0,1.3929613677706456,0.0,10,2794,
emb_scvi,19,cell_pooled,0.8970025090982585,0.8969654199011997,0.8490566037735849,0.8537192196993924,0.0,1.028127004575934,0.0077628793225123505,10,2834,0.8895417156286721
emb_scvi,19,donor_weighted,0.8966466372121376,0.8966125617501765,0.8490566037735849,0.8537192196993924,0.0,1.0267164005992728,0.008115737473535639,10,2834,
emb_scvi,19,donor_crc,0.9699523379219885,0.9700070571630205,0.9566666666666667,0.9617044025157233,0.0,1.3744247277441315,0.0,10,2834,
emb_scvi,20,cell_pooled,0.8797643500129473,0.87995787995788,0.7455830388692579,0.8000685079685584,0.1,1.0174369487368167,0.010179010179010179,10,2849,0.8964497041420119
emb_scvi,20,donor_weighted,0.8801177069034066,0.8803088803088803,0.7491166077738516,0.8004218648590178,0.1,1.017790305627276,0.010179010179010179,10,2849,
emb_scvi,20,donor_crc,0.9588543214852965,0.9589329589329589,0.8939929328621908,0.9411850075719334,0.0,1.412267214964799,0.0,10,2849,
emb_scvi,21,cell_pooled,0.9021301763838341,0.9027581329561527,0.8469387755102041,0.8546157525510204,0.0,1.045894524974332,0.0010608203677510608,10,2828,0.9024390243902439
emb_scvi,21,donor_weighted,0.9032376472619703,0.9038189533239038,0.8469387755102041,0.8581313775510204,0.0,1.0473421319068899,0.0010608203677510608,10,2828,
emb_scvi,21,donor_crc,0.9738857621320328,0.9741867043847242,0.9520295202952029,0.953417237743806,0.0,1.3751013253540911,0.0,10,2828,
emb_scvi,22,cell_pooled,0.8875772604095227,0.8867325335215244,0.7597173144876325,0.8045431600201919,0.1,1.0829070005879595,0.0014114326040931546,10,2834,0.8600237247924081
emb_scvi,22,donor_weighted,0.8896941425274496,0.888849682427664,0.7667844522968198,0.8083110982909065,0.1,1.087522473584143,0.001058574453069866,10,2834,
emb_scvi,22,donor_crc,0.9688117581706758,0.9685956245589273,0.9257950530035336,0.9435999134636187,0.0,1.6082672297851093,0.0,10,2834,
emb_scvi,23,cell_pooled,0.8983985352072542,0.8988684582743989,0.8368055555555556,0.8540195386064031,0.0,1.0626564016629136,0.004243281471004243,10,2828,0.916267942583732
emb_scvi,23,donor_weighted,0.8987318685405876,0.8992220650636492,0.8368055555555556,0.8540195386064031,0.0,1.0636759402693166,0.0038896746817538895,10,2828,
emb_scvi,23,donor_crc,0.9781715929179443,0.9787835926449788,0.9364406779661016,0.9623940677966102,0.0,1.55790368920599,0.0,10,2828,
emb_scvi,24,cell_pooled,0.9090600771394177,0.9088975540588444,0.8129251700680272,0.8826623800205013,0.0,1.0796852283973661,0.001772421127259837,10,2821,0.9039715471250741
emb_scvi,24,donor_weighted,0.9090600771394177,0.9088975540588444,0.8129251700680272,0.8826623800205013,0.0,1.0796852283973661,0.001772421127259837,10,2821,
emb_scvi,24,donor_crc,0.9816627888028411,0.9815668202764977,0.9726027397260274,0.9727704780542353,0.0,1.567382554336676,0.0,10,2821,
emb_scvi,25,cell_pooled,0.9168339560872715,0.917170280838962,0.8716981132075472,0.8769657296881016,0.0,1.0471895764289207,0.0028439388553146107,10,2813,0.9010077059869591
emb_scvi,25,donor_weighted,0.9172113145778376,0.9175257731958762,0.8754716981132076,0.8773430881786677,0.0,1.0490104994623664,0.002488446498400284,10,2813,
emb_scvi,25,donor_crc,0.9770011217750494,0.9772484891574831,0.9660377358490566,0.9667144746919167,0.0,1.4425881560910223,0.0,10,2813,
emb_scvi,26,cell_pooled,0.9045027713301431,0.9054726368159204,0.8432203389830508,0.856197033898305,0.0,1.0342662121409179,0.004619758351101635,10,2814,0.9172087522176227
emb_scvi,26,donor_weighted,0.9045027713301431,0.9054726368159204,0.8432203389830508,0.856197033898305,0.0,1.0342662121409179,0.004619758351101635,10,2814,
emb_scvi,26,donor_crc,0.9758699392544179,0.976545842217484,0.940677966101695,0.9584562858188026,0.0,1.436358727477241,0.0,10,2814,
emb_scvi,27,cell_pooled,0.9260471904283868,0.926382529059528,0.8920863309352518,0.8966554416041636,0.0,1.1089644117726527,0.0,10,2839,0.8915876777251185
emb_scvi,27,donor_weighted,0.9264030623145079,0.9267347657625925,0.8920863309352518,0.8966554416041636,0.0,1.1111311819999212,0.0,10,2839,
emb_scvi,27,donor_crc,0.9780506633806144,0.9781613244100035,0.9640287769784173,0.9643744079469521,0.0,1.4891633292367883,0.0,10,2839,
emb_scvi,28,cell_pooled,0.9036596548948308,0.9042741080890144,0.8439716312056738,0.865468591691996,0.0,1.0164921456478813,0.006711409395973154,10,2831,0.8998232174425457
emb_scvi,28,donor_weighted,0.9036596548948308,0.9042741080890144,0.8439716312056738,0.865468591691996,0.0,1.0164921456478813,0.006711409395973154,10,2831,
emb_scvi,28,donor_crc,0.9787244570142862,0.9788060755916638,0.950354609929078,0.9564640324214793,0.0,1.3964585452415221,0.0,10,2831,
emb_scvi,29,cell_pooled,0.8842178167068614,0.8839915373765868,0.7703180212014135,0.8610995987303108,0.1,1.0536976983477355,0.004231311706629055,10,2836,0.9122182680901542
emb_scvi,29,donor_weighted,0.8849415439676911,0.8846967559943583,0.773851590106007,0.8614529556207702,0.1,1.0579484018672651,0.003526093088857546,10,2836,
emb_scvi,29,donor_crc,0.9700572272614918,0.9700282087447109,0.9328621908127208,0.9566760495897466,0.0,1.5916400833991486,0.0,10,2836,
emb_scvi,30,cell_pooled,0.9008133075601817,0.9009135628952917,0.8372881355932204,0.8770621468926554,0.0,1.0082267410184629,0.011243851018973999,10,2846,0.8902654867256637
emb_scvi,30,donor_weighted,0.9008133075601817,0.9009135628952917,0.8372881355932204,0.8770621468926554,0.0,1.0082267410184629,0.011243851018973999,10,2846,
emb_scvi,30,donor_crc,0.9706493921337754,0.9708362614195362,0.9518518518518518,0.9555241682360327,0.0,1.2901237937085432,0.0,10,2846,
emb_scvi,31,cell_pooled,0.8957449431074613,0.8958406151695212,0.8367346938775511,0.8528224055579678,0.0,1.0199271160330556,0.005592450192240475,10,2861,0.8987951807228916
emb_scvi,31,donor_weighted,0.8957449431074613,0.8958406151695212,0.8367346938775511,0.8528224055579678,0.0,1.0206246661011096,0.005592450192240475,10,2861,
emb_scvi,31,donor_crc,0.978935752711082,0.9790283117790982,0.960431654676259,0.9715533695492585,0.0,1.480105200600524,0.0,10,2861,
emb_scvi,32,cell_pooled,0.9006321629421725,0.9024126755491537,0.809322033898305,0.8500231124807396,0.0,1.0457573667036226,0.0007202016564638099,10,2777,0.899880810488677
emb_scvi,32,donor_weighted,0.9006321629421725,0.9024126755491537,0.809322033898305,0.8500231124807396,0.0,1.0457573667036226,0.0007202016564638099,10,2777,
emb_scvi,32,donor_crc,0.9633113172956291,0.9639899171768095,0.9054545454545454,0.93715562403698,0.0,1.4898639699478216,0.0,10,2777,
emb_scvi,33,cell_pooled,0.9189837894742554,0.9193954659949622,0.88671875,0.8890178957612457,0.0,1.0908243072860402,0.0,10,2779,0.9033989266547406
emb_scvi,33,donor_weighted,0.9197517729648215,0.920115149334293,0.889273356401384,0.8904898356401384,0.0,1.0923427835955306,0.0,10,2779,
emb_scvi,33,donor_crc,0.9778958453277727,0.9780496581504138,0.9592592592592593,0.9653598881900769,0.0,1.3945536555421305,0.0,10,2779,
emb_scvi,34,cell_pooled,0.8801992750203732,0.8799142244460328,0.8338983050847457,0.8583050847457627,0.0,0.9853512593839889,0.020729092208720514,10,2798,0.9076470588235294
emb_scvi,34,donor_weighted,0.8801992750203732,0.8799142244460328,0.8338983050847457,0.8583050847457627,0.0,0.9864192486493156,0.019656897784131523,10,2798,
emb_scvi,34,donor_crc,0.9700368360623802,0.9699785561115082,0.9491525423728814,0.9549152542372882,0.0,1.3856072983814822,0.0,10,2798,
emb_scvi,35,cell_pooled,0.8857600310257434,0.8861788617886179,0.7420494699646644,0.8335799469964664,0.1,1.0129900161007668,0.01661364439731354,10,2829,0.8993448481238833
emb_scvi,35,donor_weighted,0.8857600310257434,0.8861788617886179,0.7420494699646644,0.8335799469964664,0.1,1.0129900161007668,0.01661364439731354,10,2829,
emb_scvi,35,donor_crc,0.9723976208215305,0.9724284199363733,0.9328621908127208,0.9576747082899052,0.0,1.4837642647529796,0.0,10,2829,
emb_scvi,36,cell_pooled,0.9131679469426895,0.9128616242593238,0.7959183673469388,0.854591836734694,0.1,1.0626163423572634,0.0024398745207389336,10,2869,0.9027283511269276
emb_scvi,36,donor_weighted,0.9131679469426895,0.9128616242593238,0.7959183673469388,0.854591836734694,0.1,1.0626163423572634,0.0024398745207389336,10,2869,
emb_scvi,36,donor_crc,0.9846520229644831,0.984663645869641,0.95578231292517,0.967453231292517,0.0,1.5158707210338083,0.0,10,2869,
emb_scvi,37,cell_pooled,0.8821478147706013,0.8831122266045177,0.7526501766784452,0.8283900176678446,0.1,1.0525204925140776,0.006453926138400861,10,2789,0.9288653733098178
emb_scvi,37,donor_weighted,0.8821478147706013,0.8831122266045177,0.7526501766784452,0.8283900176678446,0.1,1.0525204925140776,0.006453926138400861,10,2789,
emb_scvi,37,donor_crc,0.9759448091538407,0.9763356041591968,0.9469964664310954,0.9527504941007366,0.0,1.569542876768365,0.0,10,2789,
emb_scvi,38,cell_pooled,0.9036966913041544,0.9044222539229672,0.8359375,0.8621404628027682,0.0,1.049657748075393,0.0010699001426533524,10,2804,0.8875878220140515
emb_scvi,38,donor_weighted,0.9029705447569745,0.9037089871611983,0.8359375,0.8621404628027682,0.0,1.047894454441644,0.0010699001426533524,10,2804,
emb_scvi,38,donor_crc,0.9708473867102546,0.9714693295292439,0.9296875,0.9447544642857143,0.0,1.4453081653248403,0.0,10,2804,
emb_scvi,39,cell_pooled,0.8974916056448767,0.8985042735042735,0.85,0.8503061224489795,0.0,1.0212378731131346,0.007478632478632479,10,2808,0.8958210712183637
emb_scvi,39,donor_weighted,0.8974916056448767,0.8985042735042735,0.85,0.8503061224489795,0.0,1.0212378731131346,0.007478632478632479,10,2808,
emb_scvi,39,donor_crc,0.971842582912678,0.9725783475783476,0.9322033898305084,0.9482203389830508,0.0,1.3940543351918948,0.0,10,2808,
emb_scvi,40,cell_pooled,0.9072233722533236,0.9071478626489138,0.8435374149659864,0.8722782697984854,0.0,1.0077645976849636,0.011562718990889979,10,2854,0.9097429766885834
emb_scvi,40,donor_weighted,0.9082810028527332,0.9081990189208129,0.8503401360544217,0.8763547683224233,0.0,1.010241788380113,0.010861948142957253,10,2854,
emb_scvi,40,donor_crc,0.9808333857172092,0.9807288016818501,0.9692832764505119,0.9724385317266838,0.0,1.4031213951624157,0.0,10,2854,
emb_scvi,41,cell_pooled,0.9140306568878062,0.914153955303299,0.8603773584905661,0.8731563799168532,0.0,1.0573483534967636,0.0024831500532103584,10,2819,0.8947055324211779
emb_scvi,41,donor_weighted,0.9154706363435967,0.9155728981908479,0.8641509433962264,0.8735337384074192,0.0,1.0594901218987627,0.0017736786094359701,10,2819,
emb_scvi,41,donor_crc,0.9808474851141176,0.9808442710180916,0.9627118644067797,0.9711840784267407,0.0,1.5401292242632973,0.0,10,2819,
emb_scvi,42,cell_pooled,0.8987724043111717,0.8995010691375623,0.782312925170068,0.8333160382797187,0.1,1.0397184656973102,0.003920171062009979,10,2806,0.8957845433255269
emb_scvi,42,donor_weighted,0.8983486754976123,0.8991446899501069,0.782312925170068,0.8295024789576848,0.1,1.0386109582176455,0.0042765502494654314,10,2806,
emb_scvi,42,donor_crc,0.9680394829874948,0.9686386315039202,0.9217687074829932,0.9311599215957569,0.0,1.4002063300860068,0.0,10,2806,
emb_scvi,43,cell_pooled,0.8796432922881465,0.8802740714028129,0.8125,0.8401483050847457,0.0,1.0012863193447636,0.016588532275513886,10,2773,0.8991841491841492
emb_scvi,43,donor_weighted,0.878948847843702,0.8795528308690949,0.8055555555555556,0.8394538606403013,0.0,0.9998982819203937,0.01730977280923188,10,2773,
emb_scvi,43,donor_crc,0.9741335826246236,0.9747565813198702,0.940677966101695,0.9574011299435028,0.0,1.4941956160055536,0.0,10,2773,
emb_scvi,44,cell_pooled,0.8845706811109275,0.885077793493635,0.8542372881355932,0.8545146379044684,0.0,0.9908385409594278,0.019801980198019802,10,2828,0.890337877889745
emb_scvi,44,donor_weighted,0.885976193515573,0.8864922206506365,0.8542372881355932,0.8553456038135593,0.0,0.9965137790219989,0.016265912305516265,10,2828,
emb_scvi,44,donor_crc,0.9785999654765176,0.9787835926449788,0.9532374100719424,0.9658691955526488,0.0,1.5110901531890106,0.0,10,2828,
emb_scvi,45,cell_pooled,0.8992833775856648,0.8993956629932457,0.8610169491525423,0.8642266949152543,0.0,1.0386198161169204,0.008176324209029506,10,2813,0.8967359050445104
emb_scvi,45,donor_weighted,0.8992833775856648,0.8993956629932457,0.8610169491525423,0.8642266949152543,0.0,1.0396907210960955,0.008176324209029506,10,2813,
emb_scvi,45,donor_crc,0.972578184828756,0.9722715961606826,0.9322033898305084,0.9532203389830509,0.0,1.4583443124407596,0.0,10,2813,
emb_scvi,46,cell_pooled,0.9206857092270493,0.9215406562054208,0.8333333333333334,0.8356770833333333,0.0,1.0753623665971475,0.0007132667617689016,10,2804,0.9107896323086196
emb_scvi,46,donor_weighted,0.9214176776466934,0.9222539229671898,0.8333333333333334,0.8356770833333333,0.0,1.078546667877073,0.0007132667617689016,10,2804,
emb_scvi,46,donor_crc,0.9793589740391972,0.9796718972895863,0.9453125,0.9639190051020408,0.0,1.4826680760326592,0.0,10,2804,
emb_scvi,47,cell_pooled,0.8994415105785499,0.8997194950911641,0.8472222222222222,0.8690079365079365,0.0,1.0535697207595365,0.00455820476858345,10,2852,0.901833234772324
emb_scvi,47,donor_weighted,0.8994415105785499,0.8997194950911641,0.8472222222222222,0.8690079365079365,0.0,1.0535697207595365,0.00455820476858345,10,2852,
emb_scvi,47,donor_crc,0.9747075029798333,0.9747545582047685,0.960431654676259,0.9608118487416473,0.0,1.5143601425207902,0.0,10,2852,
emb_scvi,48,cell_pooled,0.9197990303178836,0.9203730272596844,0.8537414965986394,0.8671538106768131,0.0,1.0519499661445402,0.0014347202295552368,10,2788,0.9013505578391074
emb_scvi,48,donor_weighted,0.9197990303178836,0.9203730272596844,0.8537414965986394,0.8671538106768131,0.0,1.0516109830936926,0.0014347202295552368,10,2788,
emb_scvi,48,donor_crc,0.9813812948717745,0.9820659971305595,0.940677966101695,0.9665167762020062,0.0,1.3968596135404518,0.0,10,2788,
emb_scvi,49,cell_pooled,0.9279478421685379,0.9280906836698548,0.8605442176870748,0.8827210884353741,0.0,1.0375272504870414,0.003542330853701736,10,2823,0.8939304655274013
emb_scvi,49,donor_weighted,0.9279478421685379,0.9280906836698548,0.8605442176870748,0.8827210884353741,0.0,1.0382258094805314,0.003542330853701736,10,2823,
emb_scvi,49,donor_crc,0.9825341331983848,0.9826425788168615,0.9592592592592593,0.9653136810279667,0.0,1.3074299065948805,0.0,10,2823,
emb_scvi,50,cell_pooled,0.9263139807461476,0.9262753319357093,0.875,0.8789893617021277,0.0,1.0636660525975064,0.0017470300489168414,10,2862,0.9159159159159159
emb_scvi,50,donor_weighted,0.929094029696374,0.9290705800139762,0.8819444444444444,0.8860667848699764,0.0,1.0685184646201538,0.001397624039133473,10,2862,
emb_scvi,50,donor_crc,0.9832843381752433,0.9832285115303984,0.9666666666666667,0.9679432624113475,0.0,1.4510786533758084,0.0,10,2862,
emb_scvi,51,cell_pooled,0.8677117211726284,0.8684495843874233,0.734982332155477,0.7980745044019883,0.1,0.9986824872701389,0.01554029634983737,10,2767,0.9176954732510288
emb_scvi,51,donor_weighted,0.8684418037732146,0.869172388868811,0.734982332155477,0.7980745044019883,0.1,1.0001588385274416,0.015178894109143477,10,2767,
emb_scvi,51,donor_crc,0.9500486295015966,0.9508492952656307,0.902542372881356,0.9075687249206444,0.0,1.3518277491759974,0.0,10,2767,
emb_scvi,52,cell_pooled,0.8784719706306745,0.8779697624190065,0.8366666666666667,0.8494293785310735,0.0,1.0160066887610784,0.007919366450683946,10,2778,0.9087719298245615
emb_scvi,52,donor_weighted,0.8784719706306745,0.8779697624190065,0.8366666666666667,0.8494293785310735,0.0,1.0167002817410038,0.007919366450683946,10,2778,
emb_scvi,52,donor_crc,0.9632945350452286,0.9632829373650108,0.9372693726937269,0.9419283761182936,0.0,1.4196933231617446,0.0,10,2778,
emb_scvi,53,cell_pooled,0.8820319078769548,0.8819175185054635,0.7925170068027211,0.8261267006802722,0.1,1.0093312569820736,0.017976735988720478,10,2837,0.9119905493207324
emb_scvi,53,donor_weighted,0.8820319078769548,0.8819175185054635,0.7925170068027211,0.8261267006802722,0.1,1.0093312569820736,0.017976735988720478,10,2837,
emb_scvi,53,donor_crc,0.9657976998809227,0.9658089531194924,0.9217687074829932,0.9453018707482993,0.0,1.4058269670448122,0.0,10,2837,
emb_scvi,54,cell_pooled,0.8804965137185607,0.8813987022350397,0.8404255319148937,0.8429408582762351,0.0,1.0096170891939944,0.00973323720259553,10,2774,0.8973004694835681
emb_scvi,54,donor_weighted,0.8804965137185607,0.8813987022350397,0.8404255319148937,0.8429408582762351,0.0,1.0096170891939944,0.00973323720259553,10,2774,
emb_scvi,54,donor_crc,0.9610805579100259,0.9621485219899063,0.9067796610169492,0.9456779661016949,0.0,1.3670044785313877,0.0,10,2774,
emb_scvi,55,cell_pooled,0.9099465813804375,0.9122617763394463,0.8135593220338984,0.8442465572033898,0.0,1.075587751804131,0.0003595828838547285,10,2781,0.9078558771411696
emb_scvi,55,donor_weighted,0.9096064453260159,0.9119021934555915,0.8135593220338984,0.8442465572033898,0.0,1.0726748399070511,0.0003595828838547285,10,2781,
emb_scvi,55,donor_crc,0.9759389262754239,0.9769866954332974,0.923728813559322,0.9557627118644068,0.0,1.5083084705228482,0.0,10,2781,
emb_scvi,56,cell_pooled,0.8981203088827534,0.8982161594963274,0.851063829787234,0.8629635258358663,0.0,1.033174105749879,0.005946135012242042,10,2859,0.8921800947867299
emb_scvi,56,donor_weighted,0.8981203088827534,0.8982161594963274,0.851063829787234,0.8629635258358663,0.0,1.033174105749879,0.005946135012242042,10,2859,
emb_scvi,56,donor_crc,0.9733285440046263,0.9734172787688002,0.9464285714285714,0.9590313463514902,0.0,1.4876726490008463,0.0,10,2859,
emb_scvi,57,cell_pooled,0.8954804067427793,0.8953900709219859,0.7809187279151943,0.8398775870772337,0.1,1.0537291516318799,0.006382978723404255,10,2820,0.9180825242718447
emb_scvi,57,donor_weighted,0.8958350166718573,0.8957446808510638,0.7809187279151943,0.8398775870772337,0.1,1.054083761560958,0.006382978723404255,10,2820,
emb_scvi,57,donor_crc,0.9737035884449401,0.973758865248227,0.9469964664310954,0.9580329799764429,0.0,1.5056999349025457,0.0,10,2820,
emb_scvi,58,cell_pooled,0.8921174097806558,0.8924693520140105,0.7561837455830389,0.8535844762532192,0.1,1.0332056703982733,0.004903677758318739,10,2855,0.902122641509434
emb_scvi,58,donor_weighted,0.8921174097806558,0.8924693520140105,0.7561837455830389,0.8535844762532192,0.1,1.032852313507814,0.004903677758318739,10,2855,
emb_scvi,58,donor_crc,0.9687410688558693,0.9688266199649738,0.9222614840989399,0.9373108941726058,0.0,1.4063925025669497,0.0,10,2855,
emb_scvi,59,cell_pooled,0.9279316386205563,0.9278711484593838,0.8813559322033898,0.8840539605672777,0.0,1.0585660777815953,0.0007002801120448179,10,2856,0.9107142857142857
emb_scvi,59,donor_weighted,0.9279316386205563,0.9278711484593838,0.8813559322033898,0.8840539605672777,0.0,1.0582259417271735,0.0007002801120448179,10,2856,
emb_scvi,59,donor_crc,0.9846363524198634,0.9845938375350141,0.9679715302491103,0.9723903733638941,0.0,1.465156210269938,0.0,10,2856,
emb_scvi,60,cell_pooled,0.9087073656827827,0.9092526690391459,0.7809187279151943,0.8550449977915194,0.1,1.0690711225997627,0.00035587188612099647,10,2810,0.8877489438744719
emb_scvi,60,donor_weighted,0.9108301497681565,0.9113879003558719,0.7915194346289752,0.8561050684628976,0.1,1.0747503676315886,0.0,10,2810,
emb_scvi,60,donor_crc,0.9796674756768363,0.9800711743772242,0.94140625,0.9717206961743772,0.0,1.671703957596236,0.0,10,2810,
emb_scvi,61,cell_pooled,0.871561163076699,0.8720848056537103,0.7420494699646644,0.802776375567895,0.1,0.997164087977702,0.0215547703180212,10,2830,0.8808664259927798
emb_scvi,61,donor_weighted,0.8730118587480771,0.8734982332155476,0.7526501766784452,0.8038364462392731,0.1,0.9999872019857842,0.019787985865724382,10,2830,
emb_scvi,61,donor_crc,0.9715671279931535,0.9720848056537102,0.92578125,0.952782206632653,0.0,1.4327314147768695,0.0,10,2830,
emb_scvi,62,cell_pooled,0.9022180605706241,0.9018708083303918,0.8469387755102041,0.8725942334229065,0.0,1.0947382391572587,0.0,10,2833,0.9008363201911589
emb_scvi,62,donor_weighted,0.9022180605706241,0.9018708083303918,0.8469387755102041,0.8725942334229065,0.0,1.0964676996246612,0.0,10,2833,
emb_scvi,62,donor_crc,0.9788712546453613,0.9788210377691493,0.9466192170818505,0.958661921708185,0.0,1.626942353728613,0.0,10,2833,
emb_scvi,63,cell_pooled,0.8779673889301947,0.8789855072463768,0.8229166666666666,0.8276041666666667,0.0,0.9960575117996328,0.015942028985507246,10,2760,0.8972286374133949
emb_scvi,63,donor_weighted,0.8772859401259228,0.8782608695652174,0.8229166666666666,0.8276041666666667,0.0,0.9953760629953606,0.015942028985507246,10,2760,
emb_scvi,63,donor_crc,0.9703839831831743,0.9710144927536232,0.9444444444444444,0.9486817325800377,0.0,1.344701084493146,0.0,10,2760,
emb_scvi,64,cell_pooled,0.9015250892023199,0.9015929203539823,0.782312925170068,0.8593633679887049,0.1,1.0421062211048506,0.007079646017699115,10,2825,0.9036214953271028
emb_scvi,64,donor_weighted,0.9015250892023199,0.9015929203539823,0.782312925170068,0.8593633679887049,0.1,1.041755343911868,0.007433628318584071,10,2825,
emb_scvi,64,donor_crc,0.972407552896518,0.9723893805309735,0.9392857142857143,0.9449489795918368,0.0,1.424258420835924,0.0,10,2825,
emb_scvi,65,cell_pooled,0.8797472375715703,0.8803724928366762,0.7208480565371025,0.8260470698046537,0.1,1.0287358326889873,0.0068051575931232094,10,2792,0.8963911525029103
emb_scvi,65,donor_weighted,0.8793782338815334,0.8800143266475645,0.7208480565371025,0.8260470698046537,0.1,1.0273128929958093,0.0071633237822349575,10,2792,
emb_scvi,65,donor_crc,0.9656614082880806,0.9656160458452722,0.8904593639575972,0.9515459363957598,0.0,1.4515949988477885,0.0,10,2792,
emb_scvi,66,cell_pooled,0.8952470774694845,0.8957076977651649,0.7632508833922261,0.8563250883392226,0.1,1.0281786026983197,0.008158921603405462,10,2819,0.8942475305055201
emb_scvi,66,donor_weighted,0.8952470774694845,0.8957076977651649,0.7632508833922261,0.8563250883392226,0.1,1.0278227308121985,0.008158921603405462,10,2819,
emb_scvi,66,donor_crc,0.9739749543192353,0.9741042923022348,0.950530035335689,0.9562040826702596,0.0,1.4177910366589956,0.0,10,2819,
emb_scvi,67,cell_pooled,0.9198841040751586,0.9201277955271565,0.8679245283018868,0.8830636392708667,0.0,1.0751524897419065,0.001774937877174299,10,2817,0.8866906474820144
emb_scvi,67,donor_weighted,0.9198841040751586,0.9201277955271565,0.8679245283018868,0.8830636392708667,0.0,1.0751524897419065,0.001774937877174299,10,2817,
emb_scvi,67,donor_crc,0.9810598692223754,0.9811856585019524,0.9608540925266904,0.9689155979319143,0.0,1.5297337915038187,0.0,10,2817,
emb_scvi,68,cell_pooled,0.9268588709741022,0.9278642149929278,0.84375,0.8878352076124568,0.0,1.0964910103730774,0.0,10,2828,0.891213389121339
emb_scvi,68,donor_weighted,0.9268588709741022,0.9278642149929278,0.84375,0.8878352076124568,0.0,1.0964910103730774,0.0,10,2828,
emb_scvi,68,donor_crc,0.9791032305138465,0.9794908062234795,0.94140625,0.9723413170415225,0.0,1.5514096235909447,0.0,10,2828,
emb_scvi,69,cell_pooled,0.8709937297867333,0.8708869814020028,0.8229166666666666,0.835850988700565,0.0,0.983765081182634,0.01967095851216023,10,2796,0.908235294117647
emb_scvi,69,donor_weighted,0.8713843547867333,0.871244635193133,0.8229166666666666,0.835850988700565,0.0,0.9856004083996736,0.018955650929899856,10,2796,
emb_scvi,69,donor_crc,0.9699810228628823,0.9699570815450643,0.953405017921147,0.9578405017921148,0.0,1.3757732862147944,0.0,10,2796,
emb_scvi,70,cell_pooled,0.914749120306664,0.9156028368794327,0.8515625,0.8638796542553192,0.0,1.0509194726743618,0.002127659574468085,10,2820,0.8948931116389549
emb_scvi,70,donor_weighted,0.914749120306664,0.9156028368794327,0.8515625,0.8638796542553192,0.0,1.0509194726743618,0.002127659574468085,10,2820,
emb_scvi,70,donor_crc,0.9765489337765338,0.9765957446808511,0.9609929078014184,0.9628889586768208,0.0,1.4045366362696499,0.0,10,2820,
emb_scvi,71,cell_pooled,0.9138757510018852,0.9142554693013408,0.8645833333333334,0.877172619047619,0.0,1.0555472863587478,0.0024700070571630206,10,2834,0.9094138543516874
emb_scvi,71,donor_weighted,0.9138757510018852,0.9142554693013408,0.8645833333333334,0.877172619047619,0.0,1.0555472863587478,0.0024700070571630206,10,2834,
emb_scvi,71,donor_crc,0.9740977328492655,0.9742413549753,0.9535714285714286,0.9578571428571429,0.0,1.4208849652392797,0.0,10,2834,
emb_scvi,72,cell_pooled,0.8787595384112515,0.8785638859556494,0.8299319727891157,0.8415646258503402,0.0,1.0196972413127559,0.008799718409010912,10,2841,0.9041591320072333
emb_scvi,72,donor_weighted,0.8797923569440702,0.8796198521647307,0.8299319727891157,0.8447789115646258,0.0,1.0210977069043978,0.008799718409010912,10,2841,
emb_scvi,72,donor_crc,0.9682456723667174,0.9683210137275607,0.9428571428571428,0.9527963525835866,0.0,1.4755183446763906,0.0,10,2841,
emb_scvi,73,cell_pooled,0.9043684171592344,0.9045313040470425,0.8367346938775511,0.8546734693877551,0.0,1.067628130030847,0.0010377032168799724,10,2891,0.9055923030667469
emb_scvi,73,donor_weighted,0.9043684171592344,0.9045313040470425,0.8367346938775511,0.8546734693877551,0.0,1.067628130030847,0.0010377032168799724,10,2891,
emb_scvi,73,donor_crc,0.9840879496557869,0.9840885506745071,0.97,0.974090909090909,0.0,1.5915338454409886,0.0,10,2891,
emb_scvi,74,cell_pooled,0.8912985522675958,0.8922858158549591,0.8226950354609929,0.8230858300767115,0.0,0.9891790095184078,0.01955207963028795,10,2813,0.8898809523809523
emb_scvi,74,donor_weighted,0.8912985522675958,0.8922858158549591,0.8226950354609929,0.8230858300767115,0.0,0.9891790095184078,0.01955207963028795,10,2813,
emb_scvi,74,donor_crc,0.9722792186484754,0.9729825808745112,0.9322033898305084,0.9517309772809232,0.0,1.3644269159283808,0.0,10,2813,
emb_scvi,75,cell_pooled,0.8664165432656219,0.8665725379456407,0.7173144876325088,0.8064970737632509,0.1,0.9842846912337064,0.020120014119308152,10,2833,0.908716136631331
emb_scvi,75,donor_weighted,0.8664165432656219,0.8665725379456407,0.7173144876325088,0.8064970737632509,0.1,0.9842846912337064,0.020120014119308152,10,2833,
emb_scvi,75,donor_crc,0.9584174920270891,0.9583480409459937,0.9187279151943463,0.9339066898245194,0.0,1.3421358992286332,0.0,10,2833,
emb_scvi,76,cell_pooled,0.9013072156530126,0.9014585556741374,0.8576271186440678,0.8708690948431302,0.0,1.0562118763043657,0.0021344717182497333,10,2811,0.9052132701421801
emb_scvi,76,donor_weighted,0.9013072156530126,0.9014585556741374,0.8576271186440678,0.8708690948431302,0.0,1.0562118763043657,0.0021344717182497333,10,2811,
emb_scvi,76,donor_crc,0.977137107194682,0.9772323016720028,0.9627118644067797,0.9630608543373569,0.0,1.5330441432681756,0.0,10,2811,
emb_scvi,77,cell_pooled,0.8463627460333324,0.8456040028591851,0.7137809187279152,0.7853780918727915,0.2,0.9769960613220665,0.030378842030021443,10,2798,0.9047058823529411
emb_scvi,77,donor_weighted,0.8463627460333324,0.8456040028591851,0.7137809187279152,0.7853780918727915,0.2,0.9773494182125259,0.030378842030021443,10,2798,
emb_scvi,77,donor_crc,0.9596431244395888,0.959614010007148,0.9045936395759717,0.9304593639575972,0.0,1.4762652890686763,0.0,10,2798,
emb_scvi,78,cell_pooled,0.9077688090728444,0.9082503556187767,0.8545454545454545,0.8752504638218924,0.0,1.0499988452086546,0.0021337126600284497,10,2812,0.8955847255369929
emb_scvi,78,donor_weighted,0.9088013851036173,0.9093172119487909,0.8545454545454545,0.8752504638218924,0.0,1.0527905182497466,0.0021337126600284497,10,2812,
emb_scvi,78,donor_crc,0.9811639373109633,0.9818634423897582,0.9309090909090909,0.9403565340909091,0.0,1.609980194366892,0.0,10,2812,
emb_scvi,79,cell_pooled,0.8865494308309323,0.8865797816132441,0.7809187279151943,0.8568152770468386,0.1,1.0404013415255382,0.008805917576611482,10,2839,0.9014251781472684
emb_scvi,79,donor_weighted,0.8868954515921779,0.8869320183163085,0.7809187279151943,0.8568152770468386,0.1,1.042511194287834,0.008805917576611482,10,2839,
emb_scvi,79,donor_crc,0.9644527940293905,0.9644240929904896,0.9434628975265018,0.9528569280505225,0.0,1.5124878592161604,0.0,10,2839,
emb_scvi,80,cell_pooled,0.9076897749389458,0.907719298245614,0.8673469387755102,0.8799550328606018,0.0,1.0843272556738452,0.003157894736842105,10,2850,0.9059029807130333
emb_scvi,80,donor_weighted,0.9069875969553053,0.9070175438596492,0.8673469387755102,0.8799550328606018,0.0,1.083284941635783,0.003157894736842105,10,2850,
emb_scvi,80,donor_crc,0.9806743455932535,0.980701754385965,0.9679715302491103,0.9692461326167477,0.0,1.6041980029741172,0.0,10,2850,
emb_scvi,81,cell_pooled,0.8827609188373611,0.8827247191011236,0.7420494699646644,0.8211437225066706,0.1,1.023472929107669,0.011235955056179775,10,2848,0.9068801897983393
emb_scvi,81,donor_weighted,0.8834653625376747,0.8834269662921348,0.7420494699646644,0.8211437225066706,0.1,1.0270014989854657,0.009831460674157303,10,2848,
emb_scvi,81,donor_crc,0.9786673314174555,0.9785814606741573,0.9548611111111112,0.960503778955634,0.0,1.5706471922969822,0.0,10,2848,
emb_scvi,82,cell_pooled,0.8979455270826838,0.8977152899824253,0.8541666666666666,0.8705230496453901,0.0,1.0302839865430338,0.00492091388400703,10,2845,0.8879668049792531
emb_scvi,82,donor_weighted,0.8979455270826838,0.8977152899824253,0.8541666666666666,0.8705230496453901,0.0,1.030631208765256,0.00492091388400703,10,2845,
emb_scvi,82,donor_crc,0.9759762369261692,0.9760984182776802,0.9627118644067797,0.9629378531073446,0.0,1.529424564867588,0.0,10,2845,
emb_scvi,83,cell_pooled,0.8944616067003848,0.8947368421052632,0.7561837455830389,0.8351928426434103,0.1,1.0220384250306185,0.00604551920341394,10,2812,0.9134785167745733
emb_scvi,83,donor_weighted,0.8944616067003848,0.8947368421052632,0.7561837455830389,0.8351928426434103,0.1,1.0220384250306185,0.00604551920341394,10,2812,
emb_scvi,83,donor_crc,0.967125556807251,0.9672830725462305,0.9187279151943463,0.9453783265747853,0.0,1.4137472717869533,0.0,10,2812,
emb_scvi,84,cell_pooled,0.921511757272528,0.9212570621468926,0.8877551020408163,0.8948906181177507,0.0,1.086652830114128,0.0007062146892655367,10,2832,0.9037433155080213
emb_scvi,84,donor_weighted,0.9222139352561685,0.9219632768361582,0.8877551020408163,0.8981280281896931,0.0,1.0873550080977687,0.0007062146892655367,10,2832,
emb_scvi,84,donor_crc,0.98620292464853,0.986228813559322,0.9693877551020408,0.9743581303489137,0.0,1.5641393176432161,0.0,10,2832,
emb_scvi,85,cell_pooled,0.8710479284363976,0.8729758906081324,0.7923728813559322,0.8011122881355932,0.1,0.9823566078198958,0.022310183519251528,10,2779,0.903112155020552
emb_scvi,85,donor_weighted,0.8703338696091312,0.8722562072688017,0.7923728813559322,0.8011122881355932,0.1,0.9816425489926294,0.023029866858582222,10,2779,
emb_scvi,85,donor_crc,0.9612365392681952,0.9622166246851386,0.9067796610169492,0.942805625676163,0.0,1.385293453105241,0.0,10,2779,
emb_scvi,86,cell_pooled,0.9065516735333681,0.906812566184257,0.847457627118644,0.8666606563288857,0.0,1.0408217647248557,0.0024708789269325803,10,2833,0.9042489527229204
emb_scvi,86,donor_weighted,0.9065516735333681,0.906812566184257,0.847457627118644,0.8666606563288857,0.0,1.0408217647248557,0.0024708789269325803,10,2833,
emb_scvi,86,donor_crc,0.9837684738925679,0.9837627956230145,0.9593220338983051,0.9714424074714632,0.0,1.4554113831547333,0.0,10,2833,
emb_scvi,87,cell_pooled,0.9026569381279927,0.902542372881356,0.8503401360544217,0.8637574178607613,0.0,1.0392245098943522,0.0035310734463276836,10,2832,0.8798798798798799
emb_scvi,87,donor_weighted,0.9033661579861487,0.9032485875706214,0.8503401360544217,0.8701403965841656,0.0,1.0409601086493911,0.0035310734463276836,10,2832,
emb_scvi,87,donor_crc,0.9709486852391513,0.971045197740113,0.948339483394834,0.9581672816728167,0.0,1.420637996386282,0.0,10,2832,
emb_scvi,88,cell_pooled,0.898157357113735,0.899352983465133,0.8389830508474576,0.8522656520235212,0.0,1.0290361790484153,0.006110711718188354,10,2782,0.8793503480278422
emb_scvi,88,donor_weighted,0.8967277941493617,0.8979151689432063,0.8389830508474576,0.8492044275337253,0.0,1.0276066160840416,0.006110711718188354,10,2782,
emb_scvi,88,donor_crc,0.9733210927715635,0.97411933860532,0.940677966101695,0.9608574645068484,0.0,1.4402756737488365,0.0,10,2782,
emb_scvi,89,cell_pooled,0.9129694210581579,0.9129055007052186,0.8645833333333334,0.8705261299435029,0.0,1.05596151386148,0.0014104372355430183,10,2836,0.8919082125603864
emb_scvi,89,donor_weighted,0.9140369998309605,0.9139633286318759,0.8711864406779661,0.8714936440677966,0.0,1.0588213274800955,0.0014104372355430183,10,2836,
emb_scvi,89,donor_crc,0.9833255679001933,0.9834273624823695,0.9676258992805755,0.9723558102670405,0.0,1.581893330250003,0.0,10,2836,
emb_scvi,90,cell_pooled,0.8902969414195969,0.8905211612451907,0.7561837455830389,0.8496183745583039,0.1,1.0614215488275773,0.0017488632388947185,10,2859,0.9107981220657277
emb_scvi,90,donor_weighted,0.8899556444912691,0.8901713885974116,0.7561837455830389,0.8496183745583039,0.1,1.0607293747062672,0.002098635886673662,10,2859,
emb_scvi,90,donor_crc,0.9762482842763702,0.9762154599510319,0.9222614840989399,0.9665118626956083,0.0,1.5329331152168597,0.0,10,2859,
emb_scvi,91,cell_pooled,0.8846946614175784,0.8837618879887285,0.7925170068027211,0.8532517006802721,0.1,1.0247857287052522,0.013384994716449454,10,2839,0.8931297709923665
emb_scvi,91,donor_weighted,0.8846946614175784,0.8837618879887285,0.7925170068027211,0.8532517006802721,0.1,1.0247857287052522,0.013384994716449454,10,2839,
emb_scvi,91,donor_crc,0.9741057593659409,0.97393448397323,0.9659863945578231,0.9665986394557823,0.0,1.5152591490328253,0.0,10,2839,
emb_scvi,92,cell_pooled,0.8986694140515212,0.8984070796460177,0.8197278911564626,0.878375666813488,0.0,1.0553931479916638,0.00247787610619469,10,2825,0.8960280373831776
emb_scvi,92,donor_weighted,0.8983097018213053,0.8980530973451327,0.8197278911564626,0.878375666813488,0.0,1.0539830031884858,0.00247787610619469,10,2825,
emb_scvi,92,donor_crc,0.9721800250964039,0.9723893805309735,0.948339483394834,0.9559850274761741,0.0,1.4848371886544658,0.0,10,2825,
emb_scvi,93,cell_pooled,0.9102474272718366,0.9101754385964912,0.8610169491525423,0.8673516949152542,0.0,1.0677899075185828,0.0017543859649122807,10,2850,0.921865889212828
emb_scvi,93,donor_weighted,0.9102474272718366,0.9101754385964912,0.8610169491525423,0.8673516949152542,0.0,1.0674426852963605,0.0017543859649122807,10,2850,
emb_scvi,93,donor_crc,0.9842104181730926,0.9842105263157894,0.9652777777777778,0.9721209981167608,0.0,1.7374780882768135,0.0,10,2850,
emb_scvi,94,cell_pooled,0.9106234503243626,0.9118705035971223,0.8432203389830508,0.8592372881355932,0.0,1.0438299171678171,0.005035971223021582,10,2780,0.9039481437831467
emb_scvi,94,donor_weighted,0.910283314269941,0.9115107913669065,0.8432203389830508,0.8592372881355932,0.0,1.0428140977258475,0.005035971223021582,10,2780,
emb_scvi,94,donor_crc,0.977212881219433,0.9776978417266187,0.940677966101695,0.957457627118644,0.0,1.4614143288913761,0.0,10,2780,
emb_scvi,95,cell_pooled,0.8608852430722658,0.8613505747126436,0.734982332155477,0.8171152544921435,0.1,0.9884888038860075,0.023347701149425287,10,2784,0.9040284360189573
emb_scvi,95,donor_weighted,0.8608852430722658,0.8613505747126436,0.734982332155477,0.8171152544921435,0.1,0.9884888038860075,0.023347701149425287,10,2784,
emb_scvi,95,donor_crc,0.9576284060571126,0.9579741379310345,0.9045936395759717,0.9370695334491227,0.0,1.4320331994886335,0.0,10,2784,
emb_scvi,96,cell_pooled,0.9019963644078697,0.9018708083303918,0.8541666666666666,0.8577570921985815,0.0,1.072893750402026,0.002117896223085069,10,2833,0.8879618593563766
emb_scvi,96,donor_weighted,0.9030685669295402,0.9029297564419343,0.8576388888888888,0.8612958037825059,0.0,1.0774833521709808,0.0017649135192375574,10,2833,
emb_scvi,96,donor_crc,0.9766601470055646,0.9767031415460642,0.9566666666666667,0.959,0.0,1.4756284759327714,0.0,10,2833,
emb_scvi,97,cell_pooled,0.8862809616515246,0.885773624091381,0.8163265306122449,0.8347576530612245,0.0,1.0127978453675828,0.01523018345448252,10,2889,0.8962207558488302
emb_scvi,97,donor_weighted,0.886628183873747,0.8861197646244375,0.8163265306122449,0.8378826530612246,0.0,1.013145067589805,0.014884042921426099,10,2889,
emb_scvi,97,donor_crc,0.9682017152455782,0.9681550709588093,0.9288135593220339,0.9500242130750605,0.0,1.4638630691952244,0.0,10,2889,
emb_scvi,98,cell_pooled,0.8798630154565977,0.8798724309000708,0.7619047619047619,0.8199640610961366,0.1,1.0106411389384768,0.013465627214741318,10,2822,0.8937426210153483
emb_scvi,98,donor_weighted,0.8798630154565977,0.8798724309000708,0.7619047619047619,0.8199640610961366,0.1,1.0106411389384768,0.013465627214741318,10,2822,
emb_scvi,98,donor_crc,0.9693464359334184,0.969525159461375,0.9418181818181818,0.9513246753246752,0.0,1.4193253486841497,0.0,10,2822,
emb_scvi,99,cell_pooled,0.9194271149496422,0.9197465681098205,0.8714285714285714,0.8821428571428571,0.0,1.0502277946659817,0.00035198873636043646,10,2841,0.899529964747356
emb_scvi,99,donor_weighted,0.9194271149496422,0.9197465681098205,0.8714285714285714,0.8821428571428571,0.0,1.0502277946659817,0.00035198873636043646,10,2841,
emb_scvi,99,donor_crc,0.9776838225520261,0.9778247096092925,0.95,0.9652205882352941,0.0,1.3810681462970726,0.0,10,2841,
