embedding,triple,rep,reference,calibration,target,n_classes,method,donor_mean_coverage,cell_pooled_coverage,donor_min_coverage,donor_q10_coverage,frac_donors_poorly_covered,mean_set_size,frac_empty_sets,n_donors,n_cells,reported_random_split_coverage
emb_tf-sapiens,0,0,blood_B,blood_C,blood_D,6,cell_pooled,0.8975560215760832,0.8974616737873837,0.5362318840579711,0.832560618172129,0.06666666666666667,1.0005948110576584,0.0030158331239004774,30,3979,0.9083029197080292
emb_tf-sapiens,0,0,blood_B,blood_C,blood_D,6,classwise,0.8888533827111217,0.888665493842674,0.4855072463768116,0.8307407407407408,0.06666666666666667,0.9963717466527083,0.023372706710228702,30,3979,
emb_tf-sapiens,0,0,blood_B,blood_C,blood_D,6,donor_weighted,0.8975560215760832,0.8974616737873837,0.5362318840579711,0.832560618172129,0.06666666666666667,1.0005948110576584,0.0030158331239004774,30,3979,
emb_tf-sapiens,0,0,blood_B,blood_C,blood_D,6,donor_crc,0.9078585193764475,0.9077657702940437,0.5579710144927537,0.8521652421652421,0.06666666666666667,1.027014764695729,0.0,30,3979,
emb_tf-sapiens,0,0,blood_B,blood_C,blood_D,6,tcp_standard_thr,0.8975560215760832,0.8974616737873837,0.5362318840579711,0.832560618172129,0.06666666666666667,1.0005948110576584,0.0030158331239004774,30,3979,
emb_tf-sapiens,0,0,blood_B,blood_C,blood_D,6,tcp_standard_aps,0.813761228075283,0.8137723045991455,0.5434782608695652,0.7753074626865671,0.3333333333333333,0.9435735432041686,0.10781603417944208,30,3979,
emb_tf-sapiens,0,0,blood_B,blood_C,blood_D,6,tcp_classwise_thr,0.8888533827111217,0.888665493842674,0.4855072463768116,0.8307407407407408,0.06666666666666667,0.9963717466527083,0.023372706710228702,30,3979,
emb_tf-sapiens,0,0,blood_B,blood_C,blood_D,6,tcp_cluster_thr,0.8915784596001756,0.8914300075395828,0.5,0.8314814814814815,0.06666666666666667,1.0014540673529508,0.015833123900477506,30,3979,
emb_tf-sapiens,0,1,blood_B,blood_C,blood_D,6,cell_pooled,0.9697674923559857,0.9687743950039032,0.9206349206349206,0.9390977443609022,0.0,1.7709075749178171,0.0,30,3843,0.9042407660738714
emb_tf-sapiens,0,1,blood_B,blood_C,blood_D,6,classwise,0.8988581066148185,0.8969555035128806,0.6551724137931034,0.80859375,0.1,1.0942957203979502,0.038771792870153525,30,3843,
emb_tf-sapiens,0,1,blood_B,blood_C,blood_D,6,donor_weighted,0.9695168657895696,0.9685141816289358,0.9206349206349206,0.9388334116541354,0.0,1.7701576563028134,0.0,30,3843,
emb_tf-sapiens,0,1,blood_B,blood_C,blood_D,6,donor_crc,0.9720773526693007,0.9711163153786104,0.9285714285714286,0.9406516290726817,0.0,1.9685274004953934,0.0,30,3843,
emb_tf-sapiens,0,1,blood_B,blood_C,blood_D,6,tcp_standard_thr,0.9697674923559857,0.9687743950039032,0.9206349206349206,0.9390977443609022,0.0,1.7709075749178171,0.0,30,3843,
emb_tf-sapiens,0,1,blood_B,blood_C,blood_D,6,tcp_standard_aps,0.9667837384686776,0.9656518345042935,0.9022556390977443,0.9388334116541354,0.0,1.768511152493032,0.0005204267499349467,30,3843,
emb_tf-sapiens,0,1,blood_B,blood_C,blood_D,6,tcp_classwise_thr,0.8988581066148185,0.8969555035128806,0.6551724137931034,0.80859375,0.1,1.0942957203979502,0.038771792870153525,30,3843,
emb_tf-sapiens,0,1,blood_B,blood_C,blood_D,6,tcp_cluster_thr,0.9035073506778667,0.9013791308873276,0.6521739130434783,0.8185505319148936,0.1,1.0621482708663117,0.050481394743689824,30,3843,
emb_tf-sapiens,1,0,blood_C,blood_B,blood_A,6,cell_pooled,0.9013443110215125,0.9016318087795909,0.7338129496402878,0.8441250241173066,0.03333333333333333,0.94391240696478,0.0558492300620547,30,4351,0.8916122004357299
emb_tf-sapiens,1,0,blood_C,blood_B,blood_A,6,classwise,0.80515956393431,0.8053321075614801,0.5774647887323944,0.670078551585401,0.3333333333333333,1.0015873695772641,0.08067111008963457,30,4351,
emb_tf-sapiens,1,0,blood_C,blood_B,blood_A,6,donor_weighted,0.9105263449410681,0.9108250976786946,0.7482014388489209,0.8518329153000193,0.03333333333333333,0.959611548131491,0.04022063893357849,30,4351,
emb_tf-sapiens,1,0,blood_C,blood_B,blood_A,6,donor_crc,0.9678099033532234,0.9678234888531372,0.8972602739726028,0.9342436255077571,0.0,1.1126208267505515,0.0,30,4351,
emb_tf-sapiens,1,0,blood_C,blood_B,blood_A,6,tcp_standard_thr,0.9013443110215125,0.9016318087795909,0.7338129496402878,0.8441250241173066,0.03333333333333333,0.94391240696478,0.0558492300620547,30,4351,
emb_tf-sapiens,1,0,blood_C,blood_B,blood_A,6,tcp_standard_aps,0.9288133871869692,0.9287520110319467,0.8561643835616438,0.8843537414965986,0.0,1.044579635142528,0.03148701447943002,30,4351,
emb_tf-sapiens,1,0,blood_C,blood_B,blood_A,6,tcp_classwise_thr,0.8546128230664645,0.8547460353941623,0.6095890410958904,0.765801784422474,0.16666666666666666,1.051267386079033,0.031027350034474835,30,4351,
emb_tf-sapiens,1,0,blood_C,blood_B,blood_A,6,tcp_cluster_thr,0.8195843345738134,0.8198115375775684,0.5342465753424658,0.6766765608492228,0.26666666666666666,1.0573052723711578,0.01011261778901402,30,4351,
emb_tf-sapiens,1,1,blood_C,blood_B,blood_A,6,cell_pooled,0.6778137515754601,0.6773894931728767,0.3904109589041096,0.49859154929577465,0.9333333333333333,0.6966306812899474,0.30386484610043973,30,4321,0.8865284974093264
emb_tf-sapiens,1,1,blood_C,blood_B,blood_A,6,classwise,0.6001633990514992,0.5991668595232585,0.2808219178082192,0.42799902865468675,0.9666666666666667,0.741257377556399,0.3121962508678547,30,4321,
emb_tf-sapiens,1,1,blood_C,blood_B,blood_A,6,donor_weighted,0.7566509663313064,0.7565378384633187,0.5342465753424658,0.5898393613876023,0.5333333333333333,0.7809994188695195,0.21916223096505438,30,4321,
emb_tf-sapiens,1,1,blood_C,blood_B,blood_A,6,donor_crc,0.9538797763528378,0.9539458458690118,0.910958904109589,0.9275053196879116,0.0,1.041243068957502,0.0,30,4321,
emb_tf-sapiens,1,1,blood_C,blood_B,blood_A,6,tcp_standard_thr,0.6778137515754601,0.6773894931728767,0.3904109589041096,0.49859154929577465,0.9333333333333333,0.6966306812899474,0.30386484610043973,30,4321,
emb_tf-sapiens,1,1,blood_C,blood_B,blood_A,6,tcp_standard_aps,0.9247138074889528,0.9247859291830595,0.8835616438356164,0.8949561077220651,0.0,1.0352106685157039,0.034482758620689655,30,4321,
emb_tf-sapiens,1,1,blood_C,blood_B,blood_A,6,tcp_classwise_thr,0.6460513798802262,0.6452210136542467,0.2945205479452055,0.4533511413307431,0.9333333333333333,0.7878690706030914,0.26544781300624853,30,4321,
emb_tf-sapiens,1,1,blood_C,blood_B,blood_A,6,tcp_cluster_thr,0.562629954453868,0.5616755380698912,0.2191780821917808,0.3583745717548535,0.9666666666666667,0.6651857262470486,0.34714186530895624,30,4321,
emb_tf-sapiens,2,0,blood_B,blood_D,blood_E,5,cell_pooled,0.859650756498352,0.8574240719910011,0.35766423357664234,0.7200923076923077,0.16666666666666666,0.9341678761549391,0.0672103487064117,30,3556,0.8822303282959875
emb_tf-sapiens,2,0,blood_B,blood_D,blood_E,5,classwise,0.8753677064071741,0.8742969628796401,0.5912408759124088,0.7345153846153846,0.16666666666666666,0.9388358937100402,0.07339707536557931,30,3556,
emb_tf-sapiens,2,0,blood_B,blood_D,blood_E,5,donor_weighted,0.859650756498352,0.8574240719910011,0.35766423357664234,0.7200923076923077,0.16666666666666666,0.9341678761549391,0.0672103487064117,30,3556,
emb_tf-sapiens,2,0,blood_B,blood_D,blood_E,5,donor_crc,0.8898826351591741,0.8883577052868391,0.5109489051094891,0.743,0.13333333333333333,0.9980211507803445,0.003093363329583802,30,3556,
emb_tf-sapiens,2,0,blood_B,blood_D,blood_E,5,tcp_standard_thr,0.859650756498352,0.8574240719910011,0.35766423357664234,0.7200923076923077,0.16666666666666666,0.9341678761549391,0.0672103487064117,30,3556,
emb_tf-sapiens,2,0,blood_B,blood_D,blood_E,5,tcp_standard_aps,0.8583778754338164,0.8574240719910011,0.6083333333333333,0.7824153846153846,0.16666666666666666,1.0137195610861265,0.06271091113610798,30,3556,
emb_tf-sapiens,2,0,blood_B,blood_D,blood_E,5,tcp_classwise_thr,0.875614619987421,0.874578177727784,0.5912408759124088,0.7345153846153846,0.16666666666666666,0.939082807290287,0.07311586051743532,30,3556,
emb_tf-sapiens,2,0,blood_B,blood_D,blood_E,5,tcp_cluster_thr,0.8493783065251636,0.8470191226096738,0.3795620437956204,0.7082033639143731,0.2,0.9184609571612493,0.08380202474690664,30,3556,
emb_tf-sapiens,2,1,blood_B,blood_D,blood_E,5,cell_pooled,0.8339794149718875,0.8307515777395296,0.5547445255474452,0.692914979757085,0.36666666666666664,0.902838551138658,0.09982788296041308,30,3486,0.9092365189535504
emb_tf-sapiens,2,1,blood_B,blood_D,blood_E,5,classwise,0.8526118362143796,0.8496844520940906,0.5547445255474452,0.7537062937062937,0.26666666666666666,0.9147244191244835,0.09982788296041308,30,3486,
emb_tf-sapiens,2,1,blood_B,blood_D,blood_E,5,donor_weighted,0.8307668667730446,0.827596098680436,0.5474452554744526,0.6914102564102564,0.36666666666666664,0.8980547143860901,0.10470453241537579,30,3486,
emb_tf-sapiens,2,1,blood_B,blood_D,blood_E,5,donor_crc,0.8619578912289093,0.8591508892713712,0.6496350364963503,0.7412666666666666,0.3,0.9555188389334416,0.04589787722317843,30,3486,
emb_tf-sapiens,2,1,blood_B,blood_D,blood_E,5,tcp_standard_thr,0.8339794149718875,0.8307515777395296,0.5547445255474452,0.692914979757085,0.36666666666666664,0.902838551138658,0.09982788296041308,30,3486,
emb_tf-sapiens,2,1,blood_B,blood_D,blood_E,5,tcp_standard_aps,0.8517151834029858,0.851118760757315,0.7083333333333334,0.7723503649635037,0.2,1.0503397873843674,0.06282271944922548,30,3486,
emb_tf-sapiens,2,1,blood_B,blood_D,blood_E,5,tcp_classwise_thr,0.8526118362143796,0.8496844520940906,0.5547445255474452,0.7537062937062937,0.26666666666666666,0.9147244191244835,0.09982788296041308,30,3486,
emb_tf-sapiens,2,1,blood_B,blood_D,blood_E,5,tcp_cluster_thr,0.8410225738245687,0.8376362593230063,0.48905109489051096,0.7248579545454545,0.3333333333333333,0.8945402005985919,0.10986804360298336,30,3486,
emb_tf-sapiens,3,0,blood_A,blood_D,blood_E,5,cell_pooled,0.8833224585271006,0.8840538219295734,0.6972477064220184,0.7822054054054054,0.13333333333333333,0.9859949133173239,0.014028056112224449,30,3493,0.9086589229144667
emb_tf-sapiens,3,0,blood_A,blood_D,blood_E,5,classwise,0.8849528056206243,0.8860578299456054,0.6146788990825688,0.7798625954198474,0.13333333333333333,0.9821155761270651,0.02719725164614944,30,3493,
emb_tf-sapiens,3,0,blood_A,blood_D,blood_E,5,donor_weighted,0.8839224585271005,0.8846263956484397,0.6972477064220184,0.7830054054054054,0.13333333333333333,0.9869612136836242,0.013169195533924993,30,3493,
emb_tf-sapiens,3,0,blood_A,blood_D,blood_E,5,donor_crc,0.9068671658769808,0.9075293444030919,0.7431192660550459,0.8234181818181818,0.06666666666666667,1.040619354618768,0.0,30,3493,
emb_tf-sapiens,3,0,blood_A,blood_D,blood_E,5,tcp_standard_thr,0.8833224585271006,0.8840538219295734,0.6972477064220184,0.7822054054054054,0.13333333333333333,0.9859949133173239,0.014028056112224449,30,3493,
emb_tf-sapiens,3,0,blood_A,blood_D,blood_E,5,tcp_standard_aps,0.8702009878281735,0.8708846263956485,0.7339449541284404,0.7816330578512397,0.16666666666666666,1.0234422188166494,0.050100200400801605,30,3493,
emb_tf-sapiens,3,0,blood_A,blood_D,blood_E,5,tcp_classwise_thr,0.8849528056206243,0.8860578299456054,0.6146788990825688,0.7798625954198474,0.13333333333333333,0.9821155761270651,0.02719725164614944,30,3493,
emb_tf-sapiens,3,0,blood_A,blood_D,blood_E,5,tcp_cluster_thr,0.8939084839028162,0.8946464357286,0.7339449541284404,0.8136792792792792,0.1,1.0049611741634303,0.009447466361294017,30,3493,
emb_tf-sapiens,3,1,blood_A,blood_D,blood_E,5,cell_pooled,0.8488606876241351,0.8492957746478873,0.6106870229007634,0.7307964601769911,0.2,0.9803549409458757,0.02028169014084507,30,3550,0.9021681649920676
emb_tf-sapiens,3,1,blood_A,blood_D,blood_E,5,classwise,0.8317255428243474,0.8309859154929577,0.6259541984732825,0.6789914772727272,0.3333333333333333,0.9106937672619521,0.11014084507042253,30,3550,
emb_tf-sapiens,3,1,blood_A,blood_D,blood_E,5,donor_weighted,0.8502447155026592,0.8507042253521127,0.6106870229007634,0.7325663716814159,0.2,0.9834311452107017,0.017183098591549296,30,3550,
emb_tf-sapiens,3,1,blood_A,blood_D,blood_E,5,donor_crc,0.882346510225925,0.8836619718309859,0.648854961832061,0.7708622908622909,0.2,1.062310643736823,0.0,30,3550,
emb_tf-sapiens,3,1,blood_A,blood_D,blood_E,5,tcp_standard_thr,0.8488606876241351,0.8492957746478873,0.6106870229007634,0.7307964601769911,0.2,0.9803549409458757,0.02028169014084507,30,3550,
emb_tf-sapiens,3,1,blood_A,blood_D,blood_E,5,tcp_standard_aps,0.8475088206362698,0.8490140845070423,0.6545454545454545,0.7473531382622292,0.2,1.0351679195724643,0.04647887323943662,30,3550,
emb_tf-sapiens,3,1,blood_A,blood_D,blood_E,5,tcp_classwise_thr,0.8347639762268741,0.8340845070422536,0.6259541984732825,0.6929870129870129,0.3333333333333333,0.913732200664479,0.10704225352112676,30,3550,
emb_tf-sapiens,3,1,blood_A,blood_D,blood_E,5,tcp_cluster_thr,0.8491285966182881,0.8495774647887324,0.6106870229007634,0.7316814159292035,0.2,0.9803358919049118,0.02028169014084507,30,3550,
emb_tf-sapiens,4,0,blood_D,blood_C,blood_A,6,cell_pooled,0.9245892423086969,0.9246967269398032,0.8333333333333334,0.8790302698260511,0.0,1.1196294434418375,0.0,30,4369,0.9028859367842419
emb_tf-sapiens,4,0,blood_D,blood_C,blood_A,6,classwise,0.9275839380045203,0.927672236209659,0.8611111111111112,0.8905009499050095,0.0,1.0733587367849318,0.011902037079423208,30,4369,
emb_tf-sapiens,4,0,blood_D,blood_C,blood_A,6,donor_weighted,0.9243655286621646,0.9244678416113528,0.8333333333333334,0.877044240514998,0.0,1.1177995317605356,0.0,30,4369,
emb_tf-sapiens,4,0,blood_D,blood_C,blood_A,6,donor_crc,0.9401273692799328,0.9402609292744335,0.8759124087591241,0.915795019157088,0.0,1.203586364694877,0.0,30,4369,
emb_tf-sapiens,4,0,blood_D,blood_C,blood_A,6,tcp_standard_thr,0.9245892423086969,0.9246967269398032,0.8333333333333334,0.8790302698260511,0.0,1.1196294434418375,0.0,30,4369,
emb_tf-sapiens,4,0,blood_D,blood_C,blood_A,6,tcp_standard_aps,0.9002330748005218,0.9004348821240559,0.7956204379562044,0.8746621621621622,0.03333333333333333,1.1609385767117,0.035706111238269625,30,4369,
emb_tf-sapiens,4,0,blood_D,blood_C,blood_A,6,tcp_classwise_thr,0.9275839380045203,0.927672236209659,0.8611111111111112,0.8905009499050095,0.0,1.0733587367849318,0.011902037079423208,30,4369,
emb_tf-sapiens,4,0,blood_D,blood_C,blood_A,6,tcp_cluster_thr,0.9215847434964703,0.9217212176699473,0.8591549295774648,0.8827967203279672,0.0,1.0432596303560095,0.01991302357518883,30,4369,
emb_tf-sapiens,4,1,blood_D,blood_C,blood_A,6,cell_pooled,0.9395849637441448,0.9396591432519577,0.8551724137931035,0.9037223340040241,0.0,1.0372008377516109,0.0006909258406264394,30,4342,0.9075091575091575
emb_tf-sapiens,4,1,blood_D,blood_C,blood_A,6,classwise,0.9172939244935228,0.9173192077383694,0.7887323943661971,0.8696874554017411,0.03333333333333333,1.0178000178871383,0.026485490557346846,30,4342,
emb_tf-sapiens,4,1,blood_D,blood_C,blood_A,6,donor_weighted,0.9395849637441448,0.9396591432519577,0.8551724137931035,0.9037223340040241,0.0,1.0372008377516109,0.0006909258406264394,30,4342,
emb_tf-sapiens,4,1,blood_D,blood_C,blood_A,6,donor_crc,0.9550937979231757,0.9550898203592815,0.8827586206896552,0.9319727891156463,0.0,1.1001725243176212,0.0,30,4342,
emb_tf-sapiens,4,1,blood_D,blood_C,blood_A,6,tcp_standard_thr,0.9395849637441448,0.9396591432519577,0.8551724137931035,0.9037223340040241,0.0,1.0372008377516109,0.0006909258406264394,30,4342,
emb_tf-sapiens,4,1,blood_D,blood_C,blood_A,6,tcp_standard_aps,0.9094154664724404,0.9094887148779365,0.8639455782312925,0.875,0.0,1.1080794065845367,0.04859511745739291,30,4342,
emb_tf-sapiens,4,1,blood_D,blood_C,blood_A,6,tcp_classwise_thr,0.9172939244935228,0.9173192077383694,0.7887323943661971,0.8696874554017411,0.03333333333333333,1.0178000178871383,0.026485490557346846,30,4342,
emb_tf-sapiens,4,1,blood_D,blood_C,blood_A,6,tcp_cluster_thr,0.9338692141136414,0.9339014279134039,0.8551724137931035,0.8939706733551998,0.0,1.0492141864491555,0.009442653155228006,30,4342,
emb_tf-sapiens,5,0,blood_C,blood_E,blood_B,5,cell_pooled,0.8883209689475494,0.9052453468697124,0.5925925925925926,0.6909340659340659,0.13333333333333333,0.9910161689618234,0.009306260575296108,30,3546,0.9039226833428085
emb_tf-sapiens,5,0,blood_C,blood_E,blood_B,5,classwise,0.8993353360933044,0.9173716864072194,0.5925925925925926,0.7286963036963037,0.13333333333333333,1.0338493142560867,0.0019740552735476595,30,3546,
emb_tf-sapiens,5,0,blood_C,blood_E,blood_B,5,donor_weighted,0.8893236905239728,0.9063733784545968,0.5925925925925926,0.6972277722277722,0.13333333333333333,0.9930368775263828,0.007332205301748449,30,3546,
emb_tf-sapiens,5,0,blood_C,blood_E,blood_B,5,donor_crc,0.9060545687837274,0.9247038917089678,0.5925925925925926,0.7601648351648352,0.13333333333333333,1.0304917033268481,0.0,30,3546,
emb_tf-sapiens,5,0,blood_C,blood_E,blood_B,5,tcp_standard_thr,0.8883209689475494,0.9052453468697124,0.5925925925925926,0.6909340659340659,0.13333333333333333,0.9910161689618234,0.009306260575296108,30,3546,
emb_tf-sapiens,5,0,blood_C,blood_E,blood_B,5,tcp_standard_aps,0.8767913002083751,0.8945290468133108,0.5555555555555556,0.7456293706293706,0.13333333333333333,1.004150047237115,0.031302876480541454,30,3546,
emb_tf-sapiens,5,0,blood_C,blood_E,blood_B,5,tcp_classwise_thr,0.8993353360933044,0.9173716864072194,0.5925925925925926,0.7286963036963037,0.13333333333333333,1.0338493142560867,0.0019740552735476595,30,3546,
emb_tf-sapiens,5,0,blood_C,blood_E,blood_B,5,tcp_cluster_thr,0.9119970535356098,0.9297800338409475,0.5925925925925926,0.7982517482517483,0.1,1.032618901166716,0.0011280315848843769,30,3546,
emb_tf-sapiens,5,1,blood_C,blood_E,blood_B,5,cell_pooled,0.9093738168582209,0.9088888888888889,0.7213114754098361,0.8197001729771286,0.06666666666666667,1.0062287528189517,0.0,30,3600,0.912739965095986
emb_tf-sapiens,5,1,blood_C,blood_E,blood_B,5,classwise,0.9209908908788428,0.9222222222222223,0.7384615384615385,0.8564285714285714,0.03333333333333333,1.122512409464155,0.006111111111111111,30,3600,
emb_tf-sapiens,5,1,blood_C,blood_E,blood_B,5,donor_weighted,0.9090960390804432,0.9086111111111111,0.7213114754098361,0.8151652892561984,0.06666666666666667,1.0053701669603659,0.0,30,3600,
emb_tf-sapiens,5,1,blood_C,blood_E,blood_B,5,donor_crc,0.9232166711525557,0.9233333333333333,0.7622950819672131,0.8430047988187522,0.03333333333333333,1.0478593844815722,0.0,30,3600,
emb_tf-sapiens,5,1,blood_C,blood_E,blood_B,5,tcp_standard_thr,0.9093738168582209,0.9088888888888889,0.7213114754098361,0.8197001729771286,0.06666666666666667,1.0062287528189517,0.0,30,3600,
emb_tf-sapiens,5,1,blood_C,blood_E,blood_B,5,tcp_standard_aps,0.8970782348479069,0.8972222222222223,0.7049180327868853,0.8111295681063123,0.1,1.0082942522149394,0.022222222222222223,30,3600,
emb_tf-sapiens,5,1,blood_C,blood_E,blood_B,5,tcp_classwise_thr,0.9209908908788428,0.9222222222222223,0.7384615384615385,0.8564285714285714,0.03333333333333333,1.122512409464155,0.006111111111111111,30,3600,
emb_tf-sapiens,5,1,blood_C,blood_E,blood_B,5,tcp_cluster_thr,0.9173430421007068,0.9186111111111112,0.7384615384615385,0.8564285714285714,0.03333333333333333,1.1204701409889388,0.0016666666666666668,30,3600,
emb_tf-sapiens,6,0,blood_E,blood_B,blood_A,5,cell_pooled,0.6600322758478215,0.6599162011173184,0.2986111111111111,0.49005030181086523,0.9333333333333333,0.6769944626021069,0.3230912476722533,30,4296,0.9050772626931567
emb_tf-sapiens,6,0,blood_E,blood_B,blood_A,5,classwise,0.7240954652333306,0.7246275605214153,0.4861111111111111,0.583882503192848,0.7666666666666667,0.8014957740180072,0.19832402234636873,30,4296,
emb_tf-sapiens,6,0,blood_E,blood_B,blood_A,5,donor_weighted,0.6488991902774346,0.6487430167597765,0.2916666666666667,0.4700603621730382,0.9666666666666667,0.6646917085047456,0.33542830540037244,30,4296,
emb_tf-sapiens,6,0,blood_E,blood_B,blood_A,5,donor_crc,0.8335684184539842,0.8337988826815642,0.4930555555555556,0.7443661971830986,0.23333333333333334,0.8726981410984533,0.1270949720670391,30,4296,
emb_tf-sapiens,6,0,blood_E,blood_B,blood_A,5,tcp_standard_thr,0.6600322758478215,0.6599162011173184,0.2986111111111111,0.49005030181086523,0.9333333333333333,0.6769944626021069,0.3230912476722533,30,4296,
emb_tf-sapiens,6,0,blood_E,blood_B,blood_A,5,tcp_standard_aps,0.9359387951182534,0.9359869646182495,0.8680555555555556,0.8881944444444444,0.0,1.3114931627156952,0.031890130353817506,30,4296,
emb_tf-sapiens,6,0,blood_E,blood_B,blood_A,5,tcp_classwise_thr,0.7355468174092124,0.7360335195530726,0.4861111111111111,0.5986206896551723,0.6666666666666666,0.812947126193889,0.18691806331471136,30,4296,
emb_tf-sapiens,6,0,blood_E,blood_B,blood_A,5,tcp_cluster_thr,0.6294043936276811,0.6291899441340782,0.3819444444444444,0.4264039408866995,1.0,0.6643457040657778,0.33589385474860334,30,4296,
emb_tf-sapiens,6,1,blood_E,blood_B,blood_A,5,cell_pooled,0.8432362578156037,0.8431143324760346,0.6442953020134228,0.7711557013312753,0.23333333333333334,0.875244160011028,0.1248538695347206,30,4277,0.9136522753792299
emb_tf-sapiens,6,1,blood_E,blood_B,blood_A,5,classwise,0.7170595395507809,0.7173252279635258,0.5104895104895105,0.5810268973102689,0.7333333333333333,0.8156302667364069,0.19125555295768062,30,4277,
emb_tf-sapiens,6,1,blood_E,blood_B,blood_A,5,donor_weighted,0.8763783176303211,0.8763151741875146,0.7410071942446043,0.8114062063181438,0.1,0.9353170979669461,0.06476502221183073,30,4277,
emb_tf-sapiens,6,1,blood_E,blood_B,blood_A,5,donor_crc,0.9522785806310883,0.9523030161328033,0.8928571428571429,0.9175766930349218,0.0,1.0920531507129125,0.0,30,4277,
emb_tf-sapiens,6,1,blood_E,blood_B,blood_A,5,tcp_standard_thr,0.8432362578156037,0.8431143324760346,0.6442953020134228,0.7711557013312753,0.23333333333333334,0.875244160011028,0.1248538695347206,30,4277,
emb_tf-sapiens,6,1,blood_E,blood_B,blood_A,5,tcp_standard_aps,0.9326408346205634,0.9326630815992518,0.8493150684931506,0.9165492957746478,0.0,1.1665473815585192,0.03834463408931494,30,4277,
emb_tf-sapiens,6,1,blood_E,blood_B,blood_A,5,tcp_classwise_thr,0.7175557579606685,0.71779284545242,0.5104895104895105,0.5810268973102689,0.7333333333333333,0.8161264851462943,0.19078793546878653,30,4277,
emb_tf-sapiens,6,1,blood_E,blood_B,blood_A,5,tcp_cluster_thr,0.7550650301718161,0.7554360533083937,0.4125874125874126,0.5703458957150231,0.5666666666666667,0.8498126161939972,0.15501519756838905,30,4277,
emb_tf-sapiens,7,0,blood_A,blood_C,blood_D,6,cell_pooled,0.8998515920875989,0.900201106083459,0.7391304347826086,0.8189958592132505,0.1,0.9840871873487805,0.01608848667672197,30,3978,0.9159817351598174
emb_tf-sapiens,7,0,blood_A,blood_C,blood_D,6,classwise,0.8511173803572523,0.850930115635998,0.6466165413533834,0.7413962033067973,0.23333333333333334,0.9099975692200284,0.09904474610356963,30,3978,
emb_tf-sapiens,7,0,blood_A,blood_C,blood_D,6,donor_weighted,0.8998515920875989,0.900201106083459,0.7391304347826086,0.8189958592132505,0.1,0.9840871873487805,0.01608848667672197,30,3978,
emb_tf-sapiens,7,0,blood_A,blood_C,blood_D,6,donor_crc,0.9165270120168245,0.9167923579688285,0.7608695652173914,0.836516563146998,0.06666666666666667,1.0259482058448117,0.00025138260432378077,30,3978,
emb_tf-sapiens,7,0,blood_A,blood_C,blood_D,6,tcp_standard_thr,0.8998515920875989,0.900201106083459,0.7391304347826086,0.8189958592132505,0.1,0.9840871873487805,0.01608848667672197,30,3978,
emb_tf-sapiens,7,0,blood_A,blood_C,blood_D,6,tcp_standard_aps,0.8711460406625533,0.871543489190548,0.7463768115942029,0.7955541026479241,0.13333333333333333,1.032628817964127,0.06435394670688788,30,3978,
emb_tf-sapiens,7,0,blood_A,blood_C,blood_D,6,tcp_classwise_thr,0.8511173803572523,0.850930115635998,0.6466165413533834,0.7413962033067973,0.23333333333333334,0.9099975692200284,0.09904474610356963,30,3978,
emb_tf-sapiens,7,0,blood_A,blood_C,blood_D,6,tcp_cluster_thr,0.8230869770212657,0.8225238813474107,0.5864661654135338,0.6687793427230047,0.4,0.8846465000661264,0.12468577174459528,30,3978,
emb_tf-sapiens,7,1,blood_A,blood_C,blood_D,6,cell_pooled,0.920150423939806,0.920959595959596,0.7819548872180451,0.8419856459330143,0.03333333333333333,0.9785340038463679,0.021464646464646464,30,3960,0.9133425034387895
emb_tf-sapiens,7,1,blood_A,blood_C,blood_D,6,classwise,0.8760132317101933,0.8767676767676768,0.6592592592592592,0.7864661654135339,0.13333333333333333,0.9252652494691549,0.07929292929292929,30,3960,
emb_tf-sapiens,7,1,blood_A,blood_C,blood_D,6,donor_weighted,0.9199156821557685,0.9207070707070707,0.7819548872180451,0.8419856459330143,0.03333333333333333,0.9782992620623304,0.021717171717171718,30,3960,
emb_tf-sapiens,7,1,blood_A,blood_C,blood_D,6,donor_crc,0.9331034442162901,0.9338383838383838,0.7819548872180451,0.8727777777777779,0.03333333333333333,0.9992435141957539,0.0012626262626262627,30,3960,
emb_tf-sapiens,7,1,blood_A,blood_C,blood_D,6,tcp_standard_thr,0.920150423939806,0.920959595959596,0.7819548872180451,0.8419856459330143,0.03333333333333333,0.9785340038463679,0.021464646464646464,30,3960,
emb_tf-sapiens,7,1,blood_A,blood_C,blood_D,6,tcp_standard_aps,0.8814792647374863,0.8823232323232323,0.7293233082706767,0.8175666438824334,0.06666666666666667,0.9779751822385413,0.07272727272727272,30,3960,
emb_tf-sapiens,7,1,blood_A,blood_C,blood_D,6,tcp_classwise_thr,0.8760132317101933,0.8767676767676768,0.6592592592592592,0.7864661654135339,0.13333333333333333,0.9252652494691549,0.07929292929292929,30,3960,
emb_tf-sapiens,7,1,blood_A,blood_C,blood_D,6,tcp_cluster_thr,0.8956174211157786,0.8964646464646465,0.75,0.8102861952861953,0.06666666666666667,1.907111723801138,0.0,30,3960,
emb_tf-sapiens,8,0,blood_E,blood_B,blood_C,5,cell_pooled,0.5523618836205676,0.5506072874493927,0.2905405405405405,0.3464914733016494,0.9,0.5554142231478486,0.44629673731840913,30,4199,0.9028475711892797
emb_tf-sapiens,8,0,blood_E,blood_B,blood_C,5,classwise,0.3979770492558348,0.39723743748511553,0.17006802721088435,0.2598522167487685,1.0,0.4415329377485009,0.5591807573231722,30,4199,
emb_tf-sapiens,8,0,blood_E,blood_B,blood_C,5,donor_weighted,0.5343814206982381,0.5327458918790188,0.28378378378378377,0.32606933184232595,0.9333333333333333,0.537200659992419,0.46439628482972134,30,4199,
emb_tf-sapiens,8,0,blood_E,blood_B,blood_C,5,donor_crc,0.7539341856202292,0.752560133365087,0.5306122448979592,0.6147476011681269,0.6,0.7643590838127906,0.23696118123362706,30,4199,
emb_tf-sapiens,8,0,blood_E,blood_B,blood_C,5,tcp_standard_thr,0.5523618836205676,0.5506072874493927,0.2905405405405405,0.3464914733016494,0.9,0.5554142231478486,0.44629673731840913,30,4199,
emb_tf-sapiens,8,0,blood_E,blood_B,blood_C,5,tcp_standard_aps,0.9454451941613639,0.9457013574660633,0.8872180451127819,0.9149517149517149,0.0,1.1582469199144854,0.03548463919980948,30,4199,
emb_tf-sapiens,8,0,blood_E,blood_B,blood_C,5,tcp_classwise_thr,0.4027514575497694,0.40200047630388186,0.17006802721088435,0.2598522167487685,1.0,0.44630734604243555,0.5544177185044058,30,4199,
emb_tf-sapiens,8,0,blood_E,blood_B,blood_C,5,tcp_cluster_thr,0.621704527798871,0.62038580614432,0.30612244897959184,0.4352935129022309,0.8,0.6651901984657353,0.3360323886639676,30,4199,
emb_tf-sapiens,8,1,blood_E,blood_B,blood_C,5,cell_pooled,0.5972680312810346,0.5959475566150179,0.25874125874125875,0.42037593984962407,0.8666666666666667,0.6168889507669016,0.3842669845053635,30,4195,0.8921832884097035
emb_tf-sapiens,8,1,blood_E,blood_B,blood_C,5,classwise,0.404547536398429,0.4035756853396901,0.027972027972027972,0.22538207971231644,1.0,0.42397053803146084,0.5771156138259833,30,4195,
emb_tf-sapiens,8,1,blood_E,blood_B,blood_C,5,donor_weighted,0.589862919481155,0.5885578069129916,0.25874125874125875,0.39540082219938333,0.8666666666666667,0.6083050646896563,0.39284862932061976,30,4195,
emb_tf-sapiens,8,1,blood_E,blood_B,blood_C,5,donor_crc,0.7134076814255219,0.7120381406436234,0.2727272727272727,0.5584260809612923,0.7,0.7492848813602792,0.2519666269368296,30,4195,
emb_tf-sapiens,8,1,blood_E,blood_B,blood_C,5,tcp_standard_thr,0.5972680312810346,0.5959475566150179,0.25874125874125875,0.42037593984962407,0.8666666666666667,0.6168889507669016,0.3842669845053635,30,4195,
emb_tf-sapiens,8,1,blood_E,blood_B,blood_C,5,tcp_standard_aps,0.9162440089434116,0.9163289630512514,0.7622377622377622,0.8464285714285714,0.06666666666666667,1.3832161659844673,0.045530393325387365,30,4195,
emb_tf-sapiens,8,1,blood_E,blood_B,blood_C,5,tcp_classwise_thr,0.40623591214456656,0.4052443384982122,0.027972027972027972,0.22538207971231644,1.0,0.4256589137775984,0.5754469606674613,30,4195,
emb_tf-sapiens,8,1,blood_E,blood_B,blood_C,5,tcp_cluster_thr,0.6616387030997674,0.6598331346841478,0.16083916083916083,0.4449848024316109,0.7,0.677827980914058,0.32395709177592374,30,4195,
emb_tf-sapiens,9,0,blood_E,blood_D,blood_A,5,cell_pooled,0.7907940918472137,0.790915476469211,0.6830985915492958,0.7011800699300699,0.5,0.8462174976541955,0.1538281432919691,30,4271,0.9043715846994536
emb_tf-sapiens,9,0,blood_E,blood_D,blood_A,5,classwise,0.5746426616771069,0.5748068368063686,0.31654676258992803,0.363143898355166,1.0,0.7471024841496157,0.2528681807539218,30,4271,
emb_tf-sapiens,9,0,blood_E,blood_D,blood_A,5,donor_weighted,0.7821689200498488,0.7822523999063451,0.6549295774647887,0.6918269230769231,0.5333333333333333,0.8347713543236662,0.16530086630765628,30,4271,
emb_tf-sapiens,9,0,blood_E,blood_D,blood_A,5,donor_crc,0.8634325120857148,0.8637321470381644,0.7816901408450704,0.8071175399942523,0.1,0.9360019206359927,0.06391945680168579,30,4271,
emb_tf-sapiens,9,0,blood_E,blood_D,blood_A,5,tcp_standard_thr,0.7907940918472137,0.790915476469211,0.6830985915492958,0.7011800699300699,0.5,0.8462174976541955,0.1538281432919691,30,4271,
emb_tf-sapiens,9,0,blood_E,blood_D,blood_A,5,tcp_standard_aps,0.8913701029649359,0.8915944743619761,0.7762237762237763,0.8400833829660512,0.06666666666666667,1.1323395806033074,0.05431983142121283,30,4271,
emb_tf-sapiens,9,0,blood_E,blood_D,blood_A,5,tcp_classwise_thr,0.5746426616771069,0.5748068368063686,0.31654676258992803,0.363143898355166,1.0,0.7471024841496157,0.2528681807539218,30,4271,
emb_tf-sapiens,9,0,blood_E,blood_D,blood_A,5,tcp_cluster_thr,0.5805258810453633,0.5804261297120112,0.31654676258992803,0.3890672707574116,1.0,1.667343899317333,0.0,30,4271,
emb_tf-sapiens,9,1,blood_E,blood_D,blood_A,5,cell_pooled,0.6938126034464788,0.693733865289838,0.48322147651006714,0.5571428571428572,0.9,0.732999697122271,0.2670734569349918,30,4261,0.9076327433628318
emb_tf-sapiens,9,1,blood_E,blood_D,blood_A,5,classwise,0.7481428454709577,0.7484158648204646,0.5454545454545454,0.6859662954567853,0.7666666666666667,0.813254933112572,0.18657592114527105,30,4261,
emb_tf-sapiens,9,1,blood_E,blood_D,blood_A,5,donor_weighted,0.689638386833773,0.6895095048110772,0.47651006711409394,0.5564285714285715,0.9,0.7283559037899885,0.2717671908002816,30,4261,
emb_tf-sapiens,9,1,blood_E,blood_D,blood_A,5,donor_crc,0.8013886000329827,0.8014550574982399,0.6714285714285714,0.7178076062639821,0.4666666666666667,0.858958381742934,0.14104670265195962,30,4261,
emb_tf-sapiens,9,1,blood_E,blood_D,blood_A,5,tcp_standard_thr,0.6938126034464788,0.693733865289838,0.48322147651006714,0.5571428571428572,0.9,0.732999697122271,0.2670734569349918,30,4261,
emb_tf-sapiens,9,1,blood_E,blood_D,blood_A,5,tcp_standard_aps,0.9149963540246168,0.915043417038254,0.85,0.8818768123187681,0.0,1.2782834216559127,0.03754987092231871,30,4261,
emb_tf-sapiens,9,1,blood_E,blood_D,blood_A,5,tcp_classwise_thr,0.7481382486152072,0.7484158648204646,0.5454545454545454,0.6859662954567853,0.7666666666666667,0.8132503362568212,0.18657592114527105,30,4261,
emb_tf-sapiens,9,1,blood_E,blood_D,blood_A,5,tcp_cluster_thr,0.8115226511385131,0.812015958695142,0.65,0.7354761904761905,0.3333333333333333,0.876168333039749,0.12344520065712274,30,4261,
emb_tf-sapiens,10,0,blood_A,blood_E,blood_C,5,cell_pooled,0.9249299878819947,0.9244561319627062,0.8378378378378378,0.8595273339798887,0.0,0.9974043267824242,0.005259383217786278,30,4183,0.9066590779738191
emb_tf-sapiens,10,0,blood_A,blood_E,blood_C,5,classwise,0.8666323218472924,0.8658857279464499,0.5625,0.7769528343996429,0.16666666666666666,1.1791676903793458,0.0815204398756873,30,4183,
emb_tf-sapiens,10,0,blood_A,blood_E,blood_C,5,donor_weighted,0.9249299878819947,0.9244561319627062,0.8378378378378378,0.8595273339798887,0.0,0.9971695849983866,0.005259383217786278,30,4183,
emb_tf-sapiens,10,0,blood_A,blood_E,blood_C,5,donor_crc,0.975528406191448,0.9756155868993546,0.9197080291970803,0.9594246031746032,0.0,1.169406772818994,0.0,30,4183,
emb_tf-sapiens,10,0,blood_A,blood_E,blood_C,5,tcp_standard_thr,0.9249299878819947,0.9244561319627062,0.8378378378378378,0.8595273339798887,0.0,0.9974043267824242,0.005259383217786278,30,4183,
emb_tf-sapiens,10,0,blood_A,blood_E,blood_C,5,tcp_standard_aps,0.9445015971156216,0.9445374133397083,0.8913043478260869,0.9218900817492367,0.0,1.1882540621297097,0.029404733444896008,30,4183,
emb_tf-sapiens,10,0,blood_A,blood_E,blood_C,5,tcp_classwise_thr,0.8680565134500555,0.8673201051876643,0.5555555555555556,0.7769528343996429,0.16666666666666666,1.1805918819821088,0.08008606263447286,30,4183,
emb_tf-sapiens,10,0,blood_A,blood_E,blood_C,5,tcp_cluster_thr,0.8937744673928105,0.89337795840306,0.6083916083916084,0.8278166741149015,0.1,1.1971702965931177,0.012909395170929955,30,4183,
emb_tf-sapiens,10,1,blood_A,blood_E,blood_C,5,cell_pooled,0.9327379095143387,0.932726837443141,0.8356164383561644,0.8994494866835292,0.0,1.0049318497169488,0.0023940627244433805,30,4177,0.9038238702201622
emb_tf-sapiens,10,1,blood_A,blood_E,blood_C,5,classwise,0.8882167058831045,0.8874790519511612,0.6433566433566433,0.7813837221804106,0.13333333333333333,1.0675431276959777,0.04333253531242519,30,4177,
emb_tf-sapiens,10,1,blood_A,blood_E,blood_C,5,donor_weighted,0.9257509083912638,0.9255446492698108,0.815068493150685,0.8787196865402944,0.0,0.9904235582879919,0.009815657170217859,30,4177,
emb_tf-sapiens,10,1,blood_A,blood_E,blood_C,5,donor_crc,0.9750938385385656,0.9753411539382332,0.924812030075188,0.9613289382373352,0.0,1.1389353425091298,0.0,30,4177,
emb_tf-sapiens,10,1,blood_A,blood_E,blood_C,5,tcp_standard_thr,0.9327379095143387,0.932726837443141,0.8356164383561644,0.8994494866835292,0.0,1.0049318497169488,0.0023940627244433805,30,4177,
emb_tf-sapiens,10,1,blood_A,blood_E,blood_C,5,tcp_standard_aps,0.9368395100930634,0.937036150347139,0.8776978417266187,0.8991304347826087,0.0,1.135006302733952,0.03615034713909505,30,4177,
emb_tf-sapiens,10,1,blood_A,blood_E,blood_C,5,tcp_classwise_thr,0.8882167058831045,0.8874790519511612,0.6433566433566433,0.7813837221804106,0.13333333333333333,1.0675431276959777,0.04333253531242519,30,4177,
emb_tf-sapiens,10,1,blood_A,blood_E,blood_C,5,tcp_cluster_thr,0.9330243348991313,0.9329662437155853,0.7709923664122137,0.8726287796710331,0.06666666666666667,1.0697398516388115,0.041896097677759155,30,4177,
emb_tf-sapiens,11,0,blood_A,blood_B,blood_E,5,cell_pooled,0.7072687657843344,0.7025352112676057,0.2824427480916031,0.4898638529611981,0.7,0.8412004597214344,0.16,30,3550,0.9089874857792947
emb_tf-sapiens,11,0,blood_A,blood_B,blood_E,5,classwise,0.6998688167496198,0.6971830985915493,0.32061068702290074,0.5323619163869392,0.6666666666666666,0.8684868807499825,0.1636619718309859,30,3550,
emb_tf-sapiens,11,0,blood_A,blood_B,blood_E,5,donor_weighted,0.7187946107020587,0.7138028169014085,0.2900763358778626,0.4953846153846154,0.6333333333333333,0.8586934071980837,0.1428169014084507,30,3550,
emb_tf-sapiens,11,0,blood_A,blood_B,blood_E,5,donor_crc,0.8120883045428146,0.8078873239436619,0.3816793893129771,0.5989283738938053,0.36666666666666664,1.0368639240423478,0.0008450704225352113,30,3550,
emb_tf-sapiens,11,0,blood_A,blood_B,blood_E,5,tcp_standard_thr,0.7072687657843344,0.7025352112676057,0.2824427480916031,0.4898638529611981,0.7,0.8412004597214344,0.16,30,3550,
emb_tf-sapiens,11,0,blood_A,blood_B,blood_E,5,tcp_standard_aps,0.8097262612173689,0.8061971830985916,0.3969465648854962,0.598340556569343,0.36666666666666664,1.1025925182077532,0.03464788732394366,30,3550,
emb_tf-sapiens,11,0,blood_A,blood_B,blood_E,5,tcp_classwise_thr,0.7292964324711021,0.7261971830985916,0.32061068702290074,0.5401205370765945,0.6,0.8984444314913378,0.13408450704225353,30,3550,
emb_tf-sapiens,11,0,blood_A,blood_B,blood_E,5,tcp_cluster_thr,0.6963321817381548,0.6932394366197183,0.2748091603053435,0.4768400604360026,0.6,0.9080364995848031,0.13211267605633803,30,3550,
emb_tf-sapiens,11,1,blood_A,blood_B,blood_E,5,cell_pooled,0.7365713504139872,0.7335235378031384,0.5147058823529411,0.5808319981010028,0.6666666666666666,0.7751623270589868,0.22853067047075606,30,3505,0.8931090613130765
emb_tf-sapiens,11,1,blood_A,blood_B,blood_E,5,classwise,0.6507169978750758,0.6439372325249644,0.29411764705882354,0.45844403669724776,0.8,0.6863536345618755,0.32125534950071327,30,3505,
emb_tf-sapiens,11,1,blood_A,blood_B,blood_E,5,donor_weighted,0.7346375924522656,0.7315263908701855,0.5073529411764706,0.5742626550353095,0.7,0.7723975314480458,0.23138373751783167,30,3505,
emb_tf-sapiens,11,1,blood_A,blood_B,blood_E,5,donor_crc,0.8003337145153626,0.7977175463623395,0.5916666666666667,0.6530769230769231,0.5,0.8529584475669124,0.1500713266761769,30,3505,
emb_tf-sapiens,11,1,blood_A,blood_B,blood_E,5,tcp_standard_thr,0.7365713504139872,0.7335235378031384,0.5147058823529411,0.5808319981010028,0.6666666666666666,0.7751623270589868,0.22853067047075606,30,3505,
emb_tf-sapiens,11,1,blood_A,blood_B,blood_E,5,tcp_standard_aps,0.8546142497370943,0.8550641940085592,0.6916666666666667,0.7501411432604094,0.23333333333333334,1.0058045525731385,0.0667617689015692,30,3505,
emb_tf-sapiens,11,1,blood_A,blood_B,blood_E,5,tcp_classwise_thr,0.7014175610425062,0.6932952924393724,0.29411764705882354,0.5340393442622952,0.7333333333333333,0.7370541977293061,0.27189728958630527,30,3505,
emb_tf-sapiens,11,1,blood_A,blood_B,blood_E,5,tcp_cluster_thr,0.736876709773768,0.7335235378031384,0.47794117647058826,0.5824580143611655,0.6333333333333333,0.7667107077714744,0.23737517831669044,30,3505,
emb_tf-sapiens,12,0,blood_D,blood_C,blood_E,5,cell_pooled,0.9291889287222477,0.9290700921530298,0.6166666666666667,0.8637618063754428,0.06666666666666667,1.1141278395427452,0.0,30,3581,0.9024038461538462
emb_tf-sapiens,12,0,blood_D,blood_C,blood_E,5,classwise,0.9141470415278737,0.9139905054454063,0.65,0.8464728453364818,0.06666666666666667,1.1102258011041295,0.007819044959508517,30,3581,
emb_tf-sapiens,12,0,blood_D,blood_C,blood_E,5,donor_weighted,0.9291889287222477,0.9290700921530298,0.6166666666666667,0.8637618063754428,0.06666666666666667,1.1141278395427452,0.0,30,3581,
emb_tf-sapiens,12,0,blood_D,blood_C,blood_E,5,donor_crc,0.9361339767180111,0.9360513822954482,0.625,0.8814861275088548,0.06666666666666667,1.1576714411763291,0.0,30,3581,
emb_tf-sapiens,12,0,blood_D,blood_C,blood_E,5,tcp_standard_thr,0.9291889287222477,0.9290700921530298,0.6166666666666667,0.8637618063754428,0.06666666666666667,1.1141278395427452,0.0,30,3581,
emb_tf-sapiens,12,0,blood_D,blood_C,blood_E,5,tcp_standard_aps,0.9172244401708006,0.9173415247137671,0.6166666666666667,0.8363488783943329,0.06666666666666667,1.102907040637407,0.010890812622172577,30,3581,
emb_tf-sapiens,12,0,blood_D,blood_C,blood_E,5,tcp_classwise_thr,0.9141470415278737,0.9139905054454063,0.65,0.8464728453364818,0.06666666666666667,1.1102258011041295,0.007819044959508517,30,3581,
emb_tf-sapiens,12,0,blood_D,blood_C,blood_E,5,tcp_cluster_thr,0.8836004068351232,0.8835520804244624,0.6083333333333333,0.7947018890200709,0.1,1.0926073249949184,0.0027925160569673277,30,3581,
emb_tf-sapiens,12,1,blood_D,blood_C,blood_E,5,cell_pooled,0.922071247081956,0.924204001127078,0.6083333333333333,0.8053230769230769,0.1,1.0406456288236974,0.0,30,3549,0.9221902017291066
emb_tf-sapiens,12,1,blood_D,blood_C,blood_E,5,classwise,0.9197210581840343,0.9216680755142294,0.6166666666666667,0.8104989604989605,0.06666666666666667,1.0218359439656537,0.0084530853761623,30,3549,
emb_tf-sapiens,12,1,blood_D,blood_C,blood_E,5,donor_weighted,0.922071247081956,0.924204001127078,0.6083333333333333,0.8053230769230769,0.1,1.0404005307844817,0.0,30,3549,
emb_tf-sapiens,12,1,blood_D,blood_C,blood_E,5,donor_crc,0.9320390946930538,0.9340659340659341,0.6166666666666667,0.8157571032571033,0.03333333333333333,1.07313687363548,0.0,30,3549,
emb_tf-sapiens,12,1,blood_D,blood_C,blood_E,5,tcp_standard_thr,0.922071247081956,0.924204001127078,0.6083333333333333,0.8053230769230769,0.1,1.0406456288236974,0.0,30,3549,
emb_tf-sapiens,12,1,blood_D,blood_C,blood_E,5,tcp_standard_aps,0.8948973844038609,0.8971541279233587,0.5916666666666667,0.7916461538461539,0.13333333333333333,1.0347827797092253,0.035221189067342916,30,3549,
emb_tf-sapiens,12,1,blood_D,blood_C,blood_E,5,tcp_classwise_thr,0.9197210581840343,0.9216680755142294,0.6166666666666667,0.8104989604989605,0.06666666666666667,1.0218359439656537,0.0084530853761623,30,3549,
emb_tf-sapiens,12,1,blood_D,blood_C,blood_E,5,tcp_cluster_thr,0.9107358357501947,0.9123696816004508,0.6166666666666667,0.8104989604989605,0.06666666666666667,1.0123389568259316,0.009580163426317272,30,3549,
emb_tf-sapiens,13,0,blood_B,blood_E,blood_D,5,cell_pooled,0.91309804862974,0.9127320954907162,0.7557251908396947,0.8636138272965157,0.06666666666666667,1.0182544212322349,0.0015915119363395225,30,3770,0.9032805429864253
emb_tf-sapiens,13,0,blood_B,blood_E,blood_D,5,classwise,0.9269310507641485,0.926790450928382,0.8396946564885496,0.8805050872093023,0.0,0.9792131663455829,0.053315649867374006,30,3770,
emb_tf-sapiens,13,0,blood_B,blood_E,blood_D,5,donor_weighted,0.9133584652964066,0.9129973474801061,0.7557251908396947,0.8636138272965157,0.03333333333333333,1.01876929082511,0.0015915119363395225,30,3770,
emb_tf-sapiens,13,0,blood_B,blood_E,blood_D,5,donor_crc,0.9448417813454086,0.9442970822281167,0.8396946564885496,0.906060091665252,0.0,1.1353439647066983,0.0,30,3770,
emb_tf-sapiens,13,0,blood_B,blood_E,blood_D,5,tcp_standard_thr,0.91309804862974,0.9127320954907162,0.7557251908396947,0.8636138272965157,0.06666666666666667,1.0182544212322349,0.0015915119363395225,30,3770,
emb_tf-sapiens,13,0,blood_B,blood_E,blood_D,5,tcp_standard_aps,0.9135508628211257,0.9127320954907162,0.8091603053435115,0.8820675872093023,0.0,1.121447409924069,0.03474801061007957,30,3770,
emb_tf-sapiens,13,0,blood_B,blood_E,blood_D,5,tcp_classwise_thr,0.9269310507641485,0.926790450928382,0.8396946564885496,0.8805050872093023,0.0,0.9792131663455829,0.053315649867374006,30,3770,
emb_tf-sapiens,13,0,blood_B,blood_E,blood_D,5,tcp_cluster_thr,0.9234214529906601,0.9228116710875331,0.7480916030534351,0.8809100998890121,0.03333333333333333,0.9886406950857981,0.039522546419098144,30,3770,
emb_tf-sapiens,13,1,blood_B,blood_E,blood_D,5,cell_pooled,0.9595751380765782,0.9578460701658961,0.7883211678832117,0.9289943577829406,0.03333333333333333,1.2146487824440373,0.0,30,3677,0.9070165430690246
emb_tf-sapiens,13,1,blood_B,blood_E,blood_D,5,classwise,0.8942839778524903,0.8914876257818874,0.7478991596638656,0.820042860365441,0.1,1.2126408587994182,0.03698667391895567,30,3677,
emb_tf-sapiens,13,1,blood_B,blood_E,blood_D,5,donor_weighted,0.9593084714099116,0.9575741093282567,0.7883211678832117,0.9289943577829406,0.03333333333333333,1.2127724892408869,0.0,30,3677,
emb_tf-sapiens,13,1,blood_B,blood_E,blood_D,5,donor_crc,0.9805215562862147,0.9796029371770465,0.9197080291970803,0.9648788582807832,0.0,1.611185810074854,0.0,30,3677,
emb_tf-sapiens,13,1,blood_B,blood_E,blood_D,5,tcp_standard_thr,0.9595751380765782,0.9578460701658961,0.7883211678832117,0.9289943577829406,0.03333333333333333,1.2146487824440373,0.0,30,3677,
emb_tf-sapiens,13,1,blood_B,blood_E,blood_D,5,tcp_standard_aps,0.9591499274366536,0.9575741093282567,0.8467153284671532,0.9285868846546853,0.0,1.2958468850316591,0.005167255915148218,30,3677,
emb_tf-sapiens,13,1,blood_B,blood_E,blood_D,5,tcp_classwise_thr,0.8942839778524903,0.8914876257818874,0.7478991596638656,0.820042860365441,0.1,1.212895311725627,0.03698667391895567,30,3677,
emb_tf-sapiens,13,1,blood_B,blood_E,blood_D,5,tcp_cluster_thr,0.8694034919456879,0.8656513462061464,0.6974789915966386,0.7903113016016241,0.16666666666666666,1.1897557056939647,0.03426706554256187,30,3677,
emb_tf-sapiens,14,0,blood_C,blood_A,blood_B,6,cell_pooled,0.9201039743849169,0.9199183881662841,0.8507462686567164,0.859258395522388,0.0,0.9857643720151464,0.014537107880642693,30,3921,0.8988040478380864
emb_tf-sapiens,14,0,blood_C,blood_A,blood_B,6,classwise,0.9220527926776403,0.9209385360877327,0.8244274809160306,0.87484302624807,0.0,0.9894254607099356,0.016577403723539913,30,3921,
emb_tf-sapiens,14,0,blood_C,blood_A,blood_B,6,donor_weighted,0.9201039743849169,0.9199183881662841,0.8507462686567164,0.859258395522388,0.0,0.9857643720151464,0.014537107880642693,30,3921,
emb_tf-sapiens,14,0,blood_C,blood_A,blood_B,6,donor_crc,0.9295590602674664,0.9296097934200459,0.8656716417910447,0.8913581730769231,0.0,1.0052904841369705,0.0,30,3921,
emb_tf-sapiens,14,0,blood_C,blood_A,blood_B,6,tcp_standard_thr,0.9201039743849169,0.9199183881662841,0.8507462686567164,0.859258395522388,0.0,0.9857643720151464,0.014537107880642693,30,3921,
emb_tf-sapiens,14,0,blood_C,blood_A,blood_B,6,tcp_standard_aps,0.8895988261884541,0.8872736546799286,0.8046875,0.8315068493150686,0.0,0.9771440649992178,0.05202754399387911,30,3921,
emb_tf-sapiens,14,0,blood_C,blood_A,blood_B,6,tcp_classwise_thr,0.9220527926776403,0.9209385360877327,0.8244274809160306,0.87484302624807,0.0,0.9894254607099356,0.016577403723539913,30,3921,
emb_tf-sapiens,14,0,blood_C,blood_A,blood_B,6,tcp_cluster_thr,0.9339666882624836,0.933180311145116,0.8731343283582089,0.8891561225556833,0.0,1.9629725606457542,0.0,30,3921,
emb_tf-sapiens,14,1,blood_C,blood_A,blood_B,6,cell_pooled,0.8856797876487053,0.9068560502594919,0.5675675675675675,0.6909340659340659,0.13333333333333333,0.9770953479567073,0.018027861240098333,30,3661,0.9058337161231051
emb_tf-sapiens,14,1,blood_C,blood_A,blood_B,6,classwise,0.8787403667877756,0.9024856596558317,0.5135135135135135,0.6737912087912088,0.16666666666666666,0.9795844779824995,0.014203769461895657,30,3661,
emb_tf-sapiens,14,1,blood_C,blood_A,blood_B,6,donor_weighted,0.8856797876487053,0.9068560502594919,0.5675675675675675,0.6909340659340659,0.13333333333333333,0.9770953479567073,0.018027861240098333,30,3661,
emb_tf-sapiens,14,1,blood_C,blood_A,blood_B,6,donor_crc,0.8919839151410937,0.9131384867522535,0.581081081081081,0.7047802197802199,0.13333333333333333,0.9947470127560955,0.004370390603660202,30,3661,
emb_tf-sapiens,14,1,blood_C,blood_A,blood_B,6,tcp_standard_thr,0.8856797876487053,0.9068560502594919,0.5675675675675675,0.6909340659340659,0.13333333333333333,0.9770953479567073,0.018027861240098333,30,3661,
emb_tf-sapiens,14,1,blood_C,blood_A,blood_B,6,tcp_standard_aps,0.8409320001253454,0.8598743512701448,0.5714285714285714,0.687941787941788,0.16666666666666666,0.9585772881274216,0.06746790494400437,30,3661,
emb_tf-sapiens,14,1,blood_C,blood_A,blood_B,6,tcp_classwise_thr,0.8787403667877756,0.9024856596558317,0.5135135135135135,0.6737912087912088,0.16666666666666666,0.9795844779824995,0.014203769461895657,30,3661,
emb_tf-sapiens,14,1,blood_C,blood_A,blood_B,6,tcp_cluster_thr,0.8746611324294086,0.9003004643540017,0.47297297297297297,0.6652597402597403,0.16666666666666666,1.9218286117170496,0.0,30,3661,
emb_tf-sapiens,15,0,blood_D,blood_C,blood_B,6,cell_pooled,0.9618690861947771,0.9690880989180835,0.6875,0.9290335114133074,0.03333333333333333,1.0009405893006513,0.0005151983513652757,30,3882,0.8928080622995878
emb_tf-sapiens,15,0,blood_D,blood_C,blood_B,6,classwise,0.9612035907068814,0.9696032972694487,0.6875,0.9284072249589491,0.03333333333333333,0.9976302472102088,0.005409582689335394,30,3882,
emb_tf-sapiens,15,0,blood_D,blood_C,blood_B,6,donor_weighted,0.9618690861947771,0.9690880989180835,0.6875,0.9290335114133074,0.03333333333333333,1.0009405893006513,0.0005151983513652757,30,3882,
emb_tf-sapiens,15,0,blood_D,blood_C,blood_B,6,donor_crc,0.9659241698398673,0.9719216898505925,0.71875,0.9290335114133074,0.03333333333333333,1.0140246261733656,0.0,30,3882,
emb_tf-sapiens,15,0,blood_D,blood_C,blood_B,6,tcp_standard_thr,0.9618690861947771,0.9690880989180835,0.6875,0.9290335114133074,0.03333333333333333,1.0009405893006513,0.0005151983513652757,30,3882,
emb_tf-sapiens,15,0,blood_D,blood_C,blood_B,6,tcp_standard_aps,0.8958178996760384,0.9000515198351365,0.65625,0.8657843613404564,0.06666666666666667,0.9470926618260063,0.07496136012364761,30,3882,
emb_tf-sapiens,15,0,blood_D,blood_C,blood_B,6,tcp_classwise_thr,0.9612035907068814,0.9696032972694487,0.6875,0.9284072249589491,0.03333333333333333,0.9976302472102088,0.005409582689335394,30,3882,
emb_tf-sapiens,15,0,blood_D,blood_C,blood_B,6,tcp_cluster_thr,0.9611998216732617,0.9696032972694487,0.6875,0.9284072249589491,0.03333333333333333,0.9995484306863393,0.0036063884595569293,30,3882,
emb_tf-sapiens,15,1,blood_D,blood_C,blood_B,6,cell_pooled,0.9544685766344234,0.9539654741055792,0.9007633587786259,0.9090268886043533,0.0,1.014216798131068,0.0,30,3997,0.8956521739130435
emb_tf-sapiens,15,1,blood_D,blood_C,blood_B,6,classwise,0.9293435088759167,0.9286965223917939,0.823943661971831,0.8838102851052492,0.0,0.9890202730436548,0.020265198899174382,30,3997,
emb_tf-sapiens,15,1,blood_D,blood_C,blood_B,6,donor_weighted,0.9544685766344234,0.9539654741055792,0.9007633587786259,0.9090268886043533,0.0,1.014216798131068,0.0,30,3997,
emb_tf-sapiens,15,1,blood_D,blood_C,blood_B,6,donor_crc,0.9601854425083446,0.9597197898423818,0.9083969465648855,0.9308898847631242,0.0,1.0330685122826884,0.0,30,3997,
emb_tf-sapiens,15,1,blood_D,blood_C,blood_B,6,tcp_standard_thr,0.9544685766344234,0.9539654741055792,0.9007633587786259,0.9090268886043533,0.0,1.014216798131068,0.0,30,3997,
emb_tf-sapiens,15,1,blood_D,blood_C,blood_B,6,tcp_standard_aps,0.8982735978762063,0.8979234425819365,0.8309859154929577,0.870016835016835,0.0,0.9679345888600869,0.06179634726044533,30,3997,
emb_tf-sapiens,15,1,blood_D,blood_C,blood_B,6,tcp_classwise_thr,0.9293435088759167,0.9286965223917939,0.823943661971831,0.8838102851052492,0.0,0.9890202730436548,0.020265198899174382,30,3997,
emb_tf-sapiens,15,1,blood_D,blood_C,blood_B,6,tcp_cluster_thr,0.9539423253869086,0.9534650988241181,0.8863636363636364,0.9084507042253521,0.0,1.9638324350616456,0.0,30,3997,
emb_tf-sapiens,16,0,blood_A,blood_E,blood_D,5,cell_pooled,0.9552741168412108,0.9531416400425985,0.8613138686131386,0.9185834502103787,0.0,1.0272680456980823,0.0,30,3756,0.8914858096828047
emb_tf-sapiens,16,0,blood_A,blood_E,blood_D,5,classwise,0.9169273848162913,0.9140042598509052,0.7596899224806202,0.8412337662337662,0.03333333333333333,1.2666905916223443,0.0362087326943557,30,3756,
emb_tf-sapiens,16,0,blood_A,blood_E,blood_D,5,donor_weighted,0.9552741168412108,0.9531416400425985,0.8613138686131386,0.9185834502103787,0.0,1.025977773688393,0.0,30,3756,
emb_tf-sapiens,16,0,blood_A,blood_E,blood_D,5,donor_crc,0.981338377073733,0.9805644302449414,0.9124087591240876,0.9580099173553719,0.0,1.1434343127660462,0.0,30,3756,
emb_tf-sapiens,16,0,blood_A,blood_E,blood_D,5,tcp_standard_thr,0.9552741168412108,0.9531416400425985,0.8613138686131386,0.9185834502103787,0.0,1.0272680456980823,0.0,30,3756,
emb_tf-sapiens,16,0,blood_A,blood_E,blood_D,5,tcp_standard_aps,0.955289196857651,0.9536741214057508,0.8978102189781022,0.9201963534361851,0.0,1.0812675624397146,0.019701810436634718,30,3756,
emb_tf-sapiens,16,0,blood_A,blood_E,blood_D,5,tcp_classwise_thr,0.918556767315678,0.9156017039403621,0.7674418604651163,0.846170779747422,0.03333333333333333,1.2701444006360512,0.033280085197018104,30,3756,
emb_tf-sapiens,16,0,blood_A,blood_E,blood_D,5,tcp_cluster_thr,0.8849224683421959,0.8801916932907349,0.7054263565891473,0.8257215007215007,0.06666666666666667,1.241584510882744,0.043397231096911605,30,3756,
emb_tf-sapiens,16,1,blood_A,blood_E,blood_D,5,cell_pooled,0.973960961505433,0.9730245231607629,0.8914728682170543,0.9354945866141733,0.0,1.0636979508808215,0.0,30,3670,0.9018932874354562
emb_tf-sapiens,16,1,blood_A,blood_E,blood_D,5,classwise,0.9167709733031323,0.9147138964577657,0.7280701754385965,0.862082988695892,0.06666666666666667,1.49551408425352,0.008719346049046322,30,3670,
emb_tf-sapiens,16,1,blood_A,blood_E,blood_D,5,donor_weighted,0.973960961505433,0.9730245231607629,0.8914728682170543,0.9354945866141733,0.0,1.061363575717967,0.0,30,3670,
emb_tf-sapiens,16,1,blood_A,blood_E,blood_D,5,donor_crc,0.9891726108375024,0.9888283378746594,0.9457364341085271,0.9647894021739131,0.0,1.3400636229440082,0.0,30,3670,
emb_tf-sapiens,16,1,blood_A,blood_E,blood_D,5,tcp_standard_thr,0.973960961505433,0.9730245231607629,0.8914728682170543,0.9354945866141733,0.0,1.0636979508808215,0.0,30,3670,
emb_tf-sapiens,16,1,blood_A,blood_E,blood_D,5,tcp_standard_aps,0.9676511225526846,0.9664850136239782,0.8682170542635659,0.9463323663489431,0.0,1.140234741667684,0.014713896457765668,30,3670,
emb_tf-sapiens,16,1,blood_A,blood_E,blood_D,5,tcp_classwise_thr,0.922569261115111,0.920708446866485,0.7280701754385965,0.8693410532120209,0.06666666666666667,1.5032935575923048,0.0021798365122615805,30,3670,
emb_tf-sapiens,16,1,blood_A,blood_E,blood_D,5,tcp_cluster_thr,0.8819156791309936,0.8784741144414169,0.6976744186046512,0.7931818181818181,0.13333333333333333,1.4633036598444127,0.00027247956403269756,30,3670,
emb_tf-sapiens,17,0,blood_C,blood_E,blood_D,5,cell_pooled,0.8481460522880957,0.8457300275482094,0.5566037735849056,0.7689994216310007,0.2,0.9075504268751031,0.09476584022038567,30,3630,0.8967136150234741
emb_tf-sapiens,17,0,blood_C,blood_E,blood_D,5,classwise,0.8309895005284288,0.8294765840220386,0.5566037735849056,0.6928430890309887,0.26666666666666666,0.9660334451389262,0.08512396694214876,30,3630,
emb_tf-sapiens,17,0,blood_C,blood_E,blood_D,5,donor_weighted,0.8467993600738274,0.8443526170798898,0.5566037735849056,0.7689994216310007,0.2,0.9062037346608348,0.09614325068870523,30,3630,
emb_tf-sapiens,17,0,blood_C,blood_E,blood_D,5,donor_crc,0.8963231528968791,0.8950413223140495,0.6792452830188679,0.8390541571319603,0.06666666666666667,0.9853513045439721,0.015151515151515152,30,3630,
emb_tf-sapiens,17,0,blood_C,blood_E,blood_D,5,tcp_standard_thr,0.8481460522880957,0.8457300275482094,0.5566037735849056,0.7689994216310007,0.2,0.9075504268751031,0.09476584022038567,30,3630,
emb_tf-sapiens,17,0,blood_C,blood_E,blood_D,5,tcp_standard_aps,0.8855941301734064,0.8826446280991735,0.7606837606837606,0.8398496240601503,0.06666666666666667,1.0266768128363077,0.051515151515151514,30,3630,
emb_tf-sapiens,17,0,blood_C,blood_E,blood_D,5,tcp_classwise_thr,0.8312439534546374,0.8297520661157025,0.5566037735849056,0.6928430890309887,0.26666666666666666,0.9662878980651348,0.08484848484848485,30,3630,
emb_tf-sapiens,17,0,blood_C,blood_E,blood_D,5,tcp_cluster_thr,0.8658308345751942,0.8639118457300275,0.5754716981132075,0.7752173913043479,0.13333333333333333,0.907539890403638,0.09366391184573003,30,3630,
emb_tf-sapiens,17,1,blood_C,blood_E,blood_D,5,cell_pooled,0.9305279921753106,0.9279132791327913,0.859504132231405,0.8755720930232558,0.0,0.9658895460928604,0.03550135501355014,30,3690,0.9001148105625718
emb_tf-sapiens,17,1,blood_C,blood_E,blood_D,5,classwise,0.8483371138585226,0.8439024390243902,0.6356589147286822,0.7730945510100153,0.16666666666666666,0.9630049017791589,0.08536585365853659,30,3690,
emb_tf-sapiens,17,1,blood_C,blood_E,blood_D,5,donor_weighted,0.93129011820191,0.9287262872628727,0.8608695652173913,0.8755720930232558,0.0,0.9666516721194598,0.034688346883468835,30,3690,
emb_tf-sapiens,17,1,blood_C,blood_E,blood_D,5,donor_crc,0.9521991208273157,0.9504065040650407,0.8782608695652174,0.9036826446280992,0.0,0.9981715355092476,0.001897018970189702,30,3690,
emb_tf-sapiens,17,1,blood_C,blood_E,blood_D,5,tcp_standard_thr,0.9305279921753106,0.9279132791327913,0.859504132231405,0.8755720930232558,0.0,0.9658895460928604,0.03550135501355014,30,3690,
emb_tf-sapiens,17,1,blood_C,blood_E,blood_D,5,tcp_standard_aps,0.9051550342504701,0.9016260162601626,0.808695652173913,0.8610074107093107,0.0,0.9675038552105265,0.05745257452574526,30,3690,
emb_tf-sapiens,17,1,blood_C,blood_E,blood_D,5,tcp_classwise_thr,0.8483371138585226,0.8439024390243902,0.6356589147286822,0.7730945510100153,0.16666666666666666,0.9630049017791589,0.08536585365853659,30,3690,
emb_tf-sapiens,17,1,blood_C,blood_E,blood_D,5,tcp_cluster_thr,0.8501324288239547,0.8444444444444444,0.7426470588235294,0.7877290693496227,0.16666666666666666,0.9745731545629684,0.026016260162601626,30,3690,
emb_tf-sapiens,18,0,blood_C,blood_D,blood_A,6,cell_pooled,0.9112248030522768,0.9113458888378503,0.823943661971831,0.856338028169014,0.0,0.9581061148258907,0.04180064308681672,30,4354,0.8903836571998007
emb_tf-sapiens,18,0,blood_C,blood_D,blood_A,6,classwise,0.8701480501912809,0.8702342673403767,0.6971830985915493,0.8083012225869368,0.1,1.6912843830079465,0.0036747818098300414,30,4354,
emb_tf-sapiens,18,0,blood_C,blood_D,blood_A,6,donor_weighted,0.9112248030522768,0.9113458888378503,0.823943661971831,0.856338028169014,0.0,0.9578778043236077,0.0420303169499311,30,4354,
emb_tf-sapiens,18,0,blood_C,blood_D,blood_A,6,donor_crc,0.9344582585793133,0.9345429490124024,0.8309859154929577,0.8897260273972603,0.0,0.9949107645372928,0.005052824988516307,30,4354,
emb_tf-sapiens,18,0,blood_C,blood_D,blood_A,6,tcp_standard_thr,0.9112248030522768,0.9113458888378503,0.823943661971831,0.856338028169014,0.0,0.9581061148258907,0.04180064308681672,30,4354,
emb_tf-sapiens,18,0,blood_C,blood_D,blood_A,6,tcp_standard_aps,0.9060848139038093,0.9060633899862196,0.782312925170068,0.8543507621068879,0.03333333333333333,1.004546299729142,0.050528249885163065,30,4354,
emb_tf-sapiens,18,0,blood_C,blood_D,blood_A,6,tcp_classwise_thr,0.8802473954515161,0.8803399173174092,0.6971830985915493,0.811022311022311,0.06666666666666667,1.9330256664926775,0.0,30,4354,
emb_tf-sapiens,18,0,blood_C,blood_D,blood_A,6,tcp_cluster_thr,0.9153628862911538,0.915480018373909,0.7605633802816901,0.8763650395523828,0.03333333333333333,1.9562757531024977,0.0,30,4354,
emb_tf-sapiens,18,1,blood_C,blood_D,blood_A,6,cell_pooled,0.9629725592064106,0.9630655586334257,0.8768115942028986,0.9227419434927255,0.0,1.222362558102343,0.0,30,4332,0.8993993993993994
emb_tf-sapiens,18,1,blood_C,blood_D,blood_A,6,classwise,0.8911140460945944,0.8912742382271468,0.6971830985915493,0.8146805249544976,0.03333333333333333,2.0950806775697206,0.001615881809787627,30,4332,
emb_tf-sapiens,18,1,blood_C,blood_D,blood_A,6,donor_weighted,0.9634424156024136,0.9635272391505079,0.8835616438356164,0.9227419434927255,0.0,1.2295380985439441,0.0,30,4332,
emb_tf-sapiens,18,1,blood_C,blood_D,blood_A,6,donor_crc,0.9787042340584605,0.9787626962142197,0.9115646258503401,0.9457954204579542,0.0,1.637018407902917,0.0,30,4332,
emb_tf-sapiens,18,1,blood_C,blood_D,blood_A,6,tcp_standard_thr,0.9629725592064106,0.9630655586334257,0.8768115942028986,0.9227419434927255,0.0,1.222362558102343,0.0,30,4332,
emb_tf-sapiens,18,1,blood_C,blood_D,blood_A,6,tcp_standard_aps,0.9630200568467746,0.9630655586334257,0.8698630136986302,0.9210884353741497,0.0,1.2301120521211897,0.0004616805170821791,30,4332,
emb_tf-sapiens,18,1,blood_C,blood_D,blood_A,6,tcp_classwise_thr,0.900542984854247,0.9007386888273314,0.6971830985915493,0.8445316588173731,0.03333333333333333,2.175256975211888,0.0,30,4332,
emb_tf-sapiens,18,1,blood_C,blood_D,blood_A,6,tcp_cluster_thr,0.9042511064897092,0.9044321329639889,0.6830985915492958,0.841892647469947,0.03333333333333333,1.5371009578495596,0.013157894736842105,30,4332,
emb_tf-sapiens,19,0,blood_B,blood_D,blood_A,6,cell_pooled,0.6442252822908883,0.644423920572616,0.3076923076923077,0.4090184563758389,0.7333333333333333,0.8846505818037131,0.11544677903486493,30,4331,0.892245720040282
emb_tf-sapiens,19,0,blood_B,blood_D,blood_A,6,classwise,0.6354046952620113,0.6354190718078966,0.32867132867132864,0.39484750227986626,0.9333333333333333,1.0595284271197967,0.11590856615100438,30,4331,
emb_tf-sapiens,19,0,blood_B,blood_D,blood_A,6,donor_weighted,0.6463137012108368,0.6465019625952436,0.3076923076923077,0.40968959731543625,0.7333333333333333,0.8916030666664848,0.10851997229277303,30,4331,
emb_tf-sapiens,19,0,blood_B,blood_D,blood_A,6,donor_crc,0.7855471619899098,0.7857307781112907,0.5034965034965035,0.6194914453161924,0.5,1.281202665650954,0.0,30,4331,
emb_tf-sapiens,19,0,blood_B,blood_D,blood_A,6,tcp_standard_thr,0.6442252822908883,0.644423920572616,0.3076923076923077,0.4090184563758389,0.7333333333333333,0.8846505818037131,0.11544677903486493,30,4331,
emb_tf-sapiens,19,0,blood_B,blood_D,blood_A,6,tcp_standard_aps,0.8496967459432709,0.8499191872546756,0.6923076923076923,0.7659522351500306,0.3,1.6165167231500064,0.018702378203648118,30,4331,
emb_tf-sapiens,19,0,blood_B,blood_D,blood_A,6,tcp_classwise_thr,0.6354046952620113,0.6354190718078966,0.32867132867132864,0.39484750227986626,0.9333333333333333,1.0595284271197967,0.11590856615100438,30,4331,
emb_tf-sapiens,19,0,blood_B,blood_D,blood_A,6,tcp_cluster_thr,0.6371342645809291,0.6372662202724544,0.3006993006993007,0.4113021998508576,0.7333333333333333,0.9528979995562458,0.1355345185869314,30,4331,
emb_tf-sapiens,19,1,blood_B,blood_D,blood_A,6,cell_pooled,0.44244540950391603,0.4421269768507907,0.1610738255033557,0.3,1.0,1.015206660346449,0.029108411643364657,30,4363,0.8803634528016153
emb_tf-sapiens,19,1,blood_B,blood_D,blood_A,6,classwise,0.40105296287082975,0.4006417602567041,0.08904109589041095,0.19421540428251838,1.0,0.8989663617905544,0.1806096722438689,30,4363,
emb_tf-sapiens,19,1,blood_B,blood_D,blood_A,6,donor_weighted,0.4417601349953731,0.4414393765757506,0.1610738255033557,0.3,1.0,1.0124770152912905,0.03025441210176484,30,4363,
emb_tf-sapiens,19,1,blood_B,blood_D,blood_A,6,donor_crc,0.5926640465384663,0.5924822369928948,0.2684563758389262,0.4417091836734694,0.9333333333333333,1.5468520332006255,0.0,30,4363,
emb_tf-sapiens,19,1,blood_B,blood_D,blood_A,6,tcp_standard_thr,0.44244540950391603,0.4421269768507907,0.1610738255033557,0.3,1.0,1.015206660346449,0.029108411643364657,30,4363,
emb_tf-sapiens,19,1,blood_B,blood_D,blood_A,6,tcp_standard_aps,0.6942180440916241,0.6942470776988311,0.436241610738255,0.5887576759565423,0.8666666666666667,1.9410209160514391,0.00825120330048132,30,4363,
emb_tf-sapiens,19,1,blood_B,blood_D,blood_A,6,tcp_classwise_thr,0.40105296287082975,0.4006417602567041,0.08904109589041095,0.19421540428251838,1.0,0.8989663617905544,0.1806096722438689,30,4363,
emb_tf-sapiens,19,1,blood_B,blood_D,blood_A,6,tcp_cluster_thr,0.4178007364774593,0.41714416685766675,0.1095890410958904,0.24057891613021049,1.0,0.9521328334235749,0.16777446710978686,30,4363,
emb_tf-sapiens,20,0,blood_E,blood_C,blood_A,5,cell_pooled,0.896387878671367,0.8963414634146342,0.7847222222222222,0.8356462585034014,0.03333333333333333,0.9602482968469671,0.039868667917448405,30,4264,0.8966842864007689
emb_tf-sapiens,20,0,blood_E,blood_C,blood_A,5,classwise,0.8997492831012234,0.899624765478424,0.8263888888888888,0.8416795366795367,0.0,1.003662087168839,0.018058161350844277,30,4264,
emb_tf-sapiens,20,0,blood_E,blood_C,blood_A,5,donor_weighted,0.8959343639321381,0.8958724202626641,0.7847222222222222,0.8349659863945578,0.03333333333333333,0.959794782107738,0.040337711069418386,30,4264,
emb_tf-sapiens,20,0,blood_E,blood_C,blood_A,5,donor_crc,0.9172046158161716,0.9172138836772983,0.8299319727891157,0.8590476190476191,0.0,0.9957417253173213,0.005628517823639775,30,4264,
emb_tf-sapiens,20,0,blood_E,blood_C,blood_A,5,tcp_standard_thr,0.896387878671367,0.8963414634146342,0.7847222222222222,0.8356462585034014,0.03333333333333333,0.9602482968469671,0.039868667917448405,30,4264,
emb_tf-sapiens,20,0,blood_E,blood_C,blood_A,5,tcp_standard_aps,0.8926055913507066,0.8928236397748592,0.8148148148148148,0.8357089718791847,0.0,1.0936876324662839,0.06027204502814259,30,4264,
emb_tf-sapiens,20,0,blood_E,blood_C,blood_A,5,tcp_classwise_thr,0.8997492831012234,0.899624765478424,0.8263888888888888,0.8416795366795367,0.0,1.003662087168839,0.018058161350844277,30,4264,
emb_tf-sapiens,20,0,blood_E,blood_C,blood_A,5,tcp_cluster_thr,0.9028713628263475,0.9029080675422139,0.8194444444444444,0.8350479917994595,0.0,0.9830323845233938,0.039634146341463415,30,4264,
emb_tf-sapiens,20,1,blood_E,blood_C,blood_A,5,cell_pooled,0.8709869591528581,0.8717707844058243,0.6592592592592592,0.764080919080919,0.2,0.9646359079943791,0.035227806481916396,30,4258,0.8964862298195632
emb_tf-sapiens,20,1,blood_E,blood_C,blood_A,5,classwise,0.8755421739481327,0.8762329732268671,0.6714285714285714,0.7548551448551448,0.2,0.9451952240612888,0.06505401596993894,30,4258,
emb_tf-sapiens,20,1,blood_E,blood_C,blood_A,5,donor_weighted,0.8705132882029966,0.8713010803193988,0.6592592592592592,0.764080919080919,0.2,0.96392749526048,0.03593236261155472,30,4258,
emb_tf-sapiens,20,1,blood_E,blood_C,blood_A,5,donor_crc,0.8966662832334618,0.8973696571160169,0.6888888888888889,0.8023476523476524,0.1,1.0120303924042726,0.008924377642085486,30,4258,
emb_tf-sapiens,20,1,blood_E,blood_C,blood_A,5,tcp_standard_thr,0.8709869591528581,0.8717707844058243,0.6592592592592592,0.764080919080919,0.2,0.9646359079943791,0.035227806481916396,30,4258,
emb_tf-sapiens,20,1,blood_E,blood_C,blood_A,5,tcp_standard_aps,0.8680885640396274,0.8684828558008455,0.6962962962962963,0.8208459979736575,0.03333333333333333,1.1440647609249632,0.06693283231564115,30,4258,
emb_tf-sapiens,20,1,blood_E,blood_C,blood_A,5,tcp_classwise_thr,0.8755421739481327,0.8762329732268671,0.6714285714285714,0.7548551448551448,0.2,0.9451952240612888,0.06505401596993894,30,4258,
emb_tf-sapiens,20,1,blood_E,blood_C,blood_A,5,tcp_cluster_thr,0.8971901290692326,0.8978393612024425,0.7111111111111111,0.8264587525150906,0.1,0.9607430384962334,0.06176608736496007,30,4258,
emb_tf-sapiens,21,0,blood_A,blood_C,blood_B,6,cell_pooled,0.9166521251314538,0.9416180150125104,0.6296296296296297,0.725974025974026,0.13333333333333333,0.9980154125625046,0.0022240756185710315,30,3597,0.9094650205761317
emb_tf-sapiens,21,0,blood_A,blood_C,blood_B,6,classwise,0.9035014957467032,0.9329997219905477,0.5925925925925926,0.6866071428571429,0.13333333333333333,0.9660994583327581,0.030303030303030304,30,3597,
emb_tf-sapiens,21,0,blood_A,blood_C,blood_B,6,donor_weighted,0.9166521251314538,0.9416180150125104,0.6296296296296297,0.725974025974026,0.13333333333333333,0.9980154125625046,0.0022240756185710315,30,3597,
emb_tf-sapiens,21,0,blood_A,blood_C,blood_B,6,donor_crc,0.9205817670289164,0.9455101473450097,0.6296296296296297,0.7464285714285714,0.13333333333333333,1.007779005378599,0.0,30,3597,
emb_tf-sapiens,21,0,blood_A,blood_C,blood_B,6,tcp_standard_thr,0.9166521251314538,0.9416180150125104,0.6296296296296297,0.725974025974026,0.13333333333333333,0.9980154125625046,0.0022240756185710315,30,3597,
emb_tf-sapiens,21,0,blood_A,blood_C,blood_B,6,tcp_standard_aps,0.8442196791572391,0.8662774534334168,0.5625,0.701948051948052,0.16666666666666666,0.9352239888069716,0.08757297748123437,30,3597,
emb_tf-sapiens,21,0,blood_A,blood_C,blood_B,6,tcp_classwise_thr,0.9035014957467032,0.9329997219905477,0.5925925925925926,0.6866071428571429,0.13333333333333333,0.9660994583327581,0.030303030303030304,30,3597,
emb_tf-sapiens,21,0,blood_A,blood_C,blood_B,6,tcp_cluster_thr,0.9073098567362543,0.9366138448707256,0.5925925925925926,0.6866071428571429,0.13333333333333333,0.97193792958058,0.024464831804281346,30,3597,
emb_tf-sapiens,21,1,blood_A,blood_C,blood_B,6,cell_pooled,0.9143505909314331,0.9200774336283186,0.7142857142857143,0.8330985915492958,0.06666666666666667,0.9784919750254625,0.021847345132743362,30,3616,0.8980338363054412
emb_tf-sapiens,21,1,blood_A,blood_C,blood_B,6,classwise,0.9038761992957571,0.9137168141592921,0.6428571428571429,0.8043478260869565,0.06666666666666667,0.9531935662940493,0.0420353982300885,30,3616,
emb_tf-sapiens,21,1,blood_A,blood_C,blood_B,6,donor_weighted,0.9143505909314331,0.9200774336283186,0.7142857142857143,0.8330985915492958,0.06666666666666667,0.9784919750254625,0.021847345132743362,30,3616,
emb_tf-sapiens,21,1,blood_A,blood_C,blood_B,6,donor_crc,0.9181287124400374,0.9242256637168141,0.7142857142857143,0.8408761528326746,0.06666666666666667,0.9857520749807133,0.014380530973451327,30,3616,
emb_tf-sapiens,21,1,blood_A,blood_C,blood_B,6,tcp_standard_thr,0.9143505909314331,0.9200774336283186,0.7142857142857143,0.8330985915492958,0.06666666666666667,0.9784919750254625,0.021847345132743362,30,3616,
emb_tf-sapiens,21,1,blood_A,blood_C,blood_B,6,tcp_standard_aps,0.8393762658895797,0.8445796460176991,0.6785714285714286,0.772266139657444,0.26666666666666666,0.9224233942900337,0.1006637168141593,30,3616,
emb_tf-sapiens,21,1,blood_A,blood_C,blood_B,6,tcp_classwise_thr,0.9038761992957571,0.9137168141592921,0.6428571428571429,0.8043478260869565,0.06666666666666667,0.9531935662940493,0.0420353982300885,30,3616,
emb_tf-sapiens,21,1,blood_A,blood_C,blood_B,6,tcp_cluster_thr,0.9045510536285837,0.9134402654867256,0.6785714285714286,0.8108695652173914,0.06666666666666667,0.9533513926394921,0.04286504424778761,30,3616,
emb_tf-sapiens,22,0,blood_A,blood_B,blood_D,6,cell_pooled,0.6944322684145317,0.6931309109009457,0.47101449275362317,0.5078470824949698,0.7333333333333333,0.7257093637278361,0.27526132404181186,30,4018,0.8913276231263383
emb_tf-sapiens,22,0,blood_A,blood_B,blood_D,6,classwise,0.6962009880177363,0.6951219512195121,0.48412698412698413,0.4996240601503759,0.7666666666666667,0.7405009081940411,0.2603285216525635,30,4018,
emb_tf-sapiens,22,0,blood_A,blood_B,blood_D,6,donor_weighted,0.7124630094900908,0.7110502737680438,0.5072463768115942,0.5501082251082251,0.7,0.7462548124388115,0.2548531607765057,30,4018,
emb_tf-sapiens,22,0,blood_A,blood_B,blood_D,6,donor_crc,0.8249576659734011,0.8242906918865107,0.5845070422535211,0.6884615384615385,0.3,0.8832557782424265,0.11697361871577899,30,4018,
emb_tf-sapiens,22,0,blood_A,blood_B,blood_D,6,tcp_standard_thr,0.6944322684145317,0.6931309109009457,0.47101449275362317,0.5078470824949698,0.7333333333333333,0.7257093637278361,0.27526132404181186,30,4018,
emb_tf-sapiens,22,0,blood_A,blood_B,blood_D,6,tcp_standard_aps,0.8773056605702894,0.8765555002488801,0.6056338028169014,0.7923188405797101,0.16666666666666666,1.0637588715016641,0.05574912891986063,30,4018,
emb_tf-sapiens,22,0,blood_A,blood_B,blood_D,6,tcp_classwise_thr,0.7026276034132037,0.7015928322548531,0.48412698412698413,0.5169172932330828,0.7666666666666667,0.7469275235895085,0.2538576406172225,30,4018,
emb_tf-sapiens,22,0,blood_A,blood_B,blood_D,6,tcp_cluster_thr,0.714568916952464,0.7137879542060727,0.46825396825396826,0.5176215185851955,0.7333333333333333,1.7080144690002947,0.0,30,4018,
emb_tf-sapiens,22,1,blood_A,blood_B,blood_D,6,cell_pooled,0.7071234691839117,0.70827142149579,0.5035971223021583,0.58420523138833,0.8,0.7379907658402356,0.2607726597325409,30,4038,0.9027277406073083
emb_tf-sapiens,22,1,blood_A,blood_B,blood_D,6,classwise,0.5144261582947939,0.5148588410104011,0.28368794326241137,0.41809681619126526,1.0,0.5559103040228205,0.44403169886082217,30,4038,
emb_tf-sapiens,22,1,blood_A,blood_B,blood_D,6,donor_weighted,0.7227412694533428,0.7238732045567112,0.5107913669064749,0.5957457983193277,0.7666666666666667,0.7548759975426715,0.24393263992075284,30,4038,
emb_tf-sapiens,22,1,blood_A,blood_B,blood_D,6,donor_crc,0.841624354662189,0.842248637939574,0.6338028169014085,0.7318602261048304,0.26666666666666666,0.890614233715806,0.10871718672610203,30,4038,
emb_tf-sapiens,22,1,blood_A,blood_B,blood_D,6,tcp_standard_thr,0.7071234691839117,0.70827142149579,0.5035971223021583,0.58420523138833,0.8,0.7379907658402356,0.2607726597325409,30,4038,
emb_tf-sapiens,22,1,blood_A,blood_B,blood_D,6,tcp_standard_aps,0.8844219660704782,0.8845963348192174,0.7697841726618705,0.8013832997987927,0.1,1.0625728686158318,0.05745418524021793,30,4038,
emb_tf-sapiens,22,1,blood_A,blood_B,blood_D,6,tcp_classwise_thr,0.5472028603489204,0.5480435859336306,0.3333333333333333,0.426890756302521,1.0,0.588928551970667,0.4105993065874195,30,4038,
emb_tf-sapiens,22,1,blood_A,blood_B,blood_D,6,tcp_cluster_thr,0.5456368630760833,0.5465577018325903,0.3546099290780142,0.41970055627884956,1.0,0.5889281716711275,0.4105993065874195,30,4038,
emb_tf-sapiens,23,0,blood_E,blood_C,blood_B,5,cell_pooled,0.9185785441865922,0.922184493491794,0.813953488372093,0.8640926640926642,0.0,0.9775059012809417,0.022071307300509338,30,3534,0.9013474494706448
emb_tf-sapiens,23,0,blood_E,blood_C,blood_B,5,classwise,0.9265068666906492,0.9315223542727787,0.8243243243243243,0.8559246954595792,0.0,0.9900826162017093,0.01245048104131296,30,3534,
emb_tf-sapiens,23,0,blood_E,blood_C,blood_B,5,donor_weighted,0.9178693243284362,0.9213355970571591,0.813953488372093,0.8640926640926642,0.0,0.9765402711663753,0.02320316921335597,30,3534,
emb_tf-sapiens,23,0,blood_E,blood_C,blood_B,5,donor_crc,0.928625439434455,0.9323712507074137,0.84375,0.8778644842025124,0.0,0.9962007857054914,0.003395585738539898,30,3534,
emb_tf-sapiens,23,0,blood_E,blood_C,blood_B,5,tcp_standard_thr,0.9185785441865922,0.922184493491794,0.813953488372093,0.8640926640926642,0.0,0.9775059012809417,0.022071307300509338,30,3534,
emb_tf-sapiens,23,0,blood_E,blood_C,blood_B,5,tcp_standard_aps,0.8491071425084801,0.853423882286361,0.75,0.8015873015873016,0.06666666666666667,0.9466843696357129,0.09818902093944538,30,3534,
emb_tf-sapiens,23,0,blood_E,blood_C,blood_B,5,tcp_classwise_thr,0.9265068666906492,0.9315223542727787,0.8243243243243243,0.8559246954595792,0.0,0.9900826162017093,0.01245048104131296,30,3534,
emb_tf-sapiens,23,0,blood_E,blood_C,blood_B,5,tcp_cluster_thr,0.9130113660618024,0.922184493491794,0.6351351351351351,0.8424908424908425,0.06666666666666667,0.9757777919180073,0.02631578947368421,30,3534,
emb_tf-sapiens,23,1,blood_E,blood_C,blood_B,5,cell_pooled,0.9343948343089157,0.9367977528089888,0.7972027972027972,0.8587179487179488,0.03333333333333333,0.9968546288787794,0.0028089887640449437,30,3560,0.9231508165225745
emb_tf-sapiens,23,1,blood_E,blood_C,blood_B,5,classwise,0.9123058340757951,0.9199438202247191,0.6851851851851852,0.8115628557489023,0.1,0.9880649614515337,0.020786516853932586,30,3560,
emb_tf-sapiens,23,1,blood_E,blood_C,blood_B,5,donor_weighted,0.9343948343089157,0.9367977528089888,0.7972027972027972,0.8587179487179488,0.03333333333333333,0.9968546288787794,0.0028089887640449437,30,3560,
emb_tf-sapiens,23,1,blood_E,blood_C,blood_B,5,donor_crc,0.9398186224645805,0.9424157303370787,0.8111888111888111,0.8717054263565892,0.0,1.0119914420702334,0.0002808988764044944,30,3560,
emb_tf-sapiens,23,1,blood_E,blood_C,blood_B,5,tcp_standard_thr,0.9343948343089157,0.9367977528089888,0.7972027972027972,0.8587179487179488,0.03333333333333333,0.9968546288787794,0.0028089887640449437,30,3560,
emb_tf-sapiens,23,1,blood_E,blood_C,blood_B,5,tcp_standard_aps,0.8480489610433586,0.849438202247191,0.7272727272727273,0.7962441314553991,0.13333333333333333,0.9461197157885484,0.10589887640449439,30,3560,
emb_tf-sapiens,23,1,blood_E,blood_C,blood_B,5,tcp_classwise_thr,0.9123058340757951,0.9199438202247191,0.6851851851851852,0.8115628557489023,0.1,0.9880649614515337,0.020786516853932586,30,3560,
emb_tf-sapiens,23,1,blood_E,blood_C,blood_B,5,tcp_cluster_thr,0.9196373710118216,0.9241573033707865,0.7592592592592593,0.8195348837209303,0.06666666666666667,0.9889559825793224,0.009269662921348315,30,3560,
emb_tf-exemplar-human,0,0,blood_B,blood_C,blood_D,6,cell_pooled,0.9365384003292724,0.9359135461171149,0.5797101449275363,0.8832689686506134,0.03333333333333333,1.1688512123034485,0.0,30,3979,0.8941605839416058
emb_tf-exemplar-human,0,0,blood_B,blood_C,blood_D,6,classwise,0.9154641408383954,0.9148027142498115,0.6159420289855072,0.8664140189182634,0.06666666666666667,1.0409152538507698,0.0311636089469716,30,3979,
emb_tf-exemplar-human,0,0,blood_B,blood_C,blood_D,6,donor_weighted,0.9365384003292724,0.9359135461171149,0.5797101449275363,0.8832689686506134,0.03333333333333333,1.1686114041499713,0.0,30,3979,
emb_tf-exemplar-human,0,0,blood_B,blood_C,blood_D,6,donor_crc,0.9497204664171558,0.9489821563206836,0.6376811594202898,0.9142662426169923,0.03333333333333333,1.2639817516892187,0.0,30,3979,
emb_tf-exemplar-human,0,0,blood_B,blood_C,blood_D,6,tcp_standard_thr,0.9365384003292724,0.9359135461171149,0.5797101449275363,0.8832689686506134,0.03333333333333333,1.1688512123034485,0.0,30,3979,
emb_tf-exemplar-human,0,0,blood_B,blood_C,blood_D,6,tcp_standard_aps,0.9160241812758766,0.9153053531037949,0.5942028985507246,0.8634484325306678,0.03333333333333333,1.187135338677231,0.02764513696908771,30,3979,
emb_tf-exemplar-human,0,0,blood_B,blood_C,blood_D,6,tcp_classwise_thr,0.9154641408383954,0.9148027142498115,0.6159420289855072,0.8664140189182634,0.06666666666666667,1.0409152538507698,0.0311636089469716,30,3979,
emb_tf-exemplar-human,0,0,blood_B,blood_C,blood_D,6,tcp_cluster_thr,0.9172466804633429,0.9165619502387534,0.5434782608695652,0.8649624980866372,0.1,1.0465702784435773,0.03719527519477256,30,3979,
emb_tf-exemplar-human,0,1,blood_B,blood_C,blood_D,6,cell_pooled,0.899973801571804,0.8979963570127505,0.75,0.8009120022277917,0.1,1.636362440565867,0.0,30,3843,0.9042407660738714
emb_tf-exemplar-human,0,1,blood_B,blood_C,blood_D,6,classwise,0.8577042199971917,0.8542805100182149,0.4782608695652174,0.7407231509625127,0.2,1.0353439618903688,0.04709862086911267,30,3843,
emb_tf-exemplar-human,0,1,blood_B,blood_C,blood_D,6,donor_weighted,0.899973801571804,0.8979963570127505,0.75,0.8009120022277917,0.1,1.636362440565867,0.0,30,3843,
emb_tf-exemplar-human,0,1,blood_B,blood_C,blood_D,6,donor_crc,0.9100795166425542,0.9084048920114494,0.75,0.8095307713728767,0.1,1.7419770883873757,0.0,30,3843,
emb_tf-exemplar-human,0,1,blood_B,blood_C,blood_D,6,tcp_standard_thr,0.899973801571804,0.8979963570127505,0.75,0.8009120022277917,0.1,1.636362440565867,0.0,30,3843,
emb_tf-exemplar-human,0,1,blood_B,blood_C,blood_D,6,tcp_standard_aps,0.8948075961288364,0.8925318761384335,0.734375,0.7950710108604845,0.13333333333333333,1.6344141162887125,0.0036429872495446266,30,3843,
emb_tf-exemplar-human,0,1,blood_B,blood_C,blood_D,6,tcp_classwise_thr,0.8577042199971917,0.8542805100182149,0.4782608695652174,0.7407231509625127,0.2,1.0353439618903688,0.04709862086911267,30,3843,
emb_tf-exemplar-human,0,1,blood_B,blood_C,blood_D,6,tcp_cluster_thr,0.8538639993256901,0.8501170960187353,0.4782608695652174,0.7621484470530693,0.2,1.034538263191466,0.04345563361956804,30,3843,
emb_tf-exemplar-human,1,0,blood_C,blood_B,blood_A,6,cell_pooled,0.8728393823419373,0.8733624454148472,0.7338129496402878,0.8127760693318423,0.1,0.9147231967636792,0.08480809009423121,30,4351,0.9155773420479303
emb_tf-exemplar-human,1,0,blood_C,blood_B,blood_A,6,classwise,0.828861173771606,0.8292346586991496,0.593103448275862,0.7374149659863947,0.2,0.9843616356628844,0.10480349344978165,30,4351,
emb_tf-exemplar-human,1,0,blood_C,blood_B,blood_A,6,donor_weighted,0.9094891198529519,0.9099057687887842,0.823943661971831,0.8428873771730915,0.0,0.9677468012536218,0.0319466789243852,30,4351,
emb_tf-exemplar-human,1,0,blood_C,blood_B,blood_A,6,donor_crc,0.9613362217212528,0.9613881866237647,0.9084507042253521,0.9264082611461851,0.0,1.1287394816861542,0.0,30,4351,
emb_tf-exemplar-human,1,0,blood_C,blood_B,blood_A,6,tcp_standard_thr,0.8728393823419373,0.8733624454148472,0.7338129496402878,0.8127760693318423,0.1,0.9147231967636792,0.08480809009423121,30,4351,
emb_tf-exemplar-human,1,0,blood_C,blood_B,blood_A,6,tcp_standard_aps,0.9215955224446384,0.9216272121351413,0.8561643835616438,0.8907732106927277,0.0,1.0611938261191702,0.034704665594116293,30,4351,
emb_tf-exemplar-human,1,0,blood_C,blood_B,blood_A,6,tcp_classwise_thr,0.8732124913203776,0.8735922776373247,0.6620689655172414,0.8211188811188811,0.06666666666666667,1.028712953211656,0.060445874511606525,30,4351,
emb_tf-exemplar-human,1,0,blood_C,blood_B,blood_A,6,tcp_cluster_thr,0.8027787078106153,0.8032636175591817,0.5205479452054794,0.6723094993393041,0.3,0.9003798714263772,0.11997242013330268,30,4351,
emb_tf-exemplar-human,1,1,blood_C,blood_B,blood_A,6,cell_pooled,0.9620460248927307,0.9620458227262207,0.9183673469387755,0.935293542074364,0.0,1.1207694971929674,0.0,30,4321,0.9010362694300518
emb_tf-exemplar-human,1,1,blood_C,blood_B,blood_A,6,classwise,0.4664822438265355,0.4654015274242074,0.18493150684931506,0.272972972972973,1.0,1.3598611387269126,0.18861374681786625,30,4321,
emb_tf-exemplar-human,1,1,blood_C,blood_B,blood_A,6,donor_weighted,0.9682643518828055,0.968294376301782,0.9315068493150684,0.9446374294398611,0.0,1.206363952352802,0.0,30,4321,
emb_tf-exemplar-human,1,1,blood_C,blood_B,blood_A,6,donor_crc,0.9883966689268457,0.9884286044897015,0.9452054794520548,0.9783857585464475,0.0,1.7227230034946492,0.0,30,4321,
emb_tf-exemplar-human,1,1,blood_C,blood_B,blood_A,6,tcp_standard_thr,0.9620460248927307,0.9620458227262207,0.9183673469387755,0.935293542074364,0.0,1.1207694971929674,0.0,30,4321,
emb_tf-exemplar-human,1,1,blood_C,blood_B,blood_A,6,tcp_standard_aps,0.9582651739677738,0.9583429761629253,0.9148936170212766,0.9308731711862827,0.0,1.16355268422424,0.006017125665355242,30,4321,
emb_tf-exemplar-human,1,1,blood_C,blood_B,blood_A,6,tcp_classwise_thr,0.49049309298660226,0.48947003008562834,0.1917808219178082,0.3067567567567568,1.0,2.0248375979745914,0.0,30,4321,
emb_tf-exemplar-human,1,1,blood_C,blood_B,blood_A,6,tcp_cluster_thr,0.4682282632920251,0.46725295070585515,0.1917808219178082,0.30330382106244175,1.0,2.1485151141145953,0.0,30,4321,
emb_tf-exemplar-human,2,0,blood_B,blood_D,blood_E,5,cell_pooled,0.8851101030964597,0.8849831271091113,0.6730769230769231,0.7146,0.16666666666666666,0.9095618297142075,0.09167604049493813,30,3556,0.8957790515893694
emb_tf-exemplar-human,2,0,blood_B,blood_D,blood_E,5,classwise,0.8784440838519162,0.8790776152980877,0.5766423357664233,0.8140583554376658,0.1,0.9299697247711406,0.07255343082114736,30,3556,
emb_tf-exemplar-human,2,0,blood_B,blood_D,blood_E,5,donor_weighted,0.8848667940940266,0.8847019122609674,0.6730769230769231,0.7146,0.16666666666666666,0.9093185207117745,0.09195725534308212,30,3556,
emb_tf-exemplar-human,2,0,blood_B,blood_D,blood_E,5,donor_crc,0.9169223806008695,0.9173228346456693,0.7211538461538461,0.8215024330900244,0.1,0.9492021078630157,0.051462317210348704,30,3556,
emb_tf-exemplar-human,2,0,blood_B,blood_D,blood_E,5,tcp_standard_thr,0.8851101030964597,0.8849831271091113,0.6730769230769231,0.7146,0.16666666666666666,0.9095618297142075,0.09167604049493813,30,3556,
emb_tf-exemplar-human,2,0,blood_B,blood_D,blood_E,5,tcp_standard_aps,0.8890863491652738,0.889763779527559,0.7884615384615384,0.8358299885321101,0.03333333333333333,0.9962308743404364,0.07452193475815523,30,3556,
emb_tf-exemplar-human,2,0,blood_B,blood_D,blood_E,5,tcp_classwise_thr,0.8784440838519162,0.8790776152980877,0.5766423357664233,0.8140583554376658,0.1,0.9299697247711406,0.07255343082114736,30,3556,
emb_tf-exemplar-human,2,0,blood_B,blood_D,blood_E,5,tcp_cluster_thr,0.9000711473082629,0.8998875140607424,0.6131386861313869,0.8406593406593407,0.1,0.9627721127503263,0.04640044994375703,30,3556,
emb_tf-exemplar-human,2,1,blood_B,blood_D,blood_E,5,cell_pooled,0.863160921200886,0.861732644865175,0.7,0.7210384615384615,0.2,0.9735102662354683,0.02667814113597246,30,3486,0.9188467698878804
emb_tf-exemplar-human,2,1,blood_B,blood_D,blood_E,5,classwise,0.8426871273745001,0.8402180149168101,0.46715328467153283,0.7165390749601276,0.23333333333333334,0.934908930343997,0.10527825588066551,30,3486,
emb_tf-exemplar-human,2,1,blood_B,blood_D,blood_E,5,donor_weighted,0.8598487843452107,0.8582903040734366,0.6909090909090909,0.7210384615384615,0.2,0.9642052788107314,0.03614457831325301,30,3486,
emb_tf-exemplar-human,2,1,blood_B,blood_D,blood_E,5,donor_crc,0.891190531504848,0.8901319563970166,0.7363636363636363,0.7856153846153846,0.16666666666666666,1.0505893321507456,0.0,30,3486,
emb_tf-exemplar-human,2,1,blood_B,blood_D,blood_E,5,tcp_standard_thr,0.863160921200886,0.861732644865175,0.7,0.7210384615384615,0.2,0.9735102662354683,0.02667814113597246,30,3486,
emb_tf-exemplar-human,2,1,blood_B,blood_D,blood_E,5,tcp_standard_aps,0.8666800044480084,0.8668961560527826,0.744,0.7763636363636364,0.13333333333333333,1.1218725999297812,0.04991394148020654,30,3486,
emb_tf-exemplar-human,2,1,blood_B,blood_D,blood_E,5,tcp_classwise_thr,0.8426871273745001,0.8402180149168101,0.46715328467153283,0.7165390749601276,0.23333333333333334,0.934908930343997,0.10527825588066551,30,3486,
emb_tf-exemplar-human,2,1,blood_B,blood_D,blood_E,5,tcp_cluster_thr,0.851982923909252,0.8505450372920252,0.48175182481751827,0.7103846153846154,0.2,0.941364581292339,0.08347676419965576,30,3486,
emb_tf-exemplar-human,3,0,blood_A,blood_D,blood_E,5,cell_pooled,0.8988423187968875,0.8997995991983968,0.744,0.8159317126138625,0.06666666666666667,0.9438721094657834,0.05582593758946464,30,3493,0.8996832101372756
emb_tf-exemplar-human,3,0,blood_A,blood_D,blood_E,5,classwise,0.9147886310060099,0.9146865158889207,0.664,0.8611156618610748,0.06666666666666667,1.0856650206004408,0.029201259662181504,30,3493,
emb_tf-exemplar-human,3,0,blood_A,blood_D,blood_E,5,donor_weighted,0.898027480804953,0.8989407386200974,0.744,0.8159317126138625,0.06666666666666667,0.9424759789826316,0.0572573718866304,30,3493,
emb_tf-exemplar-human,3,0,blood_A,blood_D,blood_E,5,donor_crc,0.9220297802005303,0.9229888348124821,0.808,0.8315497375882246,0.0,0.9786861656715746,0.020898940738620097,30,3493,
emb_tf-exemplar-human,3,0,blood_A,blood_D,blood_E,5,tcp_standard_thr,0.8988423187968875,0.8997995991983968,0.744,0.8159317126138625,0.06666666666666667,0.9438721094657834,0.05582593758946464,30,3493,
emb_tf-exemplar-human,3,0,blood_A,blood_D,blood_E,5,tcp_standard_aps,0.883790727124865,0.8840538219295734,0.768,0.8173388429752065,0.1,0.9942846900439432,0.07014028056112225,30,3493,
emb_tf-exemplar-human,3,0,blood_A,blood_D,blood_E,5,tcp_classwise_thr,0.9147886310060099,0.9146865158889207,0.664,0.8611156618610748,0.06666666666666667,1.0856650206004408,0.029201259662181504,30,3493,
emb_tf-exemplar-human,3,0,blood_A,blood_D,blood_E,5,tcp_cluster_thr,0.9280436549408217,0.9287145720011452,0.704,0.8837571519389701,0.03333333333333333,1.1244023731165265,0.01002004008016032,30,3493,
emb_tf-exemplar-human,3,1,blood_A,blood_D,blood_E,5,cell_pooled,0.9128274324373251,0.9171830985915493,0.6727272727272727,0.8164248458985301,0.1,1.0257730488038859,0.0,30,3550,0.8989952406134321
emb_tf-exemplar-human,3,1,blood_A,blood_D,blood_E,5,classwise,0.8863684041424046,0.8859154929577465,0.5766423357664233,0.8152148664343787,0.1,1.0642441307424246,0.06619718309859154,30,3550,
emb_tf-exemplar-human,3,1,blood_A,blood_D,blood_E,5,donor_weighted,0.9128274324373251,0.9171830985915493,0.6727272727272727,0.8164248458985301,0.1,1.0257730488038859,0.0,30,3550,
emb_tf-exemplar-human,3,1,blood_A,blood_D,blood_E,5,donor_crc,0.9331283566742655,0.9366197183098591,0.6818181818181818,0.846295882659519,0.06666666666666667,1.1103701543729625,0.0,30,3550,
emb_tf-exemplar-human,3,1,blood_A,blood_D,blood_E,5,tcp_standard_thr,0.9128274324373251,0.9171830985915493,0.6727272727272727,0.8164248458985301,0.1,1.0257730488038859,0.0,30,3550,
emb_tf-exemplar-human,3,1,blood_A,blood_D,blood_E,5,tcp_standard_aps,0.9005291879402866,0.903661971830986,0.6363636363636364,0.8107214652669199,0.06666666666666667,1.0897101559531903,0.03436619718309859,30,3550,
emb_tf-exemplar-human,3,1,blood_A,blood_D,blood_E,5,tcp_classwise_thr,0.8857799411149172,0.8853521126760563,0.5766423357664233,0.8142624854819978,0.1,1.0636556677149371,0.06676056338028169,30,3550,
emb_tf-exemplar-human,3,1,blood_A,blood_D,blood_E,5,tcp_cluster_thr,0.9177420772025839,0.9214084507042254,0.7047619047619048,0.8209293504030346,0.06666666666666667,1.12103532516099,0.0016901408450704226,30,3550,
emb_tf-exemplar-human,4,0,blood_D,blood_C,blood_A,6,cell_pooled,0.9317854533355343,0.931792172121767,0.87248322147651,0.8972143601966334,0.0,1.0497844893273258,0.0,30,4369,0.9042601923957856
emb_tf-exemplar-human,4,0,blood_D,blood_C,blood_A,6,classwise,0.9167130449799903,0.916914625772488,0.8321167883211679,0.8768707482993197,0.0,1.0049040907654376,0.018310826276035707,30,4369,
emb_tf-exemplar-human,4,0,blood_D,blood_C,blood_A,6,donor_weighted,0.9317854533355343,0.931792172121767,0.87248322147651,0.8972143601966334,0.0,1.0497844893273258,0.0,30,4369,
emb_tf-exemplar-human,4,0,blood_D,blood_C,blood_A,6,donor_crc,0.9457248419358303,0.9457541771572442,0.9060402684563759,0.9230867346938776,0.0,1.1159248174075123,0.0,30,4369,
emb_tf-exemplar-human,4,0,blood_D,blood_C,blood_A,6,tcp_standard_thr,0.9317854533355343,0.931792172121767,0.87248322147651,0.8972143601966334,0.0,1.0497844893273258,0.0,30,4369,
emb_tf-exemplar-human,4,0,blood_D,blood_C,blood_A,6,tcp_standard_aps,0.9083008135584663,0.9084458686198215,0.8540145985401459,0.8728120446818843,0.0,1.1577097814419586,0.043259327077134355,30,4369,
emb_tf-exemplar-human,4,0,blood_D,blood_C,blood_A,6,tcp_classwise_thr,0.9167130449799903,0.916914625772488,0.8321167883211679,0.8768707482993197,0.0,1.0049040907654376,0.018310826276035707,30,4369,
emb_tf-exemplar-human,4,0,blood_D,blood_C,blood_A,6,tcp_cluster_thr,0.917438540009756,0.9176012817578393,0.8394160583941606,0.8748299319727891,0.0,1.0505255336210768,0.001373311970702678,30,4369,
emb_tf-exemplar-human,4,1,blood_D,blood_C,blood_A,6,cell_pooled,0.9575305484642022,0.957623215108245,0.9178082191780822,0.9417036379769299,0.0,1.2169172695924073,0.0,30,4342,0.9075091575091575
emb_tf-exemplar-human,4,1,blood_D,blood_C,blood_A,6,classwise,0.9179624743099469,0.9180101335789959,0.7887323943661971,0.8758099043813329,0.03333333333333333,1.0837757212615395,0.025564256103178258,30,4342,
emb_tf-exemplar-human,4,1,blood_D,blood_C,blood_A,6,donor_weighted,0.9575305484642022,0.957623215108245,0.9178082191780822,0.9417036379769299,0.0,1.2169172695924073,0.0,30,4342,
emb_tf-exemplar-human,4,1,blood_D,blood_C,blood_A,6,donor_crc,0.972306169888497,0.9723629663749425,0.9315068493150684,0.9567066346922463,0.0,1.431045140719938,0.0,30,4342,
emb_tf-exemplar-human,4,1,blood_D,blood_C,blood_A,6,tcp_standard_thr,0.9575305484642022,0.957623215108245,0.9178082191780822,0.9417036379769299,0.0,1.2169172695924073,0.0,30,4342,
emb_tf-exemplar-human,4,1,blood_D,blood_C,blood_A,6,tcp_standard_aps,0.9464535415777697,0.946568401658222,0.9178082191780822,0.9300925925925926,0.0,1.3116452965730656,0.014509442653155229,30,4342,
emb_tf-exemplar-human,4,1,blood_D,blood_C,blood_A,6,tcp_classwise_thr,0.9179624743099469,0.9180101335789959,0.7887323943661971,0.8758099043813329,0.03333333333333333,1.0837757212615395,0.025564256103178258,30,4342,
emb_tf-exemplar-human,4,1,blood_D,blood_C,blood_A,6,tcp_cluster_thr,0.9260692710885223,0.926070935052971,0.8661971830985915,0.8889655172413793,0.0,1.1273600216156556,0.0052970981114693685,30,4342,
emb_tf-exemplar-human,5,0,blood_C,blood_E,blood_B,5,cell_pooled,0.8323353609720352,0.8525098702763677,0.4772727272727273,0.6396825396825397,0.23333333333333334,0.9894828934312326,0.01015228426395939,30,3546,0.8914155770324048
emb_tf-exemplar-human,5,0,blood_C,blood_E,blood_B,5,classwise,0.8579578655658331,0.877326565143824,0.5227272727272727,0.6718253968253969,0.23333333333333334,1.0221676757046823,0.0019740552735476595,30,3546,
emb_tf-exemplar-human,5,0,blood_C,blood_E,blood_B,5,donor_weighted,0.8323353609720352,0.8525098702763677,0.4772727272727273,0.6396825396825397,0.23333333333333334,0.9894828934312326,0.01015228426395939,30,3546,
emb_tf-exemplar-human,5,0,blood_C,blood_E,blood_B,5,donor_crc,0.8486880456307647,0.8694303440496334,0.5,0.6396825396825397,0.23333333333333334,1.0322693794591649,0.0,30,3546,
emb_tf-exemplar-human,5,0,blood_C,blood_E,blood_B,5,tcp_standard_thr,0.8323353609720352,0.8525098702763677,0.4772727272727273,0.6396825396825397,0.23333333333333334,0.9894828934312326,0.01015228426395939,30,3546,
emb_tf-exemplar-human,5,0,blood_C,blood_E,blood_B,5,tcp_standard_aps,0.8239977558136177,0.8420755781161873,0.5227272727272727,0.6359788359788361,0.3,1.0118115482874699,0.03440496333897349,30,3546,
emb_tf-exemplar-human,5,0,blood_C,blood_E,blood_B,5,tcp_classwise_thr,0.8579578655658331,0.877326565143824,0.5227272727272727,0.6718253968253969,0.23333333333333334,1.0221676757046823,0.0019740552735476595,30,3546,
emb_tf-exemplar-human,5,0,blood_C,blood_E,blood_B,5,tcp_cluster_thr,0.8580928383692541,0.8756345177664975,0.5454545454545454,0.703968253968254,0.23333333333333334,1.0135305594717585,0.006204173716864072,30,3546,
emb_tf-exemplar-human,5,1,blood_C,blood_E,blood_B,5,cell_pooled,0.9017573032321177,0.9016666666666666,0.676923076923077,0.8283858764186633,0.1,1.0113156721217622,0.0,30,3600,0.910413030831879
emb_tf-exemplar-human,5,1,blood_C,blood_E,blood_B,5,classwise,0.9112979848196235,0.9116666666666666,0.7076923076923077,0.841046658259773,0.1,1.0266848467464476,0.0030555555555555557,30,3600,
emb_tf-exemplar-human,5,1,blood_C,blood_E,blood_B,5,donor_weighted,0.9007319631574817,0.9008333333333334,0.6615384615384615,0.8283858764186633,0.1,1.0082319596487845,0.0,30,3600,
emb_tf-exemplar-human,5,1,blood_C,blood_E,blood_B,5,donor_crc,0.9169186490463458,0.9169444444444445,0.7230769230769231,0.8516141235813368,0.1,1.0615066741975798,0.0,30,3600,
emb_tf-exemplar-human,5,1,blood_C,blood_E,blood_B,5,tcp_standard_thr,0.9017573032321177,0.9016666666666666,0.676923076923077,0.8283858764186633,0.1,1.0113156721217622,0.0,30,3600,
emb_tf-exemplar-human,5,1,blood_C,blood_E,blood_B,5,tcp_standard_aps,0.8885481114820598,0.8886111111111111,0.6923076923076923,0.8206431273644389,0.1,1.0209251265154826,0.025833333333333333,30,3600,
emb_tf-exemplar-human,5,1,blood_C,blood_E,blood_B,5,tcp_classwise_thr,0.9112979848196235,0.9116666666666666,0.7076923076923077,0.841046658259773,0.1,1.0266848467464476,0.0030555555555555557,30,3600,
emb_tf-exemplar-human,5,1,blood_C,blood_E,blood_B,5,tcp_cluster_thr,0.9078810894821547,0.9075,0.7540983606557377,0.8488811188811188,0.06666666666666667,1.0247649272809147,0.0033333333333333335,30,3600,
emb_tf-exemplar-human,6,0,blood_E,blood_B,blood_A,5,cell_pooled,0.9230990464440326,0.9231843575418994,0.6433566433566433,0.859265601217656,0.1,1.4014656281960933,0.0,30,4296,0.891832229580574
emb_tf-exemplar-human,6,0,blood_E,blood_B,blood_A,5,classwise,0.4729318815548043,0.47323091247672255,0.2206896551724138,0.312354124748491,1.0,1.2862812699724857,0.11987895716945997,30,4296,
emb_tf-exemplar-human,6,0,blood_E,blood_B,blood_A,5,donor_weighted,0.9214733431109485,0.9215549348230913,0.6433566433566433,0.859265601217656,0.1,1.3900184306262322,0.0,30,4296,
emb_tf-exemplar-human,6,0,blood_E,blood_B,blood_A,5,donor_crc,0.9576344155734755,0.957635009310987,0.7762237762237763,0.9223839421613395,0.03333333333333333,1.6697340619498038,0.0,30,4296,
emb_tf-exemplar-human,6,0,blood_E,blood_B,blood_A,5,tcp_standard_thr,0.9230990464440326,0.9231843575418994,0.6433566433566433,0.859265601217656,0.1,1.4014656281960933,0.0,30,4296,
emb_tf-exemplar-human,6,0,blood_E,blood_B,blood_A,5,tcp_standard_aps,0.9415541653452029,0.9415735567970205,0.7552447552447552,0.9065829528158296,0.06666666666666667,1.6160728604168073,0.0074487895716946,30,4296,
emb_tf-exemplar-human,6,0,blood_E,blood_B,blood_A,5,tcp_classwise_thr,0.502173319709462,0.50256052141527,0.22758620689655173,0.313359415753782,1.0,1.3155227081271432,0.09054934823091247,30,4296,
emb_tf-exemplar-human,6,0,blood_E,blood_B,blood_A,5,tcp_cluster_thr,0.471535946311104,0.47113594040968343,0.22758620689655173,0.31883618312189743,1.0,1.2557226136363264,0.1303538175046555,30,4296,
emb_tf-exemplar-human,6,1,blood_E,blood_B,blood_A,5,cell_pooled,0.970029451374707,0.9700724807107786,0.891156462585034,0.9384510010537408,0.0,1.1816959609999103,0.0,30,4277,0.9253208868144691
emb_tf-exemplar-human,6,1,blood_E,blood_B,blood_A,5,classwise,0.7103906991040744,0.7107785831190087,0.4125874125874126,0.572841776225062,0.7333333333333333,1.399145536609126,0.04769698386719663,30,4277,
emb_tf-exemplar-human,6,1,blood_E,blood_B,blood_A,5,donor_weighted,0.9826235585864022,0.9826981529109189,0.9455782312925171,0.9641140549591254,0.0,1.328786259968997,0.0,30,4277,
emb_tf-exemplar-human,6,1,blood_E,blood_B,blood_A,5,donor_crc,0.9936072584247536,0.9936871638999298,0.9615384615384616,0.9794520547945206,0.0,1.7915718870096098,0.0,30,4277,
emb_tf-exemplar-human,6,1,blood_E,blood_B,blood_A,5,tcp_standard_thr,0.970029451374707,0.9700724807107786,0.891156462585034,0.9384510010537408,0.0,1.1816959609999103,0.0,30,4277,
emb_tf-exemplar-human,6,1,blood_E,blood_B,blood_A,5,tcp_standard_aps,0.97091281152427,0.9710077156885667,0.9319727891156463,0.9451293759512938,0.0,1.3794321739890876,0.010521393500116905,30,4277,
emb_tf-exemplar-human,6,1,blood_E,blood_B,blood_A,5,tcp_classwise_thr,0.7120264896487154,0.7124152443301379,0.4125874125874126,0.572841776225062,0.7333333333333333,1.4017259939334443,0.04606032265606734,30,4277,
emb_tf-exemplar-human,6,1,blood_E,blood_B,blood_A,5,tcp_cluster_thr,0.7619926142112236,0.762216506897358,0.44755244755244755,0.6286617492096944,0.6333333333333333,0.983613396954964,0.06663549216740706,30,4277,
emb_tf-exemplar-human,7,0,blood_A,blood_C,blood_D,6,cell_pooled,0.8571581781065312,0.8572146807440925,0.6376811594202898,0.7777030604680716,0.16666666666666666,0.9430573246933562,0.05681246857717446,30,3978,0.9091324200913242
emb_tf-exemplar-human,7,0,blood_A,blood_C,blood_D,6,classwise,0.8217840912271086,0.8212669683257918,0.5,0.6781083142639207,0.23333333333333334,0.8881529583146877,0.11236802413273002,30,3978,
emb_tf-exemplar-human,7,0,blood_A,blood_C,blood_D,6,donor_weighted,0.8571581781065312,0.8572146807440925,0.6376811594202898,0.7777030604680716,0.16666666666666666,0.9430573246933562,0.05681246857717446,30,3978,
emb_tf-exemplar-human,7,0,blood_A,blood_C,blood_D,6,donor_crc,0.8770217957645895,0.8770739064856712,0.6666666666666666,0.7926453457587631,0.13333333333333333,0.9769171747020001,0.02287581699346405,30,3978,
emb_tf-exemplar-human,7,0,blood_A,blood_C,blood_D,6,tcp_standard_thr,0.8571581781065312,0.8572146807440925,0.6376811594202898,0.7777030604680716,0.16666666666666666,0.9430573246933562,0.05681246857717446,30,3978,
emb_tf-exemplar-human,7,0,blood_A,blood_C,blood_D,6,tcp_standard_aps,0.8483624578604351,0.8481649069884364,0.6811594202898551,0.7506353912951392,0.13333333333333333,1.00717205586712,0.06963298139768728,30,3978,
emb_tf-exemplar-human,7,0,blood_A,blood_C,blood_D,6,tcp_classwise_thr,0.8217840912271086,0.8212669683257918,0.5,0.6781083142639207,0.23333333333333334,0.8881529583146877,0.11236802413273002,30,3978,
emb_tf-exemplar-human,7,0,blood_A,blood_C,blood_D,6,tcp_cluster_thr,0.8309740720849478,0.8305681246857718,0.5362318840579711,0.6923667865315463,0.2,0.8925789252806248,0.10784313725490197,30,3978,
emb_tf-exemplar-human,7,1,blood_A,blood_C,blood_D,6,cell_pooled,0.7481203473677013,0.7474747474747475,0.5714285714285714,0.5928708439897699,0.6666666666666666,0.907094929862772,0.09343434343434344,30,3960,0.9046309032553874
emb_tf-exemplar-human,7,1,blood_A,blood_C,blood_D,6,classwise,0.7441307091098271,0.7434343434343434,0.5588235294117647,0.6098540145985402,0.6,0.8865497913399367,0.11515151515151516,30,3960,
emb_tf-exemplar-human,7,1,blood_A,blood_C,blood_D,6,donor_weighted,0.7476228349298905,0.746969696969697,0.5714285714285714,0.5928708439897699,0.6666666666666666,0.9062887754496523,0.09419191919191919,30,3960,
emb_tf-exemplar-human,7,1,blood_A,blood_C,blood_D,6,donor_crc,0.7794662043760634,0.7790404040404041,0.6014492753623188,0.6521650326797386,0.6,0.9632915738480686,0.03686868686868687,30,3960,
emb_tf-exemplar-human,7,1,blood_A,blood_C,blood_D,6,tcp_standard_thr,0.7481203473677013,0.7474747474747475,0.5714285714285714,0.5928708439897699,0.6666666666666666,0.907094929862772,0.09343434343434344,30,3960,
emb_tf-exemplar-human,7,1,blood_A,blood_C,blood_D,6,tcp_standard_aps,0.7946749983265069,0.794949494949495,0.6304347826086957,0.6998298666373964,0.5,1.0983268103464707,0.06893939393939394,30,3960,
emb_tf-exemplar-human,7,1,blood_A,blood_C,blood_D,6,tcp_classwise_thr,0.7441307091098271,0.7434343434343434,0.5588235294117647,0.6098540145985402,0.6,0.8865497913399367,0.11515151515151516,30,3960,
emb_tf-exemplar-human,7,1,blood_A,blood_C,blood_D,6,tcp_cluster_thr,0.7553843324120635,0.7545454545454545,0.5735294117647058,0.6179041353383459,0.6,1.880143030300652,0.0,30,3960,
emb_tf-exemplar-human,8,0,blood_E,blood_B,blood_C,5,cell_pooled,0.9863727921115958,0.9864253393665159,0.9523809523809523,0.971019809244314,0.0,1.3199759063902603,0.0,30,4199,0.9022892238972641
emb_tf-exemplar-human,8,0,blood_E,blood_B,blood_C,5,classwise,0.6255065616562739,0.6246725410812098,0.3722627737226277,0.452162123590695,0.9,0.8257298431485858,0.18528221005001191,30,4199,
emb_tf-exemplar-human,8,0,blood_E,blood_B,blood_C,5,donor_weighted,0.9849367597735822,0.9849964277208859,0.9444444444444444,0.9708374384236453,0.0,1.3047745597547438,0.0,30,4199,
emb_tf-exemplar-human,8,0,blood_E,blood_B,blood_C,5,donor_crc,0.9942944767120567,0.9942843534174803,0.9782608695652174,0.9862919225318847,0.0,1.521528351584142,0.0,30,4199,
emb_tf-exemplar-human,8,0,blood_E,blood_B,blood_C,5,tcp_standard_thr,0.9863727921115958,0.9864253393665159,0.9523809523809523,0.971019809244314,0.0,1.3199759063902603,0.0,30,4199,
emb_tf-exemplar-human,8,0,blood_E,blood_B,blood_C,5,tcp_standard_aps,0.9822210995627219,0.9823767563705644,0.9523809523809523,0.9652061187451387,0.0,1.43077931435393,0.006430102405334604,30,4199,
emb_tf-exemplar-human,8,0,blood_E,blood_B,blood_C,5,tcp_classwise_thr,0.6377130153761656,0.6368182900690641,0.3722627737226277,0.4672565529708387,0.9,0.8379362968684778,0.17313646106215766,30,4199,
emb_tf-exemplar-human,8,0,blood_E,blood_B,blood_C,5,tcp_cluster_thr,0.7499091976674112,0.7497023100738271,0.43795620437956206,0.5865660655134339,0.6,0.9480336797069288,0.05215527506549179,30,4199,
emb_tf-exemplar-human,8,1,blood_E,blood_B,blood_C,5,cell_pooled,0.9153378138839259,0.9144219308700834,0.44755244755244755,0.8288153579008297,0.1,1.251439126630121,0.0,30,4195,0.8975741239892183
emb_tf-exemplar-human,8,1,blood_E,blood_B,blood_C,5,classwise,0.362136874031384,0.36209773539928486,0.20567375886524822,0.2365262076053443,1.0,0.6677063387483909,0.34469606674612635,30,4195,
emb_tf-exemplar-human,8,1,blood_E,blood_B,blood_C,5,donor_weighted,0.9063610158064375,0.9053635280095351,0.3916083916083916,0.800636696893691,0.1,1.206936473036423,0.0,30,4195,
emb_tf-exemplar-human,8,1,blood_E,blood_B,blood_C,5,donor_crc,0.9511554091767095,0.9506555423122766,0.6923076923076923,0.8966197183098592,0.03333333333333333,1.5443286997200265,0.0,30,4195,
emb_tf-exemplar-human,8,1,blood_E,blood_B,blood_C,5,tcp_standard_thr,0.9153378138839259,0.9144219308700834,0.44755244755244755,0.8288153579008297,0.1,1.251439126630121,0.0,30,4195,
emb_tf-exemplar-human,8,1,blood_E,blood_B,blood_C,5,tcp_standard_aps,0.9492302340837455,0.9489868891537545,0.8601398601398601,0.9142493257416842,0.0,1.6421538915109979,0.0133492252681764,30,4195,
emb_tf-exemplar-human,8,1,blood_E,blood_B,blood_C,5,tcp_classwise_thr,0.36260476213225085,0.3625744934445769,0.20567375886524822,0.2365262076053443,1.0,0.6681742268492578,0.34421930870083434,30,4195,
emb_tf-exemplar-human,8,1,blood_E,blood_B,blood_C,5,tcp_cluster_thr,0.4889914577148589,0.48796185935637665,0.20567375886524822,0.26601513844974606,1.0,0.790125451623738,0.21072705601907032,30,4195,
emb_tf-exemplar-human,9,0,blood_E,blood_D,blood_A,5,cell_pooled,0.8344600945539894,0.8346991336923437,0.684931506849315,0.7524052004333694,0.3333333333333333,0.8588012540078083,0.14095059704987123,30,4271,0.9158469945355191
emb_tf-exemplar-human,9,0,blood_E,blood_D,blood_A,5,classwise,0.8000953198147632,0.8002809646452821,0.4755244755244755,0.6918712493180578,0.4,0.8472299116263297,0.1526574572699602,30,4271,
emb_tf-exemplar-human,9,0,blood_E,blood_D,blood_A,5,donor_weighted,0.8257553373409149,0.8260360571294779,0.678082191780822,0.7295232936078007,0.36666666666666664,0.849395349270318,0.1503160852259424,30,4271,
emb_tf-exemplar-human,9,0,blood_E,blood_D,blood_A,5,donor_crc,0.8828435729812837,0.8829313977991102,0.7762237762237763,0.8230561450897164,0.03333333333333333,0.9212737320106128,0.07867010067899789,30,4271,
emb_tf-exemplar-human,9,0,blood_E,blood_D,blood_A,5,tcp_standard_thr,0.8344600945539894,0.8346991336923437,0.684931506849315,0.7524052004333694,0.3333333333333333,0.8588012540078083,0.14095059704987123,30,4271,
emb_tf-exemplar-human,9,0,blood_E,blood_D,blood_A,5,tcp_standard_aps,0.8917743301881214,0.8918286115663779,0.8333333333333334,0.8558626305201648,0.0,1.0601266847794941,0.0739873565909623,30,4271,
emb_tf-exemplar-human,9,0,blood_E,blood_D,blood_A,5,tcp_classwise_thr,0.8003236303170463,0.8005151018496839,0.4755244755244755,0.6918712493180578,0.4,0.8474582221286127,0.15242332006555842,30,4271,
emb_tf-exemplar-human,9,0,blood_E,blood_D,blood_A,5,tcp_cluster_thr,0.8134325786245252,0.8136267852961836,0.6056338028169014,0.7245047797378535,0.3333333333333333,1.7707058174999797,0.0,30,4271,
emb_tf-exemplar-human,9,1,blood_E,blood_D,blood_A,5,cell_pooled,0.658117247906888,0.6582961746068998,0.5172413793103449,0.5493624161073826,0.9666666666666667,0.7472068711672978,0.2527575686458578,30,4261,0.9004424778761062
emb_tf-exemplar-human,9,1,blood_E,blood_D,blood_A,5,classwise,0.6249687355835593,0.6252053508566064,0.39285714285714285,0.44012765757732203,1.0,0.8685249107436511,0.16850504576390518,30,4261,
emb_tf-exemplar-human,9,1,blood_E,blood_D,blood_A,5,donor_weighted,0.6438659372075204,0.6439802863177658,0.4896551724137931,0.5232837967401726,0.9666666666666667,0.7284918171503134,0.2715325041070171,30,4261,
emb_tf-exemplar-human,9,1,blood_E,blood_D,blood_A,5,donor_crc,0.7771447370137328,0.7775170147852617,0.6785714285714286,0.7100000000000001,0.7333333333333333,0.9446912179814103,0.0579676132363295,30,4261,
emb_tf-exemplar-human,9,1,blood_E,blood_D,blood_A,5,tcp_standard_thr,0.658117247906888,0.6582961746068998,0.5172413793103449,0.5493624161073826,0.9666666666666667,0.7472068711672978,0.2527575686458578,30,4261,
emb_tf-exemplar-human,9,1,blood_E,blood_D,blood_A,5,tcp_standard_aps,0.8904640124019523,0.8906360009387467,0.8321167883211679,0.8425130344108447,0.0,1.4568318024122058,0.02698896972541657,30,4261,
emb_tf-exemplar-human,9,1,blood_E,blood_D,blood_A,5,tcp_classwise_thr,0.6252051422029445,0.6254400375498709,0.39285714285714285,0.44012765757732203,1.0,0.8687613173630364,0.1682703590706407,30,4261,
emb_tf-exemplar-human,9,1,blood_E,blood_D,blood_A,5,tcp_cluster_thr,0.5908857471044767,0.5904717202534616,0.3586206896551724,0.4916666666666667,1.0,0.7255514363234775,0.2750528045059845,30,4261,
emb_tf-exemplar-human,10,0,blood_A,blood_E,blood_C,5,cell_pooled,0.9627997572586828,0.9627061917284245,0.9051094890510949,0.9432807370539024,0.0,1.0650910890287313,0.0,30,4183,0.9026750142287991
emb_tf-exemplar-human,10,0,blood_A,blood_E,blood_C,5,classwise,0.8912047478904012,0.8909873296677026,0.5763888888888888,0.7917505030181086,0.16666666666666666,1.3961298750659055,0.004303131723643318,30,4183,
emb_tf-exemplar-human,10,0,blood_A,blood_E,blood_C,5,donor_weighted,0.9627997572586828,0.9627061917284245,0.9051094890510949,0.9432807370539024,0.0,1.0650910890287313,0.0,30,4183,
emb_tf-exemplar-human,10,0,blood_A,blood_E,blood_C,5,donor_crc,0.9903796069767385,0.9904374850585704,0.9647887323943662,0.9757936507936508,0.0,1.3257233059309617,0.0,30,4183,
emb_tf-exemplar-human,10,0,blood_A,blood_E,blood_C,5,tcp_standard_thr,0.9627997572586828,0.9627061917284245,0.9051094890510949,0.9432807370539024,0.0,1.0650910890287313,0.0,30,4183,
emb_tf-exemplar-human,10,0,blood_A,blood_E,blood_C,5,tcp_standard_aps,0.9629887984442076,0.9629452546019603,0.9130434782608695,0.9378879310344828,0.0,1.2105718268927013,0.017690652641644752,30,4183,
emb_tf-exemplar-human,10,0,blood_A,blood_E,blood_C,5,tcp_classwise_thr,0.8912047478904012,0.8909873296677026,0.5763888888888888,0.7917505030181086,0.16666666666666666,1.3961298750659055,0.004303131723643318,30,4183,
emb_tf-exemplar-human,10,0,blood_A,blood_E,blood_C,5,tcp_cluster_thr,0.9282660808353405,0.9280420750657423,0.6111111111111112,0.8440559440559441,0.03333333333333333,1.511524802693739,0.016017212526894573,30,4183,
emb_tf-exemplar-human,10,1,blood_A,blood_E,blood_C,5,cell_pooled,0.9698321396580961,0.9698348096720134,0.8947368421052632,0.9485251798561151,0.0,1.1153097092224162,0.0,30,4177,0.9113557358053302
emb_tf-exemplar-human,10,1,blood_A,blood_E,blood_C,5,classwise,0.8437792921955835,0.8429494852765143,0.6554054054054054,0.677184647413655,0.3333333333333333,1.282807887824863,0.02801053387598755,30,4177,
emb_tf-exemplar-human,10,1,blood_A,blood_E,blood_C,5,donor_weighted,0.9667296517867326,0.966722528130237,0.8947368421052632,0.9478057553956835,0.0,1.100635610295637,0.0,30,4177,
emb_tf-exemplar-human,10,1,blood_A,blood_E,blood_C,5,donor_crc,0.9815114207354959,0.981565717021786,0.924812030075188,0.9625544634714764,0.0,1.2786433610703456,0.0,30,4177,
emb_tf-exemplar-human,10,1,blood_A,blood_E,blood_C,5,tcp_standard_thr,0.9698321396580961,0.9698348096720134,0.8947368421052632,0.9485251798561151,0.0,1.1153097092224162,0.0,30,4177,
emb_tf-exemplar-human,10,1,blood_A,blood_E,blood_C,5,tcp_standard_aps,0.9568422781631974,0.9569068709600191,0.8796992481203008,0.9128818684183089,0.0,1.2220904432038175,0.020110126885324396,30,4177,
emb_tf-exemplar-human,10,1,blood_A,blood_E,blood_C,5,tcp_classwise_thr,0.8444970285654937,0.8436677040938473,0.6554054054054054,0.677184647413655,0.3333333333333333,1.2835256241947735,0.027292315058654537,30,4177,
emb_tf-exemplar-human,10,1,blood_A,blood_E,blood_C,5,tcp_cluster_thr,0.8284182685268558,0.8273880775676322,0.40559440559440557,0.6825969515724484,0.3333333333333333,1.2718279560892038,0.0011970313622216902,30,4177,
emb_tf-exemplar-human,11,0,blood_A,blood_B,blood_E,5,cell_pooled,0.7810963446709368,0.7816901408450704,0.5,0.6598076923076923,0.5333333333333333,0.8262463353522048,0.1735211267605634,30,3550,0.9141069397042093
emb_tf-exemplar-human,11,0,blood_A,blood_B,blood_E,5,classwise,0.7332716809391123,0.7323943661971831,0.5087719298245614,0.5767032967032968,0.7333333333333333,0.8567866107298788,0.14535211267605633,30,3550,
emb_tf-exemplar-human,11,0,blood_A,blood_B,blood_E,5,donor_weighted,0.7834299315917923,0.783943661971831,0.5,0.6598076923076923,0.5333333333333333,0.8291287027608654,0.1707042253521127,30,3550,
emb_tf-exemplar-human,11,0,blood_A,blood_B,blood_E,5,donor_crc,0.878476099104129,0.8791549295774648,0.5416666666666666,0.7585142857142857,0.2,0.9843822825684696,0.015774647887323943,30,3550,
emb_tf-exemplar-human,11,0,blood_A,blood_B,blood_E,5,tcp_standard_thr,0.7810963446709368,0.7816901408450704,0.5,0.6598076923076923,0.5333333333333333,0.8262463353522048,0.1735211267605634,30,3550,
emb_tf-exemplar-human,11,0,blood_A,blood_B,blood_E,5,tcp_standard_aps,0.8795728334640068,0.8802816901408451,0.5583333333333333,0.7757913043478261,0.13333333333333333,1.0788809829268464,0.04366197183098591,30,3550,
emb_tf-exemplar-human,11,0,blood_A,blood_B,blood_E,5,tcp_classwise_thr,0.7357840504894337,0.7349295774647887,0.5175438596491229,0.5767032967032968,0.7333333333333333,0.8592989802802001,0.1428169014084507,30,3550,
emb_tf-exemplar-human,11,0,blood_A,blood_B,blood_E,5,tcp_cluster_thr,0.7698011173546535,0.7707042253521127,0.5333333333333333,0.6461310344827587,0.5333333333333333,0.8772350559381217,0.12140845070422535,30,3550,
emb_tf-exemplar-human,11,1,blood_A,blood_B,blood_E,5,cell_pooled,0.7870071296059208,0.7831669044222539,0.6,0.6415723981900453,0.6,0.8461682056727414,0.15720399429386592,30,3505,0.9007053716766142
emb_tf-exemplar-human,11,1,blood_A,blood_B,blood_E,5,classwise,0.6828374807672494,0.68188302425107,0.45384615384615384,0.526781210592686,0.8333333333333334,0.764295827820772,0.2362339514978602,30,3505,
emb_tf-exemplar-human,11,1,blood_A,blood_B,blood_E,5,donor_weighted,0.7872849073836985,0.7834522111269615,0.6,0.6423076923076924,0.6,0.8464459834505191,0.15691868758915833,30,3505,
emb_tf-exemplar-human,11,1,blood_A,blood_B,blood_E,5,donor_crc,0.851919340234533,0.8496433666191155,0.6384615384615384,0.7573333333333333,0.3,0.9380107416768148,0.06362339514978602,30,3505,
emb_tf-exemplar-human,11,1,blood_A,blood_B,blood_E,5,tcp_standard_thr,0.7870071296059208,0.7831669044222539,0.6,0.6415723981900453,0.6,0.8461682056727414,0.15720399429386592,30,3505,
emb_tf-exemplar-human,11,1,blood_A,blood_B,blood_E,5,tcp_standard_aps,0.8578201431207615,0.8582025677603423,0.6615384615384615,0.7745642201834863,0.2,1.0239786672476183,0.055920114122681885,30,3505,
emb_tf-exemplar-human,11,1,blood_A,blood_B,blood_E,5,tcp_classwise_thr,0.7227311123451499,0.7195435092724679,0.45384615384615384,0.5882903981264637,0.7666666666666667,0.8041894593986724,0.1985734664764622,30,3505,
emb_tf-exemplar-human,11,1,blood_A,blood_B,blood_E,5,tcp_cluster_thr,0.7782067398468516,0.7743223965763195,0.5846153846153846,0.6328205128205128,0.6333333333333333,0.8513089327168148,0.15121255349500715,30,3505,
emb_tf-exemplar-human,12,0,blood_D,blood_C,blood_E,5,cell_pooled,0.9103323375288735,0.9095224797542586,0.7166666666666667,0.8414901859504132,0.06666666666666667,1.0102360021499373,0.0005585032113934655,30,3581,0.9076923076923077
emb_tf-exemplar-human,12,0,blood_D,blood_C,blood_E,5,classwise,0.9179967810837565,0.9170622731080704,0.72,0.8899922520661158,0.06666666666666667,1.0399249943040165,0.012566322256352975,30,3581,
emb_tf-exemplar-human,12,0,blood_D,blood_C,blood_E,5,donor_weighted,0.9097539061563246,0.9089639765428651,0.7166666666666667,0.8414901859504132,0.06666666666666667,1.0091244067024912,0.0005585032113934655,30,3581,
emb_tf-exemplar-human,12,0,blood_D,blood_C,blood_E,5,donor_crc,0.9247619279100664,0.9240435632504886,0.752,0.8734504132231405,0.06666666666666667,1.045587754274291,0.0,30,3581,
emb_tf-exemplar-human,12,0,blood_D,blood_C,blood_E,5,tcp_standard_thr,0.9103323375288735,0.9095224797542586,0.7166666666666667,0.8414901859504132,0.06666666666666667,1.0102360021499373,0.0005585032113934655,30,3581,
emb_tf-exemplar-human,12,0,blood_D,blood_C,blood_E,5,tcp_standard_aps,0.8610697527733505,0.8603741971516337,0.736,0.8016528925619835,0.06666666666666667,0.9895653255193565,0.07288466908684725,30,3581,
emb_tf-exemplar-human,12,0,blood_D,blood_C,blood_E,5,tcp_classwise_thr,0.9179967810837565,0.9170622731080704,0.72,0.8899922520661158,0.06666666666666667,1.0399249943040165,0.012566322256352975,30,3581,
emb_tf-exemplar-human,12,0,blood_D,blood_C,blood_E,5,tcp_cluster_thr,0.922751009642738,0.9220888020106116,0.704,0.8882367135187308,0.06666666666666667,1.0188156054822255,0.002234012845573862,30,3581,
emb_tf-exemplar-human,12,1,blood_D,blood_C,blood_E,5,cell_pooled,0.9248348793604516,0.9258946182023106,0.625,0.7968216216216216,0.1,0.9837594986788326,0.016342631727247113,30,3549,0.9159462055715658
emb_tf-exemplar-human,12,1,blood_D,blood_C,blood_E,5,classwise,0.9231428081667805,0.9239222316145393,0.6333333333333333,0.8276767151767151,0.06666666666666667,0.9929366842832382,0.016342631727247113,30,3549,
emb_tf-exemplar-human,12,1,blood_D,blood_C,blood_E,5,donor_weighted,0.9248348793604516,0.9258946182023106,0.625,0.7968216216216216,0.1,0.9837594986788326,0.016342631727247113,30,3549,
emb_tf-exemplar-human,12,1,blood_D,blood_C,blood_E,5,donor_crc,0.9347649872459729,0.9357565511411665,0.625,0.8166839916839916,0.1,1.0039300607888586,0.0002817695125387433,30,3549,
emb_tf-exemplar-human,12,1,blood_D,blood_C,blood_E,5,tcp_standard_thr,0.9248348793604516,0.9258946182023106,0.625,0.7968216216216216,0.1,0.9837594986788326,0.016342631727247113,30,3549,
emb_tf-exemplar-human,12,1,blood_D,blood_C,blood_E,5,tcp_standard_aps,0.8652704923567696,0.8661594815440969,0.575,0.7787478260869566,0.16666666666666666,0.9455046254999845,0.08114961961115807,30,3549,
emb_tf-exemplar-human,12,1,blood_D,blood_C,blood_E,5,tcp_classwise_thr,0.9231428081667805,0.9239222316145393,0.6333333333333333,0.8276767151767151,0.06666666666666667,0.9929366842832382,0.016342631727247113,30,3549,
emb_tf-exemplar-human,12,1,blood_D,blood_C,blood_E,5,tcp_cluster_thr,0.9220879667191372,0.9227951535643844,0.6333333333333333,0.8300155925155925,0.1,0.9888356222522119,0.01098901098901099,30,3549,
emb_tf-exemplar-human,13,0,blood_B,blood_E,blood_D,5,cell_pooled,0.9445038304958465,0.9442970822281167,0.8161764705882353,0.8984228719573671,0.0,1.1951285105991438,0.0,30,3770,0.8914027149321267
emb_tf-exemplar-human,13,0,blood_B,blood_E,blood_D,5,classwise,0.9280367204727131,0.9281167108753315,0.8095238095238095,0.8763873473917869,0.0,1.0644873283004457,0.04270557029177719,30,3770,
emb_tf-exemplar-human,13,0,blood_B,blood_E,blood_D,5,donor_weighted,0.9447726477001476,0.9445623342175067,0.8161764705882353,0.8984228719573671,0.0,1.2037187805412932,0.0,30,3770,
emb_tf-exemplar-human,13,0,blood_B,blood_E,blood_D,5,donor_crc,0.9682712936390748,0.9681697612732095,0.8823529411764706,0.9356631679389313,0.0,1.4849248101402812,0.0,30,3770,
emb_tf-exemplar-human,13,0,blood_B,blood_E,blood_D,5,tcp_standard_thr,0.9445038304958465,0.9442970822281167,0.8161764705882353,0.8984228719573671,0.0,1.1951285105991438,0.0,30,3770,
emb_tf-exemplar-human,13,0,blood_B,blood_E,blood_D,5,tcp_standard_aps,0.938998295303839,0.9387267904509283,0.8455882352941176,0.8925264713124846,0.0,1.3193136266887022,0.016180371352785147,30,3770,
emb_tf-exemplar-human,13,0,blood_B,blood_E,blood_D,5,tcp_classwise_thr,0.9280367204727131,0.9281167108753315,0.8095238095238095,0.8763873473917869,0.0,1.0644873283004457,0.04270557029177719,30,3770,
emb_tf-exemplar-human,13,0,blood_B,blood_E,blood_D,5,tcp_cluster_thr,0.9386173415663922,0.9389920424403183,0.8333333333333334,0.869720024345709,0.0,1.0469818393172785,0.03156498673740053,30,3770,
emb_tf-exemplar-human,13,1,blood_B,blood_E,blood_D,5,cell_pooled,0.9153989214660309,0.9107968452542834,0.635036496350365,0.8596802308108433,0.06666666666666667,1.845698860937425,0.0,30,3677,0.8956075299486594
emb_tf-exemplar-human,13,1,blood_B,blood_E,blood_D,5,classwise,0.887196920437099,0.9175958661952679,0.0,0.8334433670311533,0.1,1.0331864876576413,0.04324177318466141,30,3677,
emb_tf-exemplar-human,13,1,blood_B,blood_E,blood_D,5,donor_weighted,0.9146133417879355,0.9099809627413652,0.635036496350365,0.8596802308108433,0.06666666666666667,1.8410699513271638,0.0,30,3677,
emb_tf-exemplar-human,13,1,blood_B,blood_E,blood_D,5,donor_crc,0.9542201049253973,0.9518629317378298,0.7862595419847328,0.9218356115746493,0.06666666666666667,2.26664977103911,0.0,30,3677,
emb_tf-exemplar-human,13,1,blood_B,blood_E,blood_D,5,tcp_standard_thr,0.9153989214660309,0.9107968452542834,0.635036496350365,0.8596802308108433,0.06666666666666667,1.845698860937425,0.0,30,3677,
emb_tf-exemplar-human,13,1,blood_B,blood_E,blood_D,5,tcp_standard_aps,0.9151863709198998,0.910524884416644,0.656934306569343,0.852593616637615,0.06666666666666667,1.8705279673727924,0.0,30,3677,
emb_tf-exemplar-human,13,1,blood_B,blood_E,blood_D,5,tcp_classwise_thr,0.8874367285905761,0.9178678270329073,0.0,0.8334433670311533,0.1,1.0350917274557512,0.04269785150938265,30,3677,
emb_tf-exemplar-human,13,1,blood_B,blood_E,blood_D,5,tcp_cluster_thr,0.8565482802551172,0.8509654609736198,0.6183206106870229,0.7208453237410072,0.2,1.077475740695988,0.053304324177318466,30,3677,
emb_tf-exemplar-human,14,0,blood_C,blood_A,blood_B,6,cell_pooled,0.9281798951929631,0.9268043866360622,0.8432835820895522,0.8726508620689655,0.0,0.9928765279272256,0.007396072430502423,30,3921,0.891444342226311
emb_tf-exemplar-human,14,0,blood_C,blood_A,blood_B,6,classwise,0.9244480820599836,0.9229788319306299,0.8359375,0.8645442997777072,0.0,0.9906257775791713,0.012751849018107626,30,3921,
emb_tf-exemplar-human,14,0,blood_C,blood_A,blood_B,6,donor_weighted,0.9281798951929631,0.9268043866360622,0.8432835820895522,0.8726508620689655,0.0,0.9928765279272256,0.007396072430502423,30,3921,
emb_tf-exemplar-human,14,0,blood_C,blood_A,blood_B,6,donor_crc,0.9348071488558499,0.9336903851058403,0.84375,0.8733504889346372,0.0,1.0059279921042281,0.0,30,3921,
emb_tf-exemplar-human,14,0,blood_C,blood_A,blood_B,6,tcp_standard_thr,0.9281798951929631,0.9268043866360622,0.8432835820895522,0.8726508620689655,0.0,0.9928765279272256,0.007396072430502423,30,3921,
emb_tf-exemplar-human,14,0,blood_C,blood_A,blood_B,6,tcp_standard_aps,0.8913809204107265,0.8890589135424637,0.7734375,0.8404620731956655,0.06666666666666667,0.9654681981615982,0.04998724815098189,30,3921,
emb_tf-exemplar-human,14,0,blood_C,blood_A,blood_B,6,tcp_classwise_thr,0.9244480820599836,0.9229788319306299,0.8359375,0.8645442997777072,0.0,0.9906257775791713,0.012751849018107626,30,3921,
emb_tf-exemplar-human,14,0,blood_C,blood_A,blood_B,6,tcp_cluster_thr,0.926356042140956,0.9252741647538893,0.8203125,0.8671435923829129,0.0,1.9534293851264308,0.0,30,3921,
emb_tf-exemplar-human,14,1,blood_C,blood_A,blood_B,6,cell_pooled,0.8666135649721155,0.892925430210325,0.43243243243243246,0.6691758241758242,0.16666666666666666,0.9894989828601439,0.0076481835564053535,30,3661,0.9168580615525953
emb_tf-exemplar-human,14,1,blood_C,blood_A,blood_B,6,classwise,0.8647124448178898,0.8874624419557497,0.4864864864864865,0.6909340659340659,0.16666666666666666,0.9919766212564535,0.01666211417645452,30,3661,
emb_tf-exemplar-human,14,1,blood_C,blood_A,blood_B,6,donor_weighted,0.8666135649721155,0.892925430210325,0.43243243243243246,0.6691758241758242,0.16666666666666666,0.9894989828601439,0.0076481835564053535,30,3661,
emb_tf-exemplar-human,14,1,blood_C,blood_A,blood_B,6,donor_crc,0.8726379917225071,0.8981152690521715,0.43243243243243246,0.6737912087912088,0.16666666666666666,1.0047735804965476,0.0,30,3661,
emb_tf-exemplar-human,14,1,blood_C,blood_A,blood_B,6,tcp_standard_thr,0.8666135649721155,0.892925430210325,0.43243243243243246,0.6691758241758242,0.16666666666666666,0.9894989828601439,0.0076481835564053535,30,3661,
emb_tf-exemplar-human,14,1,blood_C,blood_A,blood_B,6,tcp_standard_aps,0.8303426381802179,0.8552308112537558,0.44594594594594594,0.6386813186813187,0.2,0.9702400212158443,0.05435673313302376,30,3661,
emb_tf-exemplar-human,14,1,blood_C,blood_A,blood_B,6,tcp_classwise_thr,0.8647124448178898,0.8874624419557497,0.4864864864864865,0.6909340659340659,0.16666666666666666,0.9919766212564535,0.01666211417645452,30,3661,
emb_tf-exemplar-human,14,1,blood_C,blood_A,blood_B,6,tcp_cluster_thr,0.8767108715057889,0.9016662114176455,0.4594594594594595,0.6753296703296704,0.16666666666666666,1.9541266831779578,0.0,30,3661,
emb_tf-exemplar-human,15,0,blood_D,blood_C,blood_B,6,cell_pooled,0.9645687639954723,0.9719216898505925,0.6875,0.9171256329877019,0.03333333333333333,1.2181746940665479,0.0,30,3882,0.8960146587265231
emb_tf-exemplar-human,15,0,blood_D,blood_C,blood_B,6,classwise,0.9366657482969453,0.9435857805255023,0.6875,0.8733330050231459,0.03333333333333333,1.0280513751714806,0.010819165378670788,30,3882,
emb_tf-exemplar-human,15,0,blood_D,blood_C,blood_B,6,donor_weighted,0.9645687639954723,0.9719216898505925,0.6875,0.9171256329877019,0.03333333333333333,1.2179221688140227,0.0,30,3882,
emb_tf-exemplar-human,15,0,blood_D,blood_C,blood_B,6,donor_crc,0.9684746971436624,0.9755280783101494,0.6875,0.9309380274897516,0.03333333333333333,1.2624345931626104,0.0,30,3882,
emb_tf-exemplar-human,15,0,blood_D,blood_C,blood_B,6,tcp_standard_thr,0.9645687639954723,0.9719216898505925,0.6875,0.9171256329877019,0.03333333333333333,1.2181746940665479,0.0,30,3882,
emb_tf-exemplar-human,15,0,blood_D,blood_C,blood_B,6,tcp_standard_aps,0.9626301201681337,0.9698608964451314,0.6875,0.9171256329877019,0.03333333333333333,1.206672810813772,0.00025759917568263783,30,3882,
emb_tf-exemplar-human,15,0,blood_D,blood_C,blood_B,6,tcp_classwise_thr,0.9366657482969453,0.9435857805255023,0.6875,0.8733330050231459,0.03333333333333333,1.0280513751714806,0.010819165378670788,30,3882,
emb_tf-exemplar-human,15,0,blood_D,blood_C,blood_B,6,tcp_cluster_thr,0.947908714626362,0.9549201442555384,0.6875,0.8810351620210776,0.03333333333333333,1.0398546371338429,0.002575991756826378,30,3882,
emb_tf-exemplar-human,15,1,blood_D,blood_C,blood_B,6,cell_pooled,0.966092489219769,0.9654741055791843,0.9084507042253521,0.9287060492451109,0.0,1.0354143693567637,0.0,30,3997,0.9020594965675057
emb_tf-exemplar-human,15,1,blood_D,blood_C,blood_B,6,classwise,0.9511050653069737,0.9504628471353516,0.8661971830985915,0.9025419664268585,0.0,1.0082134951523705,0.0070052539404553416,30,3997,
emb_tf-exemplar-human,15,1,blood_D,blood_C,blood_B,6,donor_weighted,0.966092489219769,0.9654741055791843,0.9084507042253521,0.9287060492451109,0.0,1.0354143693567637,0.0,30,3997,
emb_tf-exemplar-human,15,1,blood_D,blood_C,blood_B,6,donor_crc,0.9690384623837947,0.968476357267951,0.9154929577464789,0.9346843651839092,0.0,1.0487530230926199,0.0,30,3997,
emb_tf-exemplar-human,15,1,blood_D,blood_C,blood_B,6,tcp_standard_thr,0.966092489219769,0.9654741055791843,0.9084507042253521,0.9287060492451109,0.0,1.0354143693567637,0.0,30,3997,
emb_tf-exemplar-human,15,1,blood_D,blood_C,blood_B,6,tcp_standard_aps,0.928055445701358,0.9276957718288716,0.8732394366197183,0.8909063074096755,0.0,0.9974037528729377,0.03777833375031273,30,3997,
emb_tf-exemplar-human,15,1,blood_D,blood_C,blood_B,6,tcp_classwise_thr,0.9511050653069737,0.9504628471353516,0.8661971830985915,0.9025419664268585,0.0,1.0082134951523705,0.0070052539404553416,30,3997,
emb_tf-exemplar-human,15,1,blood_D,blood_C,blood_B,6,tcp_cluster_thr,0.9627774755589701,0.9622216662496873,0.9136690647482014,0.9293733414982649,0.0,1.9641425910613912,0.0,30,3997,
emb_tf-exemplar-human,16,0,blood_A,blood_E,blood_D,5,cell_pooled,0.877115702954765,0.8730031948881789,0.7132867132867133,0.7610423116615067,0.23333333333333334,1.080357182621224,0.0,30,3756,0.9031719532554258
emb_tf-exemplar-human,16,0,blood_A,blood_E,blood_D,5,classwise,0.8982610482680797,0.8948349307774228,0.6929824561403509,0.7410824469647999,0.13333333333333333,1.4521372427710098,0.0026624068157614484,30,3756,
emb_tf-exemplar-human,16,0,blood_A,blood_E,blood_D,5,donor_weighted,0.8741299207533924,0.8698083067092651,0.6993006993006993,0.7560186963759764,0.23333333333333334,1.0678137760862192,0.0,30,3756,
emb_tf-exemplar-human,16,0,blood_A,blood_E,blood_D,5,donor_crc,0.9100656790624043,0.9068157614483493,0.7692307692307693,0.8166824538920154,0.06666666666666667,1.2086634285112752,0.0,30,3756,
emb_tf-exemplar-human,16,0,blood_A,blood_E,blood_D,5,tcp_standard_thr,0.877115702954765,0.8730031948881789,0.7132867132867133,0.7610423116615067,0.23333333333333334,1.080357182621224,0.0,30,3756,
emb_tf-exemplar-human,16,0,blood_A,blood_E,blood_D,5,tcp_standard_aps,0.8834760341684078,0.8796592119275826,0.7478991596638656,0.7811244755244755,0.2,1.1436785166030117,0.015175718849840255,30,3756,
emb_tf-exemplar-human,16,0,blood_A,blood_E,blood_D,5,tcp_classwise_thr,0.8982610482680797,0.8948349307774228,0.6929824561403509,0.7410824469647999,0.13333333333333333,1.4526330770259686,0.0023961661341853034,30,3756,
emb_tf-exemplar-human,16,0,blood_A,blood_E,blood_D,5,tcp_cluster_thr,0.868609486507686,0.86395101171459,0.6052631578947368,0.6832065744474504,0.16666666666666666,1.4578657715723153,0.0005324813631522897,30,3756,
emb_tf-exemplar-human,16,1,blood_A,blood_E,blood_D,5,cell_pooled,0.9662870351108772,0.964850136239782,0.8203125,0.9220735785953178,0.0,1.1031363459764012,0.0,30,3670,0.9053356282271945
emb_tf-exemplar-human,16,1,blood_A,blood_E,blood_D,5,classwise,0.9468941272117224,0.9457765667574932,0.865546218487395,0.8976744186046512,0.0,1.4275985933288038,0.012534059945504087,30,3670,
emb_tf-exemplar-human,16,1,blood_A,blood_E,blood_D,5,donor_weighted,0.9613242680082814,0.9596730245231607,0.8125,0.9194202898550725,0.0,1.0757305422057588,0.0,30,3670,
emb_tf-exemplar-human,16,1,blood_A,blood_E,blood_D,5,donor_crc,0.9807992278750853,0.9801089918256131,0.875968992248062,0.963278073193619,0.0,1.3111387885196921,0.0,30,3670,
emb_tf-exemplar-human,16,1,blood_A,blood_E,blood_D,5,tcp_standard_thr,0.9662870351108772,0.964850136239782,0.8203125,0.9220735785953178,0.0,1.1031363459764012,0.0,30,3670,
emb_tf-exemplar-human,16,1,blood_A,blood_E,blood_D,5,tcp_standard_aps,0.9601891943483507,0.95858310626703,0.8372093023255814,0.936644370122631,0.0,1.1410314077471417,0.011716621253405994,30,3670,
emb_tf-exemplar-human,16,1,blood_A,blood_E,blood_D,5,tcp_classwise_thr,0.9474109230773556,0.9463215258855586,0.865546218487395,0.8976744186046512,0.0,1.4286130124861778,0.011989100817438692,30,3670,
emb_tf-exemplar-human,16,1,blood_A,blood_E,blood_D,5,tcp_cluster_thr,0.9548514002939235,0.9534059945504088,0.8629032258064516,0.9217054263565891,0.0,1.4462006454399858,0.0005449591280653951,30,3670,
emb_tf-exemplar-human,17,0,blood_C,blood_E,blood_D,5,cell_pooled,0.8738262194183711,0.8707988980716254,0.7435897435897436,0.8035206786850477,0.1,0.9255643097876395,0.07630853994490358,30,3630,0.897887323943662
emb_tf-exemplar-human,17,0,blood_C,blood_E,blood_D,5,classwise,0.8136105335059177,0.8107438016528926,0.6052631578947368,0.6446595460614152,0.3,0.9027794236705604,0.10798898071625344,30,3630,
emb_tf-exemplar-human,17,0,blood_C,blood_E,blood_D,5,donor_weighted,0.8665732962992031,0.8633608815426997,0.7435897435897436,0.8007060333761233,0.1,0.917007236621217,0.08512396694214876,30,3630,
emb_tf-exemplar-human,17,0,blood_C,blood_E,blood_D,5,donor_crc,0.919213534490855,0.9170798898071625,0.7692307692307693,0.8590500641848524,0.03333333333333333,0.985529976152169,0.01487603305785124,30,3630,
emb_tf-exemplar-human,17,0,blood_C,blood_E,blood_D,5,tcp_standard_thr,0.8738262194183711,0.8707988980716254,0.7435897435897436,0.8035206786850477,0.1,0.9255643097876395,0.07630853994490358,30,3630,
emb_tf-exemplar-human,17,0,blood_C,blood_E,blood_D,5,tcp_standard_aps,0.8901232850837398,0.8865013774104683,0.7777777777777778,0.8371367974549311,0.03333333333333333,0.9880254176885478,0.05537190082644628,30,3630,
emb_tf-exemplar-human,17,0,blood_C,blood_E,blood_D,5,tcp_classwise_thr,0.8138689314387343,0.8110192837465565,0.6052631578947368,0.6446595460614152,0.3,0.9030378216033769,0.10771349862258953,30,3630,
emb_tf-exemplar-human,17,0,blood_C,blood_E,blood_D,5,tcp_cluster_thr,0.814468531184864,0.8118457300275482,0.5877192982456141,0.6259679572763684,0.3,0.8817411471576607,0.12534435261707988,30,3630,
emb_tf-exemplar-human,17,1,blood_C,blood_E,blood_D,5,cell_pooled,0.8839039782557527,0.8804878048780488,0.7476635514018691,0.8237705426356589,0.06666666666666667,0.9311748448320151,0.07127371273712738,30,3690,0.9064293915040184
emb_tf-exemplar-human,17,1,blood_C,blood_E,blood_D,5,classwise,0.8764290496290453,0.8747967479674796,0.6074766355140186,0.7974664397806769,0.13333333333333333,0.9478299087694142,0.05745257452574526,30,3690,
emb_tf-exemplar-human,17,1,blood_C,blood_E,blood_D,5,donor_weighted,0.8849164987270176,0.8815718157181572,0.7476635514018691,0.8237705426356589,0.06666666666666667,0.9324418182294886,0.06991869918699187,30,3690,
emb_tf-exemplar-human,17,1,blood_C,blood_E,blood_D,5,donor_crc,0.9183089464492462,0.916260162601626,0.794392523364486,0.8592186046511627,0.03333333333333333,0.9744915857052246,0.026287262872628725,30,3690,
emb_tf-exemplar-human,17,1,blood_C,blood_E,blood_D,5,tcp_standard_thr,0.8839039782557527,0.8804878048780488,0.7476635514018691,0.8237705426356589,0.06666666666666667,0.9311748448320151,0.07127371273712738,30,3690,
emb_tf-exemplar-human,17,1,blood_C,blood_E,blood_D,5,tcp_standard_aps,0.883905228374204,0.8802168021680217,0.813953488372093,0.8306731436502429,0.0,0.972348082793132,0.06476964769647696,30,3690,
emb_tf-exemplar-human,17,1,blood_C,blood_E,blood_D,5,tcp_classwise_thr,0.876689466295712,0.8750677506775068,0.6074766355140186,0.7974664397806769,0.13333333333333333,0.9480903254360808,0.05718157181571816,30,3690,
emb_tf-exemplar-human,17,1,blood_C,blood_E,blood_D,5,tcp_cluster_thr,0.8494391139232303,0.8474254742547426,0.5233644859813084,0.7533681765389082,0.2,0.9118047819399069,0.08888888888888889,30,3690,
emb_tf-exemplar-human,18,0,blood_C,blood_D,blood_A,6,cell_pooled,0.9240500339072836,0.9242076251722554,0.8571428571428571,0.8893980320277831,0.0,0.9792323273116904,0.02067064768029398,30,4354,0.8973592426507224
emb_tf-exemplar-human,18,0,blood_C,blood_D,blood_A,6,classwise,0.8473880067995125,0.8474965548920533,0.6758620689655173,0.7776981679666244,0.26666666666666666,1.9653125141034251,0.007349563619660083,30,4354,
emb_tf-exemplar-human,18,0,blood_C,blood_D,blood_A,6,donor_weighted,0.9238169336741834,0.9239779513091411,0.8571428571428571,0.8893980320277831,0.0,0.9787677455971087,0.021129995406522738,30,4354,
emb_tf-exemplar-human,18,0,blood_C,blood_D,blood_A,6,donor_crc,0.95359549658879,0.9536058796508957,0.8775510204081632,0.9198728688282252,0.0,1.0586914993942684,0.0,30,4354,
emb_tf-exemplar-human,18,0,blood_C,blood_D,blood_A,6,tcp_standard_thr,0.9240500339072836,0.9242076251722554,0.8571428571428571,0.8893980320277831,0.0,0.9792323273116904,0.02067064768029398,30,4354,
emb_tf-exemplar-human,18,0,blood_C,blood_D,blood_A,6,tcp_standard_aps,0.9258658685652351,0.925815342214056,0.8299319727891157,0.8962666409415397,0.0,1.0469989908588326,0.0316949931097841,30,4354,
emb_tf-exemplar-human,18,0,blood_C,blood_D,blood_A,6,tcp_classwise_thr,0.8485281124223768,0.8486449242076252,0.6896551724137931,0.7783738436423,0.26666666666666666,2.087053510212552,0.0,30,4354,
emb_tf-exemplar-human,18,0,blood_C,blood_D,blood_A,6,tcp_cluster_thr,0.9275093490119407,0.927652733118971,0.8098591549295775,0.8828767123287671,0.0,1.979968322403485,0.0,30,4354,
emb_tf-exemplar-human,18,1,blood_C,blood_D,blood_A,6,cell_pooled,0.9078522557984157,0.9081255771006463,0.8333333333333334,0.8503401360544217,0.0,0.9727386802451137,0.02723915050784857,30,4332,0.9014014014014013
emb_tf-exemplar-human,18,1,blood_C,blood_D,blood_A,6,classwise,0.7651179547566657,0.7652354570637119,0.5594405594405595,0.5888782450426286,0.5666666666666667,1.9766358044886188,0.0,30,4332,
emb_tf-exemplar-human,18,1,blood_C,blood_D,blood_A,6,donor_weighted,0.9078522557984157,0.9081255771006463,0.8333333333333334,0.8503401360544217,0.0,0.9727386802451137,0.02723915050784857,30,4332,
emb_tf-exemplar-human,18,1,blood_C,blood_D,blood_A,6,donor_crc,0.9465389221797745,0.9466759002770083,0.8768115942028986,0.8842745317305004,0.0,1.0681029594131135,0.0,30,4332,
emb_tf-exemplar-human,18,1,blood_C,blood_D,blood_A,6,tcp_standard_thr,0.9078522557984157,0.9081255771006463,0.8333333333333334,0.8503401360544217,0.0,0.9727386802451137,0.02723915050784857,30,4332,
emb_tf-exemplar-human,18,1,blood_C,blood_D,blood_A,6,tcp_standard_aps,0.9204652163209498,0.9205909510618652,0.8405797101449275,0.8707482993197279,0.0,1.0432041170166448,0.02631578947368421,30,4332,
emb_tf-exemplar-human,18,1,blood_C,blood_D,blood_A,6,tcp_classwise_thr,0.7862357441762113,0.7864727608494921,0.5874125874125874,0.6326602974490299,0.4666666666666667,1.9979883356922017,0.0,30,4332,
emb_tf-exemplar-human,18,1,blood_C,blood_D,blood_A,6,tcp_cluster_thr,0.7271239610995626,0.7273776546629732,0.4452054794520548,0.5813152600823833,0.7333333333333333,1.928522661835366,0.0,30,4332,
emb_tf-exemplar-human,19,0,blood_B,blood_D,blood_A,6,cell_pooled,0.5773977592113771,0.5776956822904641,0.21678321678321677,0.2874453618261292,0.8333333333333334,1.1925539261822526,0.0,30,4331,0.8942598187311178
emb_tf-exemplar-human,19,0,blood_B,blood_D,blood_A,6,classwise,0.6629899286558885,0.6631262987762642,0.26573426573426573,0.3796684871131551,0.7666666666666667,1.328255353128659,0.06118679288847841,30,4331,
emb_tf-exemplar-human,19,0,blood_B,blood_D,blood_A,6,donor_weighted,0.5781007158404802,0.5783883629646733,0.22377622377622378,0.2874453618261292,0.8333333333333334,1.194397012522914,0.0,30,4331,
emb_tf-exemplar-human,19,0,blood_B,blood_D,blood_A,6,donor_crc,0.6946910118664975,0.6949896097898869,0.32867132867132864,0.41255463817387084,0.6333333333333333,1.5079683011606957,0.0,30,4331,
emb_tf-exemplar-human,19,0,blood_B,blood_D,blood_A,6,tcp_standard_thr,0.5773977592113771,0.5776956822904641,0.21678321678321677,0.2874453618261292,0.8333333333333334,1.1925539261822526,0.0,30,4331,
emb_tf-exemplar-human,19,0,blood_B,blood_D,blood_A,6,tcp_standard_aps,0.6664972874160473,0.6668205957053798,0.3006993006993007,0.39286061194754734,0.7333333333333333,1.4497334727428768,0.01593165550681136,30,4331,
emb_tf-exemplar-human,19,0,blood_B,blood_D,blood_A,6,tcp_classwise_thr,0.6629899286558885,0.6631262987762642,0.26573426573426573,0.3796684871131551,0.7666666666666667,1.328255353128659,0.06118679288847841,30,4331,
emb_tf-exemplar-human,19,0,blood_B,blood_D,blood_A,6,tcp_cluster_thr,0.6593291977253413,0.6596628954052182,0.26573426573426573,0.39510823329237166,0.7666666666666667,0.9605051161838783,0.13876702839990765,30,4331,
emb_tf-exemplar-human,19,1,blood_B,blood_D,blood_A,6,cell_pooled,0.7749211970312856,0.774925509970204,0.4966442953020134,0.6273972602739726,0.5666666666666667,2.551703323288065,0.0,30,4363,0.8828874305906108
emb_tf-exemplar-human,19,1,blood_B,blood_D,blood_A,6,classwise,0.729967386556799,0.7302314920925969,0.4246575342465753,0.5263582145186841,0.6333333333333333,1.4246542076983493,0.0456108182443273,30,4363,
emb_tf-exemplar-human,19,1,blood_B,blood_D,blood_A,6,donor_weighted,0.7728607854926017,0.7728627091450837,0.4966442953020134,0.6273972602739726,0.5666666666666667,2.539567269629294,0.0,30,4363,
emb_tf-exemplar-human,19,1,blood_B,blood_D,blood_A,6,donor_crc,0.8565246742327991,0.856520742608297,0.6510067114093959,0.7567022826614861,0.23333333333333334,3.1151939569329143,0.0,30,4363,
emb_tf-exemplar-human,19,1,blood_B,blood_D,blood_A,6,tcp_standard_thr,0.7749211970312856,0.774925509970204,0.4966442953020134,0.6273972602739726,0.5666666666666667,2.551703323288065,0.0,30,4363,
emb_tf-exemplar-human,19,1,blood_B,blood_D,blood_A,6,tcp_standard_aps,0.7944957678302493,0.7944075177630071,0.5637583892617449,0.6808219178082192,0.5,2.6645300417270485,0.00022920009168003668,30,4363,
emb_tf-exemplar-human,19,1,blood_B,blood_D,blood_A,6,tcp_classwise_thr,0.729967386556799,0.7302314920925969,0.4246575342465753,0.5263582145186841,0.6333333333333333,1.4246542076983493,0.0456108182443273,30,4363,
emb_tf-exemplar-human,19,1,blood_B,blood_D,blood_A,6,tcp_cluster_thr,0.7991230469150676,0.7994499197799679,0.5633802816901409,0.6275259722349913,0.3333333333333333,1.4399013238565899,0.0575292230116892,30,4363,
emb_tf-exemplar-human,20,0,blood_E,blood_C,blood_A,5,cell_pooled,0.8916746727891184,0.8914165103189493,0.7162162162162162,0.8381133414436334,0.03333333333333333,1.02291665544791,0.0021106941838649157,30,4264,0.8947621335896204
emb_tf-exemplar-human,20,0,blood_E,blood_C,blood_A,5,classwise,0.8953729295535715,0.8954033771106942,0.7659574468085106,0.7998611111111111,0.1,0.9709802005757352,0.05042213883677298,30,4264,
emb_tf-exemplar-human,20,0,blood_E,blood_C,blood_A,5,donor_weighted,0.8914431913076369,0.8911819887429644,0.7162162162162162,0.8374188969991889,0.03333333333333333,1.0224568634641455,0.0021106941838649157,30,4264,
emb_tf-exemplar-human,20,0,blood_E,blood_C,blood_A,5,donor_crc,0.9145329856653162,0.9143996247654784,0.8040540540540541,0.8642517006802721,0.0,1.0875976650875903,0.00023452157598499062,30,4264,
emb_tf-exemplar-human,20,0,blood_E,blood_C,blood_A,5,tcp_standard_thr,0.8916746727891184,0.8914165103189493,0.7162162162162162,0.8381133414436334,0.03333333333333333,1.02291665544791,0.0021106941838649157,30,4264,
emb_tf-exemplar-human,20,0,blood_E,blood_C,blood_A,5,tcp_standard_aps,0.9037720428241869,0.9038461538461539,0.8175675675675675,0.8582648401826484,0.0,1.241389683827901,0.03330206378986867,30,4264,
emb_tf-exemplar-human,20,0,blood_E,blood_C,blood_A,5,tcp_classwise_thr,0.8953729295535715,0.8954033771106942,0.7659574468085106,0.7998611111111111,0.1,0.9709802005757352,0.05042213883677298,30,4264,
emb_tf-exemplar-human,20,0,blood_E,blood_C,blood_A,5,tcp_cluster_thr,0.8587821909633742,0.8588180112570356,0.6357142857142857,0.7548305752561072,0.23333333333333334,0.901989345208414,0.09803001876172608,30,4264,
emb_tf-exemplar-human,20,1,blood_E,blood_C,blood_A,5,cell_pooled,0.9196300637243471,0.9199154532644434,0.8222222222222222,0.8821428571428571,0.0,1.4450243832771403,0.0,30,4258,0.896011396011396
emb_tf-exemplar-human,20,1,blood_E,blood_C,blood_A,5,classwise,0.878142654614125,0.8788163457022076,0.65,0.7600315177779966,0.13333333333333333,0.9797898328332189,0.06270549553781118,30,4258,
emb_tf-exemplar-human,20,1,blood_E,blood_C,blood_A,5,donor_weighted,0.9191484083600626,0.9194457491780178,0.8222222222222222,0.8772535211267606,0.0,1.4417261732224587,0.0,30,4258,
emb_tf-exemplar-human,20,1,blood_E,blood_C,blood_A,5,donor_crc,0.931662129763441,0.931892907468295,0.837037037037037,0.8985714285714286,0.0,1.5172694440927237,0.0,30,4258,
emb_tf-exemplar-human,20,1,blood_E,blood_C,blood_A,5,tcp_standard_thr,0.9196300637243471,0.9199154532644434,0.8222222222222222,0.8821428571428571,0.0,1.4450243832771403,0.0,30,4258,
emb_tf-exemplar-human,20,1,blood_E,blood_C,blood_A,5,tcp_standard_aps,0.9021562516911522,0.9025364020666979,0.7851851851851852,0.850929186228482,0.03333333333333333,1.4872621963583759,0.023015500234852042,30,4258,
emb_tf-exemplar-human,20,1,blood_E,blood_C,blood_A,5,tcp_classwise_thr,0.878142654614125,0.8788163457022076,0.65,0.7600315177779966,0.13333333333333333,0.9797898328332189,0.06270549553781118,30,4258,
emb_tf-exemplar-human,20,1,blood_E,blood_C,blood_A,5,tcp_cluster_thr,0.8450919952072631,0.8459370596524189,0.4785714285714286,0.7004530680587019,0.2,0.9016090364256399,0.10568341944574917,30,4258,
emb_tf-exemplar-human,21,0,blood_A,blood_C,blood_B,6,cell_pooled,0.8736168018709235,0.886294134000556,0.6875,0.741974921630094,0.2,0.9661637290512245,0.03141506811231582,30,3597,0.9076360310928212
emb_tf-exemplar-human,21,0,blood_A,blood_C,blood_B,6,classwise,0.8672802659417639,0.8865721434528774,0.6666666666666666,0.74375,0.23333333333333334,0.9572240616595582,0.03502919099249374,30,3597,
emb_tf-exemplar-human,21,0,blood_A,blood_C,blood_B,6,donor_weighted,0.8736168018709235,0.886294134000556,0.6875,0.741974921630094,0.2,0.9661637290512245,0.03141506811231582,30,3597,
emb_tf-exemplar-human,21,0,blood_A,blood_C,blood_B,6,donor_crc,0.8869211267703669,0.9007506255212677,0.6875,0.7494827586206897,0.16666666666666666,0.9941602023046241,0.0061162079510703364,30,3597,
emb_tf-exemplar-human,21,0,blood_A,blood_C,blood_B,6,tcp_standard_thr,0.8736168018709235,0.886294134000556,0.6875,0.741974921630094,0.2,0.9661637290512245,0.03141506811231582,30,3597,
emb_tf-exemplar-human,21,0,blood_A,blood_C,blood_B,6,tcp_standard_aps,0.8305016397906122,0.8429246594384209,0.5625,0.7490740740740741,0.26666666666666666,0.9709805955775856,0.08534890186266333,30,3597,
emb_tf-exemplar-human,21,0,blood_A,blood_C,blood_B,6,tcp_classwise_thr,0.8672802659417639,0.8865721434528774,0.6666666666666666,0.74375,0.23333333333333334,0.9572240616595582,0.03502919099249374,30,3597,
emb_tf-exemplar-human,21,0,blood_A,blood_C,blood_B,6,tcp_cluster_thr,0.8646256769759645,0.8824020016680567,0.6666666666666666,0.745301724137931,0.23333333333333334,0.952835113496363,0.04114539894356408,30,3597,
emb_tf-exemplar-human,21,1,blood_A,blood_C,blood_B,6,cell_pooled,0.8943488980005573,0.8974004424778761,0.7142857142857143,0.8107164727495407,0.06666666666666667,0.9666910543329591,0.03346238938053098,30,3616,0.8939186099679927
emb_tf-exemplar-human,21,1,blood_A,blood_C,blood_B,6,classwise,0.8635213869850363,0.8678097345132744,0.6785714285714286,0.8013023345552769,0.1,0.9423738123207085,0.053373893805309734,30,3616,
emb_tf-exemplar-human,21,1,blood_A,blood_C,blood_B,6,donor_weighted,0.8943488980005573,0.8974004424778761,0.7142857142857143,0.8107164727495407,0.06666666666666667,0.9666910543329591,0.03346238938053098,30,3616,
emb_tf-exemplar-human,21,1,blood_A,blood_C,blood_B,6,donor_crc,0.9030349941568568,0.9068030973451328,0.7142857142857143,0.824464176362523,0.03333333333333333,0.9836184942455465,0.016039823008849558,30,3616,
emb_tf-exemplar-human,21,1,blood_A,blood_C,blood_B,6,tcp_standard_thr,0.8943488980005573,0.8974004424778761,0.7142857142857143,0.8107164727495407,0.06666666666666667,0.9666910543329591,0.03346238938053098,30,3616,
emb_tf-exemplar-human,21,1,blood_A,blood_C,blood_B,6,tcp_standard_aps,0.8355608179539966,0.8373893805309734,0.6428571428571429,0.7726622989874925,0.2,0.9401003009584016,0.09430309734513274,30,3616,
emb_tf-exemplar-human,21,1,blood_A,blood_C,blood_B,6,tcp_classwise_thr,0.8635213869850363,0.8678097345132744,0.6785714285714286,0.8013023345552769,0.1,0.9423738123207085,0.053373893805309734,30,3616,
emb_tf-exemplar-human,21,1,blood_A,blood_C,blood_B,6,tcp_cluster_thr,0.8624001355571465,0.8644911504424779,0.7142857142857143,0.7961584276354973,0.13333333333333333,0.9377658217833374,0.059457964601769914,30,3616,
emb_tf-exemplar-human,22,0,blood_A,blood_B,blood_D,6,cell_pooled,0.7981531341748946,0.7976605276256844,0.5158730158730159,0.5609401709401709,0.3,0.8787017935382806,0.1214534594325535,30,4018,0.8988222698072805
emb_tf-exemplar-human,22,0,blood_A,blood_B,blood_D,6,classwise,0.5966895401807206,0.5955699352911896,0.3916083916083916,0.46670575692963756,0.9666666666666667,0.7448063376487931,0.25684420109507217,30,4018,
emb_tf-exemplar-human,22,0,blood_A,blood_B,blood_D,6,donor_weighted,0.8255476158141346,0.8250373320059731,0.5211267605633803,0.6291737891737892,0.26666666666666666,0.91109390639782,0.08909905425584869,30,4018,
emb_tf-exemplar-human,22,0,blood_A,blood_B,blood_D,6,donor_crc,0.8979359352496311,0.8974614235938277,0.5915492957746479,0.747948717948718,0.16666666666666666,1.0416968232581927,0.0,30,4018,
emb_tf-exemplar-human,22,0,blood_A,blood_B,blood_D,6,tcp_standard_thr,0.7981531341748946,0.7976605276256844,0.5158730158730159,0.5609401709401709,0.3,0.8787017935382806,0.1214534594325535,30,4018,
emb_tf-exemplar-human,22,0,blood_A,blood_B,blood_D,6,tcp_standard_aps,0.8662126672461622,0.8656047784967645,0.5774647887323944,0.7382051282051282,0.2,1.0532768645543515,0.04554504728720757,30,4018,
emb_tf-exemplar-human,22,0,blood_A,blood_B,blood_D,6,tcp_classwise_thr,0.5977198938426531,0.5965654554504729,0.3916083916083916,0.46670575692963756,0.9666666666666667,0.7458366913107256,0.25584868093578894,30,4018,
emb_tf-exemplar-human,22,0,blood_A,blood_B,blood_D,6,tcp_cluster_thr,0.6201111834830997,0.619462419113987,0.4195804195804196,0.46785714285714286,0.9666666666666667,1.7159793871029394,0.0,30,4018,
emb_tf-exemplar-human,22,1,blood_A,blood_B,blood_D,6,cell_pooled,0.89146422833697,0.8917781079742447,0.7132352941176471,0.8291313389857623,0.1,1.0510941458689813,0.0,30,4038,0.8980957282552754
emb_tf-exemplar-human,22,1,blood_A,blood_B,blood_D,6,classwise,0.5259091864295747,0.5267459138187222,0.2695035460992908,0.40832898852971844,1.0,0.9273701269476328,0.1342248637939574,30,4038,
emb_tf-exemplar-human,22,1,blood_A,blood_B,blood_D,6,donor_weighted,0.8895087258087885,0.8897969291728578,0.7132352941176471,0.8291313389857623,0.1,1.0441189837351768,0.0,30,4038,
emb_tf-exemplar-human,22,1,blood_A,blood_B,blood_D,6,donor_crc,0.925708807705391,0.9259534422981675,0.7744360902255639,0.8793538219070134,0.03333333333333333,1.2298532110062756,0.0,30,4038,
emb_tf-exemplar-human,22,1,blood_A,blood_B,blood_D,6,tcp_standard_thr,0.89146422833697,0.8917781079742447,0.7132352941176471,0.8291313389857623,0.1,1.0510941458689813,0.0,30,4038,
emb_tf-exemplar-human,22,1,blood_A,blood_B,blood_D,6,tcp_standard_aps,0.8998641560162948,0.9001981178801387,0.7443609022556391,0.8413340336134454,0.1,1.1335906951442476,0.012134720158494304,30,4038,
emb_tf-exemplar-human,22,1,blood_A,blood_B,blood_D,6,tcp_classwise_thr,0.550688782711361,0.5517582961862308,0.3161764705882353,0.42857142857142855,1.0,0.9599291701894098,0.10153541357107479,30,4038,
emb_tf-exemplar-human,22,1,blood_A,blood_B,blood_D,6,tcp_cluster_thr,0.5343641814169467,0.5356612184249628,0.3088235294117647,0.40317119548549346,1.0,0.9632837220432289,0.08320950965824665,30,4038,
emb_tf-exemplar-human,23,0,blood_E,blood_C,blood_B,5,cell_pooled,0.8845881135519226,0.8902093944538766,0.7432432432432432,0.779990671641791,0.23333333333333334,0.9968810639885217,0.003395585738539898,30,3534,0.9056785370548605
emb_tf-exemplar-human,23,0,blood_E,blood_C,blood_B,5,classwise,0.8846905570112535,0.8941709111488398,0.6756756756756757,0.7703824626865672,0.13333333333333333,1.0159982353405925,0.013865308432371251,30,3534,
emb_tf-exemplar-human,23,0,blood_E,blood_C,blood_B,5,donor_weighted,0.8845881135519226,0.8902093944538766,0.7432432432432432,0.779990671641791,0.23333333333333334,0.9968810639885217,0.003395585738539898,30,3534,
emb_tf-exemplar-human,23,0,blood_E,blood_C,blood_B,5,donor_crc,0.8939896254379122,0.900679117147708,0.7432432432432432,0.7967817164179104,0.13333333333333333,1.022951240836782,0.0,30,3534,
emb_tf-exemplar-human,23,0,blood_E,blood_C,blood_B,5,tcp_standard_thr,0.8845881135519226,0.8902093944538766,0.7432432432432432,0.779990671641791,0.23333333333333334,0.9968810639885217,0.003395585738539898,30,3534,
emb_tf-exemplar-human,23,0,blood_E,blood_C,blood_B,5,tcp_standard_aps,0.8254648215696626,0.8341822297679683,0.6875,0.7527858627858628,0.16666666666666666,0.9845118815263328,0.08800226372382569,30,3534,
emb_tf-exemplar-human,23,0,blood_E,blood_C,blood_B,5,tcp_classwise_thr,0.8846905570112535,0.8941709111488398,0.6756756756756757,0.7703824626865672,0.13333333333333333,1.0159982353405925,0.013865308432371251,30,3534,
emb_tf-exemplar-human,23,0,blood_E,blood_C,blood_B,5,tcp_cluster_thr,0.8743352638664549,0.8862478777589134,0.5945945945945946,0.773973880597015,0.16666666666666666,0.9948354139666736,0.031409168081494056,30,3534,
emb_tf-exemplar-human,23,1,blood_E,blood_C,blood_B,5,cell_pooled,0.897862614574031,0.9044943820224719,0.7142857142857143,0.7716135045567523,0.16666666666666666,1.0006008944972118,0.0028089887640449437,30,3560,0.9188280499519692
emb_tf-exemplar-human,23,1,blood_E,blood_C,blood_B,5,classwise,0.8952142562890961,0.9070224719101123,0.6481481481481481,0.7916289592760181,0.13333333333333333,0.9749981231469567,0.042134831460674156,30,3560,
emb_tf-exemplar-human,23,1,blood_E,blood_C,blood_B,5,donor_weighted,0.8973396663766644,0.9039325842696629,0.7142857142857143,0.7716135045567523,0.16666666666666666,1.0000779462998453,0.0028089887640449437,30,3560,
emb_tf-exemplar-human,23,1,blood_E,blood_C,blood_B,5,donor_crc,0.9086161353308884,0.9157303370786517,0.7142857142857143,0.7885356255178128,0.13333333333333333,1.0265198830369449,0.0002808988764044944,30,3560,
emb_tf-exemplar-human,23,1,blood_E,blood_C,blood_B,5,tcp_standard_thr,0.897862614574031,0.9044943820224719,0.7142857142857143,0.7716135045567523,0.16666666666666666,1.0006008944972118,0.0028089887640449437,30,3560,
emb_tf-exemplar-human,23,1,blood_E,blood_C,blood_B,5,tcp_standard_aps,0.8290978674103624,0.8367977528089887,0.6428571428571429,0.7548097093197483,0.23333333333333334,0.9827146950239123,0.09719101123595505,30,3560,
emb_tf-exemplar-human,23,1,blood_E,blood_C,blood_B,5,tcp_classwise_thr,0.8952142562890961,0.9070224719101123,0.6481481481481481,0.7916289592760181,0.13333333333333333,0.9749981231469567,0.042134831460674156,30,3560,
emb_tf-exemplar-human,23,1,blood_E,blood_C,blood_B,5,tcp_cluster_thr,0.9005084949501018,0.9098314606741573,0.6785714285714286,0.8258285004142503,0.1,0.988502166145093,0.012640449438202247,30,3560,
emb_scvi,0,0,blood_B,blood_C,blood_D,6,cell_pooled,0.8989403159084303,0.8994722292033174,0.7890625,0.832962962962963,0.03333333333333333,0.9725195595894953,0.027393817542096004,30,3979,0.9251824817518248
emb_scvi,0,0,blood_B,blood_C,blood_D,6,classwise,0.8508501766038818,0.8519728575018849,0.4927536231884058,0.7533582089552239,0.2,0.976000994860802,0.06810756471475245,30,3979,
emb_scvi,0,0,blood_B,blood_C,blood_D,6,donor_weighted,0.8986714987041292,0.8992209097763257,0.7890625,0.832962962962963,0.03333333333333333,0.971998217132669,0.027896456396079416,30,3979,
emb_scvi,0,0,blood_B,blood_C,blood_D,6,donor_crc,0.922443224503316,0.9228449359135461,0.8125,0.8686384225952571,0.0,1.0229141939250765,0.0012565971349585323,30,3979,
emb_scvi,0,0,blood_B,blood_C,blood_D,6,tcp_standard_thr,0.8989403159084303,0.8994722292033174,0.7890625,0.832962962962963,0.03333333333333333,0.9725195595894953,0.027393817542096004,30,3979,
emb_scvi,0,0,blood_B,blood_C,blood_D,6,tcp_standard_aps,0.8863460164995377,0.8864036189997487,0.828125,0.83550803193062,0.0,1.03876881744751,0.061573259612968084,30,3979,
emb_scvi,0,0,blood_B,blood_C,blood_D,6,tcp_classwise_thr,0.8508501766038818,0.8519728575018849,0.4927536231884058,0.7533582089552239,0.2,0.976000994860802,0.06810756471475245,30,3979,
emb_scvi,0,0,blood_B,blood_C,blood_D,6,tcp_cluster_thr,0.8658867727607008,0.8668007036943955,0.5869565217391305,0.7958921370967742,0.16666666666666666,0.9930313652281207,0.049509927117366175,30,3979,
emb_scvi,0,1,blood_B,blood_C,blood_D,6,cell_pooled,0.9345173782845949,0.9326047358834244,0.8478260869565217,0.89674688057041,0.0,1.0227389030158744,0.0010408534998698933,30,3843,0.8946648426812586
emb_scvi,0,1,blood_B,blood_C,blood_D,6,classwise,0.8699553785804446,0.8688524590163934,0.5,0.755654761904762,0.16666666666666666,1.0133906529596584,0.06401249024199844,30,3843,
emb_scvi,0,1,blood_B,blood_C,blood_D,6,donor_weighted,0.9345173782845949,0.9326047358834244,0.8478260869565217,0.89674688057041,0.0,1.0227389030158744,0.0010408534998698933,30,3843,
emb_scvi,0,1,blood_B,blood_C,blood_D,6,donor_crc,0.9523262262557888,0.9508196721311475,0.8695652173913043,0.9154411764705882,0.0,1.075203663175095,0.0,30,3843,
emb_scvi,0,1,blood_B,blood_C,blood_D,6,tcp_standard_thr,0.9345173782845949,0.9326047358834244,0.8478260869565217,0.89674688057041,0.0,1.0227389030158744,0.0010408534998698933,30,3843,
emb_scvi,0,1,blood_B,blood_C,blood_D,6,tcp_standard_aps,0.9067837041481389,0.9032006245120999,0.8043478260869565,0.872585601404741,0.0,1.0605667233049294,0.05542544886807182,30,3843,
emb_scvi,0,1,blood_B,blood_C,blood_D,6,tcp_classwise_thr,0.8699553785804446,0.8688524590163934,0.5,0.755654761904762,0.16666666666666666,1.0133906529596584,0.06401249024199844,30,3843,
emb_scvi,0,1,blood_B,blood_C,blood_D,6,tcp_cluster_thr,0.9139003928701593,0.912568306010929,0.7931034482758621,0.8381696428571429,0.06666666666666667,1.0595382908870454,0.023679417122040074,30,3843,
emb_scvi,1,0,blood_C,blood_B,blood_A,6,cell_pooled,0.8569227238927898,0.8570443576189382,0.7364864864864865,0.7878733393267405,0.16666666666666666,0.9384859709036122,0.06159503562399449,30,4351,0.9215686274509803
emb_scvi,1,0,blood_C,blood_B,blood_A,6,classwise,0.8728381106267001,0.8729027809698919,0.7746478873239436,0.8269172417168306,0.06666666666666667,0.9490336418861364,0.0530912433923236,30,4351,
emb_scvi,1,0,blood_C,blood_B,blood_A,6,donor_weighted,0.8805750388264781,0.8807170765341301,0.7972972972972973,0.809724303266407,0.03333333333333333,0.9772886437446054,0.022753390025281546,30,4351,
emb_scvi,1,0,blood_C,blood_B,blood_A,6,donor_crc,0.9241999450314367,0.9243851988048725,0.8633093525179856,0.8857101782633697,0.0,1.0859059426839233,0.0,30,4351,
emb_scvi,1,0,blood_C,blood_B,blood_A,6,tcp_standard_thr,0.8569227238927898,0.8570443576189382,0.7364864864864865,0.7878733393267405,0.16666666666666666,0.9384859709036122,0.06159503562399449,30,4351,
emb_scvi,1,0,blood_C,blood_B,blood_A,6,tcp_standard_aps,0.8990646942967174,0.8991036543323374,0.8356164383561644,0.8703497891342099,0.0,1.135024855800389,0.04297862560330958,30,4351,
emb_scvi,1,0,blood_C,blood_B,blood_A,6,tcp_classwise_thr,0.8728381106267001,0.8729027809698919,0.7746478873239436,0.8269172417168306,0.06666666666666667,0.9490336418861364,0.0530912433923236,30,4351,
emb_scvi,1,0,blood_C,blood_B,blood_A,6,tcp_cluster_thr,0.8835227349104543,0.8837048954263388,0.8129496402877698,0.8399093189272623,0.0,0.9978864735027069,0.02045506780050563,30,4351,
emb_scvi,1,1,blood_C,blood_B,blood_A,6,cell_pooled,0.8559734823414366,0.8560518398518862,0.7702702702702703,0.8,0.1,0.9364104254629548,0.06364267530664199,30,4321,0.8979274611398964
emb_scvi,1,1,blood_C,blood_B,blood_A,6,classwise,0.866152619680566,0.8664660958111549,0.7943262411347518,0.8222348074460751,0.1,0.9943215301601703,0.02522564221245082,30,4321,
emb_scvi,1,1,blood_C,blood_B,blood_A,6,donor_weighted,0.8681548380592384,0.8683175190928026,0.7887323943661971,0.8151614343103705,0.03333333333333333,0.9562760112649363,0.04373987502892849,30,4321,
emb_scvi,1,1,blood_C,blood_B,blood_A,6,donor_crc,0.920487852712092,0.920620226799352,0.823943661971831,0.8954100652376514,0.0,1.0686806764486172,0.0,30,4321,
emb_scvi,1,1,blood_C,blood_B,blood_A,6,tcp_standard_thr,0.8559734823414366,0.8560518398518862,0.7702702702702703,0.8,0.1,0.9364104254629548,0.06364267530664199,30,4321,
emb_scvi,1,1,blood_C,blood_B,blood_A,6,tcp_standard_aps,0.9006248143612401,0.9009488544318445,0.8222222222222222,0.8618187117458467,0.0,1.1329532723345601,0.04073131219625087,30,4321,
emb_scvi,1,1,blood_C,blood_B,blood_A,6,tcp_classwise_thr,0.866152619680566,0.8664660958111549,0.7943262411347518,0.8222348074460751,0.1,0.9943215301601703,0.02522564221245082,30,4321,
emb_scvi,1,1,blood_C,blood_B,blood_A,6,tcp_cluster_thr,0.8615638590202798,0.8618375376070354,0.7142857142857143,0.8226173127368114,0.06666666666666667,0.9802775589940496,0.026614209673686648,30,4321,
emb_scvi,2,0,blood_B,blood_D,blood_E,5,cell_pooled,0.85578861143776,0.858830146231721,0.5916666666666667,0.7383809523809524,0.23333333333333334,0.8962763251223917,0.1015185601799775,30,3556,0.9129755080771235
emb_scvi,2,0,blood_B,blood_D,blood_E,5,classwise,0.8800031223837753,0.8818897637795275,0.568,0.785095613048369,0.13333333333333333,0.9781462053064552,0.05989876265466817,30,3556,
emb_scvi,2,0,blood_B,blood_D,blood_E,5,donor_weighted,0.85578861143776,0.858830146231721,0.5916666666666667,0.7383809523809524,0.23333333333333334,0.8962763251223917,0.1015185601799775,30,3556,
emb_scvi,2,0,blood_B,blood_D,blood_E,5,donor_crc,0.8916717381722227,0.8939820022497188,0.6730769230769231,0.798,0.1,0.9568097656181026,0.04246344206974128,30,3556,
emb_scvi,2,0,blood_B,blood_D,blood_E,5,tcp_standard_thr,0.85578861143776,0.858830146231721,0.5916666666666667,0.7383809523809524,0.23333333333333334,0.8962763251223917,0.1015185601799775,30,3556,
emb_scvi,2,0,blood_B,blood_D,blood_E,5,tcp_standard_aps,0.8852119307116716,0.8858267716535433,0.77,0.825150516055046,0.03333333333333333,1.0568909527852985,0.06974128233970754,30,3556,
emb_scvi,2,0,blood_B,blood_D,blood_E,5,tcp_classwise_thr,0.8800031223837753,0.8818897637795275,0.568,0.785095613048369,0.13333333333333333,0.9781462053064552,0.05989876265466817,30,3556,
emb_scvi,2,0,blood_B,blood_D,blood_E,5,tcp_cluster_thr,0.8950631699000662,0.8990438695163104,0.6346153846153846,0.7348114380439287,0.13333333333333333,0.9840295963915764,0.01546681664791901,30,3556,
emb_scvi,2,1,blood_B,blood_D,blood_E,5,cell_pooled,0.847833265733941,0.8499713138267355,0.5961538461538461,0.7107033639143732,0.23333333333333334,0.8994192146075194,0.09954102122776821,30,3486,0.9060331019754405
emb_scvi,2,1,blood_B,blood_D,blood_E,5,classwise,0.8549160299336162,0.8565691336775674,0.544,0.7201236263736264,0.2,0.9842216182508084,0.06970740103270223,30,3486,
emb_scvi,2,1,blood_B,blood_D,blood_E,5,donor_weighted,0.843815426669687,0.8459552495697074,0.5961538461538461,0.709491242702252,0.23333333333333334,0.8919703731856983,0.1069994262765347,30,3486,
emb_scvi,2,1,blood_B,blood_D,blood_E,5,donor_crc,0.8811352021534841,0.8826735513482501,0.6923076923076923,0.7785015290519878,0.13333333333333333,0.9520669699545029,0.047619047619047616,30,3486,
emb_scvi,2,1,blood_B,blood_D,blood_E,5,tcp_standard_thr,0.847833265733941,0.8499713138267355,0.5961538461538461,0.7107033639143732,0.23333333333333334,0.8994192146075194,0.09954102122776821,30,3486,
emb_scvi,2,1,blood_B,blood_D,blood_E,5,tcp_standard_aps,0.886664825483116,0.8875502008032129,0.8090909090909091,0.8351266125179169,0.0,1.0740661623455072,0.06196213425129088,30,3486,
emb_scvi,2,1,blood_B,blood_D,blood_E,5,tcp_classwise_thr,0.8549160299336162,0.8565691336775674,0.544,0.7201236263736264,0.2,0.9842216182508084,0.06970740103270223,30,3486,
emb_scvi,2,1,blood_B,blood_D,blood_E,5,tcp_cluster_thr,0.8845875960154435,0.8884107860011474,0.6730769230769231,0.727177033492823,0.16666666666666666,1.0076537490972557,0.004016064257028112,30,3486,
emb_scvi,3,0,blood_A,blood_D,blood_E,5,cell_pooled,0.8796125295764157,0.8809046664758088,0.672,0.768454481298518,0.16666666666666666,0.954894175090421,0.045805897509304326,30,3493,0.9065469904963042
emb_scvi,3,0,blood_A,blood_D,blood_E,5,classwise,0.9208098863913309,0.9206985399370169,0.64,0.8554864253393665,0.03333333333333333,1.10903359951756,0.009733753220727169,30,3493,
emb_scvi,3,0,blood_A,blood_D,blood_E,5,donor_weighted,0.8796125295764157,0.8809046664758088,0.672,0.768454481298518,0.16666666666666666,0.954894175090421,0.045805897509304326,30,3493,
emb_scvi,3,0,blood_A,blood_D,blood_E,5,donor_crc,0.910147471271148,0.9118236472945892,0.696,0.818822461941728,0.1,1.0118623400362556,0.0031491554537646724,30,3493,
emb_scvi,3,0,blood_A,blood_D,blood_E,5,tcp_standard_thr,0.8796125295764157,0.8809046664758088,0.672,0.768454481298518,0.16666666666666666,0.954894175090421,0.045805897509304326,30,3493,
emb_scvi,3,0,blood_A,blood_D,blood_E,5,tcp_standard_aps,0.8896826495828333,0.8912109934154022,0.68,0.8371120861587555,0.1,1.0705818173889579,0.05382192957343258,30,3493,
emb_scvi,3,0,blood_A,blood_D,blood_E,5,tcp_classwise_thr,0.9208098863913309,0.9206985399370169,0.64,0.8554864253393665,0.03333333333333333,1.10903359951756,0.009733753220727169,30,3493,
emb_scvi,3,0,blood_A,blood_D,blood_E,5,tcp_cluster_thr,0.9091949157247614,0.9092470655596908,0.64,0.8366071428571429,0.03333333333333333,1.0844030339914608,0.0034354423131978244,30,3493,
emb_scvi,3,1,blood_A,blood_D,blood_E,5,cell_pooled,0.911924740961165,0.9152112676056338,0.7252747252747253,0.8225691699604744,0.1,0.97293338315809,0.02563380281690141,30,3550,0.9000528820729773
emb_scvi,3,1,blood_A,blood_D,blood_E,5,classwise,0.8882325036559565,0.892112676056338,0.6521739130434783,0.7840659340659341,0.16666666666666666,0.979145720840769,0.055492957746478874,30,3550,
emb_scvi,3,1,blood_A,blood_D,blood_E,5,donor_weighted,0.9145822518128796,0.9177464788732395,0.7362637362637363,0.8225691699604744,0.1,0.976863654124308,0.021971830985915493,30,3550,
emb_scvi,3,1,blood_A,blood_D,blood_E,5,donor_crc,0.9383953696150794,0.9402816901408451,0.8165137614678899,0.855064935064935,0.0,1.0243053203211616,0.0,30,3550,
emb_scvi,3,1,blood_A,blood_D,blood_E,5,tcp_standard_thr,0.911924740961165,0.9152112676056338,0.7252747252747253,0.8225691699604744,0.1,0.97293338315809,0.02563380281690141,30,3550,
emb_scvi,3,1,blood_A,blood_D,blood_E,5,tcp_standard_aps,0.8918887241760882,0.8929577464788733,0.7478260869565218,0.8523376623376623,0.06666666666666667,1.0299695819921157,0.06056338028169014,30,3550,
emb_scvi,3,1,blood_A,blood_D,blood_E,5,tcp_classwise_thr,0.8885079857496205,0.8923943661971832,0.6521739130434783,0.7840659340659341,0.16666666666666666,0.9794212029344328,0.0552112676056338,30,3550,
emb_scvi,3,1,blood_A,blood_D,blood_E,5,tcp_cluster_thr,0.9285450127110134,0.9312676056338028,0.8,0.8557763975155279,0.0,1.005993375690853,0.0050704225352112674,30,3550,
emb_scvi,4,0,blood_D,blood_C,blood_A,6,cell_pooled,0.9460727419860433,0.9459830624856946,0.891156462585034,0.9074015521701638,0.0,1.0599697867461,0.0,30,4369,0.8992212551534585
emb_scvi,4,0,blood_D,blood_C,blood_A,6,classwise,0.9033743708229962,0.9034103913939117,0.7891156462585034,0.8550549874590005,0.03333333333333333,1.0620386501471586,0.01441977569237812,30,4369,
emb_scvi,4,0,blood_D,blood_C,blood_A,6,donor_weighted,0.9460727419860433,0.9459830624856946,0.891156462585034,0.9074015521701638,0.0,1.0599697867461,0.0,30,4369,
emb_scvi,4,0,blood_D,blood_C,blood_A,6,donor_crc,0.9638901175715661,0.9638361181048295,0.9115646258503401,0.9373637126083311,0.0,1.1209040401593275,0.0,30,4369,
emb_scvi,4,0,blood_D,blood_C,blood_A,6,tcp_standard_thr,0.9460727419860433,0.9459830624856946,0.891156462585034,0.9074015521701638,0.0,1.0599697867461,0.0,30,4369,
emb_scvi,4,0,blood_D,blood_C,blood_A,6,tcp_standard_aps,0.9222187140769713,0.9221789883268483,0.8851351351351351,0.9039764079147641,0.0,1.1458705191003726,0.04486152437628748,30,4369,
emb_scvi,4,0,blood_D,blood_C,blood_A,6,tcp_classwise_thr,0.9033743708229962,0.9034103913939117,0.7891156462585034,0.8550549874590005,0.03333333333333333,1.0620386501471586,0.01441977569237812,30,4369,
emb_scvi,4,0,blood_D,blood_C,blood_A,6,tcp_cluster_thr,0.9120381269378843,0.9121080338750286,0.8027210884353742,0.8656885758998435,0.0,1.0734557630743682,0.010070954451819639,30,4369,
emb_scvi,4,1,blood_D,blood_C,blood_A,6,cell_pooled,0.9095729726329516,0.9097190234914786,0.8013698630136986,0.853918958887903,0.0,0.9891346391757376,0.010824504836480885,30,4342,0.9061355311355311
emb_scvi,4,1,blood_D,blood_C,blood_A,6,classwise,0.8675462540787601,0.8678028558268079,0.7278911564625851,0.7931034482758621,0.13333333333333333,1.011206743984768,0.0228005527406725,30,4342,
emb_scvi,4,1,blood_D,blood_C,blood_A,6,donor_weighted,0.9093260590527047,0.9094887148779365,0.8013698630136986,0.853918958887903,0.0,0.9886578405380195,0.011285122063565177,30,4342,
emb_scvi,4,1,blood_D,blood_C,blood_A,6,donor_crc,0.9411789867663302,0.9412713035467527,0.8620689655172413,0.9040117416829746,0.0,1.0643137018272042,0.00023030861354214648,30,4342,
emb_scvi,4,1,blood_D,blood_C,blood_A,6,tcp_standard_thr,0.9095729726329516,0.9097190234914786,0.8013698630136986,0.853918958887903,0.0,0.9891346391757376,0.010824504836480885,30,4342,
emb_scvi,4,1,blood_D,blood_C,blood_A,6,tcp_standard_aps,0.9123301369223201,0.9122524182404422,0.8758620689655172,0.889422049538611,0.0,1.1079081934182082,0.047673883003224324,30,4342,
emb_scvi,4,1,blood_D,blood_C,blood_A,6,tcp_classwise_thr,0.8675462540787601,0.8678028558268079,0.7278911564625851,0.7931034482758621,0.13333333333333333,1.011206743984768,0.0228005527406725,30,4342,
emb_scvi,4,1,blood_D,blood_C,blood_A,6,tcp_cluster_thr,0.8808853223870968,0.8811607554122525,0.7551020408163265,0.8095628946090335,0.06666666666666667,1.0257019136258967,0.009212344541685858,30,4342,
emb_scvi,5,0,blood_C,blood_E,blood_B,5,cell_pooled,0.8753197208337195,0.88917089678511,0.6111111111111112,0.7230769230769231,0.16666666666666666,0.9513496486846467,0.045403271291596166,30,3546,0.8965321205230244
emb_scvi,5,0,blood_C,blood_E,blood_B,5,classwise,0.8950379400984231,0.9117315284827975,0.6071428571428571,0.7772727272727273,0.13333333333333333,0.9783962932560029,0.027354765933446136,30,3546,
emb_scvi,5,0,blood_C,blood_E,blood_B,5,donor_weighted,0.8766319774512005,0.8905809362662155,0.6111111111111112,0.7230769230769231,0.13333333333333333,0.9543581576866381,0.04314720812182741,30,3546,
emb_scvi,5,0,blood_C,blood_E,blood_B,5,donor_crc,0.9146633207699317,0.9297800338409475,0.6785714285714286,0.8136363636363637,0.1,1.0377524414953347,0.0,30,3546,
emb_scvi,5,0,blood_C,blood_E,blood_B,5,tcp_standard_thr,0.8753197208337195,0.88917089678511,0.6111111111111112,0.7230769230769231,0.16666666666666666,0.9513496486846467,0.045403271291596166,30,3546,
emb_scvi,5,0,blood_C,blood_E,blood_B,5,tcp_standard_aps,0.8939122050197906,0.9063733784545968,0.6666666666666666,0.8596753246753247,0.06666666666666667,1.08670219544886,0.048787366046249295,30,3546,
emb_scvi,5,0,blood_C,blood_E,blood_B,5,tcp_classwise_thr,0.8950379400984231,0.9117315284827975,0.6071428571428571,0.7772727272727273,0.13333333333333333,0.9783962932560029,0.027354765933446136,30,3546,
emb_scvi,5,0,blood_C,blood_E,blood_B,5,tcp_cluster_thr,0.8869197958302902,0.8998871968415115,0.6785714285714286,0.7947552447552447,0.13333333333333333,0.922242166020469,0.06824591088550479,30,3546,
emb_scvi,5,1,blood_C,blood_E,blood_B,5,cell_pooled,0.9200593910181971,0.9177777777777778,0.7762237762237763,0.8724789915966387,0.03333333333333333,0.9730095583345856,0.028333333333333332,30,3600,0.8941244909831297
emb_scvi,5,1,blood_C,blood_E,blood_B,5,classwise,0.8988421472118235,0.8980555555555556,0.7619047619047619,0.8353442332315572,0.06666666666666667,0.9630366247844668,0.03944444444444444,30,3600,
emb_scvi,5,1,blood_C,blood_E,blood_B,5,donor_weighted,0.9192140326728386,0.9169444444444445,0.7762237762237763,0.8724789915966387,0.03333333333333333,0.9711165651711007,0.03027777777777778,30,3600,
emb_scvi,5,1,blood_C,blood_E,blood_B,5,donor_crc,0.9393053884693128,0.9377777777777778,0.8111888111888111,0.8888888888888888,0.0,1.0053034535533303,0.0,30,3600,
emb_scvi,5,1,blood_C,blood_E,blood_B,5,tcp_standard_thr,0.9200593910181971,0.9177777777777778,0.7762237762237763,0.8724789915966387,0.03333333333333333,0.9730095583345856,0.028333333333333332,30,3600,
emb_scvi,5,1,blood_C,blood_E,blood_B,5,tcp_standard_aps,0.8998784052506948,0.8988888888888888,0.8015873015873016,0.8589256469046839,0.0,1.024232990465126,0.057777777777777775,30,3600,
emb_scvi,5,1,blood_C,blood_E,blood_B,5,tcp_classwise_thr,0.8988421472118235,0.8980555555555556,0.7619047619047619,0.8353442332315572,0.06666666666666667,0.9630366247844668,0.03944444444444444,30,3600,
emb_scvi,5,1,blood_C,blood_E,blood_B,5,tcp_cluster_thr,0.9201554082270011,0.9177777777777778,0.7342657342657343,0.8796218487394958,0.03333333333333333,0.9687197999692568,0.03166666666666667,30,3600,
emb_scvi,6,0,blood_E,blood_B,blood_A,5,cell_pooled,0.8721046327332947,0.8722067039106145,0.6180555555555556,0.8345372233400403,0.03333333333333333,0.9468386341548207,0.05307262569832402,30,4296,0.9183222958057395
emb_scvi,6,0,blood_E,blood_B,blood_A,5,classwise,0.8930271393865491,0.8931564245810056,0.6875,0.8440559440559441,0.03333333333333333,1.026281781764636,0.03095903165735568,30,4296,
emb_scvi,6,0,blood_E,blood_B,blood_A,5,donor_weighted,0.8658306888718368,0.8659217877094972,0.6180555555555556,0.8204045954045954,0.03333333333333333,0.9384744989377499,0.061452513966480445,30,4296,
emb_scvi,6,0,blood_E,blood_B,blood_A,5,donor_crc,0.911065977001363,0.9110800744878957,0.6875,0.8670392987294395,0.03333333333333333,1.0219238078502983,0.00023277467411545624,30,4296,
emb_scvi,6,0,blood_E,blood_B,blood_A,5,tcp_standard_thr,0.8721046327332947,0.8722067039106145,0.6180555555555556,0.8345372233400403,0.03333333333333333,0.9468386341548207,0.05307262569832402,30,4296,
emb_scvi,6,0,blood_E,blood_B,blood_A,5,tcp_standard_aps,0.9084692573152808,0.9085195530726257,0.7708333333333334,0.861013986013986,0.03333333333333333,1.1293929618386076,0.03957169459962756,30,4296,
emb_scvi,6,0,blood_E,blood_B,blood_A,5,tcp_classwise_thr,0.8930271393865491,0.8931564245810056,0.6875,0.8440559440559441,0.03333333333333333,1.026281781764636,0.03095903165735568,30,4296,
emb_scvi,6,0,blood_E,blood_B,blood_A,5,tcp_cluster_thr,0.8932598021564092,0.8933891992551211,0.6805555555555556,0.8424875124875125,0.03333333333333333,0.9989674299365684,0.013268156424581005,30,4296,
emb_scvi,6,1,blood_E,blood_B,blood_A,5,cell_pooled,0.8863738268573788,0.8863689501987374,0.7619047619047619,0.8370097508125678,0.03333333333333333,0.9472720055392808,0.052840776245031564,30,4277,0.9037339556592765
emb_scvi,6,1,blood_E,blood_B,blood_A,5,classwise,0.9029142709155435,0.9032031797989245,0.8384615384615385,0.8555819588109216,0.0,1.0043840190459978,0.03133037175590367,30,4277,
emb_scvi,6,1,blood_E,blood_B,blood_A,5,donor_weighted,0.9012935950823334,0.9013327098433481,0.782312925170068,0.8515167930660889,0.03333333333333333,0.9687152952794383,0.03133037175590367,30,4277,
emb_scvi,6,1,blood_E,blood_B,blood_A,5,donor_crc,0.9372191968644195,0.9373392564881926,0.8843537414965986,0.8999280575539569,0.0,1.0489796119694788,0.0,30,4277,
emb_scvi,6,1,blood_E,blood_B,blood_A,5,tcp_standard_thr,0.8863738268573788,0.8863689501987374,0.7619047619047619,0.8370097508125678,0.03333333333333333,0.9472720055392808,0.052840776245031564,30,4277,
emb_scvi,6,1,blood_E,blood_B,blood_A,5,tcp_standard_aps,0.9106341202790976,0.9106850596212298,0.8767123287671232,0.8835266473352664,0.0,1.1073735227643309,0.050035071311667054,30,4277,
emb_scvi,6,1,blood_E,blood_B,blood_A,5,tcp_classwise_thr,0.9029142709155435,0.9032031797989245,0.8384615384615385,0.8555819588109216,0.0,1.0043840190459978,0.03133037175590367,30,4277,
emb_scvi,6,1,blood_E,blood_B,blood_A,5,tcp_cluster_thr,0.903810948853456,0.9041384147767126,0.7608695652173914,0.8472404558105341,0.03333333333333333,0.9975245173263728,0.03577273790039748,30,4277,
emb_scvi,7,0,blood_A,blood_C,blood_D,6,cell_pooled,0.9199176487754628,0.9205630970336852,0.7878787878787878,0.8615942028985508,0.03333333333333333,0.9796542864344527,0.020361990950226245,30,3978,0.9146118721461187
emb_scvi,7,0,blood_A,blood_C,blood_D,6,classwise,0.8643365836841291,0.864756158873806,0.6304347826086957,0.8157868071739791,0.06666666666666667,0.9580017248064562,0.05027652086475616,30,3978,
emb_scvi,7,0,blood_A,blood_C,blood_D,6,donor_weighted,0.9199176487754628,0.9205630970336852,0.7878787878787878,0.8615942028985508,0.03333333333333333,0.9796542864344527,0.020361990950226245,30,3978,
emb_scvi,7,0,blood_A,blood_C,blood_D,6,donor_crc,0.9392404834401437,0.9399195575666164,0.8257575757575758,0.8796325491147223,0.0,1.0198221194902606,0.0,30,3978,
emb_scvi,7,0,blood_A,blood_C,blood_D,6,tcp_standard_thr,0.9199176487754628,0.9205630970336852,0.7878787878787878,0.8615942028985508,0.03333333333333333,0.9796542864344527,0.020361990950226245,30,3978,
emb_scvi,7,0,blood_A,blood_C,blood_D,6,tcp_standard_aps,0.907600757482567,0.9079939668174962,0.8106060606060606,0.8758211678832117,0.0,1.0474802720828142,0.05480140774258421,30,3978,
emb_scvi,7,0,blood_A,blood_C,blood_D,6,tcp_classwise_thr,0.8643365836841291,0.864756158873806,0.6304347826086957,0.8157868071739791,0.06666666666666667,0.9580017248064562,0.05027652086475616,30,3978,
emb_scvi,7,0,blood_A,blood_C,blood_D,6,tcp_cluster_thr,0.8483814771808944,0.8494218200100553,0.6521739130434783,0.7905752753977968,0.16666666666666666,0.9394719509696795,0.06033182503770739,30,3978,
emb_scvi,7,1,blood_A,blood_C,blood_D,6,cell_pooled,0.9384675674190134,0.9386363636363636,0.8636363636363636,0.8805513784461153,0.0,1.016817573566787,0.0015151515151515152,30,3960,0.8936267767079321
emb_scvi,7,1,blood_A,blood_C,blood_D,6,classwise,0.8885658745884283,0.8888888888888888,0.8174603174603174,0.8482473993668024,0.0,0.9882732334831253,0.03636363636363636,30,3960,
emb_scvi,7,1,blood_A,blood_C,blood_D,6,donor_weighted,0.9384675674190134,0.9386363636363636,0.8636363636363636,0.8805513784461153,0.0,1.0165650483142619,0.0015151515151515152,30,3960,
emb_scvi,7,1,blood_A,blood_C,blood_D,6,donor_crc,0.9558727139953297,0.956060606060606,0.8939393939393939,0.9115656789031402,0.0,1.0637130280959404,0.0,30,3960,
emb_scvi,7,1,blood_A,blood_C,blood_D,6,tcp_standard_thr,0.9384675674190134,0.9386363636363636,0.8636363636363636,0.8805513784461153,0.0,1.016817573566787,0.0015151515151515152,30,3960,
emb_scvi,7,1,blood_A,blood_C,blood_D,6,tcp_standard_aps,0.9133735005198449,0.9133838383838384,0.8181818181818182,0.8781271360218729,0.0,1.0776607427931542,0.04974747474747475,30,3960,
emb_scvi,7,1,blood_A,blood_C,blood_D,6,tcp_classwise_thr,0.8885658745884283,0.8888888888888888,0.8174603174603174,0.8482473993668024,0.0,0.9882732334831253,0.03636363636363636,30,3960,
emb_scvi,7,1,blood_A,blood_C,blood_D,6,tcp_cluster_thr,0.9020369872020342,0.9022727272727272,0.8333333333333334,0.8581023454157782,0.0,1.9604483578147187,0.0,30,3960,
emb_scvi,8,0,blood_E,blood_B,blood_C,5,cell_pooled,0.8821070636424311,0.8821147892355322,0.6090225563909775,0.7888915138915139,0.13333333333333333,0.9358676405339696,0.06430102405334603,30,4199,0.9028475711892797
emb_scvi,8,0,blood_E,blood_B,blood_C,5,classwise,0.8717510766187151,0.8713979518933079,0.7464788732394366,0.7975003719684571,0.1,0.9464176134736337,0.07096927839961896,30,4199,
emb_scvi,8,0,blood_E,blood_B,blood_C,5,donor_weighted,0.8823595888949562,0.8823529411764706,0.6090225563909775,0.7888915138915139,0.13333333333333333,0.9361201657864949,0.06406287211240771,30,4199,
emb_scvi,8,0,blood_E,blood_B,blood_C,5,donor_crc,0.925827933404327,0.9259347463681828,0.7142857142857143,0.8729451707712578,0.03333333333333333,1.013657624636931,0.0019052155275065491,30,4199,
emb_scvi,8,0,blood_E,blood_B,blood_C,5,tcp_standard_thr,0.8821070636424311,0.8821147892355322,0.6090225563909775,0.7888915138915139,0.13333333333333333,0.9358676405339696,0.06430102405334603,30,4199,
emb_scvi,8,0,blood_E,blood_B,blood_C,5,tcp_standard_aps,0.9064269495309424,0.9066444391521791,0.7969924812030075,0.8599890530925013,0.03333333333333333,1.1003801903247639,0.05596570612050488,30,4199,
emb_scvi,8,0,blood_E,blood_B,blood_C,5,tcp_classwise_thr,0.8717510766187151,0.8713979518933079,0.7464788732394366,0.7975003719684571,0.1,0.9464176134736337,0.07096927839961896,30,4199,
emb_scvi,8,0,blood_E,blood_B,blood_C,5,tcp_cluster_thr,0.898335172663825,0.8983091212193379,0.7443609022556391,0.8302424765190722,0.06666666666666667,0.952727404806795,0.04739223624672541,30,4199,
emb_scvi,8,1,blood_E,blood_B,blood_C,5,cell_pooled,0.8742088249995054,0.8741358760429082,0.5864661654135338,0.8041958041958042,0.06666666666666667,0.943034742182372,0.057210965435041714,30,4195,0.9008086253369272
emb_scvi,8,1,blood_E,blood_B,blood_C,5,classwise,0.8489333908035234,0.8486293206197855,0.706766917293233,0.7797500371968458,0.2,0.9458508684176608,0.08724672228843862,30,4195,
emb_scvi,8,1,blood_E,blood_B,blood_C,5,donor_weighted,0.8749180686410235,0.8748510131108462,0.5864661654135338,0.8041958041958042,0.06666666666666667,0.9444634483666211,0.05578069129916567,30,4195,
emb_scvi,8,1,blood_E,blood_B,blood_C,5,donor_crc,0.9156070069589948,0.9156138259833134,0.6691729323308271,0.8590573809751891,0.03333333333333333,1.0191034020391414,0.0028605482717520858,30,4195,
emb_scvi,8,1,blood_E,blood_B,blood_C,5,tcp_standard_thr,0.8742088249995054,0.8741358760429082,0.5864661654135338,0.8041958041958042,0.06666666666666667,0.943034742182372,0.057210965435041714,30,4195,
emb_scvi,8,1,blood_E,blood_B,blood_C,5,tcp_standard_aps,0.8854924973395836,0.8858164481525626,0.7744360902255639,0.8549698577284784,0.03333333333333333,1.0953879509715536,0.066746126340882,30,4195,
emb_scvi,8,1,blood_E,blood_B,blood_C,5,tcp_classwise_thr,0.8489333908035234,0.8486293206197855,0.706766917293233,0.7797500371968458,0.2,0.9458508684176608,0.08724672228843862,30,4195,
emb_scvi,8,1,blood_E,blood_B,blood_C,5,tcp_cluster_thr,0.9040227304793713,0.9039332538736591,0.6842105263157895,0.8613277133825079,0.03333333333333333,1.002829602950151,0.027175208581644815,30,4195,
emb_scvi,9,0,blood_E,blood_D,blood_A,5,cell_pooled,0.8609883239615381,0.860922500585343,0.781021897810219,0.8217551462621885,0.06666666666666667,0.9232189303893786,0.07703114024818544,30,4271,0.8994535519125683
emb_scvi,9,0,blood_E,blood_D,blood_A,5,classwise,0.8665099402716814,0.8670100678997893,0.7246376811594203,0.8270532387320709,0.1,0.9967879736330284,0.05385155701240927,30,4271,
emb_scvi,9,0,blood_E,blood_D,blood_A,5,donor_weighted,0.8549003852464201,0.8548349332708968,0.781021897810219,0.8135664335664335,0.1,0.9135933658180037,0.08663076562865839,30,4271,
emb_scvi,9,0,blood_E,blood_D,blood_A,5,donor_crc,0.8965802468365242,0.8967454928588152,0.8175182481751825,0.8460455037919826,0.0,0.9756320368799798,0.02435026925778506,30,4271,
emb_scvi,9,0,blood_E,blood_D,blood_A,5,tcp_standard_thr,0.8609883239615381,0.860922500585343,0.781021897810219,0.8217551462621885,0.06666666666666667,0.9232189303893786,0.07703114024818544,30,4271,
emb_scvi,9,0,blood_E,blood_D,blood_A,5,tcp_standard_aps,0.8892751425019174,0.8894872395223601,0.8287671232876712,0.8510489510489511,0.0,1.0767219307033278,0.062046359166471554,30,4271,
emb_scvi,9,0,blood_E,blood_D,blood_A,5,tcp_classwise_thr,0.8665099402716814,0.8670100678997893,0.7246376811594203,0.8270532387320709,0.1,0.9967879736330284,0.05385155701240927,30,4271,
emb_scvi,9,0,blood_E,blood_D,blood_A,5,tcp_cluster_thr,0.886006031915121,0.886443455865137,0.7101449275362319,0.8284990591981474,0.06666666666666667,1.8913108826657186,0.0,30,4271,
emb_scvi,9,1,blood_E,blood_D,blood_A,5,cell_pooled,0.8609358622571983,0.8610654775874208,0.8,0.8129893326717935,0.0,0.9423600894797352,0.05773292654306501,30,4261,0.9048672566371682
emb_scvi,9,1,blood_E,blood_D,blood_A,5,classwise,0.8826025568696196,0.883126026754283,0.7928571428571428,0.8482167832167832,0.03333333333333333,1.0708006114129047,0.03402957052335132,30,4261,
emb_scvi,9,1,blood_E,blood_D,blood_A,5,donor_weighted,0.8548198425335964,0.854963623562544,0.7928571428571428,0.8024838523341911,0.1,0.9334395835855961,0.0666510208871157,30,4261,
emb_scvi,9,1,blood_E,blood_D,blood_A,5,donor_crc,0.9052881149493286,0.9054212626144098,0.8248175182481752,0.8738561438561439,0.0,1.0308202924346077,0.0,30,4261,
emb_scvi,9,1,blood_E,blood_D,blood_A,5,tcp_standard_thr,0.8609358622571983,0.8610654775874208,0.8,0.8129893326717935,0.0,0.9423600894797352,0.05773292654306501,30,4261,
emb_scvi,9,1,blood_E,blood_D,blood_A,5,tcp_standard_aps,0.8988055317815615,0.898850035203004,0.8214285714285714,0.8620270140818086,0.0,1.1479318232086322,0.04318235156066651,30,4261,
emb_scvi,9,1,blood_E,blood_D,blood_A,5,tcp_classwise_thr,0.8826025568696196,0.883126026754283,0.7928571428571428,0.8482167832167832,0.03333333333333333,1.0708006114129047,0.03402957052335132,30,4261,
emb_scvi,9,1,blood_E,blood_D,blood_A,5,tcp_cluster_thr,0.8067108636774238,0.8066181647500587,0.6857142857142857,0.7392469003520588,0.43333333333333335,0.9821479403031883,0.017836188688101384,30,4261,
emb_scvi,10,0,blood_A,blood_E,blood_C,5,cell_pooled,0.8609715158103318,0.8608654076021994,0.6240601503759399,0.7732734418865806,0.16666666666666666,0.9283884641654221,0.07147979918718624,30,4183,0.8810472396129767
emb_scvi,10,0,blood_A,blood_E,blood_C,5,classwise,0.8947302304585741,0.8945732727707387,0.7605633802816901,0.8422812350023996,0.03333333333333333,0.9704595912354714,0.06024384413100645,30,4183,
emb_scvi,10,0,blood_A,blood_E,blood_C,5,donor_weighted,0.8614746676292729,0.8613435333492708,0.631578947368421,0.7732734418865806,0.16666666666666666,0.9298549368479221,0.0700454219459718,30,4183,
emb_scvi,10,0,blood_A,blood_E,blood_C,5,donor_crc,0.9017248725481507,0.9015060961032751,0.7218045112781954,0.8314328007758665,0.03333333333333333,1.0060212665220625,0.0019125029882859192,30,4183,
emb_scvi,10,0,blood_A,blood_E,blood_C,5,tcp_standard_thr,0.8609715158103318,0.8608654076021994,0.6240601503759399,0.7732734418865806,0.16666666666666666,0.9283884641654221,0.07147979918718624,30,4183,
emb_scvi,10,0,blood_A,blood_E,blood_C,5,tcp_standard_aps,0.8853839328905315,0.8852498207028449,0.7969924812030075,0.8408738143144582,0.03333333333333333,1.0701856493617838,0.06502510160172126,30,4183,
emb_scvi,10,0,blood_A,blood_E,blood_C,5,tcp_classwise_thr,0.8947302304585741,0.8945732727707387,0.7605633802816901,0.8422812350023996,0.03333333333333333,0.9704595912354714,0.06024384413100645,30,4183,
emb_scvi,10,0,blood_A,blood_E,blood_C,5,tcp_cluster_thr,0.9086555377588036,0.9084389194358116,0.831081081081081,0.877568206441446,0.0,0.9588999200792228,0.04111881424814726,30,4183,
emb_scvi,10,1,blood_A,blood_E,blood_C,5,cell_pooled,0.8645541069309554,0.8642566435240603,0.631578947368421,0.8073578595317726,0.1,0.9360528842145587,0.06416088101508259,30,4177,0.9049826187717266
emb_scvi,10,1,blood_A,blood_E,blood_C,5,classwise,0.8960609470153449,0.8960976777591573,0.777027027027027,0.8167886158348893,0.1,0.9801432445442556,0.06583672492219296,30,4177,
emb_scvi,10,1,blood_A,blood_E,blood_C,5,donor_weighted,0.8633875400835737,0.8630596121618387,0.631578947368421,0.8008361204013378,0.1,0.9341786671965621,0.0660761311946373,30,4177,
emb_scvi,10,1,blood_A,blood_E,blood_C,5,donor_crc,0.9143731055505534,0.914292554464927,0.7218045112781954,0.8614016418364245,0.03333333333333333,1.032081418769272,0.0016758439071103662,30,4177,
emb_scvi,10,1,blood_A,blood_E,blood_C,5,tcp_standard_thr,0.8645541069309554,0.8642566435240603,0.631578947368421,0.8073578595317726,0.1,0.9360528842145587,0.06416088101508259,30,4177,
emb_scvi,10,1,blood_A,blood_E,blood_C,5,tcp_standard_aps,0.8924021376186544,0.8922671774000479,0.7969924812030075,0.8547764849969381,0.03333333333333333,1.1000732473419417,0.06033038065597319,30,4177,
emb_scvi,10,1,blood_A,blood_E,blood_C,5,tcp_classwise_thr,0.8960609470153449,0.8960976777591573,0.777027027027027,0.8167886158348893,0.1,0.9801432445442556,0.06583672492219296,30,4177,
emb_scvi,10,1,blood_A,blood_E,blood_C,5,tcp_cluster_thr,0.9275365180761411,0.9276993057218099,0.7819548872180451,0.8831161644111285,0.03333333333333333,1.0834170056934562,0.018673689250658366,30,4177,
emb_scvi,11,0,blood_A,blood_B,blood_E,5,cell_pooled,0.9009163883564817,0.9005633802816901,0.688,0.8164464882943143,0.06666666666666667,0.9569853451094299,0.04338028169014085,30,3550,0.9118316268486917
emb_scvi,11,0,blood_A,blood_B,blood_E,5,classwise,0.8713945511441703,0.872112676056338,0.616,0.7667236024844721,0.13333333333333333,0.9448551381091597,0.059154929577464786,30,3550,
emb_scvi,11,0,blood_A,blood_B,blood_E,5,donor_weighted,0.9038757153274102,0.903661971830986,0.688,0.8164464882943143,0.06666666666666667,0.9641539179574524,0.036056338028169016,30,3550,
emb_scvi,11,0,blood_A,blood_B,blood_E,5,donor_crc,0.9403827786649864,0.9402816901408451,0.712,0.8908946488294315,0.03333333333333333,1.0423161559936098,0.0,30,3550,
emb_scvi,11,0,blood_A,blood_B,blood_E,5,tcp_standard_thr,0.9009163883564817,0.9005633802816901,0.688,0.8164464882943143,0.06666666666666667,0.9569853451094299,0.04338028169014085,30,3550,
emb_scvi,11,0,blood_A,blood_B,blood_E,5,tcp_standard_aps,0.9002068185747881,0.900281690140845,0.696,0.8498845108695652,0.06666666666666667,1.0653228585127221,0.055492957746478874,30,3550,
emb_scvi,11,0,blood_A,blood_B,blood_E,5,tcp_classwise_thr,0.8713945511441703,0.872112676056338,0.616,0.7667236024844721,0.13333333333333333,0.9448551381091597,0.059154929577464786,30,3550,
emb_scvi,11,0,blood_A,blood_B,blood_E,5,tcp_cluster_thr,0.9020323114169592,0.9025352112676056,0.624,0.832554347826087,0.06666666666666667,0.9711544799723562,0.028450704225352112,30,3550,
emb_scvi,11,1,blood_A,blood_B,blood_E,5,cell_pooled,0.883378927639767,0.8850213980028531,0.7142857142857143,0.7702446483180428,0.13333333333333333,0.9285308605282779,0.07075606276747504,30,3505,0.9028757460661965
emb_scvi,11,1,blood_A,blood_B,blood_E,5,classwise,0.8593914826928649,0.8596291012838801,0.7211538461538461,0.7493119266055046,0.2,0.9222444498350711,0.07874465049928674,30,3505,
emb_scvi,11,1,blood_A,blood_B,blood_E,5,donor_weighted,0.880840124590307,0.882453637660485,0.7032967032967034,0.7611544342507646,0.13333333333333333,0.9254578694446297,0.0738944365192582,30,3505,
emb_scvi,11,1,blood_A,blood_B,blood_E,5,donor_crc,0.9195999420597336,0.9206847360912982,0.7798165137614679,0.8476923076923076,0.03333333333333333,0.9820468191706786,0.01768901569186876,30,3505,
emb_scvi,11,1,blood_A,blood_B,blood_E,5,tcp_standard_thr,0.883378927639767,0.8850213980028531,0.7142857142857143,0.7702446483180428,0.13333333333333333,0.9285308605282779,0.07075606276747504,30,3505,
emb_scvi,11,1,blood_A,blood_B,blood_E,5,tcp_standard_aps,0.9028344947631921,0.9035663338088445,0.7614678899082569,0.8401086956521739,0.03333333333333333,1.0532257819283373,0.056490727532097,30,3505,
emb_scvi,11,1,blood_A,blood_B,blood_E,5,tcp_classwise_thr,0.8593914826928649,0.8596291012838801,0.7211538461538461,0.7493119266055046,0.2,0.9222444498350711,0.07874465049928674,30,3505,
emb_scvi,11,1,blood_A,blood_B,blood_E,5,tcp_cluster_thr,0.8791400395586018,0.8804564907275321,0.7058823529411765,0.7234474241354976,0.16666666666666666,0.9366968419198632,0.06305278174037089,30,3505,
emb_scvi,12,0,blood_D,blood_C,blood_E,5,cell_pooled,0.9182352634520086,0.9187377827422508,0.728,0.8479565217391304,0.06666666666666667,0.9975505168074741,0.003351019268360793,30,3581,0.8884615384615384
emb_scvi,12,0,blood_D,blood_C,blood_E,5,classwise,0.907564091882236,0.9078469701200782,0.608,0.8370014199044792,0.1,0.9962424903054331,0.022898631667132085,30,3581,
emb_scvi,12,0,blood_D,blood_C,blood_E,5,donor_weighted,0.9182352634520086,0.9187377827422508,0.728,0.8479565217391304,0.06666666666666667,0.9975505168074741,0.003351019268360793,30,3581,
emb_scvi,12,0,blood_D,blood_C,blood_E,5,donor_crc,0.9373314687050186,0.9377268919296285,0.736,0.8885000000000001,0.03333333333333333,1.0429087250158042,0.0,30,3581,
emb_scvi,12,0,blood_D,blood_C,blood_E,5,tcp_standard_thr,0.9182352634520086,0.9187377827422508,0.728,0.8479565217391304,0.06666666666666667,0.9975505168074741,0.003351019268360793,30,3581,
emb_scvi,12,0,blood_D,blood_C,blood_E,5,tcp_standard_aps,0.8983570267050733,0.8980731639206926,0.752,0.8468181818181818,0.06666666666666667,1.075763955806919,0.06115610164758448,30,3581,
emb_scvi,12,0,blood_D,blood_C,blood_E,5,tcp_classwise_thr,0.907564091882236,0.9078469701200782,0.608,0.8370014199044792,0.1,0.9962424903054331,0.022898631667132085,30,3581,
emb_scvi,12,0,blood_D,blood_C,blood_E,5,tcp_cluster_thr,0.9030910874027828,0.9039374476403239,0.632,0.8014876033057852,0.06666666666666667,0.9811208168515345,0.018430605975984362,30,3581,
emb_scvi,12,1,blood_D,blood_C,blood_E,5,cell_pooled,0.9175009448486368,0.9185686108763031,0.704,0.8556159420289855,0.06666666666666667,1.009266300637838,0.0022541561003099463,30,3549,0.909702209414025
emb_scvi,12,1,blood_D,blood_C,blood_E,5,classwise,0.8835535554617279,0.8833474218089603,0.584,0.7601648351648352,0.13333333333333333,1.0079989343779618,0.03240349394195548,30,3549,
emb_scvi,12,1,blood_D,blood_C,blood_E,5,donor_weighted,0.9175009448486368,0.9185686108763031,0.704,0.8556159420289855,0.06666666666666667,1.009266300637838,0.0022541561003099463,30,3549,
emb_scvi,12,1,blood_D,blood_C,blood_E,5,donor_crc,0.9424670298587964,0.9433643279797126,0.728,0.8984615384615385,0.03333333333333333,1.0719032400378175,0.0002817695125387433,30,3549,
emb_scvi,12,1,blood_D,blood_C,blood_E,5,tcp_standard_thr,0.9175009448486368,0.9185686108763031,0.704,0.8556159420289855,0.06666666666666667,1.009266300637838,0.0022541561003099463,30,3549,
emb_scvi,12,1,blood_D,blood_C,blood_E,5,tcp_standard_aps,0.9011237303752985,0.9013806706114399,0.728,0.8738738738738738,0.06666666666666667,1.0889643965224411,0.057480980557903634,30,3549,
emb_scvi,12,1,blood_D,blood_C,blood_E,5,tcp_classwise_thr,0.8835535554617279,0.8833474218089603,0.584,0.7601648351648352,0.13333333333333333,1.0079989343779618,0.03240349394195548,30,3549,
emb_scvi,12,1,blood_D,blood_C,blood_E,5,tcp_cluster_thr,0.8860448558892926,0.8878557340095802,0.632,0.7419229175300456,0.16666666666666666,1.0001379958837397,0.00253592561284869,30,3549,
emb_scvi,13,0,blood_B,blood_E,blood_D,5,cell_pooled,0.8982827293855707,0.8994694960212202,0.7523809523809524,0.8441722458916616,0.03333333333333333,0.9333741443918838,0.06578249336870026,30,3770,0.9032805429864253
emb_scvi,13,0,blood_B,blood_E,blood_D,5,classwise,0.8749272910543318,0.8774535809018568,0.6698113207547169,0.7378627671541058,0.16666666666666666,0.9848091065700092,0.06180371352785146,30,3770,
emb_scvi,13,0,blood_B,blood_E,blood_D,5,donor_weighted,0.8987897075643047,0.9,0.7523809523809524,0.8441722458916616,0.03333333333333333,0.9338811225706177,0.06525198938992043,30,3770,
emb_scvi,13,0,blood_B,blood_E,blood_D,5,donor_crc,0.933194468871554,0.9339522546419098,0.8380952380952381,0.8779507376844211,0.0,0.9847693398616155,0.014854111405835544,30,3770,
emb_scvi,13,0,blood_B,blood_E,blood_D,5,tcp_standard_thr,0.8982827293855707,0.8994694960212202,0.7523809523809524,0.8441722458916616,0.03333333333333333,0.9333741443918838,0.06578249336870026,30,3770,
emb_scvi,13,0,blood_B,blood_E,blood_D,5,tcp_standard_aps,0.9042380211225541,0.9039787798408488,0.8582677165354331,0.8772195407342402,0.0,1.0334022196628259,0.06312997347480107,30,3770,
emb_scvi,13,0,blood_B,blood_E,blood_D,5,tcp_classwise_thr,0.8749272910543318,0.8774535809018568,0.6698113207547169,0.7378627671541058,0.16666666666666666,0.9848091065700092,0.06180371352785146,30,3770,
emb_scvi,13,0,blood_B,blood_E,blood_D,5,tcp_cluster_thr,0.8682588028039421,0.870026525198939,0.7075471698113207,0.7932674113410243,0.16666666666666666,0.9744442295954864,0.02493368700265252,30,3770,
emb_scvi,13,1,blood_B,blood_E,blood_D,5,cell_pooled,0.9279871707196262,0.9243948871362524,0.8175182481751825,0.8621626495161387,0.0,0.9724208669801928,0.029099809627413653,30,3677,0.903593839132915
emb_scvi,13,1,blood_B,blood_E,blood_D,5,classwise,0.8702709018508968,0.8659233070437857,0.5748031496062992,0.7918476260581524,0.13333333333333333,0.9477478359463896,0.09192276312211041,30,3677,
emb_scvi,13,1,blood_B,blood_E,blood_D,5,donor_weighted,0.9282455686524427,0.9246668479738918,0.8175182481751825,0.8621626495161387,0.0,0.9732275179182895,0.028283927114495514,30,3677,
emb_scvi,13,1,blood_B,blood_E,blood_D,5,donor_crc,0.9464276107084143,0.9439760674462877,0.8702290076335878,0.8977929766078511,0.0,1.012135450689653,0.0005439216752787598,30,3677,
emb_scvi,13,1,blood_B,blood_E,blood_D,5,tcp_standard_thr,0.9279871707196262,0.9243948871362524,0.8175182481751825,0.8621626495161387,0.0,0.9724208669801928,0.029099809627413653,30,3677,
emb_scvi,13,1,blood_B,blood_E,blood_D,5,tcp_standard_aps,0.9089712072359802,0.9059015501767745,0.855072463768116,0.868045112781955,0.0,1.0350453494962217,0.060647266793581726,30,3677,
emb_scvi,13,1,blood_B,blood_E,blood_D,5,tcp_classwise_thr,0.8702709018508968,0.8659233070437857,0.5748031496062992,0.7918476260581524,0.13333333333333333,0.9477478359463896,0.09192276312211041,30,3677,
emb_scvi,13,1,blood_B,blood_E,blood_D,5,tcp_cluster_thr,0.9106465141667063,0.9064454718520533,0.7898550724637681,0.8574803149606299,0.03333333333333333,0.9823990095615164,0.018493336959477837,30,3677,
emb_scvi,14,0,blood_C,blood_A,blood_B,6,cell_pooled,0.9448281435568148,0.9441469013006886,0.8656716417910447,0.9077340569877883,0.0,1.007562662399823,0.0002550369803621525,30,3921,0.8974241030358786
emb_scvi,14,0,blood_C,blood_A,blood_B,6,classwise,0.9278680671579161,0.9265493496557001,0.8507462686567164,0.8732804508923913,0.0,0.9732507556136203,0.02754399387911247,30,3921,
emb_scvi,14,0,blood_C,blood_A,blood_B,6,donor_weighted,0.9445756183042895,0.9438918643203265,0.8656716417910447,0.9077340569877883,0.0,1.007310137147298,0.0002550369803621525,30,3921,
emb_scvi,14,0,blood_C,blood_A,blood_B,6,donor_crc,0.9602887190838671,0.959959194083142,0.8880597014925373,0.9245599588265568,0.0,1.0474197129607923,0.0,30,3921,
emb_scvi,14,0,blood_C,blood_A,blood_B,6,tcp_standard_thr,0.9448281435568148,0.9441469013006886,0.8656716417910447,0.9077340569877883,0.0,1.007562662399823,0.0002550369803621525,30,3921,
emb_scvi,14,0,blood_C,blood_A,blood_B,6,tcp_standard_aps,0.913646540403055,0.913032389696506,0.8484848484848485,0.8818446828358208,0.0,1.0304632769174538,0.05534302473858709,30,3921,
emb_scvi,14,0,blood_C,blood_A,blood_B,6,tcp_classwise_thr,0.9278680671579161,0.9265493496557001,0.8507462686567164,0.8732804508923913,0.0,0.9732507556136203,0.02754399387911247,30,3921,
emb_scvi,14,0,blood_C,blood_A,blood_B,6,tcp_cluster_thr,0.9271357800473987,0.9257842387146136,0.835820895522388,0.8710438829787235,0.0,1.9349808388051062,0.0,30,3921,
emb_scvi,14,1,blood_C,blood_A,blood_B,6,cell_pooled,0.9024238908728645,0.9145042338158973,0.6785714285714286,0.8561718434852763,0.06666666666666667,0.9838320844476413,0.015023217700081944,30,3661,0.9104271933853928
emb_scvi,14,1,blood_C,blood_A,blood_B,6,classwise,0.8782116346076368,0.8951106255121551,0.6136363636363636,0.7529317697228145,0.16666666666666666,0.9627176904359444,0.03523627424201038,30,3661,
emb_scvi,14,1,blood_C,blood_A,blood_B,6,donor_weighted,0.9024238908728645,0.9145042338158973,0.6785714285714286,0.8561718434852763,0.06666666666666667,0.9838320844476413,0.015023217700081944,30,3661,
emb_scvi,14,1,blood_C,blood_A,blood_B,6,donor_crc,0.920025946485064,0.9325320950559957,0.6785714285714286,0.8683412420053641,0.06666666666666667,1.0237772093594342,0.0002731494127287626,30,3661,
emb_scvi,14,1,blood_C,blood_A,blood_B,6,tcp_standard_thr,0.9024238908728645,0.9145042338158973,0.6785714285714286,0.8561718434852763,0.06666666666666667,0.9838320844476413,0.015023217700081944,30,3661,
emb_scvi,14,1,blood_C,blood_A,blood_B,6,tcp_standard_aps,0.8687108033237727,0.8787216607484294,0.6428571428571429,0.822465326308999,0.06666666666666667,1.0173014161382854,0.07074569789674952,30,3661,
emb_scvi,14,1,blood_C,blood_A,blood_B,6,tcp_classwise_thr,0.8782116346076368,0.8951106255121551,0.6136363636363636,0.7529317697228145,0.16666666666666666,0.9627176904359444,0.03523627424201038,30,3661,
emb_scvi,14,1,blood_C,blood_A,blood_B,6,tcp_cluster_thr,0.8793805441159581,0.8986615678776291,0.581081081081081,0.7462153518123668,0.16666666666666666,1.9135858910217363,0.0,30,3661,
emb_scvi,15,0,blood_D,blood_C,blood_B,6,cell_pooled,0.9256012096579705,0.9312210200927357,0.6875,0.8804099348926936,0.1,1.0499138277774929,0.00025759917568263783,30,3882,0.8946404031149794
emb_scvi,15,0,blood_D,blood_C,blood_B,6,classwise,0.9123017426814297,0.9234930448222566,0.59375,0.8737458193979933,0.06666666666666667,1.02300979020343,0.01648634724368882,30,3882,
emb_scvi,15,0,blood_D,blood_C,blood_B,6,donor_weighted,0.9256012096579705,0.9312210200927357,0.6875,0.8804099348926936,0.1,1.0499138277774929,0.00025759917568263783,30,3882,
emb_scvi,15,0,blood_D,blood_C,blood_B,6,donor_crc,0.9475539599414053,0.9531169500257599,0.71875,0.9152137938397481,0.03333333333333333,1.120944987157949,0.0,30,3882,
emb_scvi,15,0,blood_D,blood_C,blood_B,6,tcp_standard_thr,0.9256012096579705,0.9312210200927357,0.6875,0.8804099348926936,0.1,1.0499138277774929,0.00025759917568263783,30,3882,
emb_scvi,15,0,blood_D,blood_C,blood_B,6,tcp_standard_aps,0.9046245084819222,0.9082946934569809,0.71875,0.8726850315300365,0.03333333333333333,1.1371302381870196,0.05100463678516229,30,3882,
emb_scvi,15,0,blood_D,blood_C,blood_B,6,tcp_classwise_thr,0.9123017426814297,0.9234930448222566,0.59375,0.8737458193979933,0.06666666666666667,1.02300979020343,0.01648634724368882,30,3882,
emb_scvi,15,0,blood_D,blood_C,blood_B,6,tcp_cluster_thr,0.907681458838517,0.9178258629572386,0.625,0.8655914508027184,0.06666666666666667,1.01325473847921,0.017259144770736732,30,3882,
emb_scvi,15,1,blood_D,blood_C,blood_B,6,cell_pooled,0.916967633450114,0.9166875156367276,0.7971014492753623,0.8589333333333333,0.03333333333333333,1.0065691713623217,0.0012509382036527395,30,3997,0.9084668192219679
emb_scvi,15,1,blood_D,blood_C,blood_B,6,classwise,0.9061522267530484,0.905929447085314,0.816793893129771,0.8589448441247003,0.0,0.9872043949303718,0.024768576432324243,30,3997,
emb_scvi,15,1,blood_D,blood_C,blood_B,6,donor_weighted,0.916967633450114,0.9166875156367276,0.7971014492753623,0.8589333333333333,0.03333333333333333,1.0065691713623217,0.0012509382036527395,30,3997,
emb_scvi,15,1,blood_D,blood_C,blood_B,6,donor_crc,0.9418048128668591,0.9417062797097824,0.8623188405797102,0.9029939393939395,0.0,1.0643802225681862,0.0,30,3997,
emb_scvi,15,1,blood_D,blood_C,blood_B,6,tcp_standard_thr,0.916967633450114,0.9166875156367276,0.7971014492753623,0.8589333333333333,0.03333333333333333,1.0065691713623217,0.0012509382036527395,30,3997,
emb_scvi,15,1,blood_D,blood_C,blood_B,6,tcp_standard_aps,0.904817379128065,0.9049286965223918,0.8549618320610687,0.8659759963768116,0.0,1.0978170170375279,0.05203902927195397,30,3997,
emb_scvi,15,1,blood_D,blood_C,blood_B,6,tcp_classwise_thr,0.9061522267530484,0.905929447085314,0.816793893129771,0.8589448441247003,0.0,0.9872043949303718,0.024768576432324243,30,3997,
emb_scvi,15,1,blood_D,blood_C,blood_B,6,tcp_cluster_thr,0.9138584512476905,0.913685263947961,0.8380281690140845,0.8641829393627956,0.0,1.945399399834817,0.0,30,3997,
emb_scvi,16,0,blood_A,blood_E,blood_D,5,cell_pooled,0.920905022317021,0.9179978700745474,0.728,0.8548671087089764,0.03333333333333333,0.9543768019364396,0.04739084132055378,30,3756,0.9115191986644408
emb_scvi,16,0,blood_A,blood_E,blood_D,5,classwise,0.8922632505514297,0.8887113951011715,0.7903225806451613,0.821353065539112,0.03333333333333333,0.9708507322776686,0.04286474973375932,30,3756,
emb_scvi,16,0,blood_A,blood_E,blood_D,5,donor_weighted,0.9211614325734312,0.9182641107561236,0.728,0.8548671087089764,0.03333333333333333,0.9546332121928498,0.04712460063897764,30,3756,
emb_scvi,16,0,blood_A,blood_E,blood_D,5,donor_crc,0.9471489223676068,0.9451544195953142,0.8,0.9006870229007633,0.0,0.9982115663357111,0.003194888178913738,30,3756,
emb_scvi,16,0,blood_A,blood_E,blood_D,5,tcp_standard_thr,0.920905022317021,0.9179978700745474,0.728,0.8548671087089764,0.03333333333333333,0.9543768019364396,0.04739084132055378,30,3756,
emb_scvi,16,0,blood_A,blood_E,blood_D,5,tcp_standard_aps,0.9071315149972763,0.9036208732694355,0.816,0.8749125874125874,0.0,1.0294479090507096,0.06922257720979766,30,3756,
emb_scvi,16,0,blood_A,blood_E,blood_D,5,tcp_classwise_thr,0.8922632505514297,0.8887113951011715,0.7903225806451613,0.821353065539112,0.03333333333333333,0.9708507322776686,0.04286474973375932,30,3756,
emb_scvi,16,0,blood_A,blood_E,blood_D,5,tcp_cluster_thr,0.8715661661158616,0.8668796592119276,0.7463768115942029,0.7961791831357049,0.13333333333333333,0.9461715629646894,0.05564430244941427,30,3756,
emb_scvi,16,1,blood_A,blood_E,blood_D,5,cell_pooled,0.9048180166563509,0.9010899182561308,0.7954545454545454,0.851499831479609,0.03333333333333333,0.940039536829985,0.06212534059945504,30,3670,0.8967297762478486
emb_scvi,16,1,blood_A,blood_E,blood_D,5,classwise,0.8484008105883148,0.844141689373297,0.7310924369747899,0.7752454417952315,0.2,0.9795930383259909,0.05667574931880109,30,3670,
emb_scvi,16,1,blood_A,blood_E,blood_D,5,donor_weighted,0.9021172694289543,0.8983651226158038,0.7878787878787878,0.8502898550724638,0.03333333333333333,0.9373387896025885,0.06485013623978202,30,3670,
emb_scvi,16,1,blood_A,blood_E,blood_D,5,donor_crc,0.9303032817353643,0.9275204359673025,0.8181818181818182,0.8824456114028507,0.0,0.9816419897850911,0.01907356948228883,30,3670,
emb_scvi,16,1,blood_A,blood_E,blood_D,5,tcp_standard_thr,0.9048180166563509,0.9010899182561308,0.7954545454545454,0.851499831479609,0.03333333333333333,0.940039536829985,0.06212534059945504,30,3670,
emb_scvi,16,1,blood_A,blood_E,blood_D,5,tcp_standard_aps,0.912717132160122,0.9092643051771118,0.8181818181818182,0.8780316818335019,0.0,1.0474060316382472,0.058310626702997276,30,3670,
emb_scvi,16,1,blood_A,blood_E,blood_D,5,tcp_classwise_thr,0.8484008105883148,0.844141689373297,0.7310924369747899,0.7752454417952315,0.2,0.9795930383259909,0.05667574931880109,30,3670,
emb_scvi,16,1,blood_A,blood_E,blood_D,5,tcp_cluster_thr,0.8237545023065628,0.81716621253406,0.7058823529411765,0.7508415147265077,0.36666666666666664,0.9406750627194825,0.061580381471389646,30,3670,
emb_scvi,17,0,blood_C,blood_E,blood_D,5,cell_pooled,0.8553034619320645,0.8504132231404958,0.7350427350427351,0.7864575908766928,0.13333333333333333,0.9152471418748875,0.08787878787878788,30,3630,0.9014084507042254
emb_scvi,17,0,blood_C,blood_E,blood_D,5,classwise,0.8272662596703763,0.8223140495867769,0.6837606837606838,0.7425674418604651,0.4,0.9568620845201103,0.07272727272727272,30,3630,
emb_scvi,17,0,blood_C,blood_E,blood_D,5,donor_weighted,0.854121705561629,0.8493112947658402,0.7350427350427351,0.7829778506972929,0.16666666666666666,0.9140653855044518,0.08898071625344353,30,3630,
emb_scvi,17,0,blood_C,blood_E,blood_D,5,donor_crc,0.8994260750356893,0.8961432506887053,0.7606837606837606,0.8487037889246818,0.03333333333333333,0.9775892918525436,0.023140495867768594,30,3630,
emb_scvi,17,0,blood_C,blood_E,blood_D,5,tcp_standard_thr,0.8553034619320645,0.8504132231404958,0.7350427350427351,0.7864575908766928,0.13333333333333333,0.9152471418748875,0.08787878787878788,30,3630,
emb_scvi,17,0,blood_C,blood_E,blood_D,5,tcp_standard_aps,0.8804891023024386,0.8763085399449035,0.7606837606837606,0.8385872066267833,0.03333333333333333,1.0303234341537078,0.0603305785123967,30,3630,
emb_scvi,17,0,blood_C,blood_E,blood_D,5,tcp_classwise_thr,0.8272662596703763,0.8223140495867769,0.6837606837606838,0.7425674418604651,0.4,0.9568620845201103,0.07272727272727272,30,3630,
emb_scvi,17,0,blood_C,blood_E,blood_D,5,tcp_cluster_thr,0.8748318804784339,0.8707988980716254,0.7606837606837606,0.8034980292792793,0.1,0.9669769787799687,0.04104683195592287,30,3630,
emb_scvi,17,1,blood_C,blood_E,blood_D,5,cell_pooled,0.8763029128991889,0.8715447154471545,0.7368421052631579,0.8079905992949472,0.1,0.9330523397368857,0.06964769647696477,30,3690,0.9058553386911596
emb_scvi,17,1,blood_C,blood_E,blood_D,5,classwise,0.8470212777576094,0.843360433604336,0.6771653543307087,0.7512360902255639,0.26666666666666666,0.9289172681190598,0.07615176151761517,30,3690,
emb_scvi,17,1,blood_C,blood_E,blood_D,5,donor_weighted,0.8781484463799573,0.8734417344173442,0.7443609022556391,0.8087152369761066,0.1,0.9367067905536044,0.06585365853658537,30,3690,
emb_scvi,17,1,blood_C,blood_E,blood_D,5,donor_crc,0.9111173495237377,0.907859078590786,0.7933884297520661,0.8559246954595792,0.03333333333333333,0.98589306474178,0.014634146341463415,30,3690,
emb_scvi,17,1,blood_C,blood_E,blood_D,5,tcp_standard_thr,0.8763029128991889,0.8715447154471545,0.7368421052631579,0.8079905992949472,0.1,0.9330523397368857,0.06964769647696477,30,3690,
emb_scvi,17,1,blood_C,blood_E,blood_D,5,tcp_standard_aps,0.8775514878756585,0.87289972899729,0.7596899224806202,0.8163175113355909,0.03333333333333333,1.008849860270217,0.06910569105691057,30,3690,
emb_scvi,17,1,blood_C,blood_E,blood_D,5,tcp_classwise_thr,0.8470212777576094,0.843360433604336,0.6771653543307087,0.7512360902255639,0.26666666666666666,0.9289172681190598,0.07615176151761517,30,3690,
emb_scvi,17,1,blood_C,blood_E,blood_D,5,tcp_cluster_thr,0.8869607580905784,0.8831978319783198,0.8,0.811818803206363,0.0,0.9701702114999793,0.036314363143631435,30,3690,
emb_scvi,18,0,blood_C,blood_D,blood_A,6,cell_pooled,0.8830488635393439,0.8830960036747818,0.75,0.8163607889198845,0.1,0.9563824312796547,0.04363803399173174,30,4354,0.8943697060288989
emb_scvi,18,0,blood_C,blood_D,blood_A,6,classwise,0.8701532886174742,0.8702342673403767,0.8163265306122449,0.8302816901408451,0.0,0.9704858621921465,0.055351401010564995,30,4354,
emb_scvi,18,0,blood_C,blood_D,blood_A,6,donor_weighted,0.8830488635393439,0.8830960036747818,0.75,0.8163607889198845,0.1,0.9563824312796547,0.04363803399173174,30,4354,
emb_scvi,18,0,blood_C,blood_D,blood_A,6,donor_crc,0.9278097566548537,0.9278824069820855,0.8309859154929577,0.8953720844131804,0.0,1.0479447062890854,0.0,30,4354,
emb_scvi,18,0,blood_C,blood_D,blood_A,6,tcp_standard_thr,0.8830488635393439,0.8830960036747818,0.75,0.8163607889198845,0.1,0.9563824312796547,0.04363803399173174,30,4354,
emb_scvi,18,0,blood_C,blood_D,blood_A,6,tcp_standard_aps,0.914604420379492,0.9145613229214515,0.8367346938775511,0.8800086231675769,0.0,1.13111731768853,0.03720716582452917,30,4354,
emb_scvi,18,0,blood_C,blood_D,blood_A,6,tcp_classwise_thr,0.8701532886174742,0.8702342673403767,0.8163265306122449,0.8302816901408451,0.0,0.9704858621921465,0.055351401010564995,30,4354,
emb_scvi,18,0,blood_C,blood_D,blood_A,6,tcp_cluster_thr,0.8952863335792663,0.8954983922829582,0.8028169014084507,0.8485358192319384,0.0,1.0061189426170165,0.014928801102434544,30,4354,
emb_scvi,18,1,blood_C,blood_D,blood_A,6,cell_pooled,0.8777784877388581,0.8778855032317636,0.7482993197278912,0.827036748979195,0.06666666666666667,0.9578952972457387,0.04224376731301939,30,4332,0.8973973973973974
emb_scvi,18,1,blood_C,blood_D,blood_A,6,classwise,0.8888369157754218,0.8889658356417359,0.7891156462585034,0.8367346938775511,0.03333333333333333,0.9776921219566442,0.03647276084949215,30,4332,
emb_scvi,18,1,blood_C,blood_D,blood_A,6,donor_weighted,0.8787003267297007,0.878808864265928,0.7482993197278912,0.827036748979195,0.06666666666666667,0.9594943440566462,0.040627885503231764,30,4332,
emb_scvi,18,1,blood_C,blood_D,blood_A,6,donor_crc,0.9251806179454607,0.9254385964912281,0.8435374149659864,0.8679837088754894,0.0,1.0593471918077517,0.0,30,4332,
emb_scvi,18,1,blood_C,blood_D,blood_A,6,tcp_standard_thr,0.8777784877388581,0.8778855032317636,0.7482993197278912,0.827036748979195,0.06666666666666667,0.9578952972457387,0.04224376731301939,30,4332,
emb_scvi,18,1,blood_C,blood_D,blood_A,6,tcp_standard_aps,0.9015883768700871,0.9018928901200369,0.8175182481751825,0.8446213512961829,0.0,1.1102300024389533,0.0376269621421976,30,4332,
emb_scvi,18,1,blood_C,blood_D,blood_A,6,tcp_classwise_thr,0.8888369157754218,0.8889658356417359,0.7891156462585034,0.8367346938775511,0.03333333333333333,0.9776921219566442,0.03647276084949215,30,4332,
emb_scvi,18,1,blood_C,blood_D,blood_A,6,tcp_cluster_thr,0.8791032636322295,0.8795013850415513,0.7553956834532374,0.8113871635610767,0.06666666666666667,0.9292804908085589,0.07179132040627885,30,4332,
emb_scvi,19,0,blood_B,blood_D,blood_A,6,cell_pooled,0.8191721477898941,0.8194412375894713,0.6620689655172414,0.7360520094562647,0.36666666666666664,0.8808585611609566,0.1191410759639806,30,4331,0.8912386706948641
emb_scvi,19,0,blood_B,blood_D,blood_A,6,classwise,0.8550861613913979,0.8554606326483492,0.7142857142857143,0.7857142857142857,0.2,1.0077957219611577,0.024474717155391363,30,4331,
emb_scvi,19,0,blood_B,blood_D,blood_A,6,donor_weighted,0.8207919211889355,0.8210574924959594,0.6689655172413793,0.7360520094562647,0.36666666666666664,0.8831699445373224,0.11683214038328331,30,4331,
emb_scvi,19,0,blood_B,blood_D,blood_A,6,donor_crc,0.8831708642734866,0.8833987531747864,0.7687074829931972,0.8205357142857143,0.06666666666666667,0.981974443303521,0.01800969752943893,30,4331,
emb_scvi,19,0,blood_B,blood_D,blood_A,6,tcp_standard_thr,0.8191721477898941,0.8194412375894713,0.6620689655172414,0.7360520094562647,0.36666666666666664,0.8808585611609566,0.1191410759639806,30,4331,
emb_scvi,19,0,blood_B,blood_D,blood_A,6,tcp_standard_aps,0.8963395203638875,0.896559685984761,0.8333333333333334,0.8508495331394459,0.0,1.1294137488884146,0.0464096051720157,30,4331,
emb_scvi,19,0,blood_B,blood_D,blood_A,6,tcp_classwise_thr,0.8550861613913979,0.8554606326483492,0.7142857142857143,0.7857142857142857,0.2,1.0077957219611577,0.024474717155391363,30,4331,
emb_scvi,19,0,blood_B,blood_D,blood_A,6,tcp_cluster_thr,0.8606880807598564,0.8610020780420227,0.7379310344827587,0.7812244897959184,0.16666666666666666,1.0616824990004952,0.01662433618102055,30,4331,
emb_scvi,19,1,blood_B,blood_D,blood_A,6,cell_pooled,0.8508287723333787,0.8507907403162961,0.7397260273972602,0.7736536281179138,0.2,0.921198562318928,0.07884483153793262,30,4363,0.8970217062089854
emb_scvi,19,1,blood_B,blood_D,blood_A,6,classwise,0.8633804435986737,0.8633967453586981,0.7777777777777778,0.8063088248998229,0.1,1.0895726783358484,0.015356406142562456,30,4363,
emb_scvi,19,1,blood_B,blood_D,blood_A,6,donor_weighted,0.8510635141174163,0.8510199404079761,0.7397260273972602,0.7736536281179138,0.2,0.9214333041029656,0.07861563144625258,30,4363,
emb_scvi,19,1,blood_B,blood_D,blood_A,6,donor_crc,0.905856878289148,0.905798762319505,0.8095238095238095,0.8493339002267574,0.0,1.0172192722121671,0.00045840018336007336,30,4363,
emb_scvi,19,1,blood_B,blood_D,blood_A,6,tcp_standard_thr,0.8508287723333787,0.8507907403162961,0.7397260273972602,0.7736536281179138,0.2,0.921198562318928,0.07884483153793262,30,4363,
emb_scvi,19,1,blood_B,blood_D,blood_A,6,tcp_standard_aps,0.9045144706405135,0.9044235617694247,0.84,0.8636621315192744,0.0,1.1268421228987173,0.04240201696080678,30,4363,
emb_scvi,19,1,blood_B,blood_D,blood_A,6,tcp_classwise_thr,0.8633804435986737,0.8633967453586981,0.7777777777777778,0.8063088248998229,0.1,1.0895726783358484,0.015356406142562456,30,4363,
emb_scvi,19,1,blood_B,blood_D,blood_A,6,tcp_cluster_thr,0.8310352868374854,0.830850332340133,0.7346938775510204,0.7592465753424658,0.3,1.0391359541814988,0.0013752005500802201,30,4363,
emb_scvi,20,0,blood_E,blood_C,blood_A,5,cell_pooled,0.870408133591757,0.8703095684803002,0.6597222222222222,0.7951586474005661,0.13333333333333333,0.9363903036096407,0.06378986866791744,30,4264,0.9024507448342143
emb_scvi,20,0,blood_E,blood_C,blood_A,5,classwise,0.8652783794476859,0.8651500938086304,0.7569444444444444,0.8144040224785567,0.1,1.0348339691969695,0.03283302063789869,30,4264,
emb_scvi,20,0,blood_E,blood_C,blood_A,5,donor_weighted,0.8701813762221424,0.8700750469043153,0.6597222222222222,0.7951586474005661,0.13333333333333333,0.935215918733979,0.0649624765478424,30,4264,
emb_scvi,20,0,blood_E,blood_C,blood_A,5,donor_crc,0.9090234155003845,0.9090056285178236,0.7152777777777778,0.8627362055933484,0.03333333333333333,1.0013711059700472,0.0016416510318949344,30,4264,
emb_scvi,20,0,blood_E,blood_C,blood_A,5,tcp_standard_thr,0.870408133591757,0.8703095684803002,0.6597222222222222,0.7951586474005661,0.13333333333333333,0.9363903036096407,0.06378986866791744,30,4264,
emb_scvi,20,0,blood_E,blood_C,blood_A,5,tcp_standard_aps,0.8977922605409293,0.8979831144465291,0.7847222222222222,0.8588861854555285,0.06666666666666667,1.089209184341818,0.04643527204502814,30,4264,
emb_scvi,20,0,blood_E,blood_C,blood_A,5,tcp_classwise_thr,0.8652783794476859,0.8651500938086304,0.7569444444444444,0.8144040224785567,0.1,1.0348339691969695,0.03283302063789869,30,4264,
emb_scvi,20,0,blood_E,blood_C,blood_A,5,tcp_cluster_thr,0.8136330228065047,0.8130863039399625,0.5986394557823129,0.7279741379310345,0.36666666666666664,0.9847555564814612,0.01524390243902439,30,4264,
emb_scvi,20,1,blood_E,blood_C,blood_A,5,cell_pooled,0.8800334011518852,0.8799906059182715,0.7687074829931972,0.8491742300252939,0.06666666666666667,0.9423466745510883,0.05777360263034288,30,4258,0.9017094017094017
emb_scvi,20,1,blood_E,blood_C,blood_A,5,classwise,0.8430465992339372,0.8428839830906529,0.6802721088435374,0.7882182660298162,0.13333333333333333,1.0420907619513002,0.023954908407703146,30,4258,
emb_scvi,20,1,blood_E,blood_C,blood_A,5,donor_weighted,0.8797969945324998,0.8797557538750587,0.7687074829931972,0.8427912513018896,0.06666666666666667,0.9418787864502216,0.05824330671676844,30,4258,
emb_scvi,20,1,blood_E,blood_C,blood_A,5,donor_crc,0.9166103486549281,0.9166275246594645,0.8444444444444444,0.8864435564435564,0.0,1.0135927220689587,0.0004697040864255519,30,4258,
emb_scvi,20,1,blood_E,blood_C,blood_A,5,tcp_standard_thr,0.8800334011518852,0.8799906059182715,0.7687074829931972,0.8491742300252939,0.06666666666666667,0.9423466745510883,0.05777360263034288,30,4258,
emb_scvi,20,1,blood_E,blood_C,blood_A,5,tcp_standard_aps,0.9059536344733451,0.9060591827148896,0.8296296296296296,0.8695899990420539,0.0,1.1023853968916772,0.045561296383278535,30,4258,
emb_scvi,20,1,blood_E,blood_C,blood_A,5,tcp_classwise_thr,0.8430465992339372,0.8428839830906529,0.6802721088435374,0.7882182660298162,0.13333333333333333,1.0420907619513002,0.023954908407703146,30,4258,
emb_scvi,20,1,blood_E,blood_C,blood_A,5,tcp_cluster_thr,0.7883035490183604,0.7876937529356506,0.4897959183673469,0.6972074468085107,0.5333333333333333,0.9866418918697313,0.01338656646312823,30,4258,
emb_scvi,21,0,blood_A,blood_C,blood_B,6,cell_pooled,0.8905140772608421,0.9129830414234084,0.6296296296296297,0.7232954545454546,0.13333333333333333,0.9851703313930523,0.011954406449819294,30,3597,0.9071787837219936
emb_scvi,21,0,blood_A,blood_C,blood_B,6,classwise,0.8746232457326353,0.9007506255212677,0.5740740740740741,0.6866071428571429,0.16666666666666666,0.9687363704395415,0.027522935779816515,30,3597,
emb_scvi,21,0,blood_A,blood_C,blood_B,6,donor_weighted,0.8902671636805952,0.912705031971087,0.6296296296296297,0.7232954545454546,0.13333333333333333,0.98440634229573,0.012788434806783431,30,3597,
emb_scvi,21,0,blood_A,blood_C,blood_B,6,donor_crc,0.9173192880783285,0.9410619961078677,0.6296296296296297,0.7668831168831168,0.13333333333333333,1.0536129175981646,0.0,30,3597,
emb_scvi,21,0,blood_A,blood_C,blood_B,6,tcp_standard_thr,0.8905140772608421,0.9129830414234084,0.6296296296296297,0.7232954545454546,0.13333333333333333,0.9851703313930523,0.011954406449819294,30,3597,
emb_scvi,21,0,blood_A,blood_C,blood_B,6,tcp_standard_aps,0.8673908335544742,0.8893522379760912,0.5625,0.7453703703703703,0.16666666666666666,1.0707147197493028,0.06644425910480957,30,3597,
emb_scvi,21,0,blood_A,blood_C,blood_B,6,tcp_classwise_thr,0.8746232457326353,0.9007506255212677,0.5740740740740741,0.6866071428571429,0.16666666666666666,0.9687363704395415,0.027522935779816515,30,3597,
emb_scvi,21,0,blood_A,blood_C,blood_B,6,tcp_cluster_thr,0.8748852840680719,0.9010286349735891,0.5740740740740741,0.6866071428571429,0.16666666666666666,0.9661038885540647,0.02835696413678065,30,3597,
emb_scvi,21,1,blood_A,blood_C,blood_B,6,cell_pooled,0.9131515627048101,0.9247787610619469,0.6785714285714286,0.854248257550614,0.06666666666666667,0.9775422588579268,0.022123893805309734,30,3616,0.8939186099679927
emb_scvi,21,1,blood_A,blood_C,blood_B,6,classwise,0.8694034468968674,0.8844026548672567,0.5681818181818182,0.7322015915119364,0.16666666666666666,0.9519684243319789,0.04452433628318584,30,3616,
emb_scvi,21,1,blood_A,blood_C,blood_B,6,donor_weighted,0.9131515627048101,0.9247787610619469,0.6785714285714286,0.854248257550614,0.06666666666666667,0.9770423150313905,0.02267699115044248,30,3616,
emb_scvi,21,1,blood_A,blood_C,blood_B,6,donor_crc,0.9301544504505656,0.9430309734513275,0.6785714285714286,0.8905797101449275,0.06666666666666667,1.013548826421972,0.0005530973451327434,30,3616,
emb_scvi,21,1,blood_A,blood_C,blood_B,6,tcp_standard_thr,0.9131515627048101,0.9247787610619469,0.6785714285714286,0.854248257550614,0.06666666666666667,0.9775422588579268,0.022123893805309734,30,3616,
emb_scvi,21,1,blood_A,blood_C,blood_B,6,tcp_standard_aps,0.8836925727354209,0.8935287610619469,0.6785714285714286,0.8352797202797203,0.1,1.0300228339508852,0.06803097345132743,30,3616,
emb_scvi,21,1,blood_A,blood_C,blood_B,6,tcp_classwise_thr,0.8694034468968674,0.8844026548672567,0.5681818181818182,0.7322015915119364,0.16666666666666666,0.9519684243319789,0.04452433628318584,30,3616,
emb_scvi,21,1,blood_A,blood_C,blood_B,6,tcp_cluster_thr,0.8889272931631584,0.9015486725663717,0.6428571428571429,0.7910555409318242,0.13333333333333333,0.9719826709842608,0.025442477876106196,30,3616,
emb_scvi,22,0,blood_A,blood_B,blood_D,6,cell_pooled,0.926495812821674,0.926829268292683,0.8461538461538461,0.8716290726817042,0.0,0.9773717721726344,0.02264808362369338,30,4018,0.8966809421841542
emb_scvi,22,0,blood_A,blood_B,blood_D,6,classwise,0.8746728671096087,0.8748133399701344,0.7593984962406015,0.8046441418293936,0.1,0.9641747011788324,0.05226480836236934,30,4018,
emb_scvi,22,0,blood_A,blood_B,blood_D,6,donor_weighted,0.9349716843766066,0.9352911896465903,0.8615384615384616,0.8794104827285606,0.0,0.9898529210503237,0.01020408163265306,30,4018,
emb_scvi,22,0,blood_A,blood_B,blood_D,6,donor_crc,0.9586121682354205,0.958934793429567,0.8968253968253969,0.9171023713128976,0.0,1.0546938918111552,0.0,30,4018,
emb_scvi,22,0,blood_A,blood_B,blood_D,6,tcp_standard_thr,0.926495812821674,0.926829268292683,0.8461538461538461,0.8716290726817042,0.0,0.9773717721726344,0.02264808362369338,30,4018,
emb_scvi,22,0,blood_A,blood_B,blood_D,6,tcp_standard_aps,0.9099574557833121,0.9099054255848681,0.8492063492063492,0.8757971014492754,0.0,1.051332348935049,0.05973120955699353,30,4018,
emb_scvi,22,0,blood_A,blood_B,blood_D,6,tcp_classwise_thr,0.8746728671096087,0.8748133399701344,0.7593984962406015,0.8046441418293936,0.1,0.9641747011788324,0.05226480836236934,30,4018,
emb_scvi,22,0,blood_A,blood_B,blood_D,6,tcp_cluster_thr,0.8781499051126513,0.8782976605276257,0.7611940298507462,0.7962406015037594,0.16666666666666666,1.9301065636881403,0.0,30,4018,
emb_scvi,22,1,blood_A,blood_B,blood_D,6,cell_pooled,0.9222110552275191,0.9224863793957405,0.8489208633093526,0.8756423432682425,0.0,0.9683306333233511,0.03145121347201585,30,4038,0.9181677817807514
emb_scvi,22,1,blood_A,blood_B,blood_D,6,classwise,0.8517114166948784,0.8524021792966815,0.6971830985915493,0.7686922802183784,0.16666666666666666,0.905911051324362,0.09336305101535414,30,4038,
emb_scvi,22,1,blood_A,blood_B,blood_D,6,donor_weighted,0.9256588408058899,0.9259534422981675,0.8489208633093526,0.8765352004110997,0.0,0.9738678522391501,0.02600297176820208,30,4038,
emb_scvi,22,1,blood_A,blood_B,blood_D,6,donor_crc,0.9422111397721944,0.942545814759782,0.8705035971223022,0.9085581601061478,0.0,1.006382350581818,0.0,30,4038,
emb_scvi,22,1,blood_A,blood_B,blood_D,6,tcp_standard_thr,0.9222110552275191,0.9224863793957405,0.8489208633093526,0.8756423432682425,0.0,0.9683306333233511,0.03145121347201585,30,4038,
emb_scvi,22,1,blood_A,blood_B,blood_D,6,tcp_standard_aps,0.9014670385354026,0.9014363546310055,0.8201438848920863,0.8565349544072948,0.0,1.0302188565614399,0.06191183754333829,30,4038,
emb_scvi,22,1,blood_A,blood_B,blood_D,6,tcp_classwise_thr,0.8517114166948784,0.8524021792966815,0.6971830985915493,0.7686922802183784,0.16666666666666666,0.905911051324362,0.09336305101535414,30,4038,
emb_scvi,22,1,blood_A,blood_B,blood_D,6,tcp_cluster_thr,0.8619808966150442,0.862555720653789,0.7589285714285714,0.7947817984159031,0.13333333333333333,0.9178822155532459,0.08147597820703319,30,4038,
emb_scvi,23,0,blood_E,blood_C,blood_B,5,cell_pooled,0.902920332372736,0.9066213921901528,0.6875,0.8630784708249497,0.03333333333333333,0.960033286166495,0.03480475382003396,30,3534,0.9003849855630414
emb_scvi,23,0,blood_E,blood_C,blood_B,5,classwise,0.8584716277027381,0.8706847764572722,0.5945945945945946,0.6870535714285715,0.16666666666666666,0.9580106235998866,0.06027164685908319,30,3534,
emb_scvi,23,0,blood_E,blood_C,blood_B,5,donor_weighted,0.9026872321396358,0.9063384267119411,0.6875,0.8630784708249497,0.03333333333333333,0.9595356356688445,0.03537068477645727,30,3534,
emb_scvi,23,0,blood_E,blood_C,blood_B,5,donor_crc,0.9254524313154243,0.9284097340124505,0.75,0.8951710261569417,0.03333333333333333,1.0053315590786684,0.0014148273910582908,30,3534,
emb_scvi,23,0,blood_E,blood_C,blood_B,5,tcp_standard_thr,0.902920332372736,0.9066213921901528,0.6875,0.8630784708249497,0.03333333333333333,0.960033286166495,0.03480475382003396,30,3534,
emb_scvi,23,0,blood_E,blood_C,blood_B,5,tcp_standard_aps,0.8915780654376615,0.8938879456706282,0.8148148148148148,0.8589147286821706,0.0,1.0544881384946918,0.06253537068477645,30,3534,
emb_scvi,23,0,blood_E,blood_C,blood_B,5,tcp_classwise_thr,0.8584716277027381,0.8706847764572722,0.5945945945945946,0.6870535714285715,0.16666666666666666,0.9580106235998866,0.06027164685908319,30,3534,
emb_scvi,23,0,blood_E,blood_C,blood_B,5,tcp_cluster_thr,0.8913853664319774,0.8964346349745331,0.6875,0.8577519379844961,0.03333333333333333,0.9842204126657362,0.012733446519524618,30,3534,
emb_scvi,23,1,blood_E,blood_C,blood_B,5,cell_pooled,0.8965892406200564,0.9042134831460674,0.6666666666666666,0.8380252100840336,0.06666666666666667,0.966668568136216,0.030056179775280897,30,3560,0.909702209414025
emb_scvi,23,1,blood_E,blood_C,blood_B,5,classwise,0.8608711984832144,0.8719101123595505,0.5555555555555556,0.7413586413586414,0.16666666666666666,0.984246953241689,0.04887640449438202,30,3560,
emb_scvi,23,1,blood_E,blood_C,blood_B,5,donor_weighted,0.8955596468405926,0.9030898876404494,0.6666666666666666,0.8372899159663866,0.06666666666666667,0.965063877061197,0.031741573033707865,30,3560,
emb_scvi,23,1,blood_E,blood_C,blood_B,5,donor_crc,0.918467011523011,0.926123595505618,0.7222222222222222,0.867390289449113,0.06666666666666667,1.007901240826536,0.0022471910112359553,30,3560,
emb_scvi,23,1,blood_E,blood_C,blood_B,5,tcp_standard_thr,0.8965892406200564,0.9042134831460674,0.6666666666666666,0.8380252100840336,0.06666666666666667,0.966668568136216,0.030056179775280897,30,3560,
emb_scvi,23,1,blood_E,blood_C,blood_B,5,tcp_standard_aps,0.8850175032182575,0.8912921348314606,0.7407407407407407,0.847109027527347,0.06666666666666667,1.0790994423279732,0.0651685393258427,30,3560,
emb_scvi,23,1,blood_E,blood_C,blood_B,5,tcp_classwise_thr,0.8608711984832144,0.8719101123595505,0.5555555555555556,0.7413586413586414,0.16666666666666666,0.984246953241689,0.04887640449438202,30,3560,
emb_scvi,23,1,blood_E,blood_C,blood_B,5,tcp_cluster_thr,0.8662897944356179,0.876685393258427,0.5925925925925926,0.8224358974358974,0.06666666666666667,0.9825375934231974,0.015730337078651686,30,3560,
